date,month,machine,ams_mode,item,description,category,category_source,style_confidence,is_production_run,operators,units_packs,machine_hrs,operator_hrs,units_per_machine_hr,units_per_machine_min,units_per_operator_hr,data_flag
2026-01-02,2026-01,AMS,handpack,10006A,WWB AMZN Organic Lemon Balm (6 Oz) ,Bag/Other,inferred,,yes,3.0,1202,8.23,24.69,146.1,2.434,48.7,
2026-01-02,2026-01,Assembly,,45001,Mushroom Adaptogen TB Sampler Box - 6 Count Case - G,Sampler,inferred,,yes,5.0,159,8.0,40.0,19.9,0.331,4.0,
2026-01-02,2026-01,WeighRight,,60060,ORG Hazelnut 5 Lb Bag - GA,Bag/Other,inferred,,yes,3.0,120,1.13,3.39,106.2,1.77,35.4,
2026-01-02,2026-01,WeighRight,,80060A,AMZN Org Hazelnut 11OZ Bag/Box of 24 - GA,Bag/Other,inferred,,yes,3.0,744,1.3,3.9,572.3,9.538,190.8,
2026-01-02,2026-01,WeighRight,,80060A,AMZN Org Hazelnut 11OZ Bag/Box of 24 - GA,Bag/Other,inferred,,yes,3.0,780,1.42,4.26,549.3,9.155,183.1,
2026-01-02,2026-01,WeighRight,,80060L,Org Hazelnut 11OZ Bag/Box of 24 - GA,Bag/Other,inferred,,yes,3.0,1632,2.5,7.5,652.8,10.88,217.6,
2026-01-02,2026-01,WeighRight,,85070L,ORG Miraculous Mushrooms A&P 10oz Bag/Box of 24,Bag/Other,inferred,,yes,3.0,120,0.2,0.6,600.0,10.0,200.0,
2026-01-02,2026-01,WeighRight,,CleanGA,Clean + Gluten + Almond Tests,Bag/Other,inferred,,,3.0,0,0.45,1.35,,,,
2026-01-05,2026-01,AMS,handpack,10006A,WWB AMZN Organic Lemon Balm (6 Oz) ,Bag/Other,inferred,,yes,3.0,450,1.4,4.2,321.4,5.357,107.1,
2026-01-05,2026-01,AMS,handpack,10006A,WWB AMZN Organic Lemon Balm (6 Oz) ,Bag/Other,inferred,,yes,3.0,600,4.1,12.3,146.3,2.439,48.8,
2026-01-05,2026-01,AMS,handpack,10061A,AMZN - WWB - ORG Date Sugar - 1 Lb,Bag/Other,inferred,,yes,3.0,540,5.41,16.23,99.8,1.664,33.3,
2026-01-05,2026-01,AMS,handpack,30005L,ORG GF Dandelion Blend 312g Bag,Instant,governed,high,yes,3.0,108,1.24,3.72,87.1,1.452,29.0,
2026-01-05,2026-01,Assembly,,40001L,Herbal Tea Sampler Box - Loose,Sampler,governed,high,yes,2.0,180,2.2,4.4,81.8,1.364,40.9,
2026-01-05,2026-01,Assembly,,43001,Dandelion Tea Sampler Box - 6 Count Case,Sampler,inferred,,yes,2.0,120,0.57,1.14,210.5,3.509,105.3,
2026-01-05,2026-01,Assembly,,45001,Mushroom Adaptogen TB Sampler Box - 6 Count Case - G,Sampler,inferred,,yes,6.0,161,7.22,43.32,22.3,0.372,3.7,
2026-01-05,2026-01,Assembly,,45050F,Turkey Tail Astragalus Dual Language 10 cnt TB - G,Tea,inferred,,yes,2.0,40,2.22,4.44,18.0,0.3,9.0,
2026-01-05,2026-01,Assembly,,86010L,ORG Dark Chocolate 10 Oz Bag/Box of 24,Bag/Other,inferred,,yes,2.0,480,1.12,2.24,428.6,7.143,214.3,
2026-01-05,2026-01,Maisa 1,,43321,Dandelion Red Chai 25 Count Tea Bag,Tea,governed,high,yes,3.0,1200,10.33,30.99,116.2,1.936,38.7,
2026-01-05,2026-01,Maisa 1,,TB332,ORG Dandelion Red Chai Tea Bag,Tea,inferred,,yes,3.0,3500,1.13,3.39,3097.3,51.622,1032.4,
2026-01-05,2026-01,Maisa 2+3,,43220,ORG Dandelion Caramel Nut 10ct/6pk Tea Bag - A,Tea,inferred,,yes,5.0,1372,11.57,57.85,118.6,1.976,23.7,
2026-01-05,2026-01,WeighRight,,60120,DO NOT MAKE ORG Maya Chai 5 Lb Bag - G,Bag/Other,inferred,,yes,3.0,32,0.25,0.75,128.0,2.133,42.7,
2026-01-05,2026-01,WeighRight,,65020,ORG Chaga Ashwagandha 5 Lb Bag,Bag/Other,inferred,,yes,3.0,80,1.03,3.09,77.7,1.294,25.9,
2026-01-05,2026-01,WeighRight,,80110A,AMZN Org French Roast 11OZ Bag/Box of 24 - G,Bag/Other,inferred,,yes,3.0,1440,2.18,6.54,660.6,11.009,220.2,
2026-01-05,2026-01,WeighRight,,80113,ORG French Roast 11OZ Bag 3PK - G,Bag/Other,inferred,,yes,3.0,320,2.04,6.12,156.9,2.614,52.3,
2026-01-05,2026-01,WeighRight,,85020L,ORG Chaga Ashwagandha 10 Oz Bag/Box of 24,Bag/Other,inferred,,yes,3.0,1224,2.4,7.2,510.0,8.5,170.0,
2026-01-05,2026-01,WeighRight,,85070L,ORG Miraculous Mushrooms A&P 10oz Bag/Box of 24,Bag/Other,inferred,,yes,3.0,432,0.47,1.41,919.1,15.319,306.4,
2026-01-05,2026-01,WeighRight,,Clean,Standard Clean,Bag/Other,inferred,,,3.0,0,0.28,0.84,,,,
2026-01-05,2026-01,WeighRight,,Clean,Standard Clean,Bag/Other,inferred,,,3.0,0,0.27,0.81,,,,
2026-01-05,2026-01,WeighRight,,Clean,Standard Clean,Bag/Other,inferred,,,3.0,0,0.05,0.15,,,,
2026-01-05,2026-01,WeighRight,,help handpack instants,,Bag/Other,inferred,,,3.0,0,1.38,4.14,,,,
2026-01-06,2026-01,AMS,handpack,10402A,AMZN- WWB-ORG Rama Tulsi - 8 OZ Bag,Bag/Other,inferred,,yes,1.0,272,4.0,4.0,68.0,1.133,68.0,
2026-01-06,2026-01,AMS,handpack,30003,Instant Chicory - 8 Oz Bag,Instant,inferred,,yes,3.0,343,6.02,18.06,57.0,0.95,19.0,
2026-01-06,2026-01,AMS,handpack,30005L,ORG GF Dandelion Blend 312g Bag,Instant,governed,high,yes,3.0,519,4.51,13.53,115.1,1.918,38.4,
2026-01-06,2026-01,AMS,handpack,30013L,ORG Miraculous Mushrooms Cacao 135g Bag,Bag/Other,inferred,,yes,3.0,270,5.24,15.72,51.5,0.859,17.2,
2026-01-06,2026-01,AMS,handpack,31005L,ORG GF Instant Dandelion Latte 224g Bag,Instant,governed,high,yes,3.0,461,2.45,7.35,188.2,3.136,62.7,
2026-01-06,2026-01,AMS,handpack,31007L,ORG Instant Miraculous Mushrooms AP Latte 224g Bag,Instant,governed,high,yes,3.0,450,2.32,6.96,194.0,3.233,64.7,
2026-01-06,2026-01,AMS,handpack,31008L,ORG Instant French Roast Latte 224g Bag,Instant,governed,high,yes,3.0,446,3.12,9.36,142.9,2.382,47.6,
2026-01-06,2026-01,AMS,handpack,31010L,ORG Instant Hazelnut Latte 224g Bag,Instant,governed,high,yes,3.0,168,3.19,9.57,52.7,0.878,17.6,
2026-01-06,2026-01,AMS,handpack,43116,Dandelion DarkRoast Tagless Tea Bag - 50 Ct,Tea,governed,high,yes,3.0,425,4.35,13.05,97.7,1.628,32.6,
2026-01-06,2026-01,Assembly,,40001L,Herbal Tea Sampler Box - Loose,Sampler,governed,high,yes,2.0,936,8.27,16.54,113.2,1.886,56.6,
2026-01-06,2026-01,Assembly,,40132F,ORG Maca Chocolate DL 25CT Tea Bag AMZN (24pk) - G,Tea,inferred,,yes,3.0,240,2.45,7.35,98.0,1.633,32.7,
2026-01-06,2026-01,Maisa 1,,Clean,Standard Clean,Tea,inferred,,,3.0,0,1.05,3.15,,,,
2026-01-06,2026-01,Maisa 1,,TB110,ORG French Roast Tea Bag Loose - G,Tea,inferred,,yes,3.0,11000,3.1,9.3,3548.4,59.14,1182.8,
2026-01-06,2026-01,Maisa 1,,TB332,ORG Dandelion Red Chai Tea Bag,Tea,inferred,,yes,3.0,19628,7.45,22.35,2634.6,43.911,878.2,
2026-01-06,2026-01,Maisa 2+3,,43110,ORG Dandelion Dark Roast 10ct/6pk Tea Bag,Tea,inferred,,yes,5.0,449,4.2,21.0,106.9,1.782,21.4,
2026-01-06,2026-01,Maisa 2+3,,43220,ORG Dandelion Caramel Nut 10ct/6pk Tea Bag - A,Tea,inferred,,yes,5.0,250,2.09,10.45,119.6,1.994,23.9,
2026-01-06,2026-01,Maisa 2+3,,CleanA,Clean + Almond Test,Tea,inferred,,,5.0,0,0.23,1.15,,,,
2026-01-06,2026-01,Maisa 2+3,,NTB3220,Dandelion Caramel Nut Tagless 6g Tea Bag - A,Tea,inferred,,yes,2.0,31200,5.41,10.82,5767.1,96.118,2883.5,
2026-01-06,2026-01,Maisa 2+3,,TB311,ORG Dandelion Dark Roast Tea Bag,Tea,inferred,,yes,2.0,2500,0.42,0.84,5952.4,99.206,2976.2,
2026-01-06,2026-01,Maisa 2+3,,TB322,ORG Dandelion Caramel Nut Tea Bag - A,Tea,inferred,,yes,2.0,18000,5.18,10.36,3474.9,57.915,1737.5,
2026-01-06,2026-01,WeighRight,,20081,ORG Mocha 300G Dual Language Bag - 6Ct Case - GA,Bag/Other,inferred,,yes,3.0,12,1.14,3.42,10.5,0.175,3.5,
2026-01-06,2026-01,WeighRight,,80116A,French Roast 500g APG Bag - G,APG,inferred,,yes,3.0,96,0.2,0.6,480.0,8.0,160.0,
2026-01-06,2026-01,WeighRight,,help handpack instants,,Bag/Other,inferred,,,3.0,0,12.11,36.33,,,,
2026-01-07,2026-01,AMS,handpack,10005A,WWB AMZN Organic Chia (1lb),Bag/Other,inferred,,yes,2.0,288,3.54,7.08,81.4,1.356,40.7,
2026-01-07,2026-01,AMS,handpack,30009L,ORG Instant Vanilla Nut 100g Bag - G,Instant,governed,high,yes,3.0,746,5.46,16.38,136.6,2.277,45.5,
2026-01-07,2026-01,AMS,handpack,30010L,ORG Instant Hazelnut 100g Bag - G,Instant,governed,high,yes,2.0,739,4.17,8.34,177.2,2.954,88.6,
2026-01-07,2026-01,AMS,handpack,30011L,ORG Instant Mocha 100g Bag - G,Instant,inferred,,yes,3.0,740,4.12,12.36,179.6,2.994,59.9,
2026-01-07,2026-01,AMS,handpack,30013L,ORG Miraculous Mushrooms Cacao 135g Bag,Bag/Other,inferred,,yes,3.0,474,8.04,24.12,59.0,0.983,19.7,
2026-01-07,2026-01,AMS,handpack,31010L,ORG Instant Hazelnut Latte 224g Bag,Instant,governed,high,yes,3.0,168,0.43,1.29,390.7,6.512,130.2,
2026-01-07,2026-01,Maisa 1,,40111,ORG French Roast 25CT Tea Bag - G,Tea,governed,high,yes,3.0,984,8.37,25.11,117.6,1.959,39.2,
2026-01-07,2026-01,Maisa 1,,TB110,ORG French Roast Tea Bag Loose - G,Tea,inferred,,yes,3.0,7000,3.2,9.6,2187.5,36.458,729.2,
2026-01-07,2026-01,Maisa 2+3,,43110,ORG Dandelion Dark Roast 10ct/6pk Tea Bag,Tea,inferred,,yes,5.0,471,3.49,17.45,135.0,2.249,27.0,
2026-01-07,2026-01,Maisa 2+3,,43111,ORG Dandelion Dark Roast 25CT Tea Bag,Tea,governed,high,yes,5.0,1200,4.07,20.35,294.8,4.914,59.0,
2026-01-07,2026-01,Maisa 2+3,,43114,ORG Dandelion Dark Roast 10CT Tea Bag 4PK (with DCO/DMM Goody Bag),Tea,inferred,,yes,5.0,96,0.26,1.3,369.2,6.154,73.8,
2026-01-07,2026-01,Maisa 2+3,,NTB3110,Dandelion Dark Roast Tagless 6g Tea Bag,Tea,inferred,,yes,2.0,16800,3.42,6.84,4912.3,81.871,2456.1,
2026-01-07,2026-01,Maisa 2+3,,TB311,ORG Dandelion Dark Roast Tea Bag,Tea,inferred,,yes,2.0,14500,3.42,6.84,4239.8,70.663,2119.9,
2026-01-07,2026-01,WeighRight,,80110L,Org French Roast 11oz Bag/Box of 24 - G,Bag/Other,inferred,,yes,3.0,240,1.23,3.69,195.1,3.252,65.0,
2026-01-07,2026-01,WeighRight,,80116A,French Roast 500g APG Bag - G,APG,inferred,,yes,3.0,552,1.12,3.36,492.9,8.214,164.3,
2026-01-07,2026-01,WeighRight,,help handpack instants,,Bag/Other,inferred,,,3.0,0,11.5,34.5,,,,
2026-01-08,2026-01,AMS,machine(Amy),10005A,WWB AMZN Organic Chia (1lb),Bag/Other,inferred,,yes,5.0,1008,7.04,35.2,143.2,2.386,28.6,
2026-01-08,2026-01,AMS,handpack,10101,WWB - ORG Medium Roasted Carob Flour - 1 Lb Bag,Bag/Other,inferred,,yes,3.0,276,4.19,12.57,65.9,1.098,22.0,
2026-01-08,2026-01,Assembly,,40081,ORG Mocha 25CT Tea Bag - GA,Tea,governed,high,yes,2.0,40,1.52,3.04,26.3,0.439,13.2,
2026-01-08,2026-01,Assembly,,55092,Mushroom 6 Packet Sampler,Sampler,governed,high,yes,1.0,240,5.3,5.3,45.3,0.755,45.3,
2026-01-08,2026-01,Maisa 1,,40111,ORG French Roast 25CT Tea Bag - G,Tea,governed,high,yes,3.0,456,3.43,10.29,132.9,2.216,44.3,
2026-01-08,2026-01,Maisa 1,,43310,ORG Dandelion Mocha Mint 10CT Tea Bag - A,Tea,inferred,,yes,3.0,345,6.32,18.96,54.6,0.91,18.2,
2026-01-08,2026-01,Maisa 1,,CleanG,Clean + Gluten Test,Tea,inferred,,,3.0,0,1.29,3.87,,,,
2026-01-08,2026-01,Maisa 2+3,,45020,ORG Chaga Ashwagandha 10 Ct Tea Bag/6 Count Case,Tea,inferred,,yes,5.0,554,6.35,31.75,87.2,1.454,17.4,
2026-01-08,2026-01,Maisa 2+3,,Clean,Standard Clean,Tea,inferred,,,5.0,0,0.51,2.55,,,,
2026-01-08,2026-01,Maisa 2+3,,Clean,Standard Clean,Tea,inferred,,,5.0,0,0.3,1.5,,,,
2026-01-08,2026-01,Maisa 2+3,,NTB3110,Dandelion Dark Roast Tagless 6g Tea Bag,Tea,inferred,,yes,2.0,15804,3.01,6.02,5250.5,87.508,2625.2,
2026-01-08,2026-01,Maisa 2+3,,TB311,ORG Dandelion Dark Roast Tea Bag,Tea,inferred,,yes,2.0,7500,1.46,2.92,5137.0,85.616,2568.5,
2026-01-08,2026-01,Maisa 2+3,,TB502,ORG Chaga Ashwagandha Loose Tea Bag,Tea,inferred,,yes,4.0,8500,2.19,8.76,3881.3,64.688,970.3,
2026-01-08,2026-01,WeighRight,,10051,ORG Roasted Chicory Root - 1 Lb Bag,Bag/Other,inferred,,yes,3.0,468,1.21,3.63,386.8,6.446,128.9,
2026-01-08,2026-01,WeighRight,,10059A,AMZN ORG French Chicory 2 X 1 Lb Bag,Bag/Other,inferred,,yes,3.0,576,2.34,7.02,246.2,4.103,82.1,
2026-01-08,2026-01,WeighRight,,60110,ORG French Roast 5 Lb Bag - G,Bag/Other,inferred,,yes,3.0,80,0.41,1.23,195.1,3.252,65.0,
2026-01-08,2026-01,WeighRight,,80110L,Org French Roast 11oz Bag/Box of 24 - G,Bag/Other,inferred,,yes,3.0,1560,2.4,7.2,650.0,10.833,216.7,
2026-01-08,2026-01,WeighRight,,85030L,ORG Lion's Mane Rhodiola 10 Oz Bag/Box of 24 - G,APG,governed,high,yes,3.0,1192,3.0,9.0,397.3,6.622,132.4,
2026-01-08,2026-01,WeighRight,,Clean,Standard Clean,Bag/Other,inferred,,,3.0,0,0.29,0.87,,,,
2026-01-08,2026-01,WeighRight,,CleanG,Clean + Gluten Test,Bag/Other,inferred,,,3.0,0,1.05,3.15,,,,
2026-01-12,2026-01,AMS,handpack,10101,WWB - ORG Medium Roasted Carob Flour - 1 Lb Bag,Bag/Other,inferred,,yes,3.0,888,11.41,34.23,77.8,1.297,25.9,
2026-01-12,2026-01,AMS,handpack,10101,WWB - ORG Medium Roasted Carob Flour - 1 Lb Bag,Bag/Other,inferred,,yes,3.0,756,12.12,36.36,62.4,1.04,20.8,
2026-01-12,2026-01,Assembly,,40081,ORG Mocha 25CT Tea Bag - GA,Tea,governed,high,yes,1.0,104,3.15,3.15,33.0,0.55,33.0,
2026-01-12,2026-01,Assembly,,40113,ORG French Roast 25CT Tea Bag 3PK - G,Tea,inferred,,yes,1.0,24,2.38,2.38,10.1,0.168,10.1,
2026-01-12,2026-01,Assembly,,40121,DO NOT MAKE ORG Maya Chai 25CT Tea Bag - G,Tea,governed,high,yes,1.0,144,3.57,3.57,40.3,0.672,40.3,
2026-01-12,2026-01,Assembly,,50092,Teeccino Chocolate Flavor Sampler,Sampler,governed,high,yes,2.0,250,4.55,9.1,54.9,0.916,27.5,
2026-01-12,2026-01,Maisa 1,,43310,ORG Dandelion Mocha Mint 10CT Tea Bag - A,Tea,inferred,,yes,3.0,345,5.23,15.69,66.0,1.099,22.0,
2026-01-12,2026-01,Maisa 1,,43311,Dandelion Mocha Mint 25 Count Tea Bag - A,Tea,governed,high,yes,3.0,512,3.19,9.57,160.5,2.675,53.5,
2026-01-12,2026-01,Maisa 1,,43313,DO NOT MAKE ORG Dandelion Mocha Mint 25CT Tea Bag 3PK - A,Tea,inferred,,yes,3.0,60,1.25,3.75,48.0,0.8,16.0,
2026-01-12,2026-01,Maisa 1,,43314,ORG Dandelion Mocha Mint 10CT Tea Bag 4PK - A,Tea,inferred,,yes,3.0,160,1.46,4.38,109.6,1.826,36.5,
2026-01-12,2026-01,Maisa 1,,Clean,Standard Clean,Tea,inferred,,,3.0,0,0.17,0.51,,,,
2026-01-12,2026-01,Maisa 2+3,,46010,ORG Dark Chocolate 10 Ct Tea Bag/6 Count Case,Tea,inferred,,yes,5.0,690,6.13,30.65,112.6,1.876,22.5,
2026-01-12,2026-01,Maisa 2+3,,46010L,ORG Dark Chocolate 10 Ct Tea Bag/36 Count Box,Tea,governed,high,yes,5.0,324,0.22,1.1,1472.7,24.545,294.5,
2026-01-12,2026-01,Maisa 2+3,,46011,ORG Dark Chocolate 25 Ct Tea Bag,Tea,governed,high,yes,5.0,681,2.1,10.5,324.3,5.405,64.9,
2026-01-12,2026-01,Maisa 2+3,,Clean,Standard Clean,Tea,inferred,,,5.0,0,1.0,5.0,,,,
2026-01-12,2026-01,Maisa 2+3,,TB502,ORG Chaga Ashwagandha Loose Tea Bag,Tea,inferred,,yes,4.0,500,0.15,0.6,3333.3,55.556,833.3,
2026-01-12,2026-01,Maisa 2+3,,TB601,ORG Dark Chocolate Loose Tea Bag,Tea,inferred,,yes,4.0,12000,1.58,6.32,7594.9,126.582,1898.7,
2026-01-12,2026-01,WeighRight,,10031,Roasted Chicory Root - 1 Lb Bag,Bag/Other,inferred,,yes,3.0,4164,7.4,22.2,562.7,9.378,187.6,
2026-01-12,2026-01,WeighRight,,10039A,AMZN Roasted French Chicory 2 X 1 Lb Bag,Bag/Other,inferred,,yes,3.0,420,1.45,4.35,289.7,4.828,96.6,
2026-01-12,2026-01,WeighRight,,10051,ORG Roasted Chicory Root - 1 Lb Bag,Bag/Other,inferred,,yes,3.0,972,2.04,6.12,476.5,7.941,158.8,
2026-01-13,2026-01,AMS,handpack,10201,WWB - ORG Peppermint Leaf - 4 Oz Bag,Bag/Other,inferred,,yes,3.0,600,5.2,15.6,115.4,1.923,38.5,
2026-01-13,2026-01,Assembly,,30008,Instant French Roast 100g Bag / 6 Count Case - G,Instant,inferred,,yes,1.0,41,1.1,1.1,37.3,0.621,37.3,
2026-01-13,2026-01,Assembly,,30012,Instant Dandelion Blend 100g Bag / 6 Count Case,Instant,inferred,,yes,1.0,47,1.32,1.32,35.6,0.593,35.6,
2026-01-13,2026-01,Assembly,,40113,ORG French Roast 25CT Tea Bag 3PK - G,Tea,inferred,,yes,1.0,60,6.55,6.55,9.2,0.153,9.2,
2026-01-13,2026-01,Assembly,,GDB502,ORG Chaga Ashwaganda Packet Goody Bag,Bag/Other,inferred,,yes,1.0,50,0.08,0.08,625.0,10.417,625.0,
2026-01-13,2026-01,Assembly,,TGB010,ORG Vanilla Nut Tea Bag Goody Bag - GA,Tea,inferred,,yes,1.0,25,0.04,0.04,625.0,10.417,625.0,
2026-01-13,2026-01,Assembly,,TGB503,Lion's Mane Rhodiola Tea Goody Bag - G,Bag/Other,inferred,,yes,1.0,25,0.04,0.04,625.0,10.417,625.0,
2026-01-13,2026-01,Maisa 1,,43341,Dandelion Coconut 25 Count Tea Bag - A,Tea,governed,high,yes,3.0,624,3.55,10.65,175.8,2.93,58.6,
2026-01-13,2026-01,Maisa 1,,TB334,ORG Dandelion Coconut Tea Bag - A,Tea,inferred,,yes,2.0,16000,7.45,14.9,2147.7,35.794,1073.8,
2026-01-13,2026-01,Maisa 2+3,,40011A,ORG 25 CT Vanilla Nut AMZN - GA,Tea,inferred,,yes,5.0,240,2.12,10.6,113.2,1.887,22.6,
2026-01-13,2026-01,Maisa 2+3,,Clean,Standard Clean,Tea,inferred,,,5.0,0,1.52,7.6,,,,
2026-01-13,2026-01,Maisa 2+3,,NTB0010,Vanilla Nut Tagless 6g Tea Bag - GA,Tea,inferred,,yes,2.0,34800,8.16,16.32,4264.7,71.078,2132.4,
2026-01-13,2026-01,Maisa 2+3,,TB010,ORG Vanilla Nut Tea Bag Loose - GA,Tea,inferred,,yes,2.0,22000,6.18,12.36,3559.9,59.331,1779.9,
2026-01-13,2026-01,Maisa 2+3,,TB502,ORG Chaga Ashwagandha Loose Tea Bag,Tea,inferred,,yes,4.0,6080,1.41,5.64,4312.1,71.868,1078.0,
2026-01-13,2026-01,WeighRight,,10031,Roasted Chicory Root - 1 Lb Bag,Bag/Other,inferred,,yes,3.0,3036,5.53,16.59,549.0,9.15,183.0,
2026-01-13,2026-01,WeighRight,,Clean,Standard Clean,Bag/Other,inferred,,,3.0,0,0.57,1.71,,,,
2026-01-13,2026-01,WeighRight,,Handpacking Peppermint,,Bag/Other,inferred,,,3.0,0,12.3,36.9,,,,
2026-01-14,2026-01,AMS,handpack,10201,WWB - ORG Peppermint Leaf - 4 Oz Bag,Bag/Other,inferred,,yes,3.0,600,4.03,12.09,148.9,2.481,49.6,
2026-01-14,2026-01,AMS,handpack,10401A,AMZN-WWB-ORG Krishna Tulsi- 8OZ Bag,Bag/Other,inferred,,yes,3.0,600,6.06,18.18,99.0,1.65,33.0,
2026-01-14,2026-01,AMS,handpack,10402A,AMZN- WWB-ORG Rama Tulsi - 8 OZ Bag,Bag/Other,inferred,,yes,3.0,544,3.55,10.65,153.2,2.554,51.1,
2026-01-14,2026-01,Assembly,,40001L,Herbal Tea Sampler Box - Loose,Sampler,governed,high,yes,2.0,601,9.56,19.12,62.9,1.048,31.4,
2026-01-14,2026-01,Maisa 1,,42061,ORG Maple Pecan 25CT Tea Bag - GA,Tea,governed,high,yes,3.0,456,4.56,13.68,100.0,1.667,33.3,
2026-01-14,2026-01,Maisa 1,,43011,ORG Dandelion Vanilla Nut 25CT Tea Bag - A,Tea,governed,high,yes,3.0,436,4.28,12.84,101.9,1.698,34.0,
2026-01-14,2026-01,Maisa 1,,43341,Dandelion Coconut 25 Count Tea Bag - A,Tea,governed,high,yes,3.0,192,1.33,3.99,144.4,2.406,48.1,
2026-01-14,2026-01,Maisa 1,,Clean,Standard Clean,Tea,inferred,,,3.0,0,0.32,0.96,,,,
2026-01-14,2026-01,Maisa 1,,Clean,Standard Clean,Tea,inferred,,,3.0,0,0.41,1.23,,,,
2026-01-14,2026-01,Maisa 2+3,,40010,ORG Vanilla Nut 10ct/6pk Tea Bag - GA,Tea,inferred,,yes,5.0,630,7.11,35.55,88.6,1.477,17.7,
2026-01-14,2026-01,Maisa 2+3,,40011A,ORG 25 CT Vanilla Nut AMZN - GA,Tea,inferred,,yes,5.0,1080,4.25,21.25,254.1,4.235,50.8,
2026-01-14,2026-01,Maisa 2+3,,CleanA,Clean + Almond Test,Tea,inferred,,,2.0,0,0.3,0.6,,,,
2026-01-14,2026-01,WeighRight,,10008,"Org Rooibos, 8 Oz Bag",Bag/Other,inferred,,yes,3.0,576,1.07,3.21,538.3,8.972,179.4,
2026-01-14,2026-01,WeighRight,,10013,"ORG Hibisicus, 8 Oz Bag",Bag/Other,inferred,,yes,3.0,1800,4.55,13.65,395.6,6.593,131.9,
2026-01-14,2026-01,WeighRight,,Clean,Standard Clean,Bag/Other,inferred,,,3.0,0,1.4,4.2,,,,
2026-01-14,2026-01,WeighRight,,Handpacking Peppermint,,Bag/Other,inferred,,,3.0,0,4.35,13.05,,,,
2026-01-15,2026-01,AMS,handpack,10001A,Sage 2 Oz Bags AMZN,Bag/Other,inferred,,yes,2.0,180,2.58,5.16,69.8,1.163,34.9,
2026-01-15,2026-01,AMS,handpack,10024,ORG Lavender 4 Oz Bag - 79523910024,Bag/Other,inferred,,yes,3.0,1200,6.54,19.62,183.5,3.058,61.2,
2026-01-15,2026-01,AMS,handpack,40016,Vanilla Nut Tagless Tea Bag - 50 Ct - GA,Tea,governed,high,yes,2.0,240,4.37,8.74,54.9,0.915,27.5,
2026-01-15,2026-01,Assembly,,30009,Instant Vanilla Nut 100g Bag / 6 Count Case - G,Instant,inferred,,yes,1.0,46,1.27,1.27,36.2,0.604,36.2,
2026-01-15,2026-01,Assembly,,30011,Instant Mocha 100g Bag / 6 Count Case - G,Instant,inferred,,yes,1.0,46,1.29,1.29,35.7,0.594,35.7,
2026-01-15,2026-01,Assembly,,31008,ORG Instant French Roast Latte 6Ct Case,Instant,inferred,,yes,1.0,5,0.05,0.05,100.0,1.667,100.0,
2026-01-15,2026-01,Assembly,,40001L,Herbal Tea Sampler Box - Loose,Sampler,governed,high,yes,2.0,405,5.57,11.14,72.7,1.212,36.4,
2026-01-15,2026-01,Assembly,,85013,DO NOT MAKE ORG Reishi Eleuthero 10OZ Bag 3PK  - G,Bag/Other,inferred,,yes,1.0,16,1.15,1.15,13.9,0.232,13.9,
2026-01-15,2026-01,Maisa 1,,40021,ORG Chocolate Mint 25CT Tea Bag - GA,Tea,governed,high,yes,3.0,744,4.1,12.3,181.5,3.024,60.5,
2026-01-15,2026-01,Maisa 1,,42061,ORG Maple Pecan 25CT Tea Bag - GA,Tea,governed,high,yes,3.0,414,2.0,6.0,207.0,3.45,69.0,
2026-01-15,2026-01,Maisa 1,,Clean,Standard Clean,Tea,inferred,,,3.0,0,0.35,1.05,,,,
2026-01-15,2026-01,Maisa 1,,Clean,Standard Clean,Tea,inferred,,,3.0,0,0.25,0.75,,,,
2026-01-15,2026-01,Maisa 1,,TB060,ORG Hazelnut Tea Bag Loose - GA,Tea,inferred,,yes,2.0,17000,4.45,8.9,3820.2,63.67,1910.1,
2026-01-15,2026-01,Maisa 2+3,,40130,ORG Maca Chocolate 10ct/6pk Tea Bag - G,Tea,inferred,,yes,5.0,690,6.35,31.75,108.7,1.811,21.7,
2026-01-15,2026-01,Maisa 2+3,,45050F,Turkey Tail Astragalus Dual Language 10 cnt TB - G,Tea,inferred,,yes,3.0,230,3.46,10.38,66.5,1.108,22.2,
2026-01-15,2026-01,Maisa 2+3,,Clean,Standard Clean,Tea,inferred,,,4.0,0,0.4,1.6,,,,
2026-01-15,2026-01,Maisa 2+3,,NTB0010,Vanilla Nut Tagless 6g Tea Bag - GA,Tea,inferred,,yes,2.0,13200,2.33,4.66,5665.2,94.421,2832.6,
2026-01-15,2026-01,Maisa 2+3,,TB130,ORG Maca Chocolate Tea Bag - G,Tea,inferred,,yes,2.0,8000,1.53,3.06,5228.8,87.146,2614.4,
2026-01-15,2026-01,WeighRight,,10008,"Org Rooibos, 8 Oz Bag",Bag/Other,inferred,,yes,3.0,840,1.26,3.78,666.7,11.111,222.2,
2026-01-15,2026-01,WeighRight,,10071,AMZN - WWB - ORG Roasted Barley - 1 Lb - G,Bag/Other,inferred,,yes,3.0,1200,2.41,7.23,497.9,8.299,166.0,
2026-01-15,2026-01,WeighRight,,50130,ORG MACA Chocolate 30g Trial Size Packet - G,Bag/Other,inferred,,yes,3.0,1080,1.43,4.29,755.2,12.587,251.7,
2026-01-15,2026-01,WeighRight,,55050,Turkey Tail Astragalus 30g Trial Size Packet - G,Bag/Other,inferred,,yes,3.0,1040,1.4,4.2,742.9,12.381,247.6,
2026-01-15,2026-01,WeighRight,,55050,Turkey Tail Astragalus 30g Trial Size Packet - G,Bag/Other,inferred,,yes,3.0,40,0.11,0.33,363.6,6.061,121.2,
2026-01-15,2026-01,WeighRight,,63220,ORG Dandelion Caramel Nut 5 Lb Bag - A,Bag/Other,inferred,,yes,3.0,60,0.32,0.96,187.5,3.125,62.5,
2026-01-15,2026-01,WeighRight,,80130A,AMZN Org Maca Chocolate 11OZ Bag/Box of 24 - G,Bag/Other,inferred,,yes,3.0,528,1.05,3.15,502.9,8.381,167.6,
2026-01-15,2026-01,WeighRight,,80130L,Org Maca Chocoate 11oz Bag/Box of 24 - G,Bag/Other,inferred,,yes,3.0,789,1.19,3.57,663.0,11.05,221.0,
2026-01-15,2026-01,WeighRight,,83220L,Dandelion Caramel Nut 10 Oz Bag/Box of 24 - A,Bag/Other,inferred,,yes,3.0,207,0.33,0.99,627.3,10.455,209.1,
2026-01-15,2026-01,WeighRight,,Clean,Standard Clean,Bag/Other,inferred,,,3.0,0,0.31,0.93,,,,
2026-01-15,2026-01,WeighRight,,Clean,Standard Clean,Bag/Other,inferred,,,3.0,0,0.43,1.29,,,,
2026-01-15,2026-01,WeighRight,,Clean,Standard Clean,Bag/Other,inferred,,,3.0,0,0.36,1.08,,,,
2026-01-15,2026-01,WeighRight,,CleanA,Clean + Almond Test,Bag/Other,inferred,,,3.0,0,0.3,0.9,,,,
2026-01-19,2026-01,AMS,handpack,10001A,Sage 2 Oz Bags AMZN,Bag/Other,inferred,,yes,2.0,132,2.08,4.16,63.5,1.058,31.7,
2026-01-19,2026-01,AMS,handpack,30003,Instant Chicory - 8 Oz Bag,Instant,inferred,,yes,2.0,636,9.3,18.6,68.4,1.14,34.2,
2026-01-19,2026-01,AMS,handpack,30012,Instant Dandelion Blend 100g Bag / 6 Count Case,Instant,inferred,,yes,2.0,60,14.31,28.62,4.2,0.07,2.1,
2026-01-19,2026-01,AMS,handpack,30012L,ORG GF Dandelion Blend 100g Bag,Bag/Other,inferred,,yes,2.0,210,1.3,2.6,161.5,2.692,80.8,
2026-01-19,2026-01,AMS,handpack,40016,Vanilla Nut Tagless Tea Bag - 50 Ct - GA,Tea,governed,high,yes,2.0,732,5.5,11.0,133.1,2.218,66.5,
2026-01-19,2026-01,Assembly,,40001L,Herbal Tea Sampler Box - Loose,Sampler,governed,high,yes,3.0,833,10.27,30.81,81.1,1.352,27.0,
2026-01-19,2026-01,Assembly,,42040L,ORG Snickerdoodle 10ct Loose - GA,Tea,governed,high,,2.0,144,,,,,,
2026-01-19,2026-01,Assembly,,45032,ORG Lion's Mane Rhodiola Tea Bag Demo Tray - G,Tea,inferred,,yes,1.0,4,0.52,0.52,7.7,0.128,7.7,
2026-01-19,2026-01,Assembly,,85013,DO NOT MAKE ORG Reishi Eleuthero 10OZ Bag 3PK  - G,Bag/Other,inferred,,yes,2.0,80,0.55,1.1,145.5,2.424,72.7,
2026-01-19,2026-01,Maisa 1,,47010,75147 TJ ORG Roasted Herbal Cofee (12 Pack) - G,Tea,inferred,,yes,3.0,64,2.1,6.3,30.5,0.508,10.2,
2026-01-19,2026-01,Maisa 1,,NTB0060,Hazelnut Tagless 6g Tea Bag - GA,Tea,inferred,,yes,2.0,31200,5.49,10.98,5683.1,94.718,2841.5,
2026-01-19,2026-01,Maisa 1,,TB060,ORG Hazelnut Tea Bag Loose - GA,Tea,inferred,,yes,2.0,5000,1.11,2.22,4504.5,75.075,2252.3,
2026-01-19,2026-01,Maisa 1,,cleana,Clean + Almond Test,Tea,inferred,,,3.0,0,0.36,1.08,,,,
2026-01-19,2026-01,Maisa 2+3,,40131,ORG Mexican Chocolate 25CT Tea Bag - G,Tea,governed,high,yes,5.0,720,2.43,12.15,296.3,4.938,59.3,
2026-01-19,2026-01,Maisa 2+3,,40132,ORG Maca Chocolate 25CT Tea Bag - G,Tea,governed,high,yes,5.0,346,1.25,6.25,276.8,4.613,55.4,
2026-01-19,2026-01,Maisa 2+3,,47010,75147 TJ ORG Roasted Herbal Cofee (12 Pack) - G,Tea,inferred,,yes,5.0,181,2.49,12.45,72.7,1.212,14.5,
2026-01-19,2026-01,Maisa 2+3,,Clean,Standard Clean,Tea,inferred,,,5.0,0,0.38,1.9,,,,
2026-01-19,2026-01,Maisa 2+3,,Clean,Standard Clean,Tea,inferred,,,5.0,0,0.26,1.3,,,,
2026-01-19,2026-01,Maisa 2+3,,TB130,ORG Maca Chocolate Tea Bag - G,Tea,inferred,,yes,4.0,14000,2.04,8.16,6862.7,114.379,1715.7,
2026-01-19,2026-01,WeighRight,,20081,ORG Mocha 300G Dual Language Bag - 6Ct Case - GA,Bag/Other,inferred,,yes,3.0,120,1.35,4.05,88.9,1.481,29.6,
2026-01-19,2026-01,WeighRight,,60010,ORG Vanilla Nut 5 Lb Bag - GA,Bag/Other,inferred,,yes,3.0,52,0.19,0.57,273.7,4.561,91.2,
2026-01-19,2026-01,WeighRight,,60080,ORG Mocha 5 Lb Bag - GA,Bag/Other,inferred,,yes,3.0,45,0.35,1.05,128.6,2.143,42.9,
2026-01-19,2026-01,WeighRight,,65050,ORG Turkey Tail Astragalus 5 Lb Bag - G,Bag/Other,inferred,,yes,3.0,40,0.5,1.5,80.0,1.333,26.7,
2026-01-19,2026-01,WeighRight,,80050L,ORG English Toffee 11oz Bag/Box of 24 - GA,Bag/Other,inferred,,yes,3.0,275,1.21,3.63,227.3,3.788,75.8,
2026-01-19,2026-01,WeighRight,,85050L,ORG Turkey Tail Astragalus 10 Oz Bag/Box of 24 - G,Bag/Other,inferred,,yes,3.0,42,2.0,6.0,21.0,0.35,7.0,
2026-01-19,2026-01,WeighRight,,Clean,Standard Clean,Bag/Other,inferred,,,3.0,0,0.36,1.08,,,,
2026-01-19,2026-01,WeighRight,,Clean,Standard Clean,Bag/Other,inferred,,,3.0,0,0.22,0.66,,,,
2026-01-19,2026-01,WeighRight,,Clean,Standard Clean,Bag/Other,inferred,,,3.0,0,0.28,0.84,,,,
2026-01-20,2026-01,AMS,handpack,30003,Instant Chicory - 8 Oz Bag,Instant,inferred,,yes,2.0,708,8.04,16.08,88.1,1.468,44.0,
2026-01-20,2026-01,AMS,handpack,30007,Instant Miraculous Mushrooms A&P 100g Bag / 6 Count Case,Instant,inferred,,yes,2.0,60,1.41,2.82,42.6,0.709,21.3,
2026-01-20,2026-01,AMS,handpack,30007L,ORG Instant Miraculous Mushrooms AP 100g Bag,Instant,governed,high,yes,2.0,744,3.46,6.92,215.0,3.584,107.5,
2026-01-20,2026-01,AMS,handpack,30008,Instant French Roast 100g Bag / 6 Count Case - G,Instant,inferred,,yes,2.0,25,1.48,2.96,16.9,0.282,8.4,
2026-01-20,2026-01,AMS,handpack,30012L,ORG GF Dandelion Blend 100g Bag,Bag/Other,inferred,,yes,2.0,401,1.32,2.64,303.8,5.063,151.9,
2026-01-20,2026-01,AMS,handpack,31014L,ORG Instant Miraculous Mushroom Matcha Latte 252g Bag,Instant,inferred,,yes,2.0,312,2.18,4.36,143.1,2.385,71.6,
2026-01-20,2026-01,Assembly,,40001L,Herbal Tea Sampler Box - Loose,Sampler,governed,high,yes,3.0,833,10.12,30.36,82.3,1.372,27.4,
2026-01-20,2026-01,Assembly,,45030,ORG Lion's Mane Rhodiola 10 Ct Tea Bag/6 Count Case - G,Tea,inferred,,yes,1.0,22,2.45,2.45,9.0,0.15,9.0,
2026-01-20,2026-01,Assembly,,45032,ORG Lion's Mane Rhodiola Tea Bag Demo Tray - G,Tea,inferred,,yes,1.0,4,1.07,1.07,3.7,0.062,3.7,
2026-01-20,2026-01,Assembly,,45070,ORG Miraculous Mushrooms A&P 10Ct/6Pk Tea Bag,Tea,inferred,,,1.0,30,,,,,,
2026-01-20,2026-01,Assembly,,90012,,Bag/Other,inferred,,yes,2.0,25,1.3,2.6,19.2,0.321,9.6,
2026-01-20,2026-01,Maisa 1,,47010,75147 TJ ORG Roasted Herbal Cofee (12 Pack) - G,Tea,inferred,,yes,3.0,290,10.0,30.0,29.0,0.483,9.7,
2026-01-20,2026-01,Maisa 2+3,,47010,75147 TJ ORG Roasted Herbal Cofee (12 Pack) - G,Tea,inferred,,yes,5.0,618,10.05,50.25,61.5,1.025,12.3,
2026-01-20,2026-01,WeighRight,,20011,ORG Vanilla Nut 300G Dual Language Bag - 6Ct Case - GA,Bag/Other,inferred,,yes,3.0,120,1.25,3.75,96.0,1.6,32.0,
2026-01-20,2026-01,WeighRight,,60010,ORG Vanilla Nut 5 Lb Bag - GA,Bag/Other,inferred,,yes,3.0,28,0.14,0.42,200.0,3.333,66.7,
2026-01-20,2026-01,WeighRight,,60030,ORG Almond Amaretto 5 Lb Bag - GA,Bag/Other,inferred,,yes,3.0,60,0.34,1.02,176.5,2.941,58.8,
2026-01-20,2026-01,WeighRight,,80010A,AMZN Org Vanilla Nut 11OZ Bag/Box of 24 - GA,Bag/Other,inferred,,yes,3.0,864,1.5,4.5,576.0,9.6,192.0,
2026-01-20,2026-01,WeighRight,,80010L,Org Vanilla Nut 11OZ Bag/Box of 24 - GA,Bag/Other,inferred,,yes,3.0,1200,2.04,6.12,588.2,9.804,196.1,
2026-01-20,2026-01,WeighRight,,80013,ORG Vanilla Nut 11oz Bag 3PK - GA,Bag/Other,inferred,,yes,3.0,240,1.35,4.05,177.8,2.963,59.3,
2026-01-20,2026-01,WeighRight,,80030A,AMZN Org Almond Amaretto 11OZ Bag/Box of 24 - GA,Bag/Other,inferred,,yes,3.0,648,1.14,3.42,568.4,9.474,189.5,
2026-01-20,2026-01,WeighRight,,80030A,AMZN Org Almond Amaretto 11OZ Bag/Box of 24 - GA,Bag/Other,inferred,,yes,3.0,552,1.07,3.21,515.9,8.598,172.0,
2026-01-20,2026-01,WeighRight,,80033,ORG Almond Amaretto 11OZ Bag 3PK - GA,Bag/Other,inferred,,yes,3.0,128,0.43,1.29,297.7,4.961,99.2,
2026-01-20,2026-01,WeighRight,,Clean,Standard Clean,Bag/Other,inferred,,,3.0,0,0.39,1.17,,,,
2026-01-21,2026-01,AMS,handpack,10017,ORG Lemon Balm (+8) 1LB Bag - 7-9523910017,Bag/Other,inferred,,yes,2.0,56,1.55,3.1,36.1,0.602,18.1,
2026-01-21,2026-01,AMS,handpack,10202,ORG Peppermint 1 Lb Bag,Bag/Other,inferred,,yes,2.0,98,2.39,4.78,41.0,0.683,20.5,
2026-01-21,2026-01,AMS,handpack,30008,Instant French Roast 100g Bag / 6 Count Case - G,Instant,inferred,,yes,2.0,35,1.37,2.74,25.5,0.426,12.8,
2026-01-21,2026-01,AMS,handpack,30008L,ORG Instant French Roast 100g Bag - G,Instant,governed,high,yes,2.0,720,6.15,12.3,117.1,1.951,58.5,
2026-01-21,2026-01,AMS,machine(Amy),30013,Instant Miraculous Mushrooms C+5 135g Bag / 6 Count Case,Instant,inferred,,yes,4.0,80,1.07,4.28,74.8,1.246,18.7,
2026-01-21,2026-01,AMS,machine(Amy),30013L,ORG Miraculous Mushrooms Cacao 135g Bag,Bag/Other,inferred,,yes,4.0,282,0.54,2.16,522.2,8.704,130.6,
2026-01-21,2026-01,AMS,handpack,31014L,ORG Instant Miraculous Mushroom Matcha Latte 252g Bag,Instant,inferred,,yes,2.0,341,2.09,4.18,163.2,2.719,81.6,
2026-01-21,2026-01,Assembly,,31009,ORG Instant Vanilla Nut Latte 6Ct Case,Instant,inferred,,yes,1.0,46,1.31,1.31,35.1,0.585,35.1,
2026-01-21,2026-01,Assembly,,40001L,Herbal Tea Sampler Box - Loose,Sampler,governed,high,yes,1.0,876,10.17,10.17,86.1,1.436,86.1,
2026-01-21,2026-01,Maisa 1,,47010,75147 TJ ORG Roasted Herbal Cofee (12 Pack) - G,Tea,inferred,,yes,3.0,342,9.55,28.65,35.8,0.597,11.9,
2026-01-21,2026-01,Maisa 2+3,,47010,75147 TJ ORG Roasted Herbal Cofee (12 Pack) - G,Tea,inferred,,yes,5.0,670,10.0,50.0,67.0,1.117,13.4,
2026-01-21,2026-01,WeighRight,,50030,Almond Amaretto 30g Trial Size Packet - GA,Bag/Other,inferred,,yes,3.0,1080,2.08,6.24,519.2,8.654,173.1,
2026-01-21,2026-01,WeighRight,,50070,ORG Java 30g Trial Size Packet - GA,Bag/Other,inferred,,yes,3.0,1080,1.47,4.41,734.7,12.245,244.9,
2026-01-21,2026-01,WeighRight,,60070,ORG Java 5 Lb Bag - GA,Bag/Other,inferred,,yes,3.0,78,0.4,1.2,195.0,3.25,65.0,
2026-01-21,2026-01,WeighRight,,80030L,ORG Almond Amaretto 11OZ Bag/Box of 24 - GA,Bag/Other,inferred,,yes,3.0,1200,2.27,6.81,528.6,8.811,176.2,
2026-01-21,2026-01,WeighRight,,80070,ORG Java 11OZ Bag/6 Count Case - GA,Bag/Other,inferred,,yes,3.0,1,0.04,0.12,25.0,0.417,8.3,
2026-01-21,2026-01,WeighRight,,80073,ORG Java 11OZ Bag 3PK - GA,Bag/Other,inferred,,yes,3.0,128,0.49,1.47,261.2,4.354,87.1,
2026-01-21,2026-01,WeighRight,,Clean,Standard Clean,Bag/Other,inferred,,,3.0,0,0.39,1.17,,,,
2026-01-22,2026-01,AMS,handpack,10202,ORG Peppermint 1 Lb Bag,Bag/Other,inferred,,yes,2.0,152,4.03,8.06,37.7,0.629,18.9,
2026-01-22,2026-01,AMS,handpack,10401A,AMZN-WWB-ORG Krishna Tulsi- 8OZ Bag,Bag/Other,inferred,,yes,2.0,432,8.29,16.58,52.1,0.869,26.1,
2026-01-22,2026-01,AMS,handpack,30008L,ORG Instant French Roast 100g Bag - G,Instant,governed,high,yes,2.0,146,1.19,2.38,122.7,2.045,61.3,
2026-01-22,2026-01,AMS,handpack,40066,Hazelnut Tagless Tea Bag - 50 Ct - GA,Tea,governed,high,yes,1.0,60,0.45,0.45,133.3,2.222,133.3,
2026-01-22,2026-01,Assembly,,40001L,Herbal Tea Sampler Box - Loose,Sampler,governed,high,yes,1.0,880,10.18,10.18,86.4,1.441,86.4,
2026-01-22,2026-01,Assembly,,43331,Dandelion Turmeric 25 Count Tea Bag,Tea,governed,high,,1.0,0,,,,,,
2026-01-22,2026-01,Maisa 1,,40071,ORG Java 25CT Tea Bag - GA,Tea,governed,high,yes,3.0,144,1.14,3.42,126.3,2.105,42.1,
2026-01-22,2026-01,Maisa 1,,47010,75147 TJ ORG Roasted Herbal Cofee (12 Pack) - G,Tea,inferred,,yes,3.0,270,7.49,22.47,36.0,0.601,12.0,
2026-01-22,2026-01,Maisa 1,,Clean,Standard Clean,Tea,inferred,,,3.0,0,0.34,1.02,,,,
2026-01-22,2026-01,Maisa 2+3,,45030,ORG Lion's Mane Rhodiola 10 Ct Tea Bag/6 Count Case - G,Tea,inferred,,yes,5.0,74,0.56,2.8,132.1,2.202,26.4,
2026-01-22,2026-01,Maisa 2+3,,47010,75147 TJ ORG Roasted Herbal Cofee (12 Pack) - G,Tea,inferred,,yes,5.0,325,8.37,41.85,38.8,0.647,7.8,
2026-01-22,2026-01,Maisa 2+3,,Clean,Standard Clean,Tea,inferred,,,5.0,0,0.16,0.8,,,,
2026-01-22,2026-01,WeighRight,,10027,Organic Licorice C/S - 8 Oz Bag,Bag/Other,inferred,,yes,3.0,1200,3.22,9.66,372.7,6.211,124.2,
2026-01-22,2026-01,WeighRight,,56010,Dark Chocolate 30g Trial Size Packet,Bag/Other,inferred,,yes,3.0,1080,1.58,4.74,683.5,11.392,227.8,
2026-01-22,2026-01,WeighRight,,80070,ORG Java 11OZ Bag/6 Count Case - GA,Bag/Other,inferred,,yes,3.0,130,1.08,3.24,120.4,2.006,40.1,
2026-01-22,2026-01,WeighRight,,86010,ORG Dark Chocolate 10 Oz Bag/6 Count Case,Bag/Other,inferred,,yes,3.0,80,0.55,1.65,145.5,2.424,48.5,
2026-01-22,2026-01,WeighRight,,86010L,ORG Dark Chocolate 10 Oz Bag/Box of 24,Bag/Other,inferred,,yes,3.0,312,0.59,1.77,528.8,8.814,176.3,
2026-01-22,2026-01,WeighRight,,Clean,Standard Clean,Bag/Other,inferred,,,3.0,0,0.4,1.2,,,,
2026-01-22,2026-01,WeighRight,,CleanGA,Clean + Gluten + Almond Tests,Bag/Other,inferred,,,3.0,0,0.37,1.11,,,,
2026-01-23,2026-01,Assembly,,40060,ORG Hazelnut 10ct/6pk Tea Bag - GA,Tea,inferred,,yes,1.0,380,4.28,4.28,88.8,1.48,88.8,
2026-01-23,2026-01,Assembly,,42040,ORG Snickerdoodle 10ct/6pk Tea Bag - GA,Tea,inferred,,yes,1.0,10,0.28,0.28,35.7,0.595,35.7,
2026-01-23,2026-01,Maisa 2+3,,45030,ORG Lion's Mane Rhodiola 10 Ct Tea Bag/6 Count Case - G,Tea,inferred,,yes,5.0,440,3.39,16.95,129.8,2.163,26.0,
2026-01-26,2026-01,AMS,handpack,10016,Organic Turmeric Powder - 1 Lb Bag,Bag/Other,inferred,,yes,1.0,223,2.57,2.57,86.8,1.446,86.8,
2026-01-26,2026-01,AMS,handpack,10201,WWB - ORG Peppermint Leaf - 4 Oz Bag,Bag/Other,inferred,,yes,1.0,300,5.1,5.1,58.8,0.98,58.8,
2026-01-26,2026-01,AMS,handpack,10401A,AMZN-WWB-ORG Krishna Tulsi- 8OZ Bag,Bag/Other,inferred,,yes,2.0,288,1.02,2.04,282.4,4.706,141.2,
2026-01-26,2026-01,AMS,handpack,40066,Hazelnut Tagless Tea Bag - 50 Ct - GA,Tea,governed,high,yes,3.0,540,3.16,9.48,170.9,2.848,57.0,
2026-01-26,2026-01,AMS,handpack,43116,Dandelion DarkRoast Tagless Tea Bag - 50 Ct,Tea,governed,high,yes,3.0,168,1.4,4.2,120.0,2.0,40.0,
2026-01-26,2026-01,AMS,handpack,43226,Dandelion Caramel Nut Tagless Tea Bag - 50 Ct - A,Tea,governed,high,yes,3.0,576,3.29,9.87,175.1,2.918,58.4,
2026-01-26,2026-01,Assembly,,30007,Instant Miraculous Mushrooms A&P 100g Bag / 6 Count Case,Instant,inferred,,yes,1.0,16,0.28,0.28,57.1,0.952,57.1,
2026-01-26,2026-01,Assembly,,30010,Instant Hazelnut 100g Bag / 6 Count Case - G,Instant,inferred,,yes,1.0,10,0.49,0.49,20.4,0.34,20.4,
2026-01-26,2026-01,Assembly,,30013,Instant Miraculous Mushrooms C+5 135g Bag / 6 Count Case,Instant,inferred,,yes,1.0,30,0.25,0.25,120.0,2.0,120.0,
2026-01-26,2026-01,Assembly,,31005,ORG Instant Dandelion Blend Latte 6Ct Case ,Instant,inferred,,yes,1.0,10,0.29,0.29,34.5,0.575,34.5,
2026-01-26,2026-01,Assembly,,31007,ORG Instant Miraculous Mushrooms AP Latte 6Ct Case ,Instant,inferred,,yes,1.0,20,0.17,0.17,117.6,1.961,117.6,
2026-01-26,2026-01,Assembly,,31010,ORG Instant Hazelnut Latte 6Ct Case,Instant,inferred,,yes,1.0,15,0.42,0.42,35.7,0.595,35.7,
2026-01-26,2026-01,Assembly,,40001A,AMZN Labeled Herbal Tea Sampler Box/Variety Pack,Bundle,inferred,,yes,1.0,140,1.54,1.54,90.9,1.515,90.9,
2026-01-26,2026-01,Assembly,,40001L,Herbal Tea Sampler Box - Loose,Sampler,governed,high,,1.0,0,2.04,2.04,,,,
2026-01-26,2026-01,Assembly,,40060,ORG Hazelnut 10ct/6pk Tea Bag - GA,Tea,inferred,,yes,1.0,100,3.58,3.58,27.9,0.466,27.9,
2026-01-26,2026-01,Maisa 1,,40060,ORG Hazelnut 10ct/6pk Tea Bag - GA,Tea,inferred,,yes,3.0,445,8.04,24.12,55.3,0.922,18.4,
2026-01-26,2026-01,Maisa 1,,40071,ORG Java 25CT Tea Bag - GA,Tea,governed,high,yes,3.0,216,1.15,3.45,187.8,3.13,62.6,
2026-01-26,2026-01,Maisa 1,,Clean,Standard Clean,Tea,inferred,,,3.0,0,0.41,1.23,,,,
2026-01-26,2026-01,Maisa 2+3,,45030,ORG Lion's Mane Rhodiola 10 Ct Tea Bag/6 Count Case - G,Tea,inferred,,yes,5.0,406,3.27,16.35,124.2,2.069,24.8,
2026-01-26,2026-01,Maisa 2+3,,45030L,ORG Lion's Mane Rhodiola 10-Ct Tea Bag - G,Tea,inferred,,yes,5.0,360,0.24,1.2,1500.0,25.0,300.0,
2026-01-26,2026-01,Maisa 2+3,,45031,ORG Lion's Mane Rhodiola 25 Ct Tea Bag - G,Tea,inferred,,yes,5.0,792,2.44,12.2,324.6,5.41,64.9,
2026-01-26,2026-01,Maisa 2+3,,Clean,Standard Clean,Tea,inferred,,,5.0,0,0.3,1.5,,,,
2026-01-26,2026-01,Maisa 2+3,,TB110,ORG French Roast Tea Bag Loose - G,Tea,inferred,,yes,4.0,4000,1.45,5.8,2758.6,45.977,689.7,
2026-01-26,2026-01,Maisa 2+3,,TB503,ORG Lion's Mane Rhodiola Loose Tea Bag - G,Tea,inferred,,yes,4.0,8000,1.1,4.4,7272.7,121.212,1818.2,
2026-01-26,2026-01,Maisa 2+3,,ntb0110,French Roast Tagless 6g Tea Bag - G,Tea,inferred,,yes,2.0,7200,1.35,2.7,5333.3,88.889,2666.7,
2026-01-26,2026-01,WeighRight,,10044,AMZN- WWB-ORG Hibiscus - 1 Lb Bag,Bag/Other,inferred,,yes,3.0,180,0.43,1.29,418.6,6.977,139.5,
2026-01-26,2026-01,WeighRight,,53110,Dandelion Dark Roast 30g Trial Size Packet,APG,governed,high,yes,3.0,1440,2.33,6.99,618.0,10.3,206.0,
2026-01-26,2026-01,WeighRight,,62070,ORG Candy Cane 5 Lb Bag  - G,APG,governed,high,yes,3.0,31,0.28,0.84,110.7,1.845,36.9,
2026-01-26,2026-01,WeighRight,,83110L,ORG Dandelion Dark Roast 10 oz Bag/Box of 24,APG,governed,high,yes,3.0,1152,2.06,6.18,559.2,9.32,186.4,
2026-01-26,2026-01,WeighRight,,83360L,ORG Holiday Egg Nog 10oz Bag/Box of 24,APG,governed,high,yes,3.0,222,0.27,0.81,822.2,13.704,274.1,
2026-01-26,2026-01,WeighRight,,86010L,ORG Dark Chocolate 10 Oz Bag/Box of 24,Bag/Other,inferred,,yes,3.0,888,1.48,4.44,600.0,10.0,200.0,
2026-01-26,2026-01,WeighRight,,Clean,Standard Clean,Bag/Other,inferred,,,3.0,0,0.37,1.11,,,,
2026-01-26,2026-01,WeighRight,,Clean,Standard Clean,Bag/Other,inferred,,,3.0,0,0.23,0.69,,,,
2026-01-26,2026-01,WeighRight,,Clean,Standard Clean,Bag/Other,inferred,,,3.0,0,0.42,1.26,,,,
2026-01-26,2026-01,WeighRight,,CleanG,Clean + Gluten Test,Bag/Other,inferred,,,3.0,0,0.18,0.54,,,,
2026-01-27,2026-01,AMS,handpack,10201,WWB - ORG Peppermint Leaf - 4 Oz Bag,Bag/Other,inferred,,yes,1.0,516,7.59,7.59,68.0,1.133,68.0,
2026-01-27,2026-01,AMS,handpack,30003,Instant Chicory - 8 Oz Bag,Instant,inferred,,yes,2.0,552,7.11,14.22,77.6,1.294,38.8,
2026-01-27,2026-01,AMS,handpack,43116,Dandelion DarkRoast Tagless Tea Bag - 50 Ct,Tea,governed,high,yes,3.0,471,5.19,15.57,90.8,1.513,30.3,
2026-01-27,2026-01,Assembly,,40001A,AMZN Labeled Herbal Tea Sampler Box/Variety Pack,Bundle,inferred,,yes,1.0,100,3.55,3.55,28.2,0.469,28.2,
2026-01-27,2026-01,Assembly,,40097,Teecino Tea Bag 12 Flavor Sampler,Sampler,governed,high,yes,1.0,30,4.21,4.21,7.1,0.119,7.1,
2026-01-27,2026-01,Assembly,,50097,Teeccino 30g Packet 10 Flavor Sampler,Sampler,governed,high,yes,1.0,30,1.3,1.3,23.1,0.385,23.1,
2026-01-27,2026-01,Assembly,,50097,Teeccino 30g Packet 10 Flavor Sampler,Sampler,governed,high,yes,1.0,30,1.19,1.19,25.2,0.42,25.2,
2026-01-27,2026-01,Maisa 1,,40060,ORG Hazelnut 10ct/6pk Tea Bag - GA,Tea,inferred,,yes,3.0,245,3.08,9.24,79.5,1.326,26.5,
2026-01-27,2026-01,Maisa 1,,40081,ORG Mocha 25CT Tea Bag - GA,Tea,governed,high,yes,3.0,264,2.0,6.0,132.0,2.2,44.0,
2026-01-27,2026-01,Maisa 1,,Clean,Standard Clean,Tea,inferred,,,3.0,0,0.29,0.87,,,,
2026-01-27,2026-01,Maisa 1,,TB060,ORG Hazelnut Tea Bag Loose - GA,Tea,inferred,,yes,3.0,10000,2.16,6.48,4629.6,77.16,1543.2,
2026-01-27,2026-01,Maisa 2+3,,46011,ORG Dark Chocolate 25 Ct Tea Bag,Tea,governed,high,yes,3.0,288,2.2,6.6,130.9,2.182,43.6,
2026-01-27,2026-01,Maisa 2+3,,CleanG,Clean + Gluten Test,Tea,inferred,,,5.0,0,0.25,1.25,,,,
2026-01-27,2026-01,Maisa 2+3,,TB110,ORG French Roast Tea Bag Loose - G,Tea,inferred,,yes,4.0,18000,4.59,18.36,3921.6,65.359,980.4,
2026-01-27,2026-01,Maisa 2+3,,ntb0110,French Roast Tagless 6g Tea Bag - G,Tea,inferred,,yes,2.0,37200,7.24,14.48,5138.1,85.635,2569.1,
2026-01-27,2026-01,WeighRight,,10044,AMZN- WWB-ORG Hibiscus - 1 Lb Bag,Bag/Other,inferred,,yes,3.0,306,1.05,3.15,291.4,4.857,97.1,
2026-01-27,2026-01,WeighRight,,82110L,ORG French Vanilla 11OZ Bag/Box of 24 - G,Bag/Other,inferred,,yes,3.0,336,0.4,1.2,840.0,14.0,280.0,
2026-01-27,2026-01,WeighRight,,82110L,ORG French Vanilla 11OZ Bag/Box of 24 - G,Bag/Other,inferred,,yes,3.0,240,0.47,1.41,510.6,8.511,170.2,
2026-01-27,2026-01,WeighRight,,82130L,ORG Mexican Chocolate 11OZ Bag/Box of 24 - G,APG,governed,high,yes,3.0,840,2.12,6.36,396.2,6.604,132.1,
2026-01-27,2026-01,WeighRight,,83320L,ORG Dandelion Red Chai 10 Oz Bag/Box of 24,APG,governed,high,yes,3.0,355,0.54,1.62,657.4,10.957,219.1,
2026-01-27,2026-01,WeighRight,,83370L,ORG Blueberry Vanilla 10 Oz Bag/Box of 24,Bag/Other,inferred,,yes,3.0,648,1.28,3.84,506.2,8.438,168.8,
2026-01-27,2026-01,WeighRight,,Clean,Standard Clean,Bag/Other,inferred,,,3.0,0,0.25,0.75,,,,
2026-01-27,2026-01,WeighRight,,Clean,Standard Clean,Bag/Other,inferred,,,3.0,0,0.21,0.63,,,,
2026-01-27,2026-01,WeighRight,,Clean,Standard Clean,Bag/Other,inferred,,,3.0,0,0.31,0.93,,,,
2026-01-27,2026-01,WeighRight,,Clean,Standard Clean,Bag/Other,inferred,,,3.0,0,0.29,0.87,,,,
2026-01-28,2026-01,AMS,handpack,30003,Instant Chicory - 8 Oz Bag,Instant,inferred,,yes,2.0,888,8.03,16.06,110.6,1.843,55.3,
2026-01-28,2026-01,AMS,handpack,40116,French Roast Tagless Tea Bag - 50 Ct - G,Tea,governed,high,yes,2.0,90,4.32,8.64,20.8,0.347,10.4,
2026-01-28,2026-01,AMS,handpack,40116,French Roast Tagless Tea Bag - 50 Ct - G,Tea,governed,high,yes,1.0,96,1.29,1.29,74.4,1.24,74.4,
2026-01-28,2026-01,Assembly,,40001A,AMZN Labeled Herbal Tea Sampler Box/Variety Pack,Bundle,inferred,,yes,1.0,203,3.55,3.55,57.2,0.953,57.2,
2026-01-28,2026-01,Assembly,,40097,Teecino Tea Bag 12 Flavor Sampler,Sampler,governed,high,yes,2.0,210,3.14,6.28,66.9,1.115,33.4,
2026-01-28,2026-01,Assembly,,43001,Dandelion Tea Sampler Box - 6 Count Case,Sampler,inferred,,yes,2.0,100,9.1,18.2,11.0,0.183,5.5,
2026-01-28,2026-01,Maisa 1,,40081,ORG Mocha 25CT Tea Bag - GA,Tea,governed,high,yes,3.0,549,2.13,6.39,257.7,4.296,85.9,
2026-01-28,2026-01,Maisa 1,,43340,ORG Dandelion Coconut 10CT Tea Bag - A,Tea,inferred,,yes,3.0,425,7.13,21.39,59.6,0.993,19.9,
2026-01-28,2026-01,Maisa 1,,CleanG,Clean + Gluten Test,Tea,inferred,,,3.0,0,0.4,1.2,,,,
2026-01-28,2026-01,Maisa 2+3,,43111,ORG Dandelion Dark Roast 25CT Tea Bag,Tea,governed,high,yes,5.0,360,1.23,6.15,292.7,4.878,58.5,
2026-01-28,2026-01,Maisa 2+3,,46010,ORG Dark Chocolate 10 Ct Tea Bag/6 Count Case,Tea,inferred,,yes,5.0,230,2.01,10.05,114.4,1.907,22.9,
2026-01-28,2026-01,Maisa 2+3,,46010L,ORG Dark Chocolate 10 Ct Tea Bag/36 Count Box,Tea,governed,high,yes,5.0,1489,1.55,7.75,960.6,16.011,192.1,
2026-01-28,2026-01,Maisa 2+3,,46011,ORG Dark Chocolate 25 Ct Tea Bag,Tea,governed,high,yes,5.0,1152,3.52,17.6,327.3,5.455,65.5,
2026-01-28,2026-01,Maisa 2+3,,Clean,Standard Clean,Tea,inferred,,,5.0,0,0.52,2.6,,,,
2026-01-28,2026-01,WeighRight,,10023,WWB - ORG Elderberries - 1 Lb Bag,Bag/Other,inferred,,yes,3.0,600,1.31,3.93,458.0,7.634,152.7,
2026-01-28,2026-01,WeighRight,,50089,ORG Raspberry Mocha 30g Trial Size Packet - GA,Bag/Other,inferred,,yes,3.0,1080,2.03,6.09,532.0,8.867,177.3,
2026-01-28,2026-01,WeighRight,,80089A,AMZN ORG Raspberry Mocha 11OZ Bag/Box of 24 - GA,Bag/Other,inferred,,yes,3.0,144,12.28,36.84,11.7,0.195,3.9,
2026-01-28,2026-01,WeighRight,,80140L,ORG Original 10oz Bag/Box of 24 - G,APG,governed,high,yes,3.0,431,1.37,4.11,314.6,5.243,104.9,
2026-01-28,2026-01,WeighRight,,83310L,ORG Dandelion Mocha Mint 10 Oz Bag/Box of 24 - A,Bag/Other,inferred,,yes,3.0,360,0.45,1.35,800.0,13.333,266.7,
2026-01-28,2026-01,WeighRight,,83340L,ORG Dandelion Coconut 10 Oz Bag/Box of 24 - A,APG,governed,high,yes,3.0,627,1.08,3.24,580.6,9.676,193.5,
2026-01-28,2026-01,WeighRight,,Clean,Standard Clean,Bag/Other,inferred,,,3.0,0,0.17,0.51,,,,
2026-01-28,2026-01,WeighRight,,Clean,Standard Clean,Bag/Other,inferred,,,3.0,0,0.35,1.05,,,,
2026-01-28,2026-01,WeighRight,,Clean,Standard Clean,Bag/Other,inferred,,,3.0,0,0.17,0.51,,,,
2026-01-28,2026-01,WeighRight,,Clean,Standard Clean,Bag/Other,inferred,,,3.0,0,0.2,0.6,,,,
2026-01-28,2026-01,WeighRight,,CleanG,Clean + Gluten Test,Bag/Other,inferred,,,3.0,0,0.25,0.75,,,,
2026-01-29,2026-01,AMS,handpack,10302A,WWB Organic Cinnamon Powder 1lb - AMZN Label,Bag/Other,inferred,,yes,2.0,264,18.32,36.64,14.4,0.24,7.2,
2026-01-29,2026-01,AMS,handpack,10402A,AMZN- WWB-ORG Rama Tulsi - 8 OZ Bag,Bag/Other,inferred,,yes,3.0,72,1.37,4.11,52.6,0.876,17.5,
2026-01-29,2026-01,AMS,handpack,40116,French Roast Tagless Tea Bag - 50 Ct - G,Tea,governed,high,yes,2.0,255,3.08,6.16,82.8,1.38,41.4,
2026-01-29,2026-01,AMS,handpack,40116,French Roast Tagless Tea Bag - 50 Ct - G,Tea,governed,high,yes,1.0,440,8.03,8.03,54.8,0.913,54.8,
2026-01-29,2026-01,Assembly,,40001A,AMZN Labeled Herbal Tea Sampler Box/Variety Pack,Bundle,inferred,,yes,1.0,201,3.55,3.55,56.6,0.944,56.6,
2026-01-29,2026-01,Assembly,,43001,Dandelion Tea Sampler Box - 6 Count Case,Sampler,inferred,,yes,2.0,20,4.11,8.22,4.9,0.081,2.4,
2026-01-29,2026-01,Maisa 1,,43310L,Org Dandelion Mocha Mint 10 Ct Tea Bag Loose - A,Tea,governed,high,yes,3.0,720,1.29,3.87,558.1,9.302,186.0,
2026-01-29,2026-01,Maisa 1,,43311,Dandelion Mocha Mint 25 Count Tea Bag - A,Tea,governed,high,yes,3.0,840,5.1,15.3,164.7,2.745,54.9,
2026-01-29,2026-01,Maisa 1,,43340,ORG Dandelion Coconut 10CT Tea Bag - A,Tea,inferred,,yes,3.0,100,1.23,3.69,81.3,1.355,27.1,
2026-01-29,2026-01,Maisa 1,,Clean,Standard Clean,Tea,inferred,,,3.0,0,0.27,0.81,,,,
2026-01-29,2026-01,Maisa 1,,TB331,ORG Dandelion Mocha Mint Tea Bag - A,Tea,inferred,,yes,3.0,6000,1.16,3.48,5172.4,86.207,1724.1,
2026-01-29,2026-01,Maisa 2+3,,43110,ORG Dandelion Dark Roast 10ct/6pk Tea Bag,Tea,inferred,,yes,5.0,164,18.55,92.75,8.8,0.147,1.8,
2026-01-29,2026-01,Maisa 2+3,,43111,ORG Dandelion Dark Roast 25CT Tea Bag,Tea,governed,high,yes,5.0,840,2.46,12.3,341.5,5.691,68.3,
2026-01-29,2026-01,WeighRight,,20081,ORG Mocha 300G Dual Language Bag - 6Ct Case - GA,Bag/Other,inferred,,yes,3.0,34,0.45,1.35,75.6,1.259,25.2,
2026-01-29,2026-01,WeighRight,,50080,ORG Mocha 30g Trial Size Packet - GA,Bag/Other,inferred,,yes,3.0,1080,1.48,4.44,729.7,12.162,243.2,
2026-01-29,2026-01,WeighRight,,80080,ORG Mocha 11OZ Bag/6 Count Case - GA,Bag/Other,inferred,,yes,3.0,230,2.53,7.59,90.9,1.515,30.3,
2026-01-29,2026-01,WeighRight,,80080L,Org Mocha 11OZ Bag/Box of 24 - GA,Bag/Other,inferred,,yes,3.0,240,0.27,0.81,888.9,14.815,296.3,
2026-01-29,2026-01,WeighRight,,80083,ORG Mocha 11OZ Bag 3PK  - GA,Bag/Other,inferred,,yes,3.0,240,1.17,3.51,205.1,3.419,68.4,
2026-01-29,2026-01,WeighRight,,80089A,AMZN ORG Raspberry Mocha 11OZ Bag/Box of 24 - GA,Bag/Other,inferred,,yes,3.0,1056,1.45,4.35,728.3,12.138,242.8,
2026-01-29,2026-01,WeighRight,,Clean,Standard Clean,Bag/Other,inferred,,,3.0,0,0.43,1.29,,,,
2026-01-30,2026-01,AMS,handpack,10302A,WWB Organic Cinnamon Powder 1lb - AMZN Label,Bag/Other,inferred,,yes,2.0,48,0.44,0.88,109.1,1.818,54.5,
2026-01-30,2026-01,AMS,handpack,10402A,AMZN- WWB-ORG Rama Tulsi - 8 OZ Bag,Bag/Other,inferred,,yes,3.0,720,10.07,30.21,71.5,1.192,23.8,
2026-01-30,2026-01,Maisa 1,,43311,Dandelion Mocha Mint 25 Count Tea Bag - A,Tea,governed,high,yes,3.0,120,0.42,1.26,285.7,4.762,95.2,
2026-01-30,2026-01,Maisa 1,,45070,ORG Miraculous Mushrooms A&P 10Ct/6Pk Tea Bag,Tea,inferred,,yes,3.0,442,7.24,21.72,61.0,1.017,20.3,
2026-01-30,2026-01,Maisa 1,,CleanA,Clean + Almond Test,Tea,inferred,,,3.0,0,0.5,1.5,,,,
2026-01-30,2026-01,Maisa 1,,TB331,ORG Dandelion Mocha Mint Tea Bag - A,Tea,inferred,,yes,,6000,1.1,,5454.5,90.909,,
2026-01-30,2026-01,Maisa 2+3,,43110,ORG Dandelion Dark Roast 10ct/6pk Tea Bag,Tea,inferred,,yes,5.0,31,0.2,1.0,155.0,2.583,31.0,
2026-01-30,2026-01,Maisa 2+3,,43220,ORG Dandelion Caramel Nut 10ct/6pk Tea Bag - A,Tea,inferred,,yes,5.0,1150,9.17,45.85,125.4,2.09,25.1,
2026-01-30,2026-01,Maisa 2+3,,Clean,Standard Clean,Tea,inferred,,,5.0,0,0.58,2.9,,,,
2026-01-30,2026-01,WeighRight,,20081,ORG Mocha 300G Dual Language Bag - 6Ct Case - GA,Bag/Other,inferred,,yes,3.0,86,1.18,3.54,72.9,1.215,24.3,
2026-01-30,2026-01,WeighRight,,50110,ORG French Roast 30g Trial Size Packet - G,Bag/Other,inferred,,yes,3.0,465,0.53,1.59,877.4,14.623,292.5,
2026-01-30,2026-01,WeighRight,,60060,ORG Hazelnut 5 Lb Bag - GA,Bag/Other,inferred,,yes,3.0,80,0.27,0.81,296.3,4.938,98.8,
2026-01-30,2026-01,WeighRight,,80110,ORG French Roast 11OZ Bag/6 Count Case - G,Bag/Other,inferred,,yes,3.0,117,2.05,6.15,57.1,0.951,19.0,
2026-01-30,2026-01,WeighRight,,80110A,AMZN Org French Roast 11OZ Bag/Box of 24 - G,Bag/Other,inferred,,yes,3.0,2040,3.45,10.35,591.3,9.855,197.1,
2026-01-30,2026-01,WeighRight,,Clean,Standard Clean,Bag/Other,inferred,,,3.0,0,0.47,1.41,,,,
2026-01-30,2026-01,WeighRight,,CleanA,Clean + Almond Test,Bag/Other,inferred,,,3.0,0,0.28,0.84,,,,
2026-02-02,2026-02,AMS,handpack,10024,ORG Lavender 4 Oz Bag - 79523910024,Bag/Other,inferred,,yes,3.0,1200,7.01,21.03,171.2,2.853,57.1,
2026-02-02,2026-02,AMS,handpack,10025,ORG Lavender 1LB Bag - 79523910025,Bag/Other,inferred,,yes,3.0,108,2.08,6.24,51.9,0.865,17.3,
2026-02-02,2026-02,AMS,handpack,10402A,AMZN- WWB-ORG Rama Tulsi - 8 OZ Bag,Bag/Other,inferred,,yes,3.0,168,0.56,1.68,300.0,5.0,100.0,
2026-02-02,2026-02,Assembly,,40001A,AMZN Labeled Herbal Tea Sampler Box/Variety Pack,Bundle,inferred,,yes,1.0,220,3.55,3.55,62.0,1.033,62.0,
2026-02-02,2026-02,Assembly,,40061,ORG Hazelnut 25CT Tea Bag - GA,Tea,governed,high,yes,1.0,144,5.5,5.5,26.2,0.436,26.2,
2026-02-02,2026-02,Assembly,,50097,Teeccino 30g Packet 10 Flavor Sampler,Sampler,governed,high,yes,1.0,90,0.3,0.3,300.0,5.0,300.0,
2026-02-02,2026-02,Assembly,,CLBOXAPG,Teeccino Chocolate Lovers APG Box,Bundle,governed,high,yes,2.0,50,1.11,2.22,45.0,0.751,22.5,
2026-02-02,2026-02,Assembly,,CLBOXTB,,Bundle,governed,high,yes,1.0,50,1.46,1.46,34.2,0.571,34.2,
2026-02-02,2026-02,Maisa 1,,40089,ORG Raspberry Mocha 25Ct,Tea,inferred,,yes,3.0,335,2.06,6.18,162.6,2.71,54.2,
2026-02-02,2026-02,Maisa 1,,43370,ORG Dandelion Blueberry Vanilla 10ct/6pk Tea Bag,Tea,inferred,,yes,3.0,287,3.55,10.65,80.8,1.347,26.9,
2026-02-02,2026-02,Maisa 1,,45070,ORG Miraculous Mushrooms A&P 10Ct/6Pk Tea Bag,Tea,inferred,,yes,3.0,18,0.14,0.42,128.6,2.143,42.9,
2026-02-02,2026-02,Maisa 1,,45070L,Org Miraculous Mushroom A&P 10Ct Tea Bag Loose,Tea,inferred,,yes,3.0,216,0.26,0.78,830.8,13.846,276.9,
2026-02-02,2026-02,Maisa 1,,48004,WWB ORG French Chicory 25ct Tea Bag,Tea,inferred,,yes,3.0,168,1.0,3.0,168.0,2.8,56.0,
2026-02-02,2026-02,Maisa 1,,Clean,Standard Clean,Tea,inferred,,,3.0,0,0.38,1.14,,,,
2026-02-02,2026-02,Maisa 1,,Clean,Standard Clean,Tea,inferred,,,3.0,0,0.31,0.93,,,,
2026-02-02,2026-02,Maisa 1,,Clean,Standard Clean,Tea,inferred,,,3.0,0,0.37,1.11,,,,
2026-02-02,2026-02,Maisa 1,,TB337,ORG Blueberry Vanilla Tea Bag,Tea,inferred,,yes,3.0,2173,0.28,0.84,7760.7,129.345,2586.9,
2026-02-02,2026-02,Maisa 2+3,,43220,ORG Dandelion Caramel Nut 10ct/6pk Tea Bag - A,Tea,inferred,,yes,5.0,721,5.54,27.7,130.1,2.169,26.0,
2026-02-02,2026-02,Maisa 2+3,,43220F,Dandelion Caramel Nut Dual Language 10 cnt TB - A,Tea,inferred,,yes,5.0,230,1.5,7.5,153.3,2.556,30.7,
2026-02-02,2026-02,Maisa 2+3,,43221,ORG Dandelion Caramel Nut 25CT Tea Bag - A,Tea,governed,high,yes,5.0,432,2.1,10.5,205.7,3.429,41.1,
2026-02-02,2026-02,WeighRight,,80060,ORG Hazelnut 11OZ Bag/6 Count Case - GA,Bag/Other,inferred,,yes,3.0,230,3.2,9.6,71.9,1.198,24.0,
2026-02-02,2026-02,WeighRight,,80060L,Org Hazelnut 11OZ Bag/Box of 24 - GA,Bag/Other,inferred,,yes,3.0,1200,2.08,6.24,576.9,9.615,192.3,
2026-02-02,2026-02,WeighRight,,80063,ORG Hazelnut 11OZ Bag 3PK  - GA,Bag/Other,inferred,,yes,3.0,128,0.44,1.32,290.9,4.848,97.0,
2026-02-02,2026-02,WeighRight,,80066A,Hazelnut 500g APG Bag - GA,APG,inferred,,yes,3.0,600,1.55,4.65,387.1,6.452,129.0,
2026-02-02,2026-02,WeighRight,,86010L,ORG Dark Chocolate 10 Oz Bag/Box of 24,Bag/Other,inferred,,yes,3.0,576,1.11,3.33,518.9,8.649,173.0,
2026-02-02,2026-02,WeighRight,,CleanGA,Clean + Gluten + Almond Tests,Bag/Other,inferred,,,3.0,0,0.37,1.11,,,,
2026-02-03,2026-02,AMS,handpack,10025,ORG Lavender 1LB Bag - 79523910025,Bag/Other,inferred,,yes,3.0,112,1.36,4.08,82.4,1.373,27.5,
2026-02-03,2026-02,AMS,handpack,10401A,AMZN-WWB-ORG Krishna Tulsi- 8OZ Bag,Bag/Other,inferred,,yes,3.0,768,8.31,24.93,92.4,1.54,30.8,
2026-02-03,2026-02,Assembly,,30013,Instant Miraculous Mushrooms C+5 135g Bag / 6 Count Case,Instant,inferred,,yes,1.0,27,1.16,1.16,23.3,0.388,23.3,
2026-02-03,2026-02,Assembly,,40001,Herbal Tea Sampler Box - 6 Count Case,Sampler,inferred,,yes,1.0,35,3.51,3.51,10.0,0.166,10.0,
2026-02-03,2026-02,Assembly,,40001A,AMZN Labeled Herbal Tea Sampler Box/Variety Pack,Bundle,inferred,,yes,1.0,756,10.1,10.1,74.9,1.248,74.9,
2026-02-03,2026-02,Assembly,,50097,Teeccino 30g Packet 10 Flavor Sampler,Sampler,governed,high,yes,1.0,71,1.55,1.55,45.8,0.763,45.8,
2026-02-03,2026-02,Assembly,,83223,ORG Dandelion Caramel Nut 10OZ Bag 3PK - A,Bag/Other,inferred,,yes,1.0,128,3.34,3.34,38.3,0.639,38.3,
2026-02-03,2026-02,Maisa 1,,42111,ORG French Vanilla 25CT Tea Bag - G,Tea,governed,high,yes,3.0,432,2.55,7.65,169.4,2.824,56.5,
2026-02-03,2026-02,Maisa 1,,43081,ORG Dandelion Mocha 25CT Tea Bag - A,Tea,governed,high,yes,3.0,651,4.11,12.33,158.4,2.64,52.8,
2026-02-03,2026-02,Maisa 1,,48004,WWB ORG French Chicory 25ct Tea Bag,Tea,inferred,,yes,3.0,225,1.38,4.14,163.0,2.717,54.3,
2026-02-03,2026-02,Maisa 1,,Clean,Standard Clean,Tea,inferred,,,3.0,0,0.44,1.32,,,,
2026-02-03,2026-02,Maisa 1,,CleanA,Clean + Almond Test,Tea,inferred,,,3.0,0,0.35,1.05,,,,
2026-02-03,2026-02,Maisa 2+3,,43221,ORG Dandelion Caramel Nut 25CT Tea Bag - A,Tea,governed,high,yes,5.0,1368,5.0,25.0,273.6,4.56,54.7,
2026-02-03,2026-02,Maisa 2+3,,45020,ORG Chaga Ashwagandha 10 Ct Tea Bag/6 Count Case,Tea,inferred,,yes,5.0,473,4.1,20.5,115.4,1.923,23.1,
2026-02-03,2026-02,Maisa 2+3,,CleanA,Clean + Almond Test,Tea,inferred,,,5.0,0,0.53,2.65,,,,
2026-02-03,2026-02,WeighRight,,10015,"ORG Schisandra, 1 lb Bag",Bag/Other,inferred,,yes,3.0,1232,2.35,7.05,524.3,8.738,174.8,
2026-02-03,2026-02,WeighRight,,10042,ORG Burdock 1 Lb Bag,Bag/Other,inferred,,yes,3.0,276,0.32,0.96,862.5,14.375,287.5,
2026-02-03,2026-02,WeighRight,,56010,Dark Chocolate 30g Trial Size Packet,Bag/Other,inferred,,yes,3.0,1080,2.2,6.6,490.9,8.182,163.6,
2026-02-03,2026-02,WeighRight,,86010,ORG Dark Chocolate 10 Oz Bag/6 Count Case,Bag/Other,inferred,,yes,3.0,120,1.44,4.32,83.3,1.389,27.8,
2026-02-03,2026-02,WeighRight,,86010L,ORG Dark Chocolate 10 Oz Bag/Box of 24,Bag/Other,inferred,,yes,3.0,864,1.26,3.78,685.7,11.429,228.6,
2026-02-03,2026-02,WeighRight,,Clean,Standard Clean,Bag/Other,inferred,,,3.0,0,0.4,1.2,,,,
2026-02-03,2026-02,WeighRight,,Clean,Standard Clean,Bag/Other,inferred,,,3.0,0,0.43,1.29,,,,
2026-02-04,2026-02,AMS,handpack,10401A,AMZN-WWB-ORG Krishna Tulsi- 8OZ Bag,Bag/Other,inferred,,yes,3.0,432,2.04,6.12,211.8,3.529,70.6,
2026-02-04,2026-02,AMS,handpack,30004,Instant Barley - 6 Oz Bag - G,Instant,inferred,,yes,3.0,600,4.07,12.21,147.4,2.457,49.1,
2026-02-04,2026-02,AMS,handpack,40066,Hazelnut Tagless Tea Bag - 50 Ct - GA,Tea,governed,high,yes,3.0,456,3.24,9.72,140.7,2.346,46.9,
2026-02-04,2026-02,Assembly,,40001,Herbal Tea Sampler Box - 6 Count Case,Sampler,inferred,,yes,1.0,50,10.15,10.15,4.9,0.082,4.9,
2026-02-04,2026-02,Assembly,,40001A,AMZN Labeled Herbal Tea Sampler Box/Variety Pack,Bundle,inferred,,yes,1.0,350,3.55,3.55,98.6,1.643,98.6,
2026-02-04,2026-02,Assembly,,43340L,Org Dandelion Coconut 10 Ct Tea Bag Loose - A,Tea,governed,high,yes,1.0,345,6.25,6.25,55.2,0.92,55.2,
2026-02-04,2026-02,Assembly,,50097,Teeccino 30g Packet 10 Flavor Sampler,Sampler,governed,high,yes,1.0,55,3.35,3.35,16.4,0.274,16.4,
2026-02-04,2026-02,Assembly,,TGB502,Chaga Ashwaganda Tea Goody Bag,Bag/Other,inferred,,yes,1.0,80,0.43,0.43,186.0,3.101,186.0,
2026-02-04,2026-02,Maisa 1,,40031,ORG Almond Amaretto 25CT Tea Bag - GA,Tea,governed,high,yes,3.0,456,3.13,9.39,145.7,2.428,48.6,
2026-02-04,2026-02,Maisa 1,,42111,ORG French Vanilla 25CT Tea Bag - G,Tea,governed,high,yes,3.0,200,0.59,1.77,339.0,5.65,113.0,
2026-02-04,2026-02,Maisa 1,,48002,WWB ORG Roasted Barley 25ct Tea Bag - G,Tea,inferred,,yes,3.0,549,4.33,12.99,126.8,2.113,42.3,
2026-02-04,2026-02,Maisa 1,,Clean,Standard Clean,Tea,inferred,,,3.0,0,0.4,1.2,,,,
2026-02-04,2026-02,Maisa 1,,Clean,Standard Clean,Tea,inferred,,,3.0,0,0.39,1.17,,,,
2026-02-04,2026-02,Maisa 2+3,,45020,ORG Chaga Ashwagandha 10 Ct Tea Bag/6 Count Case,Tea,inferred,,yes,5.0,907,8.4,42.0,108.0,1.8,21.6,
2026-02-04,2026-02,Maisa 2+3,,45020F,Chaga Ashwagandha Dual Language 10 cnt TB,Tea,inferred,,yes,5.0,184,1.21,6.05,152.1,2.534,30.4,
2026-02-04,2026-02,WeighRight,,10019,ORG Astragalus 8 Oz Bag,Bag/Other,inferred,,yes,3.0,1072,2.0,6.0,536.0,8.933,178.7,
2026-02-04,2026-02,WeighRight,,10042,ORG Burdock 1 Lb Bag,Bag/Other,inferred,,yes,3.0,1176,1.4,4.2,840.0,14.0,280.0,
2026-02-04,2026-02,WeighRight,,10043,"ORG Star Anise, 6Oz Bag",Bag/Other,inferred,,yes,3.0,1200,4.54,13.62,264.3,4.405,88.1,
2026-02-04,2026-02,WeighRight,,Clean,Standard Clean,Bag/Other,inferred,,,3.0,0,0.3,0.9,,,,
2026-02-04,2026-02,WeighRight,,Clean,Standard Clean,Bag/Other,inferred,,,3.0,0,0.45,1.35,,,,
2026-02-04,2026-02,WeighRight,,Clean,Standard Clean,Bag/Other,inferred,,,3.0,0,0.31,0.93,,,,
2026-02-05,2026-02,AMS,handpack,10071,AMZN - WWB - ORG Roasted Barley - 1 Lb - G,Bag/Other,inferred,,yes,3.0,720,4.34,13.02,165.9,2.765,55.3,
2026-02-05,2026-02,AMS,handpack,10201,WWB - ORG Peppermint Leaf - 4 Oz Bag,Bag/Other,inferred,,yes,3.0,561,4.11,12.33,136.5,2.275,45.5,
2026-02-05,2026-02,AMS,handpack,40066,Hazelnut Tagless Tea Bag - 50 Ct - GA,Tea,governed,high,yes,2.0,118,1.11,2.22,106.3,1.772,53.2,
2026-02-05,2026-02,Assembly,,40001A,AMZN Labeled Herbal Tea Sampler Box/Variety Pack,Bundle,inferred,,yes,1.0,190,3.55,3.55,53.5,0.892,53.5,
2026-02-05,2026-02,Assembly,,43340L,Org Dandelion Coconut 10 Ct Tea Bag Loose - A,Tea,governed,high,yes,1.0,87,3.55,3.55,24.5,0.408,24.5,
2026-02-05,2026-02,Assembly,,TGB030,,Bag/Other,inferred,,yes,1.0,1000,3.2,3.2,312.5,5.208,312.5,
2026-02-05,2026-02,Assembly,,TGB208,ORG Irish Cream Tea Bag Goody Bag - G,Tea,inferred,,yes,1.0,100,1.0,1.0,100.0,1.667,100.0,
2026-02-05,2026-02,Assembly,,TGB502,Chaga Ashwaganda Tea Goody Bag,Bag/Other,inferred,,yes,1.0,920,2.56,2.56,359.4,5.99,359.4,
2026-02-05,2026-02,Assembly,,TGB507,ORG Miraculous Mushroom AP Tea Bag Goody Bag,Tea,inferred,,yes,1.0,1000,3.21,3.21,311.5,5.192,311.5,
2026-02-05,2026-02,Maisa 1,,40031,ORG Almond Amaretto 25CT Tea Bag - GA,Tea,governed,high,yes,3.0,303,2.2,6.6,137.7,2.295,45.9,
2026-02-05,2026-02,Maisa 1,,42040,ORG Snickerdoodle 10ct/6pk Tea Bag - GA,Tea,inferred,,yes,3.0,401,6.58,19.74,60.9,1.016,20.3,
2026-02-05,2026-02,Maisa 1,,Clean,Standard Clean,Tea,inferred,,,3.0,0,0.38,1.14,,,,
2026-02-05,2026-02,Maisa 2+3,,45020F,Chaga Ashwagandha Dual Language 10 cnt TB,Tea,inferred,,yes,5.0,277,2.26,11.3,122.6,2.043,24.5,
2026-02-05,2026-02,Maisa 2+3,,45021,ORG Chaga Ashwagandha 25 Ct Tea Bag,Tea,governed,high,yes,5.0,1200,4.11,20.55,292.0,4.866,58.4,
2026-02-05,2026-02,Maisa 2+3,,45050,ORG Turkey Tail Astragalus 10 Ct Tea Bag/6 Count Case - G,Tea,inferred,,yes,5.0,230,1.4,7.0,164.3,2.738,32.9,
2026-02-05,2026-02,Maisa 2+3,,45051,ORG Turkey Tail Astragalus 25 Ct Tea Bag - G,Tea,governed,high,yes,5.0,216,1.04,5.2,207.7,3.462,41.5,
2026-02-05,2026-02,Maisa 2+3,,Clean,Standard Clean,Tea,inferred,,,5.0,0,0.4,2.0,,,,
2026-02-05,2026-02,Maisa 2+3,,Clean,Standard Clean,Tea,inferred,,,5.0,0,0.18,0.9,,,,
2026-02-05,2026-02,WeighRight,,55020,Chaga Ashwagandha 30g Trial Size Packet,Bag/Other,inferred,,yes,3.0,1080,1.41,4.23,766.0,12.766,255.3,
2026-02-05,2026-02,WeighRight,,63110,ORG Dandelion Dark Roast 5 Lb Bag,APG,governed,high,yes,3.0,80,1.1,3.3,72.7,1.212,24.2,
2026-02-05,2026-02,WeighRight,,85020,ORG Chaga Ashwagandha 10 Oz Bag/6 Count Case,Bag/Other,inferred,,yes,3.0,230,2.2,6.6,104.5,1.742,34.8,
2026-02-05,2026-02,WeighRight,,85020L,ORG Chaga Ashwagandha 10 Oz Bag/Box of 24,Bag/Other,inferred,,yes,3.0,1200,2.25,6.75,533.3,8.889,177.8,
2026-02-05,2026-02,WeighRight,,85023,ORG Chaga Ashwagandha 10OZ Bag 3PK ,Bag/Other,inferred,,yes,3.0,240,1.15,3.45,208.7,3.478,69.6,
2026-02-05,2026-02,WeighRight,,Clean,Standard Clean,Bag/Other,inferred,,,3.0,0,0.3,0.9,,,,
2026-02-06,2026-02,AMS,handpack,10013,"ORG Hibisicus, 8 Oz Bag",Bag/Other,inferred,,yes,3.0,720,5.17,15.51,139.3,2.321,46.4,
2026-02-06,2026-02,AMS,handpack,10044,AMZN- WWB-ORG Hibiscus - 1 Lb Bag,Bag/Other,inferred,,yes,3.0,240,5.08,15.24,47.2,0.787,15.7,
2026-02-06,2026-02,AMS,handpack,10071,AMZN - WWB - ORG Roasted Barley - 1 Lb - G,Bag/Other,inferred,,yes,3.0,480,2.41,7.23,199.2,3.32,66.4,
2026-02-06,2026-02,Assembly,,43001L,Dandelion Tea Sampler Box - Loose - G,Sampler,governed,high,yes,1.0,289,7.5,7.5,38.5,0.642,38.5,
2026-02-06,2026-02,Assembly,,TGB204,ORG Snickerdoodle Tea Bag Goody Bag - GA,Tea,inferred,,yes,1.0,1000,2.51,2.51,398.4,6.64,398.4,
2026-02-06,2026-02,Assembly,,TGB208,ORG Irish Cream Tea Bag Goody Bag - G,Tea,inferred,,yes,1.0,400,0.38,0.38,1052.6,17.544,1052.6,
2026-02-06,2026-02,Assembly,,TGB337,ORG Blueberry Vanilla Tea Bag Goody Bag,Tea,inferred,,yes,1.0,1000,4.46,4.46,224.2,3.737,224.2,
2026-02-06,2026-02,Maisa 1,,40010,ORG Vanilla Nut 10ct/6pk Tea Bag - GA,Tea,inferred,,yes,3.0,161,3.1,9.3,51.9,0.866,17.3,
2026-02-06,2026-02,Maisa 1,,42040,ORG Snickerdoodle 10ct/6pk Tea Bag - GA,Tea,inferred,,yes,3.0,59,0.51,1.53,115.7,1.928,38.6,
2026-02-06,2026-02,Maisa 1,,42040L,ORG Snickerdoodle 10ct Loose - GA,Tea,governed,high,yes,3.0,612,1.13,3.39,541.6,9.027,180.5,
2026-02-06,2026-02,Maisa 1,,42041,Snickerdoodle 25CT Tea Bag - GA,Tea,governed,high,yes,3.0,600,4.07,12.21,147.4,2.457,49.1,
2026-02-06,2026-02,Maisa 1,,Clean,Standard Clean,Tea,inferred,,,3.0,0,0.37,1.11,,,,
2026-02-06,2026-02,Maisa 2+3,,46010L,ORG Dark Chocolate 10 Ct Tea Bag/36 Count Box,Tea,governed,high,yes,5.0,1512,2.33,11.65,648.9,10.815,129.8,
2026-02-06,2026-02,Maisa 2+3,,46011,ORG Dark Chocolate 25 Ct Tea Bag,Tea,governed,high,yes,5.0,1670,5.5,27.5,303.6,5.061,60.7,
2026-02-06,2026-02,Maisa 2+3,,46013,ORG Dark Chocolate 25CT Tea Bag 3PK,Tea,inferred,,yes,5.0,160,1.26,6.3,127.0,2.116,25.4,
2026-02-06,2026-02,WeighRight,,10008,"Org Rooibos, 8 Oz Bag",Bag/Other,inferred,,yes,3.0,1152,2.29,6.87,503.1,8.384,167.7,
2026-02-06,2026-02,WeighRight,,10026,ORG Orange Peel 8 Oz Bag,Bag/Other,inferred,,yes,3.0,204,0.29,0.87,703.4,11.724,234.5,
2026-02-06,2026-02,WeighRight,,10039A,AMZN Roasted French Chicory 2 X 1 Lb Bag,Bag/Other,inferred,,yes,3.0,24,0.3,0.9,80.0,1.333,26.7,
2026-02-06,2026-02,WeighRight,,83110L,ORG Dandelion Dark Roast 10 oz Bag/Box of 24,APG,governed,high,yes,3.0,1440,3.25,9.75,443.1,7.385,147.7,
2026-02-06,2026-02,WeighRight,,83113,ORG Dandelion Dark Roast 10OZ Bag 3PK ,Bag/Other,inferred,,yes,3.0,240,1.3,3.9,184.6,3.077,61.5,
2026-02-06,2026-02,WeighRight,,Clean,Standard Clean,Bag/Other,inferred,,,3.0,0,0.3,0.9,,,,
2026-02-06,2026-02,WeighRight,,Clean,Standard Clean,Bag/Other,inferred,,,3.0,0,0.27,0.81,,,,
2026-02-06,2026-02,WeighRight,,Clean,Standard Clean,Bag/Other,inferred,,,3.0,0,0.45,1.35,,,,
2026-02-09,2026-02,AMS,handpack,10005A,WWB AMZN Organic Chia (1lb),Bag/Other,inferred,,yes,3.0,924,7.32,21.96,126.2,2.104,42.1,
2026-02-09,2026-02,AMS,handpack,10013,"ORG Hibisicus, 8 Oz Bag",Bag/Other,inferred,,yes,3.0,480,2.45,7.35,195.9,3.265,65.3,
2026-02-09,2026-02,Assembly,,30007,Instant Miraculous Mushrooms A&P 100g Bag / 6 Count Case,Instant,inferred,,yes,1.0,31,0.39,0.39,79.5,1.325,79.5,
2026-02-09,2026-02,Assembly,,43001L,Dandelion Tea Sampler Box - Loose - G,Sampler,governed,high,yes,1.0,352,10.15,10.15,34.7,0.578,34.7,
2026-02-09,2026-02,Maisa 1,,40010,ORG Vanilla Nut 10ct/6pk Tea Bag - GA,Tea,inferred,,yes,3.0,621,10.03,30.09,61.9,1.032,20.6,
2026-02-09,2026-02,Maisa 2+3,,40111,ORG French Roast 25CT Tea Bag - G,Tea,governed,high,yes,5.0,1098,3.59,17.95,305.8,5.097,61.2,
2026-02-09,2026-02,Maisa 2+3,,46010,ORG Dark Chocolate 10 Ct Tea Bag/6 Count Case,Tea,inferred,,yes,5.0,507,3.54,17.7,143.2,2.387,28.6,
2026-02-09,2026-02,Maisa 2+3,,46011,ORG Dark Chocolate 25 Ct Tea Bag,Tea,governed,high,yes,5.0,490,1.23,6.15,398.4,6.64,79.7,
2026-02-09,2026-02,Maisa 2+3,,Clean,Standard Clean,Tea,inferred,,,5.0,0,0.41,2.05,,,,
2026-02-09,2026-02,WeighRight,,10031,Roasted Chicory Root - 1 Lb Bag,Bag/Other,inferred,,yes,3.0,228,0.36,1.08,633.3,10.556,211.1,
2026-02-09,2026-02,WeighRight,,10031,Roasted Chicory Root - 1 Lb Bag,Bag/Other,inferred,,yes,3.0,1644,3.13,9.39,525.2,8.754,175.1,
2026-02-09,2026-02,WeighRight,,10031,Roasted Chicory Root - 1 Lb Bag,Bag/Other,inferred,,yes,3.0,1068,1.42,4.26,752.1,12.535,250.7,
2026-02-09,2026-02,WeighRight,,10039A,AMZN Roasted French Chicory 2 X 1 Lb Bag,Bag/Other,inferred,,yes,3.0,1020,4.26,12.78,239.4,3.991,79.8,
2026-02-10,2026-02,AMS,handpack,10001A,Sage 2 Oz Bags AMZN,Bag/Other,inferred,,yes,3.0,655,5.52,16.56,118.7,1.978,39.6,
2026-02-10,2026-02,AMS,handpack,10005A,WWB AMZN Organic Chia (1lb),Bag/Other,inferred,,yes,3.0,152,1.05,3.15,144.8,2.413,48.3,
2026-02-10,2026-02,AMS,handpack,10012,"ORG Lemon Grass, 7 Oz Bag",Bag/Other,inferred,,yes,3.0,330,3.39,10.17,97.3,1.622,32.4,
2026-02-10,2026-02,Assembly,,43001L,Dandelion Tea Sampler Box - Loose - G,Sampler,governed,high,yes,1.0,352,10.18,10.18,34.6,0.576,34.6,
2026-02-10,2026-02,Assembly,,46011,ORG Dark Chocolate 25 Ct Tea Bag,Tea,governed,high,,1.0,49,,,,,,
2026-02-10,2026-02,Assembly,,TGB060,ORG Hazelnut Tea Bag Goody Bag - GA,Tea,inferred,,,1.0,250,,,,,,
2026-02-10,2026-02,Assembly,,TGB110,ORG French Roast Tea Bag Goody Bag - G,Tea,inferred,,,1.0,25,,,,,,
2026-02-10,2026-02,Assembly,,TGB311,ORG Dandelion Dark Roast Tea Bag Goody Bag,Tea,inferred,,,1.0,300,,,,,,
2026-02-10,2026-02,Assembly,,TGB322,Dandelion Caramel Nut Tea Bag Goody Bag - A,Tea,inferred,,,1.0,200,,,,,,
2026-02-10,2026-02,Assembly,,TGB502,Chaga Ashwaganda Tea Goody Bag,Bag/Other,inferred,,,1.0,225,,,,,,
2026-02-10,2026-02,Assembly,,TGB503,Lion's Mane Rhodiola Tea Goody Bag - G,Bag/Other,inferred,,,1.0,125,,,,,,
2026-02-10,2026-02,Assembly,,TGB601,ORG Dark Chocolate Tea Bag Goody Bag,Tea,inferred,,,1.0,375,,,,,,
2026-02-10,2026-02,Maisa 1,,40010,ORG Vanilla Nut 10ct/6pk Tea Bag - GA,Tea,inferred,,yes,3.0,759,8.45,25.35,89.8,1.497,29.9,
2026-02-10,2026-02,Maisa 1,,40010A,AMZN Org Vanilla Nut 10 Ct Tea Bag Loose - GA,Tea,inferred,,yes,3.0,180,0.37,1.11,486.5,8.108,162.2,
2026-02-10,2026-02,Maisa 1,,TB010,ORG Vanilla Nut Tea Bag Loose - GA,Tea,inferred,,yes,3.0,2000,0.37,1.11,5405.4,90.09,1801.8,
2026-02-10,2026-02,Maisa 2+3,,40111,ORG French Roast 25CT Tea Bag - G,Tea,governed,high,yes,5.0,294,1.05,5.25,280.0,4.667,56.0,
2026-02-10,2026-02,Maisa 2+3,,40130,ORG Maca Chocolate 10ct/6pk Tea Bag - G,Tea,inferred,,yes,5.0,357,3.05,15.25,117.0,1.951,23.4,
2026-02-10,2026-02,Maisa 2+3,,40131,ORG Mexican Chocolate 25CT Tea Bag - G,Tea,governed,high,yes,5.0,720,2.55,12.75,282.4,4.706,56.5,
2026-02-10,2026-02,Maisa 2+3,,Clean,Standard Clean,Tea,inferred,,,5.0,0,0.36,1.8,,,,
2026-02-10,2026-02,Maisa 2+3,,Clean,Standard Clean,Tea,inferred,,,5.0,0,0.44,2.2,,,,
2026-02-10,2026-02,Maisa 2+3,,TB110,ORG French Roast Tea Bag Loose - G,Tea,inferred,,yes,4.0,12000,1.35,5.4,8888.9,148.148,2222.2,
2026-02-10,2026-02,WeighRight,,10031,Roasted Chicory Root - 1 Lb Bag,Bag/Other,inferred,,yes,3.0,156,0.17,0.51,917.6,15.294,305.9,
2026-02-10,2026-02,WeighRight,,10031,Roasted Chicory Root - 1 Lb Bag,Bag/Other,inferred,,yes,3.0,1332,2.39,7.17,557.3,9.289,185.8,
2026-02-10,2026-02,WeighRight,,10031,Roasted Chicory Root - 1 Lb Bag,Bag/Other,inferred,,yes,3.0,612,0.53,1.59,1154.7,19.245,384.9,
2026-02-10,2026-02,WeighRight,,10035,Chicory 5 Lb Bag,Bag/Other,inferred,,yes,3.0,420,2.43,7.29,172.8,2.881,57.6,
2026-02-10,2026-02,WeighRight,,80110,ORG French Roast 11OZ Bag/6 Count Case - G,Bag/Other,inferred,,yes,3.0,184,2.55,7.65,72.2,1.203,24.1,
2026-02-10,2026-02,WeighRight,,Clean,Standard Clean,Bag/Other,inferred,,,3.0,0,0.37,1.11,,,,
2026-02-11,2026-02,AMS,handpack,10012,"ORG Lemon Grass, 7 Oz Bag",Bag/Other,inferred,,yes,3.0,1290,8.29,24.87,155.6,2.593,51.9,
2026-02-11,2026-02,AMS,handpack,30007,Instant Miraculous Mushrooms A&P 100g Bag / 6 Count Case,Instant,inferred,,yes,3.0,20,1.2,3.6,16.7,0.278,5.6,
2026-02-11,2026-02,Assembly,,30007,Instant Miraculous Mushrooms A&P 100g Bag / 6 Count Case,Instant,inferred,,,1.0,5,,,,,,
2026-02-11,2026-02,Assembly,,43001L,Dandelion Tea Sampler Box - Loose - G,Sampler,governed,high,yes,1.0,351,10.18,10.18,34.5,0.575,34.5,
2026-02-11,2026-02,Assembly,,46011,ORG Dark Chocolate 25 Ct Tea Bag,Tea,governed,high,,1.0,100,,,,,,
2026-02-11,2026-02,Assembly,,49999,Teeccino Herbal Tea Shipper,Bag/Other,inferred,,,1.0,1,,,,,,
2026-02-11,2026-02,Assembly,,TGB010,ORG Vanilla Nut Tea Bag Goody Bag - GA,Tea,inferred,,,1.0,200,,,,,,
2026-02-11,2026-02,Maisa 1,,NTB0010,Vanilla Nut Tagless 6g Tea Bag - GA,Tea,inferred,,yes,3.0,37200,8.54,25.62,4356.0,72.6,1452.0,
2026-02-11,2026-02,Maisa 1,,TB010,ORG Vanilla Nut Tea Bag Loose - GA,Tea,inferred,,yes,3.0,5500,0.33,0.99,16666.7,277.778,5555.6,
2026-02-11,2026-02,Maisa 2+3,,40130,ORG Maca Chocolate 10ct/6pk Tea Bag - G,Tea,inferred,,yes,5.0,333,2.1,10.5,158.6,2.643,31.7,
2026-02-11,2026-02,Maisa 2+3,,40130L,Org Maca Chocolate 10 Ct Tea Bag Loose - G,Tea,governed,high,yes,5.0,792,0.51,2.55,1552.9,25.882,310.6,
2026-02-11,2026-02,Maisa 2+3,,40132,ORG Maca Chocolate 25CT Tea Bag - G,Tea,governed,high,yes,5.0,600,1.47,7.35,408.2,6.803,81.6,
2026-02-11,2026-02,Maisa 2+3,,40132F,ORG Maca Chocolate DL 25CT Tea Bag AMZN (24pk) - G,Tea,inferred,,yes,5.0,240,0.43,2.15,558.1,9.302,111.6,
2026-02-11,2026-02,Maisa 2+3,,45010,ORG Reishi Eleuthero 10 Ct Tea Bag/6 Count Case - G,Tea,inferred,,yes,5.0,150,1.0,5.0,150.0,2.5,30.0,
2026-02-11,2026-02,Maisa 2+3,,Clean,Standard Clean,Tea,inferred,,,5.0,0,0.35,1.75,,,,
2026-02-11,2026-02,Maisa 2+3,,TB130,ORG Maca Chocolate Tea Bag - G,Tea,inferred,,yes,4.0,18000,2.56,10.24,7031.2,117.188,1757.8,
2026-02-11,2026-02,WeighRight,,80110,ORG French Roast 11OZ Bag/6 Count Case - G,Bag/Other,inferred,,yes,3.0,276,3.34,10.02,82.6,1.377,27.5,
2026-02-11,2026-02,WeighRight,,80110A,AMZN Org French Roast 11OZ Bag/Box of 24 - G,Bag/Other,inferred,,yes,3.0,1200,2.58,7.74,465.1,7.752,155.0,
2026-02-11,2026-02,WeighRight,,80113,ORG French Roast 11OZ Bag 3PK - G,Bag/Other,inferred,,yes,3.0,368,1.59,4.77,231.4,3.857,77.1,
2026-02-11,2026-02,WeighRight,,80116A,French Roast 500g APG Bag - G,APG,inferred,,yes,3.0,108,0.11,0.33,981.8,16.364,327.3,
2026-02-11,2026-02,WeighRight,,80116A,French Roast 500g APG Bag - G,APG,inferred,,yes,3.0,564,1.15,3.45,490.4,8.174,163.5,
2026-02-12,2026-02,AMS,handpack,30007,Instant Miraculous Mushrooms A&P 100g Bag / 6 Count Case,Instant,inferred,,yes,3.0,80,2.52,7.56,31.7,0.529,10.6,
2026-02-12,2026-02,AMS,handpack,30007L,ORG Instant Miraculous Mushrooms AP 100g Bag,Instant,governed,high,yes,3.0,737,3.35,10.05,220.0,3.667,73.3,
2026-02-12,2026-02,AMS,handpack,30009L,ORG Instant Vanilla Nut 100g Bag - G,Instant,governed,high,,3.0,0,0.48,1.44,,,,
2026-02-12,2026-02,AMS,handpack,40016,Vanilla Nut Tagless Tea Bag - 50 Ct - GA,Tea,governed,high,yes,2.0,591,9.1,18.2,64.9,1.082,32.5,
2026-02-12,2026-02,Assembly,,40001,Herbal Tea Sampler Box - 6 Count Case,Sampler,inferred,,yes,1.0,41,7.55,7.55,5.4,0.091,5.4,
2026-02-12,2026-02,Assembly,,43001L,Dandelion Tea Sampler Box - Loose - G,Sampler,governed,high,yes,1.0,225,10.18,10.18,22.1,0.368,22.1,
2026-02-12,2026-02,Assembly,,46011,ORG Dark Chocolate 25 Ct Tea Bag,Tea,governed,high,,1.0,100,,,,,,
2026-02-12,2026-02,Assembly,,GDB060,ORG Hazelnut Packet Goody Bag - GA,Bag/Other,inferred,,,1.0,25,,,,,,
2026-02-12,2026-02,Assembly,,GDB070,ORG Java Packet Goody Bag - GA,Bag/Other,inferred,,,1.0,25,,,,,,
2026-02-12,2026-02,Assembly,,TGB311,ORG Dandelion Dark Roast Tea Bag Goody Bag,Tea,inferred,,,1.0,25,,,,,,
2026-02-12,2026-02,Assembly,,TGB322,Dandelion Caramel Nut Tea Bag Goody Bag - A,Tea,inferred,,,1.0,25,,,,,,
2026-02-12,2026-02,Assembly,,TGB337,ORG Blueberry Vanilla Tea Bag Goody Bag,Tea,inferred,,,1.0,25,,,,,,
2026-02-12,2026-02,Assembly,,TGB502,Chaga Ashwaganda Tea Goody Bag,Bag/Other,inferred,,,1.0,25,,,,,,
2026-02-12,2026-02,Assembly,,TGB601,ORG Dark Chocolate Tea Bag Goody Bag,Tea,inferred,,,1.0,25,,,,,,
2026-02-12,2026-02,Maisa 1,,40061,ORG Hazelnut 25CT Tea Bag - GA,Tea,governed,high,yes,3.0,768,4.39,13.17,174.9,2.916,58.3,
2026-02-12,2026-02,Maisa 1,,Clean,Standard Clean,Tea,inferred,,,3.0,0,0.44,1.32,,,,
2026-02-12,2026-02,Maisa 1,,TB010,ORG Vanilla Nut Tea Bag Loose - GA,Tea,inferred,,yes,3.0,14500,4.25,12.75,3411.8,56.863,1137.3,
2026-02-12,2026-02,Maisa 2+3,,45010,ORG Reishi Eleuthero 10 Ct Tea Bag/6 Count Case - G,Tea,inferred,,yes,5.0,80,1.14,5.7,70.2,1.17,14.0,
2026-02-12,2026-02,Maisa 2+3,,45011,ORG Reishi Eleuthero 25 Ct Tea Bag - G,Tea,governed,high,yes,3.0,432,3.0,9.0,144.0,2.4,48.0,
2026-02-12,2026-02,Maisa 2+3,,Clean,Standard Clean,Tea,inferred,,,5.0,0,0.24,1.2,,,,
2026-02-12,2026-02,Maisa 2+3,,TB501,ORG Reishi Eleuthero Loose Tea Bag - G,Tea,inferred,,yes,2.0,12000,3.44,6.88,3488.4,58.14,1744.2,
2026-02-12,2026-02,Maisa 2+3,,TB503,ORG Lion's Mane Rhodiola Loose Tea Bag - G,Tea,inferred,,yes,4.0,3500,13.09,52.36,267.4,4.456,66.8,
2026-02-12,2026-02,WeighRight,,60110,ORG French Roast 5 Lb Bag - G,Bag/Other,inferred,,yes,3.0,120,0.52,1.56,230.8,3.846,76.9,
2026-02-12,2026-02,WeighRight,,60130,ORG MACA Chocolate 5 Lb Bag - G,Bag/Other,inferred,,yes,3.0,20,0.15,0.45,133.3,2.222,44.4,
2026-02-12,2026-02,WeighRight,,65010,ORG Reishi Eleuthero 5 Lb Bag - G,APG,governed,high,yes,3.0,20,0.09,0.27,222.2,3.704,74.1,
2026-02-12,2026-02,WeighRight,,80070,ORG Java 11OZ Bag/6 Count Case - GA,Bag/Other,inferred,,yes,3.0,120,13.17,39.51,9.1,0.152,3.0,
2026-02-12,2026-02,WeighRight,,80070A,AMZN Org Java 11OZ Bag/Box of 24 - GA,Bag/Other,inferred,,yes,3.0,1200,2.05,6.15,585.4,9.756,195.1,
2026-02-12,2026-02,WeighRight,,80073,ORG Java 11OZ Bag 3PK - GA,Bag/Other,inferred,,yes,3.0,96,12.4,37.2,7.7,0.129,2.6,
2026-02-12,2026-02,WeighRight,,80130L,Org Maca Chocoate 11oz Bag/Box of 24 - G,Bag/Other,inferred,,yes,3.0,600,1.05,3.15,571.4,9.524,190.5,
2026-02-12,2026-02,WeighRight,,80133,ORG MACA Chocolate 11OZ Bag 3PK - G,Bag/Other,inferred,,yes,3.0,160,0.58,1.74,275.9,4.598,92.0,
2026-02-12,2026-02,WeighRight,,85010L,ORG Reishi Eleuthero 10 Oz Bag/Box of 24 - G,APG,governed,high,yes,3.0,432,1.02,3.06,423.5,7.059,141.2,
2026-02-12,2026-02,WeighRight,,Clean,Standard Clean,Bag/Other,inferred,,,3.0,0,0.28,0.84,,,,
2026-02-12,2026-02,WeighRight,,Clean,Standard Clean,Bag/Other,inferred,,,3.0,0,0.21,0.63,,,,
2026-02-12,2026-02,WeighRight,,Clean,Standard Clean,Bag/Other,inferred,,,3.0,0,0.22,0.66,,,,
2026-02-13,2026-02,AMS,handpack,30009L,ORG Instant Vanilla Nut 100g Bag - G,Instant,governed,high,,3.0,0,5.27,15.81,,,,
2026-02-13,2026-02,AMS,handpack,30011,Instant Mocha 100g Bag / 6 Count Case - G,Instant,inferred,,yes,3.0,60,1.28,3.84,46.9,0.781,15.6,
2026-02-13,2026-02,AMS,machine(Amy),30011L,ORG Instant Mocha 100g Bag - G,Instant,inferred,,yes,6.0,855,2.36,14.16,362.3,6.038,60.4,
2026-02-13,2026-02,AMS,handpack,31009,ORG Instant Vanilla Nut Latte 6Ct Case,Instant,inferred,,yes,3.0,7,0.17,0.51,41.2,0.686,13.7,
2026-02-13,2026-02,AMS,handpack,31011,ORG Instant Mocha Latte 6Ct Case,Instant,inferred,,yes,3.0,70,2.46,7.38,28.5,0.474,9.5,
2026-02-13,2026-02,Assembly,,40001,Herbal Tea Sampler Box - 6 Count Case,Sampler,inferred,,yes,1.0,46,8.2,8.2,5.6,0.093,5.6,
2026-02-13,2026-02,Assembly,,40001,Herbal Tea Sampler Box - 6 Count Case,Sampler,inferred,,yes,5.0,144,1.55,7.75,92.9,1.548,18.6,
2026-02-13,2026-02,Assembly,,43001L,Dandelion Tea Sampler Box - Loose - G,Sampler,governed,high,yes,2.0,321,8.23,16.46,39.0,0.65,19.5,
2026-02-13,2026-02,Assembly,,43001L,Dandelion Tea Sampler Box - Loose - G,Sampler,governed,high,yes,2.0,300,10.23,20.46,29.3,0.489,14.7,
2026-02-13,2026-02,Assembly,,CLBOXAPG,Teeccino Chocolate Lovers APG Box,Bundle,governed,high,yes,1.0,10,0.15,0.15,66.7,1.111,66.7,
2026-02-13,2026-02,Assembly,,CLBOXTB,,Bundle,governed,high,yes,1.0,10,0.15,0.15,66.7,1.111,66.7,
2026-02-13,2026-02,Maisa 1,,40060,ORG Hazelnut 10ct/6pk Tea Bag - GA,Tea,inferred,,yes,3.0,309,4.47,13.41,69.1,1.152,23.0,
2026-02-13,2026-02,Maisa 1,,40060A,AMZN Org Hazelnut 10 Ct Tea Bag Loose - GA,Tea,inferred,,yes,3.0,1008,2.25,6.75,448.0,7.467,149.3,
2026-02-13,2026-02,Maisa 1,,40061,ORG Hazelnut 25CT Tea Bag - GA,Tea,governed,high,yes,3.0,432,2.53,7.59,170.8,2.846,56.9,
2026-02-13,2026-02,Maisa 2+3,,45030,ORG Lion's Mane Rhodiola 10 Ct Tea Bag/6 Count Case - G,Tea,inferred,,yes,5.0,278,1.54,7.7,180.5,3.009,36.1,
2026-02-13,2026-02,Maisa 2+3,,45030F,Lion's Mane Rhodiola Dual Language 10 cnt TB - G,Tea,inferred,,yes,5.0,460,4.19,20.95,109.8,1.83,22.0,
2026-02-13,2026-02,Maisa 2+3,,47010,75147 TJ ORG Roasted Herbal Cofee (12 Pack) - G,Tea,inferred,,yes,5.0,115,1.01,5.05,113.9,1.898,22.8,
2026-02-13,2026-02,Maisa 2+3,,Clean,Standard Clean,Tea,inferred,,,5.0,0,0.51,2.55,,,,
2026-02-13,2026-02,Maisa 2+3,,TB503,ORG Lion's Mane Rhodiola Loose Tea Bag - G,Tea,inferred,,yes,4.0,18500,2.01,8.04,9204.0,153.4,2301.0,
2026-02-13,2026-02,WeighRight,,80070L,Org Java 11OZ Bag/Box of 24 - GA,Bag/Other,inferred,,yes,3.0,28,0.1,0.3,280.0,4.667,93.3,
2026-02-13,2026-02,WeighRight,,80073,ORG Java 11OZ Bag 3PK - GA,Bag/Other,inferred,,yes,3.0,304,1.51,4.53,201.3,3.355,67.1,
2026-02-13,2026-02,WeighRight,,Clean,Standard Clean,Bag/Other,inferred,,,3.0,0,0.29,0.87,,,,
2026-02-17,2026-02,AMS,handpack,10021A,AMZN - WWB - Date Sugar - 1 Lb,Bag/Other,inferred,,yes,3.0,336,1.3,3.9,258.5,4.308,86.2,
2026-02-17,2026-02,AMS,handpack,10061A,AMZN - WWB - ORG Date Sugar - 1 Lb,Bag/Other,inferred,,yes,3.0,408,5.17,15.51,78.9,1.315,26.3,
2026-02-17,2026-02,AMS,handpack,31007L,ORG Instant Miraculous Mushrooms AP Latte 224g Bag,Instant,governed,high,yes,3.0,331,2.44,7.32,135.7,2.261,45.2,
2026-02-17,2026-02,AMS,handpack,31009,ORG Instant Vanilla Nut Latte 6Ct Case,Instant,inferred,,yes,3.0,57,2.27,6.81,25.1,0.419,8.4,
2026-02-17,2026-02,AMS,handpack,31011,ORG Instant Mocha Latte 6Ct Case,Instant,inferred,,yes,3.0,30,0.56,1.68,53.6,0.893,17.9,
2026-02-17,2026-02,AMS,handpack,31011L,ORG Instant Mocha Latte 224g Bag,Instant,inferred,,yes,3.0,705,3.36,10.08,209.8,3.497,69.9,
2026-02-17,2026-02,AMS,handpack,40016,Vanilla Nut Tagless Tea Bag - 50 Ct - GA,Tea,governed,high,yes,2.0,180,2.3,4.6,78.3,1.304,39.1,
2026-02-17,2026-02,Assembly,,40030L,ORG Almond Amaretto 10ct Tea Bag Individual Unit- GA,Tea,governed,high,yes,1.0,288,8.45,8.45,34.1,0.568,34.1,
2026-02-17,2026-02,Assembly,,49999,Teeccino Herbal Tea Shipper,Bag/Other,inferred,,,1.0,2,,,,,,
2026-02-17,2026-02,Assembly,,90002,,Bundle,governed,high,yes,1.0,10,0.3,0.3,33.3,0.556,33.3,
2026-02-17,2026-02,Assembly,,90003,,Bundle,governed,high,yes,1.0,10,0.3,0.3,33.3,0.556,33.3,
2026-02-17,2026-02,Maisa 1,,40060,ORG Hazelnut 10ct/6pk Tea Bag - GA,Tea,inferred,,yes,3.0,151,2.13,6.39,70.9,1.182,23.6,
2026-02-17,2026-02,Maisa 1,,43011,ORG Dandelion Vanilla Nut 25CT Tea Bag - A,Tea,governed,high,yes,3.0,624,5.56,16.68,112.2,1.871,37.4,
2026-02-17,2026-02,Maisa 1,,43341,Dandelion Coconut 25 Count Tea Bag - A,Tea,governed,high,yes,3.0,264,1.53,4.59,172.5,2.876,57.5,
2026-02-17,2026-02,Maisa 1,,CLEAN,Standard Clean,Tea,inferred,,,3.0,0,0.3,0.9,,,,
2026-02-17,2026-02,Maisa 1,,CleanG,Clean + Gluten Test,Tea,inferred,,,3.0,0,0.42,1.26,,,,
2026-02-17,2026-02,Maisa 1,,TB301,ORG Dandelion Vanilla Nut Tea Bag - A,Tea,inferred,,yes,3.0,2570,0.46,1.38,5587.0,93.116,1862.3,
2026-02-17,2026-02,Maisa 2+3,,47010,75147 TJ ORG Roasted Herbal Cofee (12 Pack) - G,Tea,inferred,,yes,5.0,649,11.59,57.95,56.0,0.933,11.2,
2026-02-17,2026-02,WeighRight,,60010,ORG Vanilla Nut 5 Lb Bag - GA,Bag/Other,inferred,,yes,3.0,56,0.35,1.05,160.0,2.667,53.3,
2026-02-17,2026-02,WeighRight,,80010,ORG Vanilla Nut 11oz Bag/6 Count Case - GA,Bag/Other,inferred,,yes,3.0,230,2.47,7.41,93.1,1.552,31.0,
2026-02-17,2026-02,WeighRight,,80010L,Org Vanilla Nut 11OZ Bag/Box of 24 - GA,Bag/Other,inferred,,yes,3.0,50,2.33,6.99,21.5,0.358,7.2,
2026-02-18,2026-02,AMS,handpack,10061A,AMZN - WWB - ORG Date Sugar - 1 Lb,Bag/Other,inferred,,yes,3.0,192,1.05,3.15,182.9,3.048,61.0,
2026-02-18,2026-02,AMS,handpack,10104,WWB - ORG Dark Roasted Carob Flour - 1 Lb Bag,Bag/Other,inferred,,yes,3.0,192,15.4,46.2,12.5,0.208,4.2,
2026-02-18,2026-02,AMS,handpack,10402A,AMZN- WWB-ORG Rama Tulsi - 8 OZ Bag,Bag/Other,inferred,,yes,3.0,960,6.4,19.2,150.0,2.5,50.0,
2026-02-18,2026-02,Assembly,,30008,Instant French Roast 100g Bag / 6 Count Case - G,Instant,inferred,,yes,1.0,5,0.04,0.04,125.0,2.083,125.0,
2026-02-18,2026-02,Assembly,,40001L,Herbal Tea Sampler Box - Loose,Sampler,governed,high,yes,1.0,144,5.47,5.47,26.3,0.439,26.3,
2026-02-18,2026-02,Assembly,,43001,Dandelion Tea Sampler Box - 6 Count Case,Sampler,inferred,,yes,1.0,20,10.25,10.25,2.0,0.033,2.0,
2026-02-18,2026-02,Assembly,,45001L,Mushroom Adapt Tea Bag Sampler Box,Sampler,governed,high,yes,2.0,153,2.5,5.0,61.2,1.02,30.6,
2026-02-18,2026-02,Maisa 1,,43341,Dandelion Coconut 25 Count Tea Bag - A,Tea,governed,high,yes,3.0,936,5.19,15.57,180.3,3.006,60.1,
2026-02-18,2026-02,Maisa 1,,47010,75147 TJ ORG Roasted Herbal Cofee (12 Pack) - G,Tea,inferred,,yes,3.0,177,5.57,16.71,31.8,0.53,10.6,
2026-02-18,2026-02,Maisa 1,,CleanA,Clean + Almond Test,Tea,inferred,,,3.0,0,0.46,1.38,,,,
2026-02-18,2026-02,Maisa 2+3,,47010,75147 TJ ORG Roasted Herbal Cofee (12 Pack) - G,Tea,inferred,,yes,5.0,70,0.59,2.95,118.6,1.977,23.7,
2026-02-18,2026-02,Maisa 2+3,,47010,75147 TJ ORG Roasted Herbal Cofee (12 Pack) - G,Tea,inferred,,yes,5.0,754,11.01,55.05,68.5,1.141,13.7,
2026-02-18,2026-02,WeighRight,,20061,ORG Hazelnut 300G Dual Language Bag - 6Ct Case - GA,Bag/Other,inferred,,yes,3.0,180,2.03,6.09,88.7,1.478,29.6,
2026-02-18,2026-02,WeighRight,,50010,ORG Vanilla Nut 30g Trial Size Packet - GA,Bag/Other,inferred,,yes,3.0,1080,1.42,4.26,760.6,12.676,253.5,
2026-02-18,2026-02,WeighRight,,50060,ORG Hazelnut 30g Trial Size Packet - GA,Bag/Other,inferred,,yes,3.0,1440,2.5,7.5,576.0,9.6,192.0,
2026-02-18,2026-02,WeighRight,,60010,ORG Vanilla Nut 5 Lb Bag - GA,Bag/Other,inferred,,yes,3.0,24,0.12,0.36,200.0,3.333,66.7,
2026-02-18,2026-02,WeighRight,,80060,ORG Hazelnut 11OZ Bag/6 Count Case - GA,Bag/Other,inferred,,,3.0,0,0.18,0.54,,,,
2026-02-18,2026-02,WeighRight,,80063,ORG Hazelnut 11OZ Bag 3PK  - GA,Bag/Other,inferred,,yes,3.0,352,2.44,7.32,144.3,2.404,48.1,
2026-02-18,2026-02,WeighRight,,85070L,ORG Miraculous Mushrooms A&P 10oz Bag/Box of 24,Bag/Other,inferred,,yes,3.0,624,1.03,3.09,605.8,10.097,201.9,
2026-02-18,2026-02,WeighRight,,Clean,Standard Clean,Bag/Other,inferred,,,3.0,0,0.25,0.75,,,,
2026-02-18,2026-02,WeighRight,,CleanGA,Clean + Gluten + Almond Tests,Bag/Other,inferred,,,3.0,0,0.5,1.5,,,,
2026-02-19,2026-02,AMS,handpack,10071,AMZN - WWB - ORG Roasted Barley - 1 Lb - G,Bag/Other,inferred,,yes,3.0,948,6.4,19.2,148.1,2.469,49.4,
2026-02-19,2026-02,AMS,handpack,10104,WWB - ORG Dark Roasted Carob Flour - 1 Lb Bag,Bag/Other,inferred,,yes,3.0,572,4.11,12.33,139.2,2.32,46.4,
2026-02-19,2026-02,Assembly,,40001L,Herbal Tea Sampler Box - Loose,Sampler,governed,high,yes,1.0,132,1.1,1.1,120.0,2.0,120.0,
2026-02-19,2026-02,Assembly,,43001,Dandelion Tea Sampler Box - 6 Count Case,Sampler,inferred,,yes,1.0,50,10.49,10.49,4.8,0.079,4.8,
2026-02-19,2026-02,Assembly,,45001L,Mushroom Adapt Tea Bag Sampler Box,Sampler,governed,high,yes,2.0,345,12.1,24.2,28.5,0.475,14.3,
2026-02-19,2026-02,Assembly,,45022,Chaga Ashwaganda TB Demo Tray,Tea,inferred,,yes,1.0,5,0.09,0.09,55.6,0.926,55.6,
2026-02-19,2026-02,Assembly,,45032,ORG Lion's Mane Rhodiola Tea Bag Demo Tray - G,Tea,inferred,,yes,1.0,5,0.18,0.18,27.8,0.463,27.8,
2026-02-19,2026-02,Assembly,,45052,Turkey Tail Astragalus TB Demo Tray - G,Tea,inferred,,yes,1.0,5,0.05,0.05,100.0,1.667,100.0,
2026-02-19,2026-02,Assembly,,50091,Teeccino Nut Flavor Sampler,Sampler,governed,high,yes,1.0,100,4.2,4.2,23.8,0.397,23.8,
2026-02-19,2026-02,Assembly,,50091,Teeccino Nut Flavor Sampler,Sampler,governed,high,yes,1.0,100,5.4,5.4,18.5,0.309,18.5,
2026-02-19,2026-02,Maisa 1,,47010,75147 TJ ORG Roasted Herbal Cofee (12 Pack) - G,Tea,inferred,,yes,3.0,249,8.48,25.44,29.4,0.489,9.8,
2026-02-19,2026-02,Maisa 1,,Clean,Standard Clean,Tea,inferred,,,3.0,0,1.02,3.06,,,,
2026-02-19,2026-02,Maisa 1,,TB505,ORG Turkey Tail Astragalus Loose Tea Bag - G,Tea,inferred,,yes,3.0,2500,0.55,1.65,4545.5,75.758,1515.2,
2026-02-19,2026-02,Maisa 2+3,,47010,75147 TJ ORG Roasted Herbal Cofee (12 Pack) - G,Tea,inferred,,yes,5.0,744,10.57,52.85,70.4,1.173,14.1,
2026-02-19,2026-02,Maisa 2+3,,Clean,Standard Clean,Tea,inferred,,,5.0,0,1.21,6.05,,,,
2026-02-19,2026-02,WeighRight,,80060,ORG Hazelnut 11OZ Bag/6 Count Case - GA,Bag/Other,inferred,,,3.0,0,20.45,61.35,,,,
2026-02-19,2026-02,WeighRight,,80080,ORG Mocha 11OZ Bag/6 Count Case - GA,Bag/Other,inferred,,yes,3.0,168,1.48,4.44,113.5,1.892,37.8,
2026-02-19,2026-02,WeighRight,,80083,ORG Mocha 11OZ Bag 3PK  - GA,Bag/Other,inferred,,yes,3.0,160,1.15,3.45,139.1,2.319,46.4,
2026-02-19,2026-02,WeighRight,,82060L,ORG Maple Pecan 11OZ Bag/Box of 24 - GA,Bag/Other,inferred,,yes,3.0,621,0.58,1.74,1070.7,17.845,356.9,
2026-02-19,2026-02,WeighRight,,Clean,Standard Clean,Bag/Other,inferred,,,3.0,0,0.45,1.35,,,,
2026-02-19,2026-02,WeighRight,,Clean,Standard Clean,Bag/Other,inferred,,,3.0,0,9.12,27.36,,,,
2026-02-23,2026-02,AMS,machine(Amy),10006A,WWB AMZN Organic Lemon Balm (6 Oz) ,Bag/Other,inferred,,yes,4.0,180,1.22,4.88,147.5,2.459,36.9,
2026-02-23,2026-02,AMS,handpack,10013,"ORG Hibisicus, 8 Oz Bag",Bag/Other,inferred,,yes,3.0,168,2.54,7.62,66.1,1.102,22.0,
2026-02-23,2026-02,AMS,handpack,10016,Organic Turmeric Powder - 1 Lb Bag,Bag/Other,inferred,,yes,3.0,480,4.11,12.33,116.8,1.946,38.9,
2026-02-23,2026-02,AMS,handpack,10071,AMZN - WWB - ORG Roasted Barley - 1 Lb - G,Bag/Other,inferred,,yes,3.0,60,0.18,0.54,333.3,5.556,111.1,
2026-02-23,2026-02,AMS,handpack,40086,Mocha Tagless Tea Bag - 50 Ct - GA,Tea,governed,high,yes,3.0,228,1.37,4.11,166.4,2.774,55.5,
2026-02-23,2026-02,Assembly,,31007,ORG Instant Miraculous Mushrooms AP Latte 6Ct Case ,Instant,inferred,,yes,1.0,5,0.06,0.06,83.3,1.389,83.3,
2026-02-23,2026-02,Assembly,,43220L,Org Dandelion Caramel Nut 10 Ct Tea Bag Loose - A,Tea,governed,high,,1.0,238,,,,,,outlier_time
2026-02-23,2026-02,Assembly,,43224,ORG Dandelion Caramel Nut 10CT Tea Bag 4PK X0019VIU9N,Tea,inferred,,yes,1.0,59,3.45,3.45,17.1,0.285,17.1,
2026-02-23,2026-02,Assembly,,45001L,Mushroom Adapt Tea Bag Sampler Box,Sampler,governed,high,yes,2.0,310,8.25,16.5,37.6,0.626,18.8,
2026-02-23,2026-02,Assembly,,50093,Wellness Packet Sampler Pack,Sampler,governed,high,yes,1.0,25,0.51,0.51,49.0,0.817,49.0,
2026-02-23,2026-02,Assembly,,50096,Top Six Packet Sampler pack,Sampler,inferred,,,1.0,120,,,,,,
2026-02-23,2026-02,Maisa 1,,45051,ORG Turkey Tail Astragalus 25 Ct Tea Bag - G,Tea,governed,high,yes,3.0,552,4.03,12.09,137.0,2.283,45.7,
2026-02-23,2026-02,Maisa 1,,TB505,ORG Turkey Tail Astragalus Loose Tea Bag - G,Tea,inferred,,yes,3.0,21500,5.56,16.68,3866.9,64.448,1289.0,
2026-02-23,2026-02,Maisa 2+3,,43310,ORG Dandelion Mocha Mint 10CT Tea Bag - A,Tea,inferred,,yes,5.0,690,4.22,21.1,163.5,2.725,32.7,
2026-02-23,2026-02,Maisa 2+3,,43310F,Dandelion Mocha Mint Dual Language 10 cnt TB - A,Tea,inferred,,yes,3.0,120,1.29,3.87,93.0,1.55,31.0,
2026-02-23,2026-02,Maisa 2+3,,43314,ORG Dandelion Mocha Mint 10CT Tea Bag 4PK - A,Tea,inferred,,yes,3.0,224,1.37,4.11,163.5,2.725,54.5,
2026-02-23,2026-02,Maisa 2+3,,45070,ORG Miraculous Mushrooms A&P 10Ct/6Pk Tea Bag,Tea,inferred,,yes,5.0,150,1.05,5.25,142.9,2.381,28.6,
2026-02-23,2026-02,Maisa 2+3,,CleanA,Clean + Almond Test,Tea,inferred,,,5.0,0,0.31,1.55,,,,
2026-02-23,2026-02,Maisa 2+3,,CleanG,Clean + Gluten Test,Tea,inferred,,,3.0,0,0.35,1.05,,,,
2026-02-23,2026-02,Maisa 2+3,,NTB0080,Mocha Tagless 6g Tea Bag - GA,Tea,inferred,,yes,2.0,11796,2.2,4.4,5361.8,89.364,2680.9,
2026-02-23,2026-02,Maisa 2+3,,TB331,ORG Dandelion Mocha Mint Tea Bag - A,Tea,inferred,,yes,4.0,8000,0.49,1.96,16326.5,272.109,4081.6,
2026-02-23,2026-02,WeighRight,,66010,ORG Dark Chocolate 5 Lb Bag,Bag/Other,inferred,,yes,3.0,20,0.2,0.6,100.0,1.667,33.3,
2026-02-23,2026-02,WeighRight,,80080,ORG Mocha 11OZ Bag/6 Count Case - GA,Bag/Other,inferred,,yes,3.0,218,2.43,7.29,89.7,1.495,29.9,
2026-02-23,2026-02,WeighRight,,82110L,ORG French Vanilla 11OZ Bag/Box of 24 - G,Bag/Other,inferred,,yes,3.0,719,1.44,4.32,499.3,8.322,166.4,
2026-02-23,2026-02,WeighRight,,82130L,ORG Mexican Chocolate 11OZ Bag/Box of 24 - G,APG,governed,high,yes,3.0,330,0.56,1.68,589.3,9.821,196.4,
2026-02-23,2026-02,WeighRight,,86010,ORG Dark Chocolate 10 Oz Bag/6 Count Case,Bag/Other,inferred,,yes,3.0,46,0.44,1.32,104.5,1.742,34.8,
2026-02-23,2026-02,WeighRight,,86010L,ORG Dark Chocolate 10 Oz Bag/Box of 24,Bag/Other,inferred,,yes,3.0,1158,2.14,6.42,541.1,9.019,180.4,
2026-02-23,2026-02,WeighRight,,Clean,Standard Clean,Bag/Other,inferred,,,3.0,0,0.29,0.87,,,,
2026-02-23,2026-02,WeighRight,,Clean,Standard Clean,Bag/Other,inferred,,,3.0,0,0.25,0.75,,,,
2026-02-23,2026-02,WeighRight,,Clean,Standard Clean,Bag/Other,inferred,,,3.0,0,0.15,0.45,,,,
2026-02-23,2026-02,WeighRight,,CleanGA,Clean + Gluten + Almond Tests,Bag/Other,inferred,,,3.0,0,0.24,0.72,,,,
2026-02-24,2026-02,AMS,machine(Amy),10006A,WWB AMZN Organic Lemon Balm (6 Oz) ,Bag/Other,inferred,,yes,4.0,2220,8.03,32.12,276.5,4.608,69.1,
2026-02-24,2026-02,AMS,handpack,10013,"ORG Hibisicus, 8 Oz Bag",Bag/Other,inferred,,yes,3.0,326,1.24,3.72,262.9,4.382,87.6,
2026-02-24,2026-02,Assembly,,43224,ORG Dandelion Caramel Nut 10CT Tea Bag 4PK X0019VIU9N,Tea,inferred,,yes,1.0,37,10.16,10.16,3.6,0.061,3.6,
2026-02-24,2026-02,Assembly,,45001L,Mushroom Adapt Tea Bag Sampler Box,Sampler,governed,high,yes,2.0,319,8.22,16.44,38.8,0.647,19.4,
2026-02-24,2026-02,Assembly,,50096,Top Six Packet Sampler pack,Sampler,inferred,,,1.0,30,,,,,,
2026-02-24,2026-02,Assembly,,GDB060,ORG Hazelnut Packet Goody Bag - GA,Bag/Other,inferred,,yes,1.0,20,0.05,0.05,400.0,6.667,400.0,
2026-02-24,2026-02,Assembly,,GDB080,ORG Mocha Packet Goody Bag,Bag/Other,inferred,,yes,1.0,20,0.05,0.05,400.0,6.667,400.0,
2026-02-24,2026-02,Assembly,,GDB311,ORG Dandelion Dark Roast Packet Goody Bag,Bag/Other,inferred,,yes,1.0,20,0.05,0.05,400.0,6.667,400.0,
2026-02-24,2026-02,Assembly,,GDB501,ORG Reishi Eleuthero Packet Goody Bag - G,Bag/Other,inferred,,yes,1.0,20,0.06,0.06,333.3,5.556,333.3,
2026-02-24,2026-02,Assembly,,GDB502,ORG Chaga Ashwaganda Packet Goody Bag,Bag/Other,inferred,,yes,1.0,20,0.05,0.05,400.0,6.667,400.0,
2026-02-24,2026-02,Assembly,,TGB501,Reishi Eleuthero Tea Goody Bag - G,Bag/Other,inferred,,yes,1.0,20,0.09,0.09,222.2,3.704,222.2,
2026-02-24,2026-02,Assembly,,TGB502,Chaga Ashwaganda Tea Goody Bag,Bag/Other,inferred,,yes,1.0,20,0.05,0.05,400.0,6.667,400.0,
2026-02-24,2026-02,Assembly,,TGB505,Turkey Tail Astragalus Tea Goody Bag - G,Bag/Other,inferred,,yes,1.0,20,0.05,0.05,400.0,6.667,400.0,
2026-02-24,2026-02,Maisa 1,,45050,ORG Turkey Tail Astragalus 10 Ct Tea Bag/6 Count Case - G,Tea,inferred,,yes,3.0,320,5.01,15.03,63.9,1.065,21.3,
2026-02-24,2026-02,Maisa 1,,45051,ORG Turkey Tail Astragalus 25 Ct Tea Bag - G,Tea,governed,high,yes,3.0,648,4.53,13.59,143.0,2.384,47.7,
2026-02-24,2026-02,Maisa 1,,Clean,Standard Clean,Tea,inferred,,,3.0,0,0.25,0.75,,,,
2026-02-24,2026-02,Maisa 2+3,,43110,ORG Dandelion Dark Roast 10ct/6pk Tea Bag,Tea,inferred,,yes,5.0,286,2.2,11.0,130.0,2.167,26.0,
2026-02-24,2026-02,Maisa 2+3,,43110F,Dandelion Dark Roast Dual Language 10ct/6pk Tea Bag,Tea,inferred,,yes,5.0,230,1.36,6.8,169.1,2.819,33.8,
2026-02-24,2026-02,Maisa 2+3,,43113,ORG Dandelion Dark Roast 25CT Tea Bag 3PK,Tea,inferred,,yes,5.0,216,1.44,7.2,150.0,2.5,30.0,
2026-02-24,2026-02,Maisa 2+3,,45070,ORG Miraculous Mushrooms A&P 10Ct/6Pk Tea Bag,Tea,inferred,,yes,5.0,310,2.31,11.55,134.2,2.237,26.8,
2026-02-24,2026-02,Maisa 2+3,,45070L,Org Miraculous Mushroom A&P 10Ct Tea Bag Loose,Tea,inferred,,yes,5.0,432,0.4,2.0,1080.0,18.0,216.0,
2026-02-24,2026-02,Maisa 2+3,,45071,ORG Miraculous Mushroom A&P 25 Ct Tea Bag,Tea,inferred,,yes,5.0,274,0.29,1.45,944.8,15.747,189.0,
2026-02-24,2026-02,Maisa 2+3,,Clean,Standard Clean,Tea,inferred,,,5.0,0,0.4,2.0,,,,
2026-02-24,2026-02,WeighRight,,10027,Organic Licorice C/S - 8 Oz Bag,Bag/Other,inferred,,yes,3.0,1160,2.53,7.59,458.5,7.642,152.8,
2026-02-24,2026-02,WeighRight,,20111,ORG French Roast 300G Dual Language Bag - 6Ct Case - G,Bag/Other,inferred,,yes,3.0,180,2.11,6.33,85.3,1.422,28.4,
2026-02-24,2026-02,WeighRight,,82080L,ORG Irish Cream 11 Oz Bag/Box of 24 - G,Bag/Other,inferred,,yes,3.0,528,0.54,1.62,977.8,16.296,325.9,
2026-02-24,2026-02,WeighRight,,83220A,AMZN Dandelion Caramel Nut 10 Oz Bag/Box of 24 - A,Bag/Other,inferred,,yes,3.0,432,0.46,1.38,939.1,15.652,313.0,
2026-02-24,2026-02,WeighRight,,83220L,Dandelion Caramel Nut 10 Oz Bag/Box of 24 - A,Bag/Other,inferred,,yes,3.0,600,1.21,3.63,495.9,8.264,165.3,
2026-02-24,2026-02,WeighRight,,Clean,Standard Clean,Bag/Other,inferred,,,3.0,0,1.03,3.09,,,,
2026-02-24,2026-02,WeighRight,,CleanA,Clean + Almond Test,Bag/Other,inferred,,,3.0,0,0.27,0.81,,,,
2026-02-24,2026-02,WeighRight,,CleanG,Clean + Gluten Test,Bag/Other,inferred,,,3.0,0,0.31,0.93,,,,
2026-02-25,2026-02,AMS,machine(Amy),10006A,WWB AMZN Organic Lemon Balm (6 Oz) ,Bag/Other,inferred,,yes,4.0,134,1.0,4.0,134.0,2.233,33.5,
2026-02-25,2026-02,AMS,machine(Amy),10012,"ORG Lemon Grass, 7 Oz Bag",Bag/Other,inferred,,yes,4.0,1800,8.26,33.04,217.9,3.632,54.5,
2026-02-25,2026-02,AMS,machine(Amy),CleanP,,Bag/Other,inferred,,,4.0,0,0.19,0.76,,,,
2026-02-25,2026-02,Assembly,,43220L,Org Dandelion Caramel Nut 10 Ct Tea Bag Loose - A,Tea,governed,high,yes,1.0,194,3.53,3.53,55.0,0.916,55.0,
2026-02-25,2026-02,Assembly,,45001L,Mushroom Adapt Tea Bag Sampler Box,Sampler,governed,high,yes,2.0,389,6.5,13.0,59.8,0.997,29.9,
2026-02-25,2026-02,Assembly,,TGB311,ORG Dandelion Dark Roast Tea Bag Goody Bag,Tea,inferred,,yes,1.0,50,0.08,0.08,625.0,10.417,625.0,
2026-02-25,2026-02,Assembly,,TGB322,Dandelion Caramel Nut Tea Bag Goody Bag - A,Tea,inferred,,yes,1.0,50,0.12,0.12,416.7,6.944,416.7,
2026-02-25,2026-02,Assembly,,TGB502,Chaga Ashwaganda Tea Goody Bag,Bag/Other,inferred,,yes,1.0,25,0.05,0.05,500.0,8.333,500.0,
2026-02-25,2026-02,Assembly,,TGB507,ORG Miraculous Mushroom AP Tea Bag Goody Bag,Tea,inferred,,yes,1.0,10,0.02,0.02,500.0,8.333,500.0,
2026-02-25,2026-02,Maisa 1,,40021,ORG Chocolate Mint 25CT Tea Bag - GA,Tea,governed,high,yes,3.0,672,3.36,10.08,200.0,3.333,66.7,
2026-02-25,2026-02,Maisa 1,,40121,DO NOT MAKE ORG Maya Chai 25CT Tea Bag - G,Tea,governed,high,yes,3.0,376,2.09,6.27,179.9,2.998,60.0,
2026-02-25,2026-02,Maisa 1,,42080,ORG Irish Cream 10ct/6pk Tea Bag - G,Tea,inferred,,yes,3.0,213,2.51,7.53,84.9,1.414,28.3,
2026-02-25,2026-02,Maisa 1,,Clean,Standard Clean,Tea,inferred,,,3.0,0,0.32,0.96,,,,
2026-02-25,2026-02,Maisa 1,,Clean,Standard Clean,Tea,inferred,,,3.0,0,0.22,0.66,,,,
2026-02-25,2026-02,Maisa 1,,Clean,Standard Clean,Tea,inferred,,,3.0,0,0.3,0.9,,,,
2026-02-25,2026-02,Maisa 2+3,,43110,ORG Dandelion Dark Roast 10ct/6pk Tea Bag,Tea,inferred,,yes,5.0,1094,7.5,37.5,145.9,2.431,29.2,
2026-02-25,2026-02,Maisa 2+3,,43110L,Org Dandelion Dark Roast 10 Ct Tea Bag Loose,Tea,governed,high,yes,5.0,720,0.54,2.7,1333.3,22.222,266.7,
2026-02-25,2026-02,Maisa 2+3,,Clean,Standard Clean,Tea,inferred,,,5.0,0,1.36,6.8,,,,
2026-02-25,2026-02,WeighRight,,60110,ORG French Roast 5 Lb Bag - G,Bag/Other,inferred,,yes,3.0,120,0.53,1.59,226.4,3.774,75.5,
2026-02-25,2026-02,WeighRight,,80110,ORG French Roast 11OZ Bag/6 Count Case - G,Bag/Other,inferred,,yes,3.0,330,5.2,15.6,63.5,1.058,21.2,
2026-02-25,2026-02,WeighRight,,80110A,AMZN Org French Roast 11OZ Bag/Box of 24 - G,Bag/Other,inferred,,yes,3.0,1800,3.2,9.6,562.5,9.375,187.5,
2026-02-26,2026-02,AMS,machine(Amy),10017,ORG Lemon Balm (+8) 1LB Bag - 7-9523910017,Bag/Other,inferred,,yes,4.0,952,7.53,30.12,126.4,2.107,31.6,
2026-02-26,2026-02,AMS,machine(Amy),10201,WWB - ORG Peppermint Leaf - 4 Oz Bag,Bag/Other,inferred,,yes,4.0,276,1.18,4.72,233.9,3.898,58.5,
2026-02-26,2026-02,AMS,machine(Amy),Air clean out,Air Clean out of Machine (no testing necessary),Bag/Other,inferred,,,4.0,0,0.31,1.24,,,,
2026-02-26,2026-02,Assembly,,45001L,Mushroom Adapt Tea Bag Sampler Box,Sampler,governed,high,yes,2.0,398,10.16,20.32,39.2,0.653,19.6,
2026-02-26,2026-02,Assembly,,45031,ORG Lion's Mane Rhodiola 25 Ct Tea Bag - G,Tea,inferred,,yes,1.0,32,8.2,8.2,3.9,0.065,3.9,
2026-02-26,2026-02,Assembly,,insert01,Mailer Insert for Healthcare Practitioner Insert,Bag/Other,inferred,,yes,1.0,90,2.26,2.26,39.8,0.664,39.8,
2026-02-26,2026-02,Maisa 1,,42061,ORG Maple Pecan 25CT Tea Bag - GA,Tea,governed,high,yes,3.0,552,3.03,9.09,182.2,3.036,60.7,
2026-02-26,2026-02,Maisa 1,,48003,WWB ORG Lemon Balm 25ct Tea Bag 2.25g,Tea,inferred,,yes,3.0,792,6.0,18.0,132.0,2.2,44.0,
2026-02-26,2026-02,Maisa 1,,CleanGA,Clean + Gluten + Almond Tests,Tea,inferred,,,3.0,0,0.42,1.26,,,,
2026-02-26,2026-02,Maisa 2+3,,46010,ORG Dark Chocolate 10 Ct Tea Bag/6 Count Case,Tea,inferred,,yes,5.0,460,3.48,17.4,132.2,2.203,26.4,
2026-02-26,2026-02,Maisa 2+3,,46010L,ORG Dark Chocolate 10 Ct Tea Bag/36 Count Box,Tea,governed,high,yes,5.0,936,1.51,7.55,619.9,10.331,124.0,
2026-02-26,2026-02,Maisa 2+3,,46011,ORG Dark Chocolate 25 Ct Tea Bag,Tea,governed,high,yes,5.0,1200,3.3,16.5,363.6,6.061,72.7,
2026-02-26,2026-02,Maisa 2+3,,TB601,ORG Dark Chocolate Loose Tea Bag,Tea,inferred,,yes,2.0,7000,0.55,1.1,12727.3,212.121,6363.6,
2026-02-26,2026-02,WeighRight,,56010,Dark Chocolate 30g Trial Size Packet,Bag/Other,inferred,,yes,3.0,1800,3.16,9.48,569.6,9.494,189.9,
2026-02-26,2026-02,WeighRight,,60030,ORG Almond Amaretto 5 Lb Bag - GA,Bag/Other,inferred,,yes,3.0,40,0.29,0.87,137.9,2.299,46.0,
2026-02-26,2026-02,WeighRight,,66010,ORG Dark Chocolate 5 Lb Bag,Bag/Other,inferred,,yes,3.0,20,0.16,0.48,125.0,2.083,41.7,
2026-02-26,2026-02,WeighRight,,80110,ORG French Roast 11OZ Bag/6 Count Case - G,Bag/Other,inferred,,yes,3.0,139,0.59,1.77,235.6,3.927,78.5,
2026-02-26,2026-02,WeighRight,,85070L,ORG Miraculous Mushrooms A&P 10oz Bag/Box of 24,Bag/Other,inferred,,yes,3.0,779,1.54,4.62,505.8,8.431,168.6,
2026-02-26,2026-02,WeighRight,,86010L,ORG Dark Chocolate 10 Oz Bag/Box of 24,Bag/Other,inferred,,yes,3.0,288,1.09,3.27,264.2,4.404,88.1,
2026-02-26,2026-02,WeighRight,,Clean,Standard Clean,Bag/Other,inferred,,,3.0,0,0.29,0.87,,,,
2026-02-26,2026-02,WeighRight,,Clean,Standard Clean,Bag/Other,inferred,,,3.0,0,0.17,0.51,,,,
2026-02-26,2026-02,WeighRight,,CleanGA,Clean + Gluten + Almond Tests,Bag/Other,inferred,,,3.0,0,1.03,3.09,,,,
2026-02-27,2026-02,Maisa 2+3,,43220,ORG Dandelion Caramel Nut 10ct/6pk Tea Bag - A,Tea,inferred,,yes,5.0,1380,9.55,47.75,144.5,2.408,28.9,
2026-02-27,2026-02,Maisa 2+3,,Clean,Standard Clean,Tea,inferred,,,5.0,0,0.16,0.8,,,,
2026-03-02,2026-03,AMS,machine(Amy),10008,"Org Rooibos, 8 Oz Bag",Bag/Other,inferred,,yes,4.0,12,0.09,0.36,133.3,2.222,33.3,
2026-03-02,2026-03,AMS,machine(Amy),10201,WWB - ORG Peppermint Leaf - 4 Oz Bag,Bag/Other,inferred,,yes,4.0,1524,6.32,25.28,241.1,4.019,60.3,
2026-03-02,2026-03,AMS,machine(Amy),10202,ORG Peppermint 1 Lb Bag,Bag/Other,inferred,,yes,4.0,280,2.25,9.0,124.4,2.074,31.1,
2026-03-02,2026-03,AMS,machine(Amy),Air clean out,Air Clean out of Machine (no testing necessary),Bag/Other,inferred,,,4.0,0,0.57,2.28,,,,
2026-03-02,2026-03,Assembly,,45001,Mushroom Adaptogen TB Sampler Box - 6 Count Case - G,Sampler,inferred,,yes,4.0,129,7.44,29.76,17.3,0.289,4.3,
2026-03-02,2026-03,Assembly,,45001L,Mushroom Adapt Tea Bag Sampler Box,Sampler,governed,high,yes,2.0,174,2.35,4.7,74.0,1.234,37.0,
2026-03-02,2026-03,Assembly,,45031,ORG Lion's Mane Rhodiola 25 Ct Tea Bag - G,Tea,inferred,,yes,1.0,104,3.59,3.59,29.0,0.483,29.0,
2026-03-02,2026-03,Assembly,,80013,ORG Vanilla Nut 11oz Bag 3PK - GA,Bag/Other,inferred,,yes,1.0,32,0.57,0.57,56.1,0.936,56.1,
2026-03-02,2026-03,Maisa 1,,48003,WWB ORG Lemon Balm 25ct Tea Bag 2.25g,Tea,inferred,,yes,3.0,960,5.31,15.93,180.8,3.013,60.3,
2026-03-02,2026-03,Maisa 1,,48004,WWB ORG French Chicory 25ct Tea Bag,Tea,inferred,,yes,3.0,528,3.45,10.35,153.0,2.551,51.0,
2026-03-02,2026-03,Maisa 1,,Clean,Standard Clean,Tea,inferred,,,3.0,0,0.44,1.32,,,,
2026-03-02,2026-03,Maisa 2+3,,43220,ORG Dandelion Caramel Nut 10ct/6pk Tea Bag - A,Tea,inferred,,yes,5.0,460,3.07,15.35,149.8,2.497,30.0,
2026-03-02,2026-03,Maisa 2+3,,43220L,Org Dandelion Caramel Nut 10 Ct Tea Bag Loose - A,Tea,governed,high,yes,5.0,864,1.07,5.35,807.5,13.458,161.5,
2026-03-02,2026-03,Maisa 2+3,,43221,ORG Dandelion Caramel Nut 25CT Tea Bag - A,Tea,governed,high,yes,5.0,1200,4.12,20.6,291.3,4.854,58.3,
2026-03-02,2026-03,Maisa 2+3,,43224,ORG Dandelion Caramel Nut 10CT Tea Bag 4PK X0019VIU9N,Tea,inferred,,yes,5.0,160,0.51,2.55,313.7,5.229,62.7,
2026-03-02,2026-03,Maisa 2+3,,CleanA,Clean + Almond Test,Tea,inferred,,,5.0,0,4.44,22.2,,,,
2026-03-02,2026-03,Maisa 2+3,,NTB3220,Dandelion Caramel Nut Tagless 6g Tea Bag - A,Tea,inferred,,yes,2.0,38000,9.3,18.6,4086.0,68.1,2043.0,
2026-03-02,2026-03,Maisa 2+3,,NTB3220,Dandelion Caramel Nut Tagless 6g Tea Bag - A,Tea,inferred,,yes,2.0,4000,1.0,2.0,4000.0,66.667,2000.0,
2026-03-02,2026-03,Maisa 2+3,,TB322,ORG Dandelion Caramel Nut Tea Bag - A,Tea,inferred,,yes,2.0,3000,0.45,0.9,6666.7,111.111,3333.3,
2026-03-02,2026-03,WeighRight,,53110,Dandelion Dark Roast 30g Trial Size Packet,APG,governed,high,yes,3.0,1665,3.08,9.24,540.6,9.01,180.2,
2026-03-02,2026-03,WeighRight,,55020,Chaga Ashwagandha 30g Trial Size Packet,Bag/Other,inferred,,yes,3.0,1175,2.07,6.21,567.6,9.461,189.2,
2026-03-02,2026-03,WeighRight,,83110L,ORG Dandelion Dark Roast 10 oz Bag/Box of 24,APG,governed,high,yes,3.0,720,1.29,3.87,558.1,9.302,186.0,
2026-03-02,2026-03,WeighRight,,86010,ORG Dark Chocolate 10 Oz Bag/6 Count Case,Bag/Other,inferred,,yes,3.0,69,0.58,1.74,119.0,1.983,39.7,
2026-03-02,2026-03,WeighRight,,86010L,ORG Dark Chocolate 10 Oz Bag/Box of 24,Bag/Other,inferred,,yes,3.0,624,1.08,3.24,577.8,9.63,192.6,
2026-03-02,2026-03,WeighRight,,Air Clean Out,Air Clean out of Machine (no testing necessary),Bag/Other,inferred,,,3.0,0,0.32,0.96,,,,
2026-03-02,2026-03,WeighRight,,Clean,Standard Clean,Bag/Other,inferred,,,3.0,0,0.48,1.44,,,,
2026-03-03,2026-03,AMS,machine(Amy),10008,"Org Rooibos, 8 Oz Bag",Bag/Other,inferred,,yes,4.0,423,1.3,5.2,325.4,5.423,81.3,
2026-03-03,2026-03,AMS,machine(Amy),10013,"ORG Hibisicus, 8 Oz Bag",Bag/Other,inferred,,yes,4.0,792,4.54,18.16,174.4,2.907,43.6,
2026-03-03,2026-03,AMS,machine(Amy),10045,AMZN- WWB-ORG Rooibos - 1 Lb Bag,Bag/Other,inferred,,yes,4.0,600,3.2,12.8,187.5,3.125,46.9,
2026-03-03,2026-03,AMS,machine(Amy),Air clean out,Air Clean out of Machine (no testing necessary),Bag/Other,inferred,,,4.0,0,0.24,0.96,,,,
2026-03-03,2026-03,Assembly,,40097,Teecino Tea Bag 12 Flavor Sampler,Sampler,governed,high,yes,1.0,30,1.42,1.42,21.1,0.352,21.1,
2026-03-03,2026-03,Assembly,,45001,Mushroom Adaptogen TB Sampler Box - 6 Count Case - G,Sampler,inferred,,yes,2.0,67,10.18,20.36,6.6,0.11,3.3,
2026-03-03,2026-03,Assembly,,45031,ORG Lion's Mane Rhodiola 25 Ct Tea Bag - G,Tea,inferred,,yes,1.0,128,3.56,3.56,36.0,0.599,36.0,
2026-03-03,2026-03,Maisa 1,,40010,ORG Vanilla Nut 10ct/6pk Tea Bag - GA,Tea,inferred,,yes,3.0,690,8.55,25.65,80.7,1.345,26.9,
2026-03-03,2026-03,Maisa 1,,48004,WWB ORG French Chicory 25ct Tea Bag,Tea,inferred,,yes,3.0,10,0.23,0.69,43.5,0.725,14.5,
2026-03-03,2026-03,Maisa 1,,Clean,Standard Clean,Tea,inferred,,,3.0,0,0.42,1.26,,,,
2026-03-03,2026-03,Maisa 2+3,,45020,ORG Chaga Ashwagandha 10 Ct Tea Bag/6 Count Case,Tea,inferred,,yes,3.0,746,8.06,24.18,92.6,1.543,30.9,
2026-03-03,2026-03,Maisa 2+3,,45020F,Chaga Ashwagandha Dual Language 10 cnt TB,Tea,inferred,,yes,3.0,460,3.35,10.05,137.3,2.289,45.8,
2026-03-03,2026-03,Maisa 2+3,,TB322,ORG Dandelion Caramel Nut Tea Bag - A,Tea,inferred,,yes,2.0,7000,1.27,2.54,5511.8,91.864,2755.9,
2026-03-03,2026-03,WeighRight,,10039A,AMZN Roasted French Chicory 2 X 1 Lb Bag,Bag/Other,inferred,,yes,3.0,1152,4.2,12.6,274.3,4.571,91.4,
2026-03-03,2026-03,WeighRight,,55020,Chaga Ashwagandha 30g Trial Size Packet,Bag/Other,inferred,,yes,3.0,625,1.02,3.06,612.7,10.212,204.2,
2026-03-03,2026-03,WeighRight,,85020,ORG Chaga Ashwagandha 10 Oz Bag/6 Count Case,Bag/Other,inferred,,yes,3.0,230,4.24,12.72,54.2,0.904,18.1,
2026-03-03,2026-03,WeighRight,,Clean,Standard Clean,Bag/Other,inferred,,,3.0,0,0.26,0.78,,,,
2026-03-04,2026-03,AMS,machine(Amy),10013,"ORG Hibisicus, 8 Oz Bag",Bag/Other,inferred,,yes,4.0,648,3.01,12.04,215.3,3.588,53.8,
2026-03-04,2026-03,AMS,machine(Amy),30005L,ORG GF Dandelion Blend 312g Bag,Instant,governed,high,yes,4.0,48,0.3,1.2,160.0,2.667,40.0,
2026-03-04,2026-03,AMS,machine(Amy),30013,Instant Miraculous Mushrooms C+5 135g Bag / 6 Count Case,Instant,inferred,,,4.0,0,,,,,,
2026-03-04,2026-03,AMS,machine(Amy),Different tooling,,Bag/Other,inferred,,,4.0,0,0.43,1.72,,,,
2026-03-04,2026-03,Assembly,,40097,Teecino Tea Bag 12 Flavor Sampler,Sampler,governed,high,yes,1.0,180,3.58,3.58,50.3,0.838,50.3,
2026-03-04,2026-03,Assembly,,45001,Mushroom Adaptogen TB Sampler Box - 6 Count Case - G,Sampler,inferred,,yes,2.0,34,2.58,5.16,13.2,0.22,6.6,
2026-03-04,2026-03,Assembly,,45031,ORG Lion's Mane Rhodiola 25 Ct Tea Bag - G,Tea,inferred,,,1.0,0,3.58,3.58,,,,
2026-03-04,2026-03,Assembly,,45050L,ORG Turkey Tail Astragalus 10-Ct Tea Bag - G,Tea,governed,high,yes,1.0,288,1.44,1.44,200.0,3.333,200.0,
2026-03-04,2026-03,Assembly,,50097,Teeccino 30g Packet 10 Flavor Sampler,Sampler,governed,high,yes,1.0,47,1.09,1.09,43.1,0.719,43.1,
2026-03-04,2026-03,Assembly,,85050,ORG Turkey Tail Astragalus 10 Oz Bag/6 Count Case - G,Bag/Other,inferred,,yes,1.0,20,2.01,2.01,10.0,0.166,10.0,
2026-03-04,2026-03,Maisa 1,,40010,ORG Vanilla Nut 10ct/6pk Tea Bag - GA,Tea,inferred,,yes,3.0,690,8.55,25.65,80.7,1.345,26.9,
2026-03-04,2026-03,Maisa 1,,43340,ORG Dandelion Coconut 10CT Tea Bag - A,Tea,inferred,,yes,3.0,690,9.54,28.62,72.3,1.205,24.1,
2026-03-04,2026-03,Maisa 1,,CleanG,Clean + Gluten Test,Tea,inferred,,,3.0,0,0.13,0.39,,,,
2026-03-04,2026-03,Maisa 2+3,,45020,ORG Chaga Ashwagandha 10 Ct Tea Bag/6 Count Case,Tea,inferred,,yes,5.0,746,8.06,40.3,92.6,1.543,18.5,
2026-03-04,2026-03,Maisa 2+3,,45020L,ORG Chaga Ashwagandha 10-Ct Tea Bag,Tea,governed,high,,5.0,0,,,,,,
2026-03-04,2026-03,Maisa 2+3,,TB502,ORG Chaga Ashwagandha Loose Tea Bag,Tea,inferred,,yes,4.0,3500,1.51,6.04,2317.9,38.631,579.5,
2026-03-04,2026-03,WeighRight,,10031,Roasted Chicory Root - 1 Lb Bag,Bag/Other,inferred,,yes,3.0,1383,1.49,4.47,928.2,15.47,309.4,
2026-03-04,2026-03,WeighRight,,10039A,AMZN Roasted French Chicory 2 X 1 Lb Bag,Bag/Other,inferred,,yes,3.0,120,1.37,4.11,87.6,1.46,29.2,
2026-03-04,2026-03,WeighRight,,55030,Lion's Mane Rhodiola 30g Trial Size Packet - G,APG,governed,high,yes,3.0,1800,3.5,10.5,514.3,8.571,171.4,
2026-03-04,2026-03,WeighRight,,Air Clean Out,Air Clean out of Machine (no testing necessary),Bag/Other,inferred,,,3.0,0,0.29,0.87,,,,
2026-03-04,2026-03,WeighRight,,Clean,Standard Clean,Bag/Other,inferred,,,3.0,0,10.59,31.77,,,,
2026-03-04,2026-03,WeighRight,,Clean,Standard Clean,Bag/Other,inferred,,,3.0,0,0.35,1.05,,,,
2026-03-04,2026-03,WeighRight,,Handpack Instant,,Bag/Other,inferred,,,3.0,0,1.5,4.5,,,,
2026-03-05,2026-03,AMS,machine(Amy),30005L,ORG GF Dandelion Blend 312g Bag,Instant,governed,high,yes,4.0,912,9.15,36.6,99.7,1.661,24.9,
2026-03-05,2026-03,AMS,machine(Amy),30010,Instant Hazelnut 100g Bag / 6 Count Case - G,Instant,inferred,,yes,4.0,40,1.41,5.64,28.4,0.473,7.1,
2026-03-05,2026-03,AMS,machine(Amy),30010L,ORG Instant Hazelnut 100g Bag - G,Instant,governed,high,,4.0,0,,,,,,
2026-03-05,2026-03,AMS,machine(Amy),30013L,ORG Miraculous Mushrooms Cacao 135g Bag,Bag/Other,inferred,,yes,4.0,630,3.15,12.6,200.0,3.333,50.0,
2026-03-05,2026-03,AMS,machine(Amy),30013L,ORG Miraculous Mushrooms Cacao 135g Bag,Bag/Other,inferred,,yes,4.0,270,1.06,4.24,254.7,4.245,63.7,
2026-03-05,2026-03,AMS,machine(Amy),31007,ORG Instant Miraculous Mushrooms AP Latte 6Ct Case ,Instant,inferred,,yes,4.0,114,2.31,9.24,49.4,0.823,12.3,
2026-03-05,2026-03,AMS,unknown,CleanG,Clean + Gluten Test,Bag/Other,inferred,,,,0,2.06,,,,,
2026-03-05,2026-03,Assembly,,43371,ORG Blueberry Vanilla 25-Ct Tea Bag,Tea,inferred,,,1.0,120,,,,,,
2026-03-05,2026-03,Assembly,,45001,Mushroom Adaptogen TB Sampler Box - 6 Count Case - G,Sampler,inferred,,yes,1.0,35,2.01,2.01,17.4,0.29,17.4,
2026-03-05,2026-03,Assembly,,45031,ORG Lion's Mane Rhodiola 25 Ct Tea Bag - G,Tea,inferred,,,1.0,0,18.58,18.58,,,,
2026-03-05,2026-03,Assembly,,45050L,ORG Turkey Tail Astragalus 10-Ct Tea Bag - G,Tea,governed,high,yes,1.0,88,18.56,18.56,4.7,0.079,4.7,
2026-03-05,2026-03,Assembly,,insert01,Mailer Insert for Healthcare Practitioner Insert,Bag/Other,inferred,,yes,2.0,479,3.2,6.4,149.7,2.495,74.8,
2026-03-05,2026-03,Maisa 1,,43340L,Org Dandelion Coconut 10 Ct Tea Bag Loose - A,Tea,governed,high,yes,3.0,612,1.19,3.57,514.3,8.571,171.4,
2026-03-05,2026-03,Maisa 1,,43341,Dandelion Coconut 25 Count Tea Bag - A,Tea,governed,high,yes,3.0,816,4.42,13.26,184.6,3.077,61.5,
2026-03-05,2026-03,Maisa 1,,TB334,ORG Dandelion Coconut Tea Bag - A,Tea,inferred,,yes,3.0,18350,3.46,10.38,5303.5,88.391,1767.8,
2026-03-05,2026-03,Maisa 2+3,,40010A,AMZN Org Vanilla Nut 10 Ct Tea Bag Loose - GA,Tea,inferred,,yes,5.0,360,0.4,2.0,900.0,15.0,180.0,
2026-03-05,2026-03,Maisa 2+3,,40011,ORG Vanila Nut 25CT Tea Bag - GA,Tea,governed,high,yes,5.0,432,1.26,6.3,342.9,5.714,68.6,
2026-03-05,2026-03,Maisa 2+3,,40013,ORG Vanila Nut 25CT Tea Bag 3PK - GA,Tea,inferred,,yes,5.0,120,1.47,7.35,81.6,1.361,16.3,
2026-03-05,2026-03,Maisa 2+3,,40060,ORG Hazelnut 10ct/6pk Tea Bag - GA,Tea,inferred,,yes,5.0,230,1.53,7.65,150.3,2.505,30.1,
2026-03-05,2026-03,Maisa 2+3,,Clean,Standard Clean,Tea,inferred,,,5.0,0,0.25,1.25,,,,
2026-03-05,2026-03,Maisa 2+3,,Clean,Standard Clean,Tea,inferred,,,5.0,0,12.47,62.35,,,,
2026-03-05,2026-03,Maisa 2+3,,TB010,ORG Vanilla Nut Tea Bag Loose - GA,Tea,inferred,,yes,4.0,14000,1.56,6.24,8974.4,149.573,2243.6,
2026-03-05,2026-03,Maisa 2+3,,TB502,ORG Chaga Ashwagandha Loose Tea Bag,Tea,inferred,,yes,4.0,10500,0.46,1.84,22826.1,380.435,5706.5,
2026-03-05,2026-03,WeighRight,,Handpack Instant,,Bag/Other,inferred,,,3.0,0,10.2,30.6,,,,
2026-03-09,2026-03,AMS,machine(Amy),10005A,WWB AMZN Organic Chia (1lb),Bag/Other,inferred,,yes,4.0,280,1.32,5.28,212.1,3.535,53.0,
2026-03-09,2026-03,AMS,machine(Amy),31005,ORG Instant Dandelion Blend Latte 6Ct Case ,Instant,inferred,,yes,4.0,6,0.08,0.32,75.0,1.25,18.8,
2026-03-09,2026-03,AMS,machine(Amy),31005,ORG Instant Dandelion Blend Latte 6Ct Case ,Instant,inferred,,yes,4.0,120,0.35,1.4,342.9,5.714,85.7,
2026-03-09,2026-03,AMS,machine(Amy),31005L,ORG GF Instant Dandelion Latte 224g Bag,Instant,governed,high,yes,4.0,1026,4.04,16.16,254.0,4.233,63.5,
2026-03-09,2026-03,AMS,machine(Amy),31007,ORG Instant Miraculous Mushrooms AP Latte 6Ct Case ,Instant,inferred,,yes,4.0,6,0.1,0.4,60.0,1.0,15.0,
2026-03-09,2026-03,AMS,machine(Amy),31007L,ORG Instant Miraculous Mushrooms AP Latte 224g Bag,Instant,governed,high,yes,4.0,932,3.02,12.08,308.6,5.143,77.2,
2026-03-09,2026-03,AMS,handpack,43226,Dandelion Caramel Nut Tagless Tea Bag - 50 Ct - A,Tea,governed,high,yes,1.0,192,4.57,4.57,42.0,0.7,42.0,
2026-03-09,2026-03,Assembly,,80080A,AMZN Org Mocha 11OZ Bag/Box of 24 - GA,Bag/Other,inferred,,yes,1.0,144,1.17,1.17,123.1,2.051,123.1,
2026-03-09,2026-03,Assembly,,insert01,Mailer Insert for Healthcare Practitioner Insert,Bag/Other,inferred,,yes,1.0,265,10.2,10.2,26.0,0.433,26.0,
2026-03-09,2026-03,Maisa 1,,40030L,ORG Almond Amaretto 10ct Tea Bag Individual Unit- GA,Tea,governed,high,yes,3.0,720,1.31,3.93,549.6,9.16,183.2,
2026-03-09,2026-03,Maisa 1,,40031,ORG Almond Amaretto 25CT Tea Bag - GA,Tea,governed,high,yes,3.0,624,3.12,9.36,200.0,3.333,66.7,
2026-03-09,2026-03,Maisa 1,,48003,WWB ORG Lemon Balm 25ct Tea Bag 2.25g,Tea,inferred,,yes,3.0,240,2.52,7.56,95.2,1.587,31.7,
2026-03-09,2026-03,Maisa 1,,Clean,Standard Clean,Tea,inferred,,,3.0,0,0.31,0.93,,,,
2026-03-09,2026-03,Maisa 1,,Clean,Standard Clean,Tea,inferred,,,3.0,0,0.36,1.08,,,,
2026-03-09,2026-03,Maisa 1,,TB030,ORG Almond Amaretto Tea Bag - GA,Tea,inferred,,yes,3.0,5000,1.38,4.14,3623.2,60.386,1207.7,
2026-03-09,2026-03,Maisa 2+3,,40060,ORG Hazelnut 10ct/6pk Tea Bag - GA,Tea,inferred,,yes,5.0,460,3.11,15.55,147.9,2.465,29.6,
2026-03-09,2026-03,Maisa 2+3,,40061,ORG Hazelnut 25CT Tea Bag - GA,Tea,governed,high,yes,5.0,1200,3.4,17.0,352.9,5.882,70.6,
2026-03-09,2026-03,Maisa 2+3,,TB060,ORG Hazelnut Tea Bag Loose - GA,Tea,inferred,,yes,4.0,24500,3.08,12.32,7954.5,132.576,1988.6,
2026-03-09,2026-03,WeighRight,,65010,ORG Reishi Eleuthero 5 Lb Bag - G,APG,governed,high,yes,3.0,28,0.25,0.75,112.0,1.867,37.3,
2026-03-09,2026-03,WeighRight,,80030A,AMZN Org Almond Amaretto 11OZ Bag/Box of 24 - GA,Bag/Other,inferred,,yes,3.0,960,2.25,6.75,426.7,7.111,142.2,
2026-03-09,2026-03,WeighRight,,80033,ORG Almond Amaretto 11OZ Bag 3PK - GA,Bag/Other,inferred,,yes,3.0,240,1.19,3.57,201.7,3.361,67.2,
2026-03-09,2026-03,WeighRight,,85010L,ORG Reishi Eleuthero 10 Oz Bag/Box of 24 - G,APG,governed,high,yes,3.0,488,1.1,3.3,443.6,7.394,147.9,
2026-03-09,2026-03,WeighRight,,Clean,Standard Clean,Bag/Other,inferred,,,3.0,0,0.34,1.02,,,,
2026-03-09,2026-03,WeighRight,,Handpack Instant,,Bag/Other,inferred,,,3.0,0,10.2,30.6,,,,
2026-03-10,2026-03,AMS,machine(Amy),10005A,WWB AMZN Organic Chia (1lb),Bag/Other,inferred,,yes,4.0,1681,6.02,24.08,279.2,4.654,69.8,
2026-03-10,2026-03,AMS,machine(Amy),10101,WWB - ORG Medium Roasted Carob Flour - 1 Lb Bag,Bag/Other,inferred,,yes,4.0,600,3.31,13.24,181.3,3.021,45.3,
2026-03-10,2026-03,AMS,handpack,43226,Dandelion Caramel Nut Tagless Tea Bag - 50 Ct - A,Tea,governed,high,yes,1.0,324,4.57,4.57,70.9,1.182,70.9,
2026-03-10,2026-03,AMS,unknown,clean,Standard Clean,Bag/Other,inferred,,,,0,0.37,,,,,
2026-03-10,2026-03,Assembly,,40001,Herbal Tea Sampler Box - 6 Count Case,Sampler,inferred,,yes,2.0,30,4.37,8.74,6.9,0.114,3.4,
2026-03-10,2026-03,Assembly,,insert01,Mailer Insert for Healthcare Practitioner Insert,Bag/Other,inferred,,yes,2.0,435,10.23,20.46,42.5,0.709,21.3,
2026-03-10,2026-03,Maisa 1,,40051,Org English Toffee 25-Ct Tea Bag - GA,Tea,inferred,,yes,3.0,600,3.25,9.75,184.6,3.077,61.5,
2026-03-10,2026-03,Maisa 1,,45071,ORG Miraculous Mushroom A&P 25 Ct Tea Bag,Tea,inferred,,yes,3.0,528,2.49,7.47,212.0,3.534,70.7,
2026-03-10,2026-03,Maisa 1,,48003,WWB ORG Lemon Balm 25ct Tea Bag 2.25g,Tea,inferred,,yes,3.0,384,2.46,7.38,156.1,2.602,52.0,
2026-03-10,2026-03,Maisa 1,,Clean,Standard Clean,Tea,inferred,,,3.0,0,0.24,0.72,,,,
2026-03-10,2026-03,Maisa 1,,CleanGA,Clean + Gluten + Almond Tests,Tea,inferred,,,3.0,0,0.36,1.08,,,,
2026-03-10,2026-03,Maisa 2+3,,43081,ORG Dandelion Mocha 25CT Tea Bag - A,Tea,governed,high,yes,5.0,624,1.43,7.15,436.4,7.273,87.3,
2026-03-10,2026-03,Maisa 2+3,,43310L,Org Dandelion Mocha Mint 10 Ct Tea Bag Loose - A,Tea,governed,high,yes,5.0,2102,2.24,11.2,938.4,15.64,187.7,
2026-03-10,2026-03,Maisa 2+3,,43311F,ORG Dandelion Mocha Mint DL 25CT Tea Bag AMZN (24pk) - A,Tea,inferred,,,5.0,96,,,,,,
2026-03-10,2026-03,Maisa 2+3,,45030,ORG Lion's Mane Rhodiola 10 Ct Tea Bag/6 Count Case - G,Tea,inferred,,yes,5.0,230,2.18,10.9,105.5,1.758,21.1,
2026-03-10,2026-03,Maisa 2+3,,45030L,ORG Lion's Mane Rhodiola 10-Ct Tea Bag - G,Tea,inferred,,yes,5.0,692,0.47,2.35,1472.3,24.539,294.5,
2026-03-10,2026-03,Maisa 2+3,,Clean,Standard Clean,Tea,inferred,,,5.0,0,0.22,1.1,,,,
2026-03-10,2026-03,Maisa 2+3,,CleanA,Clean + Almond Test,Tea,inferred,,,5.0,0,0.12,0.6,,,,
2026-03-10,2026-03,Maisa 2+3,,CleanG,Clean + Gluten Test,Tea,inferred,,,5.0,0,0.24,1.2,,,,
2026-03-10,2026-03,Maisa 2+3,,TB060,ORG Hazelnut Tea Bag Loose - GA,Tea,inferred,,yes,4.0,7500,0.46,1.84,16304.3,271.739,4076.1,
2026-03-10,2026-03,Maisa 2+3,,TB308,ORG Dandelion Mocha Tea Bag - A,Tea,inferred,,yes,4.0,8000,0.43,1.72,18604.7,310.078,4651.2,
2026-03-10,2026-03,WeighRight,,50010,ORG Vanilla Nut 30g Trial Size Packet - GA,Bag/Other,inferred,,yes,3.0,1800,2.58,7.74,697.7,11.628,232.6,
2026-03-10,2026-03,WeighRight,,80010,ORG Vanilla Nut 11oz Bag/6 Count Case - GA,Bag/Other,inferred,,yes,3.0,230,3.17,9.51,72.6,1.209,24.2,
2026-03-10,2026-03,WeighRight,,80010A,AMZN Org Vanilla Nut 11OZ Bag/Box of 24 - GA,Bag/Other,inferred,,yes,3.0,1440,3.12,9.36,461.5,7.692,153.8,
2026-03-10,2026-03,WeighRight,,80030A,AMZN Org Almond Amaretto 11OZ Bag/Box of 24 - GA,Bag/Other,inferred,,yes,3.0,336,0.21,0.63,1600.0,26.667,533.3,
2026-03-10,2026-03,WeighRight,,Air Clean Out,Air Clean out of Machine (no testing necessary),Bag/Other,inferred,,,3.0,0,0.16,0.48,,,,
2026-03-11,2026-03,AMS,machine(Amy),10061A,AMZN - WWB - ORG Date Sugar - 1 Lb,Bag/Other,inferred,,yes,4.0,336,2.03,8.12,165.5,2.759,41.4,
2026-03-11,2026-03,AMS,machine(Amy),10101,WWB - ORG Medium Roasted Carob Flour - 1 Lb Bag,Bag/Other,inferred,,yes,4.0,840,3.08,12.32,272.7,4.545,68.2,
2026-03-11,2026-03,AMS,machine(Amy),10102,WWB - ORG Medium Roasted Carob 1 Lb x 2,Bag/Other,inferred,,yes,4.0,144,1.02,4.08,141.2,2.353,35.3,
2026-03-11,2026-03,AMS,handpack,43226,Dandelion Caramel Nut Tagless Tea Bag - 50 Ct - A,Tea,governed,high,yes,3.0,369,7.08,21.24,52.1,0.869,17.4,
2026-03-11,2026-03,AMS,machine(Amy),Different tooling,,Bag/Other,inferred,,,4.0,0,0.18,0.72,,,,
2026-03-11,2026-03,AMS,machine(Amy),Handpack,,Bag/Other,inferred,,,4.0,0,0.38,1.52,,,,
2026-03-11,2026-03,Assembly,,40001,Herbal Tea Sampler Box - 6 Count Case,Sampler,inferred,,yes,2.0,70,10.18,20.36,6.9,0.115,3.4,
2026-03-11,2026-03,Assembly,,43111F,ORG Dandelion Dark Roast DL 25CT Tea Bag AMZN (24pk),Tea,inferred,,yes,1.0,120,1.31,1.31,91.6,1.527,91.6,
2026-03-11,2026-03,Assembly,,49011,25 Count Variety Pack (CM/CH/PDC),Bundle,inferred,,yes,1.0,90,2.42,2.42,37.2,0.62,37.2,
2026-03-11,2026-03,Assembly,,insert01,Mailer Insert for Healthcare Practitioner Insert,Bag/Other,inferred,,yes,1.0,226,5.53,5.53,40.9,0.681,40.9,
2026-03-11,2026-03,Maisa 1,,43370F,Dandelion Blueberry Vanilla Dual Language 10 cnt TB,Tea,inferred,,yes,3.0,363,5.08,15.24,71.5,1.191,23.8,
2026-03-11,2026-03,Maisa 1,,45071,ORG Miraculous Mushroom A&P 25 Ct Tea Bag,Tea,inferred,,yes,3.0,537,3.05,9.15,176.1,2.934,58.7,
2026-03-11,2026-03,Maisa 1,,Clean,Standard Clean,Tea,inferred,,,3.0,0,0.27,0.81,,,,
2026-03-11,2026-03,Maisa 1,,TB337,ORG Blueberry Vanilla Tea Bag,Tea,inferred,,yes,3.0,6000,1.25,3.75,4800.0,80.0,1600.0,
2026-03-11,2026-03,Maisa 2+3,,40081,ORG Mocha 25CT Tea Bag - GA,Tea,governed,high,yes,3.0,984,5.18,15.54,190.0,3.166,63.3,
2026-03-11,2026-03,Maisa 2+3,,42040,ORG Snickerdoodle 10ct/6pk Tea Bag - GA,Tea,inferred,,yes,5.0,550,3.47,17.35,158.5,2.642,31.7,
2026-03-11,2026-03,Maisa 2+3,,Clean,Standard Clean,Tea,inferred,,,5.0,0,0.23,1.15,,,,
2026-03-11,2026-03,Maisa 2+3,,Clean,Standard Clean,Tea,inferred,,,5.0,0,0.31,1.55,,,,
2026-03-11,2026-03,Maisa 2+3,,NTB0080,Mocha Tagless 6g Tea Bag - GA,Tea,inferred,,yes,2.0,30000,5.4,10.8,5555.6,92.593,2777.8,
2026-03-11,2026-03,WeighRight,,80010,ORG Vanilla Nut 11oz Bag/6 Count Case - GA,Bag/Other,inferred,,yes,3.0,276,3.18,9.54,86.8,1.447,28.9,
2026-03-11,2026-03,WeighRight,,80040L,ORG Blood Orange 11OZ Bag/Box of 24 - GA,Bag/Other,inferred,,yes,3.0,288,6.25,18.75,46.1,0.768,15.4,
2026-03-11,2026-03,WeighRight,,Air Clean Out,Air Clean out of Machine (no testing necessary),Bag/Other,inferred,,,3.0,0,0.22,0.66,,,,
2026-03-12,2026-03,AMS,machine(Amy),10061A,AMZN - WWB - ORG Date Sugar - 1 Lb,Bag/Other,inferred,,yes,4.0,1195,6.28,25.12,190.3,3.171,47.6,
2026-03-12,2026-03,AMS,handpack,30009,Instant Vanilla Nut 100g Bag / 6 Count Case - G,Instant,inferred,,yes,3.0,60,2.49,7.47,24.1,0.402,8.0,
2026-03-12,2026-03,AMS,handpack,40086,Mocha Tagless Tea Bag - 50 Ct - GA,Tea,governed,high,yes,2.0,372,7.06,14.12,52.7,0.878,26.3,
2026-03-12,2026-03,AMS,unknown,Different tooling,,Bag/Other,inferred,,,,0,0.22,,,,,
2026-03-12,2026-03,Assembly,,40001,Herbal Tea Sampler Box - 6 Count Case,Sampler,inferred,,yes,2.0,83,10.18,20.36,8.2,0.136,4.1,
2026-03-12,2026-03,Assembly,,49011,25 Count Variety Pack (CM/CH/PDC),Bundle,inferred,,yes,1.0,6,1.55,1.55,3.9,0.065,3.9,
2026-03-12,2026-03,Assembly,,49999,Teeccino Herbal Tea Shipper,Bag/Other,inferred,,yes,1.0,2,0.45,0.45,4.4,0.074,4.4,
2026-03-12,2026-03,Maisa 1,,43310,ORG Dandelion Mocha Mint 10CT Tea Bag - A,Tea,inferred,,yes,3.0,303,4.2,12.6,72.1,1.202,24.0,
2026-03-12,2026-03,Maisa 1,,Clean,Standard Clean,Tea,inferred,,,3.0,0,0.27,0.81,,,,
2026-03-12,2026-03,Maisa 1,,TB331,ORG Dandelion Mocha Mint Tea Bag - A,Tea,inferred,,yes,3.0,18000,3.48,10.44,5172.4,86.207,1724.1,
2026-03-12,2026-03,Maisa 1,,TB337,ORG Blueberry Vanilla Tea Bag,Tea,inferred,,yes,3.0,5000,1.15,3.45,4347.8,72.464,1449.3,
2026-03-12,2026-03,Maisa 2+3,,40081,ORG Mocha 25CT Tea Bag - GA,Tea,governed,high,yes,5.0,216,0.36,1.8,600.0,10.0,120.0,
2026-03-12,2026-03,Maisa 2+3,,43110,ORG Dandelion Dark Roast 10ct/6pk Tea Bag,Tea,inferred,,yes,5.0,321,2.51,12.55,127.9,2.131,25.6,
2026-03-12,2026-03,Maisa 2+3,,45020F,Chaga Ashwagandha Dual Language 10 cnt TB,Tea,inferred,,yes,5.0,256,2.28,11.4,112.3,1.871,22.5,
2026-03-12,2026-03,Maisa 2+3,,CLEAN,Standard Clean,Tea,inferred,,,5.0,0,0.06,0.3,,,,
2026-03-12,2026-03,Maisa 2+3,,Clean,Standard Clean,Tea,inferred,,,5.0,0,0.21,1.05,,,,
2026-03-12,2026-03,Maisa 2+3,,TB502,ORG Chaga Ashwagandha Loose Tea Bag,Tea,inferred,,yes,4.0,28000,3.3,13.2,8484.8,141.414,2121.2,
2026-03-12,2026-03,WeighRight,,10051,ORG Roasted Chicory Root - 1 Lb Bag,Bag/Other,inferred,,yes,3.0,300,0.52,1.56,576.9,9.615,192.3,
2026-03-12,2026-03,WeighRight,,80040L,ORG Blood Orange 11OZ Bag/Box of 24 - GA,Bag/Other,inferred,,yes,3.0,7080,8.1,24.3,874.1,14.568,291.4,
2026-03-12,2026-03,WeighRight,,Clean,Standard Clean,Bag/Other,inferred,,,3.0,0,0.48,1.44,,,,
2026-03-13,2026-03,AMS,handpack,31009L,ORG Instant Vanilla Nut Latte 224g Bag,Instant,governed,high,yes,3.0,840,5.3,15.9,158.5,2.642,52.8,
2026-03-16,2026-03,AMS,handpack,10001A,Sage 2 Oz Bags AMZN,Bag/Other,inferred,,yes,1.0,183,5.55,5.55,33.0,0.55,33.0,
2026-03-16,2026-03,AMS,machine(Amy),30012,Instant Dandelion Blend 100g Bag / 6 Count Case,Instant,inferred,,yes,4.0,160,4.08,16.32,39.2,0.654,9.8,
2026-03-16,2026-03,AMS,machine(Amy),30012L,ORG GF Dandelion Blend 100g Bag,Bag/Other,inferred,,yes,4.0,180,0.3,1.2,600.0,10.0,150.0,
2026-03-16,2026-03,AMS,handpack,40086,Mocha Tagless Tea Bag - 50 Ct - GA,Tea,governed,high,yes,2.0,211,1.46,2.92,144.5,2.409,72.3,
2026-03-16,2026-03,Assembly,,40001,Herbal Tea Sampler Box - 6 Count Case,Sampler,inferred,,yes,1.0,27,4.58,4.58,5.9,0.098,5.9,
2026-03-16,2026-03,Maisa 1,,40071,ORG Java 25CT Tea Bag - GA,Tea,governed,high,yes,3.0,432,1.27,3.81,340.2,5.669,113.4,
2026-03-16,2026-03,Maisa 1,,43310,ORG Dandelion Mocha Mint 10CT Tea Bag - A,Tea,inferred,,yes,3.0,378,4.58,13.74,82.5,1.376,27.5,
2026-03-16,2026-03,Maisa 1,,CLEAN,Standard Clean,Tea,inferred,,,3.0,0,0.31,0.93,,,,
2026-03-16,2026-03,Maisa 1,,Clean,Standard Clean,Tea,inferred,,,3.0,0,0.27,0.81,,,,
2026-03-16,2026-03,Maisa 1,,TB020,ORG Chocolate Mint Tea Bag - GA,Tea,inferred,,yes,3.0,11,2.32,6.96,4.7,0.079,1.6,
2026-03-16,2026-03,Maisa 2+3,,43110,ORG Dandelion Dark Roast 10ct/6pk Tea Bag,Tea,inferred,,yes,5.0,599,7.33,36.65,81.7,1.362,16.3,
2026-03-16,2026-03,Maisa 2+3,,43111,ORG Dandelion Dark Roast 25CT Tea Bag,Tea,governed,high,yes,5.0,504,1.47,7.35,342.9,5.714,68.6,
2026-03-16,2026-03,Maisa 2+3,,43111F,ORG Dandelion Dark Roast DL 25CT Tea Bag AMZN (24pk),Tea,inferred,,yes,5.0,240,0.45,2.25,533.3,8.889,106.7,
2026-03-16,2026-03,WeighRight,,10051,ORG Roasted Chicory Root - 1 Lb Bag,Bag/Other,inferred,,yes,3.0,2580,5.1,15.3,505.9,8.431,168.6,
2026-03-16,2026-03,WeighRight,,10059A,AMZN ORG French Chicory 2 X 1 Lb Bag,Bag/Other,inferred,,yes,3.0,576,2.5,7.5,230.4,3.84,76.8,
2026-03-16,2026-03,WeighRight,,80080A,AMZN Org Mocha 11OZ Bag/Box of 24 - GA,Bag/Other,inferred,,yes,3.0,672,1.09,3.27,616.5,10.275,205.5,
2026-03-16,2026-03,WeighRight,,Clean,Standard Clean,Bag/Other,inferred,,,3.0,0,0.53,1.59,,,,
2026-03-17,2026-03,AMS,machine(Amy),30008,Instant French Roast 100g Bag / 6 Count Case - G,Instant,inferred,,yes,4.0,79,2.05,8.2,38.5,0.642,9.6,
2026-03-17,2026-03,AMS,machine(Amy),30012L,ORG GF Dandelion Blend 100g Bag,Bag/Other,inferred,,yes,4.0,636,1.53,6.12,415.7,6.928,103.9,
2026-03-17,2026-03,AMS,machine(Amy),31014,ORG Instant Miraculous Mushroom Matcha Latte 6Ct Case,Instant,inferred,,yes,4.0,82,1.22,4.88,67.2,1.12,16.8,
2026-03-17,2026-03,AMS,machine(Amy),31014L,ORG Instant Miraculous Mushroom Matcha Latte 252g Bag,Instant,inferred,,yes,4.0,576,2.55,10.2,225.9,3.765,56.5,
2026-03-17,2026-03,AMS,machine(Amy),Air clean out,Air Clean out of Machine (no testing necessary),Bag/Other,inferred,,,4.0,0,0.58,2.32,,,,
2026-03-17,2026-03,AMS,machine(Amy),Air clean out,Air Clean out of Machine (no testing necessary),Bag/Other,inferred,,,4.0,0,0.53,2.12,,,,
2026-03-17,2026-03,Assembly,,31008,ORG Instant French Roast Latte 6Ct Case,Instant,inferred,,yes,1.0,12,0.25,0.25,48.0,0.8,48.0,
2026-03-17,2026-03,Assembly,,40001,Herbal Tea Sampler Box - 6 Count Case,Sampler,inferred,,yes,3.0,117,10.18,30.54,11.5,0.192,3.8,
2026-03-17,2026-03,Maisa 1,,40071,ORG Java 25CT Tea Bag - GA,Tea,governed,high,yes,3.0,432,1.2,3.6,360.0,6.0,120.0,
2026-03-17,2026-03,Maisa 1,,45070,ORG Miraculous Mushrooms A&P 10Ct/6Pk Tea Bag,Tea,inferred,,yes,3.0,148,2.12,6.36,69.8,1.164,23.3,
2026-03-17,2026-03,Maisa 1,,Clean,Standard Clean,Tea,inferred,,,3.0,0,0.28,0.84,,,,
2026-03-17,2026-03,Maisa 1,,CleanGA,Clean + Gluten + Almond Tests,Tea,inferred,,,3.0,0,0.47,1.41,,,,
2026-03-17,2026-03,Maisa 1,,TB060,ORG Hazelnut Tea Bag Loose - GA,Tea,inferred,,yes,3.0,24000,5.08,15.24,4724.4,78.74,1574.8,
2026-03-17,2026-03,Maisa 2+3,,43111,ORG Dandelion Dark Roast 25CT Tea Bag,Tea,governed,high,yes,5.0,936,2.5,12.5,374.4,6.24,74.9,
2026-03-17,2026-03,Maisa 2+3,,46010,ORG Dark Chocolate 10 Ct Tea Bag/6 Count Case,Tea,inferred,,yes,5.0,460,3.52,17.6,130.7,2.178,26.1,
2026-03-17,2026-03,Maisa 2+3,,46010L,ORG Dark Chocolate 10 Ct Tea Bag/36 Count Box,Tea,governed,high,yes,5.0,648,0.4,2.0,1620.0,27.0,324.0,
2026-03-17,2026-03,Maisa 2+3,,46011,ORG Dark Chocolate 25 Ct Tea Bag,Tea,governed,high,yes,5.0,384,1.07,5.35,358.9,5.981,71.8,
2026-03-17,2026-03,Maisa 2+3,,46013,ORG Dark Chocolate 25CT Tea Bag 3PK,Tea,inferred,,yes,5.0,120,0.56,2.8,214.3,3.571,42.9,
2026-03-17,2026-03,Maisa 2+3,,Clean,Standard Clean,Tea,inferred,,,5.0,0,0.27,1.35,,,,
2026-03-17,2026-03,WeighRight,,50070,ORG Java 30g Trial Size Packet - GA,Bag/Other,inferred,,yes,3.0,2160,4.0,12.0,540.0,9.0,180.0,
2026-03-17,2026-03,WeighRight,,80080,ORG Mocha 11OZ Bag/6 Count Case - GA,Bag/Other,inferred,,yes,3.0,230,3.13,9.39,73.5,1.225,24.5,
2026-03-17,2026-03,WeighRight,,80080L,Org Mocha 11OZ Bag/Box of 24 - GA,Bag/Other,inferred,,,3.0,0,2.36,7.08,,,,
2026-03-17,2026-03,WeighRight,,Air Clean Out,Air Clean out of Machine (no testing necessary),Bag/Other,inferred,,,3.0,0,0.16,0.48,,,,
2026-03-18,2026-03,AMS,machine(Amy),30008,Instant French Roast 100g Bag / 6 Count Case - G,Instant,inferred,,yes,4.0,151,2.05,8.2,73.7,1.228,18.4,
2026-03-18,2026-03,AMS,machine(Amy),30008L,ORG Instant French Roast 100g Bag - G,Instant,governed,high,yes,4.0,941,4.03,16.12,233.5,3.892,58.4,
2026-03-18,2026-03,AMS,machine(Amy),30011,Instant Mocha 100g Bag / 6 Count Case - G,Instant,inferred,,yes,4.0,120,2.28,9.12,52.6,0.877,13.2,
2026-03-18,2026-03,AMS,machine(Amy),30011L,ORG Instant Mocha 100g Bag - G,Instant,inferred,,yes,4.0,390,1.23,4.92,317.1,5.285,79.3,
2026-03-18,2026-03,AMS,machine(Amy),Air clean out,Air Clean out of Machine (no testing necessary),Bag/Other,inferred,,,4.0,0,0.11,0.44,,,,
2026-03-18,2026-03,Assembly,,40001,Herbal Tea Sampler Box - 6 Count Case,Sampler,inferred,,yes,4.0,120,10.2,40.8,11.8,0.196,2.9,
2026-03-18,2026-03,Assembly,,GDB010,ORG Vanilla Nut Packet Goody Bag - GA,Bag/Other,inferred,,yes,1.0,25,0.15,0.15,166.7,2.778,166.7,
2026-03-18,2026-03,Assembly,,GDB060,ORG Hazelnut Packet Goody Bag - GA,Bag/Other,inferred,,yes,1.0,25,0.16,0.16,156.2,2.604,156.2,
2026-03-18,2026-03,Assembly,,TGB010,ORG Vanilla Nut Tea Bag Goody Bag - GA,Tea,inferred,,yes,1.0,25,0.16,0.16,156.2,2.604,156.2,
2026-03-18,2026-03,Assembly,,TGB060,ORG Hazelnut Tea Bag Goody Bag - GA,Tea,inferred,,yes,1.0,25,0.13,0.13,192.3,3.205,192.3,
2026-03-18,2026-03,Assembly,,TGB311,ORG Dandelion Dark Roast Tea Bag Goody Bag,Tea,inferred,,yes,1.0,25,0.2,0.2,125.0,2.083,125.0,
2026-03-18,2026-03,Assembly,,TGB322,Dandelion Caramel Nut Tea Bag Goody Bag - A,Tea,inferred,,yes,1.0,25,0.15,0.15,166.7,2.778,166.7,
2026-03-18,2026-03,Assembly,,TGB502,Chaga Ashwaganda Tea Goody Bag,Bag/Other,inferred,,yes,1.0,25,0.09,0.09,277.8,4.63,277.8,
2026-03-18,2026-03,Assembly,,TGB503,Lion's Mane Rhodiola Tea Goody Bag - G,Bag/Other,inferred,,yes,1.0,25,0.12,0.12,208.3,3.472,208.3,
2026-03-18,2026-03,Assembly,,TGB505,Turkey Tail Astragalus Tea Goody Bag - G,Bag/Other,inferred,,yes,1.0,25,0.09,0.09,277.8,4.63,277.8,
2026-03-18,2026-03,Maisa 1,,40110,ORG French Roast 10 Count Tea Bag - G,Tea,inferred,,yes,3.0,307,5.06,15.18,60.7,1.011,20.2,
2026-03-18,2026-03,Maisa 1,,45070,ORG Miraculous Mushrooms A&P 10Ct/6Pk Tea Bag,Tea,inferred,,yes,3.0,312,4.21,12.63,74.1,1.235,24.7,
2026-03-18,2026-03,Maisa 1,,Clean,Standard Clean,Tea,inferred,,,3.0,0,0.38,1.14,,,,
2026-03-18,2026-03,Maisa 2+3,,40010,ORG Vanilla Nut 10ct/6pk Tea Bag - GA,Tea,inferred,,yes,5.0,892,7.14,35.7,124.9,2.082,25.0,
2026-03-18,2026-03,Maisa 2+3,,46011,ORG Dark Chocolate 25 Ct Tea Bag,Tea,governed,high,yes,5.0,624,2.43,12.15,256.8,4.28,51.4,
2026-03-18,2026-03,Maisa 2+3,,Clean,Standard Clean,Tea,inferred,,,5.0,0,0.15,0.75,,,,
2026-03-18,2026-03,WeighRight,,50070,ORG Java 30g Trial Size Packet - GA,Bag/Other,inferred,,yes,3.0,720,1.02,3.06,705.9,11.765,235.3,
2026-03-18,2026-03,WeighRight,,53110,Dandelion Dark Roast 30g Trial Size Packet,APG,governed,high,yes,2.0,1080,2.23,4.46,484.3,8.072,242.2,
2026-03-18,2026-03,WeighRight,,80050L,ORG English Toffee 11oz Bag/Box of 24 - GA,Bag/Other,inferred,,yes,3.0,565,0.57,1.71,991.2,16.52,330.4,
2026-03-18,2026-03,WeighRight,,80070,ORG Java 11OZ Bag/6 Count Case - GA,Bag/Other,inferred,,yes,3.0,120,1.15,3.45,104.3,1.739,34.8,
2026-03-18,2026-03,WeighRight,,80070A,AMZN Org Java 11OZ Bag/Box of 24 - GA,Bag/Other,inferred,,yes,3.0,600,1.14,3.42,526.3,8.772,175.4,
2026-03-18,2026-03,WeighRight,,80070L,Org Java 11OZ Bag/Box of 24 - GA,Bag/Other,inferred,,yes,3.0,1070,1.5,4.5,713.3,11.889,237.8,
2026-03-18,2026-03,WeighRight,,85070L,ORG Miraculous Mushrooms A&P 10oz Bag/Box of 24,Bag/Other,inferred,,yes,2.0,24,0.1,0.2,240.0,4.0,120.0,
2026-03-18,2026-03,WeighRight,,Air Clean Out,Air Clean out of Machine (no testing necessary),Bag/Other,inferred,,,3.0,0,0.23,0.69,,,,
2026-03-18,2026-03,WeighRight,,Air Clean Out,Air Clean out of Machine (no testing necessary),Bag/Other,inferred,,,2.0,0,0.22,0.44,,,,
2026-03-18,2026-03,WeighRight,,CleanGA,Clean + Gluten + Almond Tests,Bag/Other,inferred,,,3.0,0,0.35,1.05,,,,
2026-03-19,2026-03,AMS,machine(Amy),10102,WWB - ORG Medium Roasted Carob 1 Lb x 2,Bag/Other,inferred,,yes,4.0,240,2.44,9.76,98.4,1.639,24.6,
2026-03-19,2026-03,AMS,machine(Amy),10302A,WWB Organic Cinnamon Powder 1lb - AMZN Label,Bag/Other,inferred,,yes,4.0,264,3.08,12.32,85.7,1.429,21.4,
2026-03-19,2026-03,AMS,machine(Amy),30011L,ORG Instant Mocha 100g Bag - G,Instant,inferred,,yes,4.0,448,1.25,5.0,358.4,5.973,89.6,
2026-03-19,2026-03,AMS,machine(Amy),Air clean out,Air Clean out of Machine (no testing necessary),Bag/Other,inferred,,,4.0,0,0.25,1.0,,,,
2026-03-19,2026-03,AMS,machine(Amy),Air clean out,Air Clean out of Machine (no testing necessary),Bag/Other,inferred,,,4.0,0,0.27,1.08,,,,
2026-03-19,2026-03,Assembly,,40001,Herbal Tea Sampler Box - 6 Count Case,Sampler,inferred,,yes,3.0,13,0.4,1.2,32.5,0.542,10.8,
2026-03-19,2026-03,Assembly,,40001L,Herbal Tea Sampler Box - Loose,Sampler,governed,high,,4.0,0,9.4,37.6,,,,
2026-03-19,2026-03,Maisa 1,,40110,ORG French Roast 10 Count Tea Bag - G,Tea,inferred,,yes,3.0,383,4.46,13.38,85.9,1.431,28.6,
2026-03-19,2026-03,Maisa 1,,40113,ORG French Roast 25CT Tea Bag 3PK - G,Tea,inferred,,yes,3.0,192,5.0,15.0,38.4,0.64,12.8,
2026-03-19,2026-03,Maisa 2+3,,40010,ORG Vanilla Nut 10ct/6pk Tea Bag - GA,Tea,inferred,,yes,5.0,488,3.42,17.1,142.7,2.378,28.5,
2026-03-19,2026-03,Maisa 2+3,,40011,ORG Vanila Nut 25CT Tea Bag - GA,Tea,governed,high,yes,5.0,672,2.26,11.3,297.3,4.956,59.5,
2026-03-19,2026-03,Maisa 2+3,,40011A,ORG 25 CT Vanilla Nut AMZN - GA,Tea,inferred,,yes,5.0,768,2.14,10.7,358.9,5.981,71.8,
2026-03-19,2026-03,Maisa 2+3,,TB010,ORG Vanilla Nut Tea Bag Loose - GA,Tea,inferred,,yes,4.0,13000,1.43,5.72,9090.9,151.515,2272.7,
2026-03-19,2026-03,WeighRight,,10026,ORG Orange Peel 8 Oz Bag,Bag/Other,inferred,,yes,3.0,387,1.06,3.18,365.1,6.085,121.7,
2026-03-19,2026-03,WeighRight,,63010,ORG Dandelion Vanilla Nut 5 Lb Bag - A,Bag/Other,inferred,,yes,3.0,12,0.12,0.36,100.0,1.667,33.3,
2026-03-19,2026-03,WeighRight,,83010L,ORG Dandelion Vanilla Nut 10 Oz Bag/Box of 24 - A,Bag/Other,inferred,,yes,3.0,536,1.39,4.17,385.6,6.427,128.5,
2026-03-19,2026-03,WeighRight,,83080L,ORG Dandelion Mocha 10 Oz Bag/Box of 24 - A,Bag/Other,inferred,,yes,3.0,490,1.13,3.39,433.6,7.227,144.5,
2026-03-19,2026-03,WeighRight,,83310L,ORG Dandelion Mocha Mint 10 Oz Bag/Box of 24 - A,Bag/Other,inferred,,yes,3.0,317,0.54,1.62,587.0,9.784,195.7,
2026-03-19,2026-03,WeighRight,,85070L,ORG Miraculous Mushrooms A&P 10oz Bag/Box of 24,Bag/Other,inferred,,yes,3.0,1608,3.1,9.3,518.7,8.645,172.9,
2026-03-19,2026-03,WeighRight,,Air Clean Out,Air Clean out of Machine (no testing necessary),Bag/Other,inferred,,,3.0,0,0.43,1.29,,,,
2026-03-19,2026-03,WeighRight,,Air Clean Out,Air Clean out of Machine (no testing necessary),Bag/Other,inferred,,,3.0,0,0.19,0.57,,,,
2026-03-19,2026-03,WeighRight,,Air Clean Out,Air Clean out of Machine (no testing necessary),Bag/Other,inferred,,,3.0,0,0.19,0.57,,,,
2026-03-19,2026-03,WeighRight,,Air Clean Out,Air Clean out of Machine (no testing necessary),Bag/Other,inferred,,,3.0,0,0.13,0.39,,,,
2026-03-19,2026-03,WeighRight,,Air Clean Out,Air Clean out of Machine (no testing necessary),Bag/Other,inferred,,,3.0,0,0.17,0.51,,,,
2026-03-23,2026-03,AMS,handpack,10302A,WWB Organic Cinnamon Powder 1lb - AMZN Label,Bag/Other,inferred,,yes,3.0,113,1.31,3.93,86.3,1.438,28.8,
2026-03-23,2026-03,AMS,machine(Amy),10402A,AMZN- WWB-ORG Rama Tulsi - 8 OZ Bag,Bag/Other,inferred,,yes,4.0,336,2.38,9.52,141.2,2.353,35.3,
2026-03-23,2026-03,AMS,machine(Amy),Air clean out,Air Clean out of Machine (no testing necessary),Bag/Other,inferred,,,4.0,0,0.39,1.56,,,,
2026-03-23,2026-03,AMS,machine(Amy),Different tooling,,Bag/Other,inferred,,,4.0,0,1.06,4.24,,,,
2026-03-23,2026-03,Assembly,,40001L,Herbal Tea Sampler Box - Loose,Sampler,governed,high,,4.0,0,5.48,21.92,,,,
2026-03-23,2026-03,Assembly,,40091,Teeccino Intro Tea Bag Sampler,Sampler,governed,high,yes,2.0,102,1.4,2.8,72.9,1.214,36.4,
2026-03-23,2026-03,Assembly,,40097,Teecino Tea Bag 12 Flavor Sampler,Sampler,governed,high,yes,2.0,240,4.39,8.78,54.7,0.911,27.3,
2026-03-23,2026-03,Maisa 1,,40111,ORG French Roast 25CT Tea Bag - G,Tea,governed,high,yes,3.0,1200,6.51,19.53,184.3,3.072,61.4,
2026-03-23,2026-03,Maisa 1,,40113,ORG French Roast 25CT Tea Bag 3PK - G,Tea,inferred,,yes,3.0,48,0.29,0.87,165.5,2.759,55.2,
2026-03-23,2026-03,Maisa 1,,TB110,ORG French Roast Tea Bag Loose - G,Tea,inferred,,yes,3.0,11000,2.41,7.23,4564.3,76.072,1521.4,
2026-03-23,2026-03,Maisa 2+3,,45050,ORG Turkey Tail Astragalus 10 Ct Tea Bag/6 Count Case - G,Tea,inferred,,yes,5.0,460,3.06,15.3,150.3,2.505,30.1,
2026-03-23,2026-03,Maisa 2+3,,45050F,Turkey Tail Astragalus Dual Language 10 cnt TB - G,Tea,inferred,,yes,5.0,460,3.41,17.05,134.9,2.248,27.0,
2026-03-23,2026-03,Maisa 2+3,,45050L,ORG Turkey Tail Astragalus 10-Ct Tea Bag - G,Tea,governed,high,yes,5.0,720,1.27,6.35,566.9,9.449,113.4,
2026-03-23,2026-03,Maisa 2+3,,Clean,Standard Clean,Tea,inferred,,,2.0,0,0.5,1.0,,,,
2026-03-23,2026-03,Maisa 2+3,,CleanA,Clean + Almond Test,Tea,inferred,,,5.0,0,0.17,0.85,,,,
2026-03-23,2026-03,Maisa 2+3,,CleanG,Clean + Gluten Test,Tea,inferred,,,5.0,0,0.32,1.6,,,,
2026-03-23,2026-03,Maisa 2+3,,TB010,ORG Vanilla Nut Tea Bag Loose - GA,Tea,inferred,,yes,2.0,1000,0.09,0.18,11111.1,185.185,5555.6,
2026-03-23,2026-03,Maisa 2+3,,TB333,ORG Dandelion Turmeric Tea Bag,Tea,inferred,,yes,2.0,1500,1.04,2.08,1442.3,24.038,721.2,
2026-03-23,2026-03,Maisa 2+3,,TB504,ORG Cordyceps Schisandra Loose Tea Bag,Tea,inferred,,yes,2.0,3000,0.54,1.08,5555.6,92.593,2777.8,
2026-03-23,2026-03,WeighRight,,50060,ORG Hazelnut 30g Trial Size Packet - GA,Bag/Other,inferred,,yes,2.0,2700,5.49,10.98,491.8,8.197,245.9,
2026-03-23,2026-03,WeighRight,,80060,ORG Hazelnut 11OZ Bag/6 Count Case - GA,Bag/Other,inferred,,yes,3.0,283,4.11,12.33,68.9,1.148,23.0,
2026-03-24,2026-03,AMS,machine(Amy),10202,ORG Peppermint 1 Lb Bag,Bag/Other,inferred,,yes,4.0,196,3.24,12.96,60.5,1.008,15.1,
2026-03-24,2026-03,AMS,machine(Amy),10402A,AMZN- WWB-ORG Rama Tulsi - 8 OZ Bag,Bag/Other,inferred,,yes,4.0,720,4.28,17.12,168.2,2.804,42.1,
2026-03-24,2026-03,AMS,unknown,Air clean out,Air Clean out of Machine (no testing necessary),Bag/Other,inferred,,,,0,0.56,,,,,
2026-03-24,2026-03,AMS,machine(Amy),Different tooling,,Bag/Other,inferred,,,4.0,0,1.34,5.36,,,,
2026-03-24,2026-03,Assembly,,10009A,AMZN ORG Chia 2 X 1 Lb Bag,Bag/Other,inferred,,yes,1.0,144,4.27,4.27,33.7,0.562,33.7,
2026-03-24,2026-03,Assembly,,40091,Teeccino Intro Tea Bag Sampler,Sampler,governed,high,yes,2.0,198,0.34,0.68,582.4,9.706,291.2,
2026-03-24,2026-03,Assembly,,43001,Dandelion Tea Sampler Box - 6 Count Case,Sampler,inferred,,yes,2.0,46,1.56,3.12,29.5,0.491,14.7,
2026-03-24,2026-03,Maisa 1,,43116,Dandelion DarkRoast Tagless Tea Bag - 50 Ct,Tea,governed,high,yes,3.0,264,3.15,9.45,83.8,1.397,27.9,
2026-03-24,2026-03,Maisa 1,,CleanG,Clean + Gluten Test,Tea,inferred,,,3.0,0,1.57,4.71,,,,
2026-03-24,2026-03,Maisa 1,,TB110,ORG French Roast Tea Bag Loose - G,Tea,inferred,,yes,3.0,7800,4.43,13.29,1760.7,29.345,586.9,
2026-03-24,2026-03,Maisa 2+3,,43220,ORG Dandelion Caramel Nut 10ct/6pk Tea Bag - A,Tea,inferred,,yes,5.0,411,3.43,17.15,119.8,1.997,24.0,
2026-03-24,2026-03,Maisa 2+3,,Clean,Standard Clean,Tea,inferred,,,2.0,0,0.29,0.58,,,,
2026-03-24,2026-03,Maisa 2+3,,TB333,ORG Dandelion Turmeric Tea Bag,Tea,inferred,,yes,2.0,24000,5.51,11.02,4355.7,72.595,2177.9,
2026-03-24,2026-03,Maisa 2+3,,TB504,ORG Cordyceps Schisandra Loose Tea Bag,Tea,inferred,,yes,2.0,24075,6.58,13.16,3658.8,60.98,1829.4,
2026-03-24,2026-03,WeighRight,,53110,Dandelion Dark Roast 30g Trial Size Packet,APG,governed,high,yes,3.0,2880,4.44,13.32,648.6,10.811,216.2,
2026-03-24,2026-03,WeighRight,,80060,ORG Hazelnut 11OZ Bag/6 Count Case - GA,Bag/Other,inferred,,yes,3.0,177,2.12,6.36,83.5,1.392,27.8,
2026-03-24,2026-03,WeighRight,,83110L,ORG Dandelion Dark Roast 10 oz Bag/Box of 24,APG,governed,high,yes,3.0,1320,2.48,7.44,532.3,8.871,177.4,
2026-03-24,2026-03,WeighRight,,CleanGA,Clean + Gluten + Almond Tests,Bag/Other,inferred,,,3.0,0,0.23,0.69,,,,
2026-03-25,2026-03,AMS,machine(Amy),10005A,WWB AMZN Organic Chia (1lb),Bag/Other,inferred,,yes,4.0,1080,4.06,16.24,266.0,4.433,66.5,
2026-03-25,2026-03,AMS,machine(Amy),10042,ORG Burdock 1 Lb Bag,Bag/Other,inferred,,yes,4.0,531,3.53,14.12,150.4,2.507,37.6,
2026-03-25,2026-03,AMS,machine(Amy),Air clean out,Air Clean out of Machine (no testing necessary),Bag/Other,inferred,,,4.0,0,1.09,4.36,,,,
2026-03-25,2026-03,AMS,machine(Amy),Air clean out,Air Clean out of Machine (no testing necessary),Bag/Other,inferred,,,4.0,0,0.59,2.36,,,,
2026-03-25,2026-03,Assembly,,43001,Dandelion Tea Sampler Box - 6 Count Case,Sampler,inferred,,yes,2.0,70,2.15,4.3,32.6,0.543,16.3,
2026-03-25,2026-03,Assembly,,GDB010,ORG Vanilla Nut Packet Goody Bag - GA,Bag/Other,inferred,,yes,1.0,25,0.15,0.15,166.7,2.778,166.7,
2026-03-25,2026-03,Assembly,,GDB060,ORG Hazelnut Packet Goody Bag - GA,Bag/Other,inferred,,yes,1.0,25,0.15,0.15,166.7,2.778,166.7,
2026-03-25,2026-03,Assembly,,GDB110,ORG French Roast Packet Goody Bag - G,Bag/Other,inferred,,yes,1.0,25,0.15,0.15,166.7,2.778,166.7,
2026-03-25,2026-03,Assembly,,GDB501,ORG Reishi Eleuthero Packet Goody Bag - G,Bag/Other,inferred,,yes,1.0,25,0.15,0.15,166.7,2.778,166.7,
2026-03-25,2026-03,Assembly,,TGB010,ORG Vanilla Nut Tea Bag Goody Bag - GA,Tea,inferred,,yes,1.0,50,0.3,0.3,166.7,2.778,166.7,
2026-03-25,2026-03,Assembly,,TGB311,ORG Dandelion Dark Roast Tea Bag Goody Bag,Tea,inferred,,yes,1.0,25,0.15,0.15,166.7,2.778,166.7,
2026-03-25,2026-03,Assembly,,TGB311,ORG Dandelion Dark Roast Tea Bag Goody Bag,Tea,inferred,,yes,1.0,50,0.32,0.32,156.2,2.604,156.2,
2026-03-25,2026-03,Assembly,,TGB322,Dandelion Caramel Nut Tea Bag Goody Bag - A,Tea,inferred,,yes,1.0,25,0.15,0.15,166.7,2.778,166.7,
2026-03-25,2026-03,Assembly,,TGB331,ORG Dandelion Mocha Mint Tea Bag Goody Bag - A,Tea,inferred,,yes,1.0,25,0.15,0.15,166.7,2.778,166.7,
2026-03-25,2026-03,Assembly,,TGB502,Chaga Ashwaganda Tea Goody Bag,Bag/Other,inferred,,yes,1.0,25,0.15,0.15,166.7,2.778,166.7,
2026-03-25,2026-03,Assembly,,TGB507,ORG Miraculous Mushroom AP Tea Bag Goody Bag,Tea,inferred,,yes,1.0,25,0.15,0.15,166.7,2.778,166.7,
2026-03-25,2026-03,Assembly,,TGB507,ORG Miraculous Mushroom AP Tea Bag Goody Bag,Tea,inferred,,yes,1.0,50,0.3,0.3,166.7,2.778,166.7,
2026-03-25,2026-03,Assembly,,TGB601,ORG Dark Chocolate Tea Bag Goody Bag,Tea,inferred,,yes,1.0,25,0.15,0.15,166.7,2.778,166.7,
2026-03-25,2026-03,Assembly,,TGB601,ORG Dark Chocolate Tea Bag Goody Bag,Tea,inferred,,yes,1.0,50,0.3,0.3,166.7,2.778,166.7,
2026-03-25,2026-03,Maisa 1,,43116,Dandelion DarkRoast Tagless Tea Bag - 50 Ct,Tea,governed,high,yes,3.0,552,6.36,19.08,86.8,1.447,28.9,
2026-03-25,2026-03,Maisa 1,,TB311,ORG Dandelion Dark Roast Tea Bag,Tea,inferred,,yes,3.0,6000,3.24,9.72,1851.9,30.864,617.3,
2026-03-25,2026-03,Maisa 2+3,,43220,ORG Dandelion Caramel Nut 10ct/6pk Tea Bag - A,Tea,inferred,,yes,5.0,1290,10.06,50.3,128.2,2.137,25.6,
2026-03-25,2026-03,WeighRight,,50110,ORG French Roast 30g Trial Size Packet - G,Bag/Other,inferred,,yes,3.0,1440,2.3,6.9,626.1,10.435,208.7,
2026-03-25,2026-03,WeighRight,,60120,DO NOT MAKE ORG Maya Chai 5 Lb Bag - G,Bag/Other,inferred,,yes,3.0,63,0.2,0.6,315.0,5.25,105.0,
2026-03-25,2026-03,WeighRight,,80110,ORG French Roast 11OZ Bag/6 Count Case - G,Bag/Other,inferred,,yes,3.0,230,16.1,48.3,14.3,0.238,4.8,
2026-03-25,2026-03,WeighRight,,80113,ORG French Roast 11OZ Bag 3PK - G,Bag/Other,inferred,,yes,3.0,320,1.55,4.65,206.5,3.441,68.8,
2026-03-25,2026-03,WeighRight,,83110L,ORG Dandelion Dark Roast 10 oz Bag/Box of 24,APG,governed,high,yes,3.0,120,0.15,0.45,800.0,13.333,266.7,
2026-03-25,2026-03,WeighRight,,Air Clean Out,Air Clean out of Machine (no testing necessary),Bag/Other,inferred,,,3.0,0,0.3,0.9,,,,
2026-03-25,2026-03,WeighRight,,Clean,Standard Clean,Bag/Other,inferred,,,3.0,0,0.15,0.45,,,,
2026-03-26,2026-03,AMS,machine(Amy),10071,AMZN - WWB - ORG Roasted Barley - 1 Lb - G,Bag/Other,inferred,,yes,4.0,840,2.37,9.48,354.4,5.907,88.6,
2026-03-26,2026-03,AMS,machine(Amy),CleanG,Clean + Gluten Test,Bag/Other,inferred,,,4.0,0,0.1,0.4,,,,
2026-03-26,2026-03,Assembly,,40033,ORG Almond Amaretto 25CT Tea Bag 3PK - GA,Tea,inferred,,yes,1.0,30,4.1,4.1,7.3,0.122,7.3,
2026-03-26,2026-03,Assembly,,43001,Dandelion Tea Sampler Box - 6 Count Case,Sampler,inferred,,yes,2.0,68,7.15,14.3,9.5,0.159,4.8,
2026-03-26,2026-03,Maisa 1,,43111,ORG Dandelion Dark Roast 25CT Tea Bag,Tea,governed,high,yes,3.0,42731,4.33,12.99,9868.6,164.477,3289.5,
2026-03-26,2026-03,Maisa 1,,45031,ORG Lion's Mane Rhodiola 25 Ct Tea Bag - G,Tea,inferred,,,3.0,22,,,,,,
2026-03-26,2026-03,Maisa 1,,Clean,Standard Clean,Tea,inferred,,,3.0,0,0.38,1.14,,,,
2026-03-26,2026-03,Maisa 1,,TB311,ORG Dandelion Dark Roast Tea Bag,Tea,inferred,,yes,3.0,14000,4.36,13.08,3211.0,53.517,1070.3,
2026-03-26,2026-03,Maisa 2+3,,43220,ORG Dandelion Caramel Nut 10ct/6pk Tea Bag - A,Tea,inferred,,yes,5.0,369,2.44,12.2,151.2,2.52,30.2,
2026-03-26,2026-03,Maisa 2+3,,43220F,Dandelion Caramel Nut Dual Language 10 cnt TB - A,Tea,inferred,,yes,5.0,120,1.01,5.05,118.8,1.98,23.8,
2026-03-26,2026-03,Maisa 2+3,,43220L,Org Dandelion Caramel Nut 10 Ct Tea Bag Loose - A,Tea,governed,high,yes,5.0,864,1.55,7.75,557.4,9.29,111.5,
2026-03-26,2026-03,Maisa 2+3,,43221,ORG Dandelion Caramel Nut 25CT Tea Bag - A,Tea,governed,high,yes,5.0,520,1.23,6.15,422.8,7.046,84.6,
2026-03-26,2026-03,Maisa 2+3,,45020,ORG Chaga Ashwagandha 10 Ct Tea Bag/6 Count Case,Tea,inferred,,yes,5.0,230,1.3,6.5,176.9,2.949,35.4,
2026-03-26,2026-03,Maisa 2+3,,CleanA,Clean + Almond Test,Tea,inferred,,,5.0,0,1.17,5.85,,,,
2026-03-26,2026-03,WeighRight,,56010,Dark Chocolate 30g Trial Size Packet,Bag/Other,inferred,,yes,3.0,1320,2.17,6.51,608.3,10.138,202.8,
2026-03-26,2026-03,WeighRight,,60110,ORG French Roast 5 Lb Bag - G,Bag/Other,inferred,,yes,3.0,142,0.59,1.77,240.7,4.011,80.2,
2026-03-26,2026-03,WeighRight,,80110,ORG French Roast 11OZ Bag/6 Count Case - G,Bag/Other,inferred,,yes,3.0,271,6.0,18.0,45.2,0.753,15.1,
2026-03-26,2026-03,WeighRight,,CleanG,Clean + Gluten Test,Bag/Other,inferred,,,3.0,0,0.34,1.02,,,,
2026-03-30,2026-03,AMS,machine(Amy),30007,Instant Miraculous Mushrooms A&P 100g Bag / 6 Count Case,Instant,inferred,,yes,4.0,123,4.3,17.2,28.6,0.477,7.2,
2026-03-30,2026-03,AMS,machine(Amy),31008,ORG Instant French Roast Latte 6Ct Case,Instant,inferred,,yes,4.0,124,3.43,13.72,36.2,0.603,9.0,
2026-03-30,2026-03,AMS,machine(Amy),Air clean out,Air Clean out of Machine (no testing necessary),Bag/Other,inferred,,,4.0,0,0.24,0.96,,,,
2026-03-30,2026-03,Assembly,,40033,ORG Almond Amaretto 25CT Tea Bag 3PK - GA,Tea,inferred,,yes,1.0,30,5.0,5.0,6.0,0.1,6.0,
2026-03-30,2026-03,Assembly,,43001,Dandelion Tea Sampler Box - 6 Count Case,Sampler,inferred,,yes,2.0,46,1.4,2.8,32.9,0.548,16.4,
2026-03-30,2026-03,Assembly,,43001L,Dandelion Tea Sampler Box - Loose - G,Sampler,governed,high,yes,2.0,244,0.5,1.0,488.0,8.133,244.0,
2026-03-30,2026-03,Assembly,,50097,Teeccino 30g Packet 10 Flavor Sampler,Sampler,governed,high,yes,1.0,122,5.0,5.0,24.4,0.407,24.4,
2026-03-30,2026-03,Assembly,,80013,ORG Vanilla Nut 11oz Bag 3PK - GA,Bag/Other,inferred,,yes,1.0,96,4.15,4.15,23.1,0.386,23.1,
2026-03-30,2026-03,Maisa 1,,45030,ORG Lion's Mane Rhodiola 10 Ct Tea Bag/6 Count Case - G,Tea,inferred,,,3.0,483,,,,,,
2026-03-30,2026-03,Maisa 1,,45031,ORG Lion's Mane Rhodiola 25 Ct Tea Bag - G,Tea,inferred,,,3.0,698,,,,,,
2026-03-30,2026-03,Maisa 2+3,,45020,ORG Chaga Ashwagandha 10 Ct Tea Bag/6 Count Case,Tea,inferred,,yes,5.0,690,5.55,27.75,124.3,2.072,24.9,
2026-03-30,2026-03,Maisa 2+3,,45020L,ORG Chaga Ashwagandha 10-Ct Tea Bag,Tea,governed,high,yes,5.0,648,1.12,5.6,578.6,9.643,115.7,
2026-03-30,2026-03,Maisa 2+3,,45021,ORG Chaga Ashwagandha 25 Ct Tea Bag,Tea,governed,high,yes,5.0,792,2.47,12.35,320.6,5.344,64.1,
2026-03-30,2026-03,WeighRight,,55070,ORG Miraculous Mushrooms A+P 30g Trial Size Packet,Bag/Other,inferred,,yes,3.0,180,0.51,1.53,352.9,5.882,117.6,
2026-03-30,2026-03,WeighRight,,56010,Dark Chocolate 30g Trial Size Packet,Bag/Other,inferred,,yes,3.0,1380,2.14,6.42,644.9,10.748,215.0,
2026-03-30,2026-03,WeighRight,,86010,ORG Dark Chocolate 10 Oz Bag/6 Count Case,Bag/Other,inferred,,yes,3.0,120,1.39,4.17,86.3,1.439,28.8,
2026-03-30,2026-03,WeighRight,,86010L,ORG Dark Chocolate 10 Oz Bag/Box of 24,Bag/Other,inferred,,yes,3.0,1440,3.24,9.72,444.4,7.407,148.1,
2026-03-30,2026-03,WeighRight,,Air Clean Out,Air Clean out of Machine (no testing necessary),Bag/Other,inferred,,,3.0,0,0.35,1.05,,,,
2026-03-31,2026-03,AMS,machine(Amy),10022,ORG Raw Dandelion1 Lb Bag,Bag/Other,inferred,,yes,4.0,972,3.46,13.84,280.9,4.682,70.2,
2026-03-31,2026-03,AMS,machine(Amy),31008,ORG Instant French Roast Latte 6Ct Case,Instant,inferred,,yes,4.0,106,1.24,4.96,85.5,1.425,21.4,
2026-03-31,2026-03,AMS,machine(Amy),31008L,ORG Instant French Roast Latte 224g Bag,Instant,governed,high,yes,4.0,633,1.41,5.64,448.9,7.482,112.2,
2026-03-31,2026-03,AMS,machine(Amy),31010,ORG Instant Hazelnut Latte 6Ct Case,Instant,inferred,,yes,4.0,30,0.42,1.68,71.4,1.19,17.9,
2026-03-31,2026-03,AMS,machine(Amy),31010L,ORG Instant Hazelnut Latte 224g Bag,Instant,governed,high,yes,4.0,184,0.4,1.6,460.0,7.667,115.0,
2026-03-31,2026-03,AMS,machine(Amy),Air clean out,Air Clean out of Machine (no testing necessary),Bag/Other,inferred,,,4.0,0,0.33,1.32,,,,
2026-03-31,2026-03,AMS,machine(Amy),CleanG,Clean + Gluten Test,Bag/Other,inferred,,,4.0,0,0.39,1.56,,,,
2026-03-31,2026-03,Assembly,,43001L,Dandelion Tea Sampler Box - Loose - G,Sampler,governed,high,yes,2.0,420,2.3,4.6,182.6,3.043,91.3,
2026-03-31,2026-03,Assembly,,43311,Dandelion Mocha Mint 25 Count Tea Bag - A,Tea,governed,high,,1.0,0,3.57,3.57,,,,
2026-03-31,2026-03,Assembly,,50097,Teeccino 30g Packet 10 Flavor Sampler,Sampler,governed,high,yes,1.0,130,4.18,4.18,31.1,0.518,31.1,
2026-03-31,2026-03,Assembly,,80063,ORG Hazelnut 11OZ Bag 3PK  - GA,Bag/Other,inferred,,yes,1.0,96,2.53,2.53,37.9,0.632,37.9,
2026-03-31,2026-03,Assembly,,80113,ORG French Roast 11OZ Bag 3PK - G,Bag/Other,inferred,,yes,1.0,96,3.05,3.05,31.5,0.525,31.5,
2026-03-31,2026-03,Maisa 1,,45030,ORG Lion's Mane Rhodiola 10 Ct Tea Bag/6 Count Case - G,Tea,inferred,,,3.0,62,,,,,,
2026-03-31,2026-03,Maisa 1,,45030F,Lion's Mane Rhodiola Dual Language 10 cnt TB - G,Tea,inferred,,,3.0,400,,,,,,
2026-03-31,2026-03,Maisa 2+3,,45021,ORG Chaga Ashwagandha 25 Ct Tea Bag,Tea,governed,high,yes,5.0,408,1.29,6.45,316.3,5.271,63.3,
2026-03-31,2026-03,Maisa 2+3,,46010,ORG Dark Chocolate 10 Ct Tea Bag/6 Count Case,Tea,inferred,,yes,5.0,616,6.17,30.85,99.8,1.664,20.0,
2026-03-31,2026-03,Maisa 2+3,,46013,ORG Dark Chocolate 25CT Tea Bag 3PK,Tea,inferred,,yes,5.0,216,1.47,7.35,146.9,2.449,29.4,
2026-03-31,2026-03,Maisa 2+3,,Clean,Standard Clean,Tea,inferred,,,5.0,0,0.27,1.35,,,,
2026-03-31,2026-03,WeighRight,,10023,WWB - ORG Elderberries - 1 Lb Bag,Bag/Other,inferred,,yes,3.0,368,1.15,3.45,320.0,5.333,106.7,
2026-03-31,2026-03,WeighRight,,55070,ORG Miraculous Mushrooms A+P 30g Trial Size Packet,Bag/Other,inferred,,yes,3.0,2160,3.1,9.3,696.8,11.613,232.3,
2026-03-31,2026-03,WeighRight,,63340,ORG Dandelion Coconut 5 Lb Bag - A,APG,governed,high,yes,3.0,20,0.17,0.51,117.6,1.961,39.2,
2026-03-31,2026-03,WeighRight,,83340L,ORG Dandelion Coconut 10 Oz Bag/Box of 24 - A,APG,governed,high,yes,3.0,672,1.14,3.42,589.5,9.825,196.5,
2026-03-31,2026-03,WeighRight,,85050,ORG Turkey Tail Astragalus 10 Oz Bag/6 Count Case - G,Bag/Other,inferred,,yes,3.0,120,1.2,3.6,100.0,1.667,33.3,
2026-03-31,2026-03,WeighRight,,85050L,ORG Turkey Tail Astragalus 10 Oz Bag/Box of 24 - G,Bag/Other,inferred,,yes,3.0,576,1.35,4.05,426.7,7.111,142.2,
2026-03-31,2026-03,WeighRight,,Air Clean Out,Air Clean out of Machine (no testing necessary),Bag/Other,inferred,,,3.0,0,0.25,0.75,,,,
2026-03-31,2026-03,WeighRight,,Air Clean Out,Air Clean out of Machine (no testing necessary),Bag/Other,inferred,,,3.0,0,0.22,0.66,,,,
2026-03-31,2026-03,WeighRight,,CleanA,Clean + Almond Test,Bag/Other,inferred,,,3.0,0,0.27,0.81,,,,
2026-04-01,2026-04,AMS,machine(Amy),10022,ORG Raw Dandelion1 Lb Bag,Bag/Other,inferred,,yes,4.0,2220,8.41,33.64,264.0,4.4,66.0,
2026-04-01,2026-04,AMS,machine(Amy),Air clean out,Air Clean out of Machine (no testing necessary),Bag/Other,inferred,,,4.0,0,0.22,0.88,,,,
2026-04-01,2026-04,AMS,handpack,Different tooling,,Bag/Other,inferred,,,1.0,0,0.45,0.45,,,,
2026-04-01,2026-04,Assembly,,43001L,Dandelion Tea Sampler Box - Loose - G,Sampler,governed,high,yes,2.0,420,2.3,4.6,182.6,3.043,91.3,
2026-04-01,2026-04,Assembly,,50096,Top Six Packet Sampler pack,Sampler,inferred,,yes,1.0,310,10.1,10.1,30.7,0.512,30.7,
2026-04-01,2026-04,Assembly,,50096,Top Six Packet Sampler pack,Sampler,inferred,,yes,1.0,110,4.3,4.3,25.6,0.426,25.6,
2026-04-01,2026-04,Assembly,,85010,ORG Reishi Eleuthero 10 Oz Bag/6 Count Case - G,Bag/Other,inferred,,yes,1.0,40,1.13,1.13,35.4,0.59,35.4,
2026-04-01,2026-04,Assembly,,TGB010,ORG Vanilla Nut Tea Bag Goody Bag - GA,Tea,inferred,,yes,1.0,50,0.16,0.16,312.5,5.208,312.5,
2026-04-01,2026-04,Assembly,,TGB311,ORG Dandelion Dark Roast Tea Bag Goody Bag,Tea,inferred,,yes,1.0,50,0.08,0.08,625.0,10.417,625.0,
2026-04-01,2026-04,Assembly,,TGB322,Dandelion Caramel Nut Tea Bag Goody Bag - A,Tea,inferred,,yes,1.0,50,0.16,0.16,312.5,5.208,312.5,
2026-04-01,2026-04,Assembly,,TGB502,Chaga Ashwaganda Tea Goody Bag,Bag/Other,inferred,,yes,1.0,50,0.16,0.16,312.5,5.208,312.5,
2026-04-01,2026-04,Assembly,,TGB601,ORG Dark Chocolate Tea Bag Goody Bag,Tea,inferred,,yes,1.0,50,0.16,0.16,312.5,5.208,312.5,
2026-04-01,2026-04,Maisa 1,,42080,ORG Irish Cream 10ct/6pk Tea Bag - G,Tea,inferred,,yes,3.0,230,3.48,10.44,66.1,1.102,22.0,
2026-04-01,2026-04,Maisa 1,,42081,ORG Irish Cream 25Ct Tea Bag Box - G,Tea,inferred,,yes,3.0,8,0.07,0.21,114.3,1.905,38.1,
2026-04-01,2026-04,Maisa 1,,45030F,Lion's Mane Rhodiola Dual Language 10 cnt TB - G,Tea,inferred,,,3.0,230,,,,,,
2026-04-01,2026-04,Maisa 1,,Clean,Standard Clean,Tea,inferred,,,3.0,0,0.45,1.35,,,,
2026-04-01,2026-04,Maisa 2+3,,43340,ORG Dandelion Coconut 10CT Tea Bag - A,Tea,inferred,,yes,5.0,18,0.43,2.15,41.9,0.698,8.4,
2026-04-01,2026-04,Maisa 2+3,,46010,ORG Dark Chocolate 10 Ct Tea Bag/6 Count Case,Tea,inferred,,yes,5.0,74,0.37,1.85,200.0,3.333,40.0,
2026-04-01,2026-04,Maisa 2+3,,46010L,ORG Dark Chocolate 10 Ct Tea Bag/36 Count Box,Tea,governed,high,yes,5.0,1152,1.14,5.7,1010.5,16.842,202.1,
2026-04-01,2026-04,Maisa 2+3,,46011,ORG Dark Chocolate 25 Ct Tea Bag,Tea,governed,high,yes,5.0,1464,5.06,25.3,289.3,4.822,57.9,
2026-04-01,2026-04,Maisa 2+3,,Clean,Standard Clean,Tea,inferred,,,5.0,0,0.4,2.0,,,,
2026-04-01,2026-04,Maisa 2+3,,TB334,ORG Dandelion Coconut Tea Bag - A,Tea,inferred,,yes,4.0,14500,1.51,6.04,9602.6,160.044,2400.7,
2026-04-01,2026-04,WeighRight,,55020,Chaga Ashwagandha 30g Trial Size Packet,Bag/Other,inferred,,yes,3.0,2160,3.39,10.17,637.2,10.619,212.4,
2026-04-01,2026-04,WeighRight,,60020,ORG Chocolate Mint 5 Lb Bag - GA,Bag/Other,inferred,,yes,3.0,32,0.17,0.51,188.2,3.137,62.7,
2026-04-01,2026-04,WeighRight,,60030,ORG Almond Amaretto 5 Lb Bag - GA,Bag/Other,inferred,,yes,3.0,60,0.25,0.75,240.0,4.0,80.0,
2026-04-01,2026-04,WeighRight,,80020A,AMZN Org Chocolate Mint11OZ Bag/Box of 24 - GA,Bag/Other,inferred,,yes,3.0,288,0.5,1.5,576.0,9.6,192.0,
2026-04-01,2026-04,WeighRight,,80030,ORG Almond Amaretto 11OZ Bag/6 Count Case - GA,Bag/Other,inferred,,yes,3.0,120,1.11,3.33,108.1,1.802,36.0,
2026-04-01,2026-04,WeighRight,,80030L,ORG Almond Amaretto 11OZ Bag/Box of 24 - GA,Bag/Other,inferred,,yes,3.0,672,1.27,3.81,529.1,8.819,176.4,
2026-04-01,2026-04,WeighRight,,85050L,ORG Turkey Tail Astragalus 10 Oz Bag/Box of 24 - G,Bag/Other,inferred,,yes,3.0,430,0.5,1.5,860.0,14.333,286.7,
2026-04-01,2026-04,WeighRight,,Air Clean Out,Air Clean out of Machine (no testing necessary),Bag/Other,inferred,,,3.0,0,0.25,0.75,,,,
2026-04-01,2026-04,WeighRight,,Air Clean Out,Air Clean out of Machine (no testing necessary),Bag/Other,inferred,,,3.0,0,0.17,0.51,,,,
2026-04-01,2026-04,WeighRight,,CleanGA,Clean + Gluten + Almond Tests,Bag/Other,inferred,,,3.0,0,0.35,1.05,,,,
2026-04-02,2026-04,AMS,machine(Amy),10044,AMZN- WWB-ORG Hibiscus - 1 Lb Bag,Bag/Other,inferred,,yes,4.0,300,1.07,4.28,280.4,4.673,70.1,
2026-04-02,2026-04,AMS,handpack,Air clean out,Air Clean out of Machine (no testing necessary),Bag/Other,inferred,,,1.0,0,0.28,0.28,,,,
2026-04-02,2026-04,Assembly,,43001L,Dandelion Tea Sampler Box - Loose - G,Sampler,governed,high,yes,2.0,432,7.2,14.4,60.0,1.0,30.0,
2026-04-02,2026-04,Assembly,,80099,ORG Raspberry Mocha 11OZ Bag 3PK - GA,Bag/Other,inferred,,yes,1.0,80,1.3,1.3,61.5,1.026,61.5,
2026-04-02,2026-04,Assembly,,TGB010,ORG Vanilla Nut Tea Bag Goody Bag - GA,Tea,inferred,,yes,1.0,250,0.4,0.4,625.0,10.417,625.0,
2026-04-02,2026-04,Assembly,,TGB060,ORG Hazelnut Tea Bag Goody Bag - GA,Tea,inferred,,yes,1.0,250,0.35,0.35,714.3,11.905,714.3,
2026-04-02,2026-04,Assembly,,TGB311,ORG Dandelion Dark Roast Tea Bag Goody Bag,Tea,inferred,,yes,1.0,250,1.1,1.1,227.3,3.788,227.3,
2026-04-02,2026-04,Assembly,,TGB322,Dandelion Caramel Nut Tea Bag Goody Bag - A,Tea,inferred,,yes,1.0,250,0.5,0.5,500.0,8.333,500.0,
2026-04-02,2026-04,Assembly,,TGB502,Chaga Ashwaganda Tea Goody Bag,Bag/Other,inferred,,yes,1.0,250,1.01,1.01,247.5,4.125,247.5,
2026-04-02,2026-04,Assembly,,TGB601,ORG Dark Chocolate Tea Bag Goody Bag,Tea,inferred,,yes,1.0,250,1.49,1.49,167.8,2.796,167.8,
2026-04-02,2026-04,Maisa 1,,40033,ORG Almond Amaretto 25CT Tea Bag 3PK - GA,Tea,inferred,,yes,3.0,120,2.37,7.11,50.6,0.844,16.9,
2026-04-02,2026-04,Maisa 1,,40060,ORG Hazelnut 10ct/6pk Tea Bag - GA,Tea,inferred,,yes,3.0,5,0.26,0.78,19.2,0.321,6.4,
2026-04-02,2026-04,Maisa 1,,42081,ORG Irish Cream 25Ct Tea Bag Box - G,Tea,inferred,,yes,3.0,320,2.55,7.65,125.5,2.092,41.8,
2026-04-02,2026-04,Maisa 1,,Clean,Standard Clean,Tea,inferred,,,3.0,0,0.3,0.9,,,,
2026-04-02,2026-04,Maisa 1,,Clean,Standard Clean,Tea,inferred,,,3.0,0,0.27,0.81,,,,
2026-04-02,2026-04,Maisa 1,,Clean,Standard Clean,Tea,inferred,,,3.0,0,0.41,1.23,,,,
2026-04-02,2026-04,Maisa 1,,TB030,ORG Almond Amaretto Tea Bag - GA,Tea,inferred,,yes,3.0,1209,0.2,0.6,6045.0,100.75,2015.0,
2026-04-02,2026-04,Maisa 1,,TB080,ORG Mocha Tea Bag - GA,Tea,inferred,,yes,3.0,8000,1.51,4.53,5298.0,88.3,1766.0,
2026-04-02,2026-04,Maisa 2+3,,40011,ORG Vanila Nut 25CT Tea Bag - GA,Tea,governed,high,yes,5.0,24,1.36,6.8,17.6,0.294,3.5,
2026-04-02,2026-04,Maisa 2+3,,43340,ORG Dandelion Coconut 10CT Tea Bag - A,Tea,inferred,,yes,5.0,324,2.29,11.45,141.5,2.358,28.3,
2026-04-02,2026-04,Maisa 2+3,,Clean,Standard Clean,Tea,inferred,,,5.0,0,0.35,1.75,,,,
2026-04-02,2026-04,Maisa 2+3,,CleanA,Clean + Almond Test,Tea,inferred,,,5.0,0,0.26,1.3,,,,
2026-04-02,2026-04,Maisa 2+3,,TB130,ORG Maca Chocolate Tea Bag - G,Tea,inferred,,yes,4.0,31340,5.36,21.44,5847.0,97.45,1461.8,
2026-04-02,2026-04,WeighRight,,10026,ORG Orange Peel 8 Oz Bag,Bag/Other,inferred,,yes,3.0,378,1.01,3.03,374.3,6.238,124.8,
2026-04-02,2026-04,WeighRight,,50130,ORG MACA Chocolate 30g Trial Size Packet - G,Bag/Other,inferred,,yes,3.0,1080,1.4,4.2,771.4,12.857,257.1,
2026-04-02,2026-04,WeighRight,,60130,ORG MACA Chocolate 5 Lb Bag - G,Bag/Other,inferred,,yes,3.0,28,0.17,0.51,164.7,2.745,54.9,
2026-04-02,2026-04,WeighRight,,80063,ORG Hazelnut 11OZ Bag 3PK  - GA,Bag/Other,inferred,,yes,3.0,320,1.37,4.11,233.6,3.893,77.9,
2026-04-02,2026-04,WeighRight,,80130,ORG MACA Chocolate 11OZ Bag/6 Count Case - G,Bag/Other,inferred,,yes,3.0,151,1.29,3.87,117.1,1.951,39.0,
2026-04-02,2026-04,WeighRight,,85020,ORG Chaga Ashwagandha 10 Oz Bag/6 Count Case,Bag/Other,inferred,,yes,3.0,154,2.33,6.99,66.1,1.102,22.0,
2026-04-02,2026-04,WeighRight,,Air Clean Out,Air Clean out of Machine (no testing necessary),Bag/Other,inferred,,,3.0,0,0.27,0.81,,,,
2026-04-02,2026-04,WeighRight,,Air Clean Out,Air Clean out of Machine (no testing necessary),Bag/Other,inferred,,,3.0,0,0.24,0.72,,,,
2026-04-02,2026-04,WeighRight,,Air Clean Out,Air Clean out of Machine (no testing necessary),Bag/Other,inferred,,,3.0,0,0.19,0.57,,,,
2026-04-02,2026-04,WeighRight,,Air Clean Out,Air Clean out of Machine (no testing necessary),Bag/Other,inferred,,,3.0,0,0.28,0.84,,,,
2026-04-06,2026-04,AMS,machine(Amy),10006A,WWB AMZN Organic Lemon Balm (6 Oz) ,Bag/Other,inferred,,yes,4.0,1050,6.34,25.36,165.6,2.76,41.4,
2026-04-06,2026-04,Assembly,,43001L,Dandelion Tea Sampler Box - Loose - G,Sampler,governed,high,yes,1.0,284,3.51,3.51,80.9,1.349,80.9,
2026-04-06,2026-04,Assembly,,43311F,ORG Dandelion Mocha Mint DL 25CT Tea Bag AMZN (24pk) - A,Tea,inferred,,yes,2.0,57,1.3,2.6,43.8,0.731,21.9,
2026-04-06,2026-04,Assembly,,43311F,ORG Dandelion Mocha Mint DL 25CT Tea Bag AMZN (24pk) - A,Tea,inferred,,yes,1.0,15,1.0,1.0,15.0,0.25,15.0,
2026-04-06,2026-04,Assembly,,45001,Mushroom Adaptogen TB Sampler Box - 6 Count Case - G,Sampler,inferred,,yes,1.0,66,5.0,5.0,13.2,0.22,13.2,
2026-04-06,2026-04,Assembly,,45001,Mushroom Adaptogen TB Sampler Box - 6 Count Case - G,Sampler,inferred,,yes,1.0,39,3.3,3.3,11.8,0.197,11.8,
2026-04-06,2026-04,Assembly,,55092A,AMZN Mushroom 6 Packet Sampler,Sampler,inferred,,yes,1.0,150,3.38,3.38,44.4,0.74,44.4,
2026-04-06,2026-04,Maisa 1,,40060,ORG Hazelnut 10ct/6pk Tea Bag - GA,Tea,inferred,,yes,3.0,833,10.05,30.15,82.9,1.381,27.6,
2026-04-06,2026-04,Maisa 2+3,,40010,ORG Vanilla Nut 10ct/6pk Tea Bag - GA,Tea,inferred,,yes,5.0,578,6.42,32.1,90.0,1.501,18.0,
2026-04-06,2026-04,Maisa 2+3,,40011,ORG Vanila Nut 25CT Tea Bag - GA,Tea,governed,high,yes,3.0,468,3.26,9.78,143.6,2.393,47.9,
2026-04-06,2026-04,Maisa 2+3,,TB010,ORG Vanilla Nut Tea Bag Loose - GA,Tea,inferred,,yes,2.0,7500,1.45,2.9,5172.4,86.207,2586.2,
2026-04-06,2026-04,WeighRight,,50010,ORG Vanilla Nut 30g Trial Size Packet - GA,Bag/Other,inferred,,yes,3.0,2160,3.27,9.81,660.6,11.009,220.2,
2026-04-06,2026-04,WeighRight,,60080,ORG Mocha 5 Lb Bag - GA,Bag/Other,inferred,,yes,3.0,48,0.27,0.81,177.8,2.963,59.3,
2026-04-06,2026-04,WeighRight,,80013,ORG Vanilla Nut 11oz Bag 3PK - GA,Bag/Other,inferred,,yes,3.0,432,2.39,7.17,180.8,3.013,60.3,
2026-04-06,2026-04,WeighRight,,80080,ORG Mocha 11OZ Bag/6 Count Case - GA,Bag/Other,inferred,,yes,3.0,140,2.08,6.24,67.3,1.122,22.4,
2026-04-06,2026-04,WeighRight,,85070,ORG Miraculous Mushrooms A&P 6Ct/10Oz APG Bag,APG,inferred,,yes,3.0,30,0.31,0.93,96.8,1.613,32.3,
2026-04-06,2026-04,WeighRight,,Air Clean Out,Air Clean out of Machine (no testing necessary),Bag/Other,inferred,,,3.0,0,0.13,0.39,,,,
2026-04-06,2026-04,WeighRight,,CleanGA,Clean + Gluten + Almond Tests,Bag/Other,inferred,,,3.0,0,0.44,1.32,,,,
2026-04-07,2026-04,AMS,machine(Amy),10006A,WWB AMZN Organic Lemon Balm (6 Oz) ,Bag/Other,inferred,,yes,4.0,990,4.41,17.64,224.5,3.741,56.1,
2026-04-07,2026-04,AMS,machine(Amy),10101,WWB - ORG Medium Roasted Carob Flour - 1 Lb Bag,Bag/Other,inferred,,yes,4.0,816,4.33,17.32,188.5,3.141,47.1,
2026-04-07,2026-04,AMS,handpack,Air clean out,Air Clean out of Machine (no testing necessary),Bag/Other,inferred,,,1.0,0,0.25,0.25,,,,
2026-04-07,2026-04,AMS,handpack,Different tooling,,Bag/Other,inferred,,,1.0,0,0.41,0.41,,,,
2026-04-07,2026-04,Assembly,,40011F,ORG Vanilla Nut DL 25CT Tea Bag AMZN (24pk) - GA,Tea,inferred,,yes,2.0,72,1.29,2.58,55.8,0.93,27.9,
2026-04-07,2026-04,Assembly,,43221F,ORG Dandelion Caramel Nut DL 25CT Tea Bag AMZN (24pk) - A,Tea,inferred,,yes,2.0,72,1.2,2.4,60.0,1.0,30.0,
2026-04-07,2026-04,Assembly,,45001,Mushroom Adaptogen TB Sampler Box - 6 Count Case - G,Sampler,inferred,,,1.0,0,9.55,9.55,,,,
2026-04-07,2026-04,Maisa 1,,40060,ORG Hazelnut 10ct/6pk Tea Bag - GA,Tea,inferred,,yes,3.0,87,1.09,3.27,79.8,1.33,26.6,
2026-04-07,2026-04,Maisa 1,,40061,ORG Hazelnut 25CT Tea Bag - GA,Tea,governed,high,yes,3.0,816,4.46,13.38,183.0,3.049,61.0,
2026-04-07,2026-04,Maisa 1,,43226,Dandelion Caramel Nut Tagless Tea Bag - 50 Ct - A,Tea,governed,high,yes,3.0,27,0.16,0.48,168.8,2.812,56.2,
2026-04-07,2026-04,Maisa 1,,CleanG,Clean + Gluten Test,Tea,inferred,,,3.0,0,0.41,1.23,,,,
2026-04-07,2026-04,Maisa 1,,TB060,ORG Hazelnut Tea Bag Loose - GA,Tea,inferred,,yes,3.0,13500,3.08,9.24,4383.1,73.052,1461.0,
2026-04-07,2026-04,Maisa 2+3,,40010,ORG Vanilla Nut 10ct/6pk Tea Bag - GA,Tea,inferred,,yes,5.0,112,0.44,2.2,254.5,4.242,50.9,
2026-04-07,2026-04,Maisa 2+3,,40031,ORG Almond Amaretto 25CT Tea Bag - GA,Tea,governed,high,yes,5.0,672,2.04,10.2,329.4,5.49,65.9,
2026-04-07,2026-04,Maisa 2+3,,Clean,Standard Clean,Tea,inferred,,,5.0,0,0.38,1.9,,,,
2026-04-07,2026-04,Maisa 2+3,,CleanA,Clean + Almond Test,Tea,inferred,,,5.0,0,,,,,,
2026-04-07,2026-04,Maisa 2+3,,TB010,ORG Vanilla Nut Tea Bag Loose - GA,Tea,inferred,,yes,4.0,19340,2.44,9.76,7926.2,132.104,1981.6,
2026-04-07,2026-04,Maisa 2+3,,TB030,ORG Almond Amaretto Tea Bag - GA,Tea,inferred,,yes,4.0,20000,2.1,8.4,9523.8,158.73,2381.0,
2026-04-07,2026-04,Maisa 2+3,,TB503,ORG Lion's Mane Rhodiola Loose Tea Bag - G,Tea,inferred,,yes,4.0,4000,1.22,4.88,3278.7,54.645,819.7,
2026-04-07,2026-04,WeighRight,,53220,Dandelion Caramel Nut 30g Trial Size Packet - A,Bag/Other,inferred,,yes,3.0,2700,4.19,12.57,644.4,10.74,214.8,
2026-04-07,2026-04,WeighRight,,80140L,ORG Original 10oz Bag/Box of 24 - G,APG,governed,high,yes,3.0,672,2.05,6.15,327.8,5.463,109.3,
2026-04-07,2026-04,WeighRight,,83220A,AMZN Dandelion Caramel Nut 10 Oz Bag/Box of 24 - A,Bag/Other,inferred,,yes,3.0,432,0.45,1.35,960.0,16.0,320.0,
2026-04-07,2026-04,WeighRight,,83220L,Dandelion Caramel Nut 10 Oz Bag/Box of 24 - A,Bag/Other,inferred,,yes,3.0,432,0.52,1.56,830.8,13.846,276.9,
2026-04-07,2026-04,WeighRight,,85070,ORG Miraculous Mushrooms A&P 6Ct/10Oz APG Bag,APG,inferred,,yes,3.0,141,1.13,3.39,124.8,2.08,41.6,
2026-04-07,2026-04,WeighRight,,Air Clean Out,Air Clean out of Machine (no testing necessary),Bag/Other,inferred,,,3.0,0,0.23,0.69,,,,
2026-04-07,2026-04,WeighRight,,CleanA,Clean + Almond Test,Bag/Other,inferred,,,3.0,0,0.15,0.45,,,,
2026-04-08,2026-04,AMS,machine(Amy),10026,ORG Orange Peel 8 Oz Bag,Bag/Other,inferred,,yes,4.0,528,3.05,12.2,173.1,2.885,43.3,
2026-04-08,2026-04,Assembly,,29002,ORG FR/HZ/VN 300g Variety Pack,Bundle,inferred,,yes,1.0,35,1.4,1.4,25.0,0.417,25.0,
2026-04-08,2026-04,Assembly,,90012,,Bag/Other,inferred,,yes,1.0,25,3.08,3.08,8.1,0.135,8.1,
2026-04-08,2026-04,Assembly,,TGB331,ORG Dandelion Mocha Mint Tea Bag Goody Bag - A,Tea,inferred,,yes,1.0,25,0.1,0.1,250.0,4.167,250.0,
2026-04-08,2026-04,Assembly,,TGB334,ORG Dandelion Coconut Tea Bag Goody Bag - A,Tea,inferred,,yes,1.0,25,0.47,0.47,53.2,0.887,53.2,
2026-04-08,2026-04,Assembly,,TGB503,Lion's Mane Rhodiola Tea Goody Bag - G,Bag/Other,inferred,,yes,1.0,250,0.55,0.55,454.5,7.576,454.5,
2026-04-08,2026-04,Assembly,,TGB505,Turkey Tail Astragalus Tea Goody Bag - G,Bag/Other,inferred,,yes,1.0,250,0.48,0.48,520.8,8.681,520.8,
2026-04-08,2026-04,Maisa 1,,43226,Dandelion Caramel Nut Tagless Tea Bag - 50 Ct - A,Tea,governed,high,yes,3.0,453,5.25,15.75,86.3,1.438,28.8,
2026-04-08,2026-04,Maisa 1,,TB322,ORG Dandelion Caramel Nut Tea Bag - A,Tea,inferred,,yes,3.0,19000,4.19,12.57,4534.6,75.577,1511.5,
2026-04-08,2026-04,Maisa 2+3,,42041,Snickerdoodle 25CT Tea Bag - GA,Tea,governed,high,yes,5.0,735,2.17,10.85,338.7,5.645,67.7,
2026-04-08,2026-04,Maisa 2+3,,43221,ORG Dandelion Caramel Nut 25CT Tea Bag - A,Tea,governed,high,yes,5.0,840,3.16,15.8,265.8,4.43,53.2,
2026-04-08,2026-04,Maisa 2+3,,43223,ORG Dandelion Caramel Nut 25CT Tea Bag 3PK - A,Tea,inferred,,yes,5.0,240,2.34,11.7,102.6,1.709,20.5,
2026-04-08,2026-04,Maisa 2+3,,Clean,Standard Clean,Tea,inferred,,,5.0,0,0.23,1.15,,,,
2026-04-08,2026-04,Maisa 2+3,,CleanG,Clean + Gluten Test,Tea,inferred,,,5.0,0,0.34,1.7,,,,
2026-04-08,2026-04,Maisa 2+3,,TB503,ORG Lion's Mane Rhodiola Loose Tea Bag - G,Tea,inferred,,yes,4.0,5550,0.56,2.24,9910.7,165.179,2477.7,
2026-04-08,2026-04,WeighRight,,50070,ORG Java 30g Trial Size Packet - GA,Bag/Other,inferred,,yes,3.0,1440,2.35,7.05,612.8,10.213,204.3,
2026-04-08,2026-04,WeighRight,,50110,ORG French Roast 30g Trial Size Packet - G,Bag/Other,inferred,,yes,3.0,1620,2.42,7.26,669.4,11.157,223.1,
2026-04-08,2026-04,WeighRight,,60070,ORG Java 5 Lb Bag - GA,Bag/Other,inferred,,yes,3.0,80,0.44,1.32,181.8,3.03,60.6,
2026-04-08,2026-04,WeighRight,,80070,ORG Java 11OZ Bag/6 Count Case - GA,Bag/Other,inferred,,yes,3.0,80,1.0,3.0,80.0,1.333,26.7,
2026-04-08,2026-04,WeighRight,,80073,ORG Java 11OZ Bag 3PK - GA,Bag/Other,inferred,,yes,3.0,352,1.5,4.5,234.7,3.911,78.2,
2026-04-08,2026-04,WeighRight,,80140L,ORG Original 10oz Bag/Box of 24 - G,APG,governed,high,yes,3.0,56,0.17,0.51,329.4,5.49,109.8,
2026-04-08,2026-04,WeighRight,,Air Clean Out,Air Clean out of Machine (no testing necessary),Bag/Other,inferred,,,3.0,0,0.16,0.48,,,,
2026-04-08,2026-04,WeighRight,,CleanA,Clean + Almond Test,Bag/Other,inferred,,,3.0,0,0.38,1.14,,,,
2026-04-09,2026-04,AMS,handpack,85050L,ORG Turkey Tail Astragalus 10 Oz Bag/Box of 24 - G,Bag/Other,inferred,,yes,2.0,240,1.25,2.5,192.0,3.2,96.0,
2026-04-09,2026-04,AMS,unknown,Converting jobs,,Bag/Other,inferred,,,,0,10.1,,,,,
2026-04-09,2026-04,AMS,handpack,TB332,ORG Dandelion Red Chai Tea Bag,Tea,inferred,,yes,2.0,9025,5.0,10.0,1805.0,30.083,902.5,
2026-04-09,2026-04,Assembly,,29002,ORG FR/HZ/VN 300g Variety Pack,Bundle,inferred,,,1.0,0,3.0,3.0,,,,
2026-04-09,2026-04,Assembly,,40130,ORG Maca Chocolate 10ct/6pk Tea Bag - G,Tea,inferred,,yes,1.0,82,9.31,9.31,8.8,0.147,8.8,
2026-04-09,2026-04,Assembly,,43110F,Dandelion Dark Roast Dual Language 10ct/6pk Tea Bag,Tea,inferred,,yes,1.0,70,5.05,5.05,13.9,0.231,13.9,
2026-04-09,2026-04,Assembly,,45001,Mushroom Adaptogen TB Sampler Box - 6 Count Case - G,Sampler,inferred,,yes,4.0,54,0.24,0.96,225.0,3.75,56.2,
2026-04-09,2026-04,Assembly,,TGB110,ORG French Roast Tea Bag Goody Bag - G,Tea,inferred,,yes,1.0,250,1.1,1.1,227.3,3.788,227.3,
2026-04-09,2026-04,Maisa 1,,47010,75147 TJ ORG Roasted Herbal Cofee (12 Pack) - G,Tea,inferred,,yes,3.0,204,7.55,22.65,27.0,0.45,9.0,
2026-04-09,2026-04,Maisa 1,,CleanA,Clean + Almond Test,Tea,inferred,,,3.0,0,0.13,0.39,,,,
2026-04-09,2026-04,Maisa 1,,TB322,ORG Dandelion Caramel Nut Tea Bag - A,Tea,inferred,,yes,3.0,8096,1.37,4.11,5909.5,98.491,1969.8,
2026-04-09,2026-04,Maisa 2+3,,47010,75147 TJ ORG Roasted Herbal Cofee (12 Pack) - G,Tea,inferred,,,5.0,588,,,,,,outlier_time
2026-04-09,2026-04,Maisa 2+3,,CleanA,Clean + Almond Test,Tea,inferred,,,5.0,0,0.15,0.75,,,,
2026-04-09,2026-04,WeighRight,,50110,ORG French Roast 30g Trial Size Packet - G,Bag/Other,inferred,,yes,3.0,2520,1.28,3.84,1968.8,32.812,656.2,
2026-04-09,2026-04,WeighRight,,80110,ORG French Roast 11OZ Bag/6 Count Case - G,Bag/Other,inferred,,,3.0,0,3.12,9.36,,,,
2026-04-09,2026-04,WeighRight,,80110A,AMZN Org French Roast 11OZ Bag/Box of 24 - G,Bag/Other,inferred,,yes,3.0,864,1.46,4.38,591.8,9.863,197.3,
2026-04-09,2026-04,WeighRight,,80110L,Org French Roast 11oz Bag/Box of 24 - G,Bag/Other,inferred,,yes,3.0,816,1.35,4.05,604.4,10.074,201.5,
2026-04-09,2026-04,WeighRight,,80113,ORG French Roast 11OZ Bag 3PK - G,Bag/Other,inferred,,yes,3.0,320,1.45,4.35,220.7,3.678,73.6,
2026-04-13,2026-04,AMS,handpack,40060L,Org Hazelnut 10 Ct Tea Bag Loose - GA,Tea,governed,high,yes,2.0,192,0.52,1.04,369.2,6.154,184.6,
2026-04-13,2026-04,AMS,handpack,40060L,Org Hazelnut 10 Ct Tea Bag Loose - GA,Tea,governed,high,yes,2.0,320,1.25,2.5,256.0,4.267,128.0,
2026-04-13,2026-04,AMS,machine(Amy),43341,Dandelion Coconut 25 Count Tea Bag - A,Tea,governed,high,,4.0,0,,,,,,
2026-04-13,2026-04,AMS,machine(Amy),80040L,ORG Blood Orange 11OZ Bag/Box of 24 - GA,Bag/Other,inferred,,yes,4.0,576,3.12,12.48,184.6,3.077,46.2,
2026-04-13,2026-04,Assembly,,40001,Herbal Tea Sampler Box - 6 Count Case,Sampler,inferred,,yes,2.0,76,1.15,2.3,66.1,1.101,33.0,
2026-04-13,2026-04,Assembly,,40130,ORG Maca Chocolate 10ct/6pk Tea Bag - G,Tea,inferred,,yes,1.0,38,4.29,4.29,8.9,0.148,8.9,
2026-04-13,2026-04,Assembly,,42080L,ORG Irish Cream 10ct Loose - G,Bag/Other,inferred,,yes,1.0,144,2.45,2.45,58.8,0.98,58.8,
2026-04-13,2026-04,Assembly,,43110F,Dandelion Dark Roast Dual Language 10ct/6pk Tea Bag,Tea,inferred,,yes,1.0,50,22.31,22.31,2.2,0.037,2.2,
2026-04-13,2026-04,Assembly,,50093,Wellness Packet Sampler Pack,Sampler,governed,high,yes,1.0,90,4.35,4.35,20.7,0.345,20.7,
2026-04-13,2026-04,Assembly,,85010L,ORG Reishi Eleuthero 10 Oz Bag/Box of 24 - G,APG,governed,high,yes,2.0,288,0.3,0.6,960.0,16.0,480.0,
2026-04-13,2026-04,Maisa 1,,47010,75147 TJ ORG Roasted Herbal Cofee (12 Pack) - G,Tea,inferred,,yes,3.0,358,10.0,30.0,35.8,0.597,11.9,
2026-04-13,2026-04,Maisa 2+3,,47010,75147 TJ ORG Roasted Herbal Cofee (12 Pack) - G,Tea,inferred,,yes,5.0,694,10.03,50.15,69.2,1.153,13.8,
2026-04-13,2026-04,WeighRight,,52040,ORG Snickerdoodle 30g Trial Size Packet - GA,APG,governed,high,,3.0,593,,,,,,
2026-04-13,2026-04,WeighRight,,53310,Dandelion Mocha Mint 30g Trial Size Packet - A,Bag/Other,inferred,,yes,3.0,1440,2.39,7.17,602.5,10.042,200.8,
2026-04-13,2026-04,WeighRight,,62060,ORG Maple Pecan 5 Lb Bag - GA,Bag/Other,inferred,,,3.0,0,0.19,0.57,,,,
2026-04-13,2026-04,WeighRight,,80110,ORG French Roast 11OZ Bag/6 Count Case - G,Bag/Other,inferred,,yes,3.0,290,2.26,6.78,128.3,2.139,42.8,
2026-04-13,2026-04,WeighRight,,80130A,AMZN Org Maca Chocolate 11OZ Bag/Box of 24 - G,Bag/Other,inferred,,yes,3.0,480,1.1,3.3,436.4,7.273,145.5,
2026-04-13,2026-04,WeighRight,,83310L,ORG Dandelion Mocha Mint 10 Oz Bag/Box of 24 - A,Bag/Other,inferred,,yes,3.0,249,0.52,1.56,478.8,7.981,159.6,
2026-04-13,2026-04,WeighRight,,83310L,ORG Dandelion Mocha Mint 10 Oz Bag/Box of 24 - A,Bag/Other,inferred,,yes,3.0,249,0.52,1.56,478.8,7.981,159.6,
2026-04-13,2026-04,WeighRight,,Air Clean Out,Air Clean out of Machine (no testing necessary),Bag/Other,inferred,,,3.0,0,1.39,4.17,,,,
2026-04-13,2026-04,WeighRight,,Air Clean Out,Air Clean out of Machine (no testing necessary),Bag/Other,inferred,,,3.0,0,0.21,0.63,,,,
2026-04-13,2026-04,WeighRight,,CleanA,Clean + Almond Test,Bag/Other,inferred,,,3.0,0,0.25,0.75,,,,
2026-04-13,2026-04,WeighRight,,CleanG,Clean + Gluten Test,Bag/Other,inferred,,,3.0,0,0.28,0.84,,,,
2026-04-14,2026-04,AMS,machine(Amy),10013,"ORG Hibisicus, 8 Oz Bag",Bag/Other,inferred,,yes,4.0,1776,5.29,21.16,335.7,5.595,83.9,
2026-04-14,2026-04,Assembly,,40001,Herbal Tea Sampler Box - 6 Count Case,Sampler,inferred,,yes,2.0,77,7.05,14.1,10.9,0.182,5.5,
2026-04-14,2026-04,Assembly,,40081,ORG Mocha 25CT Tea Bag - GA,Tea,governed,high,yes,2.0,225,0.3,0.6,750.0,12.5,375.0,
2026-04-14,2026-04,Assembly,,42080L,ORG Irish Cream 10ct Loose - G,Bag/Other,inferred,,yes,1.0,288,9.0,9.0,32.0,0.533,32.0,
2026-04-14,2026-04,Assembly,,45051,ORG Turkey Tail Astragalus 25 Ct Tea Bag - G,Tea,governed,high,yes,2.0,324,1.4,2.8,231.4,3.857,115.7,
2026-04-14,2026-04,Assembly,,TGB130,ORG Maca Chocolate Tea Bag Goody Bag,Tea,inferred,,yes,1.0,250,1.35,1.35,185.2,3.086,185.2,
2026-04-14,2026-04,Maisa 1,,47010,75147 TJ ORG Roasted Herbal Cofee (12 Pack) - G,Tea,inferred,,yes,3.0,358,10.0,30.0,35.8,0.597,11.9,
2026-04-14,2026-04,Maisa 2+3,,47010,75147 TJ ORG Roasted Herbal Cofee (12 Pack) - G,Tea,inferred,,yes,3.0,368,10.0,30.0,36.8,0.613,12.3,
2026-04-14,2026-04,WeighRight,,80060,ORG Hazelnut 11OZ Bag/6 Count Case - GA,Bag/Other,inferred,,yes,3.0,230,3.47,10.41,66.3,1.105,22.1,
2026-04-14,2026-04,WeighRight,,80060A,AMZN Org Hazelnut 11OZ Bag/Box of 24 - GA,Bag/Other,inferred,,yes,3.0,1200,3.08,9.24,389.6,6.494,129.9,
2026-04-14,2026-04,WeighRight,,80063,ORG Hazelnut 11OZ Bag 3PK  - GA,Bag/Other,inferred,,yes,3.0,320,1.48,4.44,216.2,3.604,72.1,
2026-04-14,2026-04,WeighRight,,Air Clean Out,Air Clean out of Machine (no testing necessary),Bag/Other,inferred,,,3.0,0,0.28,0.84,,,,
2026-04-15,2026-04,AMS,machine(Amy),10013,"ORG Hibisicus, 8 Oz Bag",Bag/Other,inferred,,yes,4.0,2772,9.45,37.8,293.3,4.889,73.3,
2026-04-15,2026-04,Assembly,,40001,Herbal Tea Sampler Box - 6 Count Case,Sampler,inferred,,yes,2.0,77,7.05,14.1,10.9,0.182,5.5,
2026-04-15,2026-04,Assembly,,40063,ORG Hazelnut 25CT Tea Bag 3PK - GA,Tea,inferred,,yes,1.0,44,8.03,8.03,5.5,0.091,5.5,
2026-04-15,2026-04,Maisa 1,,43310L,Org Dandelion Mocha Mint 10 Ct Tea Bag Loose - A,Tea,governed,high,yes,3.0,432,1.46,4.38,295.9,4.932,98.6,
2026-04-15,2026-04,Maisa 1,,43311,Dandelion Mocha Mint 25 Count Tea Bag - A,Tea,governed,high,yes,3.0,504,5.54,16.62,91.0,1.516,30.3,
2026-04-15,2026-04,Maisa 1,,47010,75147 TJ ORG Roasted Herbal Cofee (12 Pack) - G,Tea,inferred,,yes,3.0,138,1.3,3.9,106.2,1.769,35.4,
2026-04-15,2026-04,Maisa 1,,CleanG,Clean + Gluten Test,Tea,inferred,,,3.0,0,0.5,1.5,,,,
2026-04-15,2026-04,Maisa 2+3,,45050,ORG Turkey Tail Astragalus 10 Ct Tea Bag/6 Count Case - G,Tea,inferred,,yes,5.0,690,6.32,31.6,109.2,1.82,21.8,
2026-04-15,2026-04,Maisa 2+3,,47010,75147 TJ ORG Roasted Herbal Cofee (12 Pack) - G,Tea,inferred,,yes,5.0,276,2.48,12.4,111.3,1.855,22.3,
2026-04-15,2026-04,Maisa 2+3,,Clean,Standard Clean,Tea,inferred,,,5.0,0,0.35,1.75,,,,
2026-04-15,2026-04,WeighRight,,60060,ORG Hazelnut 5 Lb Bag - GA,Bag/Other,inferred,,yes,3.0,80,0.44,1.32,181.8,3.03,60.6,
2026-04-15,2026-04,WeighRight,,80010,ORG Vanilla Nut 11oz Bag/6 Count Case - GA,Bag/Other,inferred,,yes,3.0,230,3.03,9.09,75.9,1.265,25.3,
2026-04-15,2026-04,WeighRight,,80060,ORG Hazelnut 11OZ Bag/6 Count Case - GA,Bag/Other,inferred,,yes,3.0,230,3.34,10.02,68.9,1.148,23.0,
2026-04-16,2026-04,AMS,machine(Amy),10013,"ORG Hibisicus, 8 Oz Bag",Bag/Other,inferred,,yes,4.0,264,0.43,1.72,614.0,10.233,153.5,
2026-04-16,2026-04,AMS,machine(Amy),10027,Organic Licorice C/S - 8 Oz Bag,Bag/Other,inferred,,yes,4.0,70,0.2,0.8,350.0,5.833,87.5,
2026-04-16,2026-04,AMS,machine(Amy),10044,AMZN- WWB-ORG Hibiscus - 1 Lb Bag,Bag/Other,inferred,,yes,4.0,405,2.14,8.56,189.3,3.154,47.3,
2026-04-16,2026-04,AMS,machine(Amy),10201,WWB - ORG Peppermint Leaf - 4 Oz Bag,Bag/Other,inferred,,yes,4.0,1080,5.2,20.8,207.7,3.462,51.9,
2026-04-16,2026-04,AMS,machine(Amy),Air clean out,Air Clean out of Machine (no testing necessary),Bag/Other,inferred,,,4.0,0,0.24,0.96,,,,
2026-04-16,2026-04,AMS,handpack,Different tooling,,Bag/Other,inferred,,,1.0,0,0.3,0.3,,,,
2026-04-16,2026-04,Assembly,,40001L,Herbal Tea Sampler Box - Loose,Sampler,governed,high,yes,2.0,460,2.3,4.6,200.0,3.333,100.0,
2026-04-16,2026-04,Assembly,,40063,ORG Hazelnut 25CT Tea Bag 3PK - GA,Tea,inferred,,yes,1.0,76,7.28,7.28,10.4,0.174,10.4,
2026-04-16,2026-04,Assembly,,43371,ORG Blueberry Vanilla 25-Ct Tea Bag,Tea,inferred,,yes,1.0,25,2.57,2.57,9.7,0.162,9.7,
2026-04-16,2026-04,Maisa 1,,43011,ORG Dandelion Vanilla Nut 25CT Tea Bag - A,Tea,governed,high,yes,3.0,380,2.06,6.18,184.5,3.074,61.5,
2026-04-16,2026-04,Maisa 1,,43311,Dandelion Mocha Mint 25 Count Tea Bag - A,Tea,governed,high,yes,3.0,931,7.04,21.12,132.2,2.204,44.1,
2026-04-16,2026-04,Maisa 1,,Clean,Standard Clean,Tea,inferred,,,3.0,0,0.33,0.99,,,,
2026-04-16,2026-04,Maisa 2+3,,CleanG,Clean + Gluten Test,Tea,inferred,,,2.0,0,0.25,0.5,,,,
2026-04-16,2026-04,Maisa 2+3,,Dissambling jobs,,Tea,inferred,,,2.0,0,2.3,4.6,,,,
2026-04-16,2026-04,Maisa 2+3,,TB505,ORG Turkey Tail Astragalus Loose Tea Bag - G,Tea,inferred,,yes,2.0,18000,7.17,14.34,2510.5,41.841,1255.2,
2026-04-16,2026-04,WeighRight,,10023,WWB - ORG Elderberries - 1 Lb Bag,Bag/Other,inferred,,yes,3.0,600,2.1,6.3,285.7,4.762,95.2,
2026-04-16,2026-04,WeighRight,,50089,ORG Raspberry Mocha 30g Trial Size Packet - GA,Bag/Other,inferred,,yes,3.0,857,1.49,4.47,575.2,9.586,191.7,
2026-04-16,2026-04,WeighRight,,55050,Turkey Tail Astragalus 30g Trial Size Packet - G,Bag/Other,inferred,,yes,3.0,766,1.26,3.78,607.9,10.132,202.6,
2026-04-16,2026-04,WeighRight,,60010,ORG Vanilla Nut 5 Lb Bag - GA,Bag/Other,inferred,,yes,3.0,56,23.29,69.87,2.4,0.04,0.8,
2026-04-16,2026-04,WeighRight,,65050,ORG Turkey Tail Astragalus 5 Lb Bag - G,Bag/Other,inferred,,yes,3.0,27,0.15,0.45,180.0,3.0,60.0,
2026-04-16,2026-04,WeighRight,,80010,ORG Vanilla Nut 11oz Bag/6 Count Case - GA,Bag/Other,inferred,,yes,3.0,85,1.04,3.12,81.7,1.362,27.2,
2026-04-16,2026-04,WeighRight,,Air Clean Out,Air Clean out of Machine (no testing necessary),Bag/Other,inferred,,,3.0,0,1.47,4.41,,,,
2026-04-16,2026-04,WeighRight,,Air Clean Out,Air Clean out of Machine (no testing necessary),Bag/Other,inferred,,,3.0,0,0.57,1.71,,,,
2026-04-16,2026-04,WeighRight,,Air Clean Out,Air Clean out of Machine (no testing necessary),Bag/Other,inferred,,,3.0,0,0.19,0.57,,,,
2026-04-16,2026-04,WeighRight,,CleanGA,Clean + Gluten + Almond Tests,Bag/Other,inferred,,,3.0,0,1.23,3.69,,,,
2026-04-20,2026-04,AMS,machine(Amy),10027,Organic Licorice C/S - 8 Oz Bag,Bag/Other,inferred,,yes,4.0,650,2.48,9.92,262.1,4.368,65.5,
2026-04-20,2026-04,AMS,machine(Amy),10033,Powdered Fine Date Sugar - 1 Lb Bag,Bag/Other,inferred,,yes,4.0,120,0.4,1.6,300.0,5.0,75.0,
2026-04-20,2026-04,AMS,machine(Amy),10302A,WWB Organic Cinnamon Powder 1lb - AMZN Label,Bag/Other,inferred,,yes,4.0,180,1.4,5.6,128.6,2.143,32.1,
2026-04-20,2026-04,AMS,handpack,40071,ORG Java 25CT Tea Bag - GA,Tea,governed,high,yes,1.0,108,0.45,0.45,240.0,4.0,240.0,
2026-04-20,2026-04,AMS,handpack,40071,ORG Java 25CT Tea Bag - GA,Tea,governed,high,yes,1.0,108,0.45,0.45,240.0,4.0,240.0,
2026-04-20,2026-04,AMS,unknown,Air clean out,Air Clean out of Machine (no testing necessary),Bag/Other,inferred,,,,0,0.25,,,,,
2026-04-20,2026-04,AMS,unknown,Air clean out,Air Clean out of Machine (no testing necessary),Bag/Other,inferred,,,,0,1.37,,,,,
2026-04-20,2026-04,Assembly,,40001L,Herbal Tea Sampler Box - Loose,Sampler,governed,high,yes,4.0,1208,7.1,28.4,170.1,2.836,42.5,
2026-04-20,2026-04,Assembly,,43371,ORG Blueberry Vanilla 25-Ct Tea Bag,Tea,inferred,,yes,1.0,95,1.07,1.07,88.8,1.48,88.8,
2026-04-20,2026-04,Assembly,,80030L,ORG Almond Amaretto 11OZ Bag/Box of 24 - GA,Bag/Other,inferred,,yes,1.0,80,2.3,2.3,34.8,0.58,34.8,
2026-04-20,2026-04,Assembly,,INSERT01,Mailer Insert for Healthcare Practitioner Insert,Bag/Other,inferred,,yes,2.0,275,4.15,8.3,66.3,1.104,33.1,
2026-04-20,2026-04,Maisa 1,,40016,Vanilla Nut Tagless Tea Bag - 50 Ct - GA,Tea,governed,high,yes,3.0,180,3.01,9.03,59.8,0.997,19.9,
2026-04-20,2026-04,Maisa 1,,43011,ORG Dandelion Vanilla Nut 25CT Tea Bag - A,Tea,governed,high,yes,3.0,203,1.15,3.45,176.5,2.942,58.8,
2026-04-20,2026-04,Maisa 1,,43341,Dandelion Coconut 25 Count Tea Bag - A,Tea,governed,high,yes,3.0,576,3.29,9.87,175.1,2.918,58.4,
2026-04-20,2026-04,Maisa 1,,Clean,Standard Clean,Tea,inferred,,,3.0,0,0.23,0.69,,,,
2026-04-20,2026-04,Maisa 1,,Clean,Standard Clean,Tea,inferred,,,3.0,0,0.32,0.96,,,,
2026-04-20,2026-04,Maisa 1,,Clean,Standard Clean,Tea,inferred,,,3.0,0,0.33,0.99,,,,
2026-04-20,2026-04,Maisa 1,,TB070,ORG Java Tea Bag - GA,Tea,inferred,,yes,3.0,3000,0.43,1.29,6976.7,116.279,2325.6,
2026-04-20,2026-04,Maisa 2+3,,43110,ORG Dandelion Dark Roast 10ct/6pk Tea Bag,Tea,inferred,,yes,5.0,1173,9.58,47.9,122.4,2.041,24.5,
2026-04-20,2026-04,WeighRight,,10042,ORG Burdock 1 Lb Bag,Bag/Other,inferred,,yes,3.0,840,2.2,6.6,381.8,6.364,127.3,
2026-04-20,2026-04,WeighRight,,50030,Almond Amaretto 30g Trial Size Packet - GA,Bag/Other,inferred,,yes,3.0,900,2.37,7.11,379.7,6.329,126.6,
2026-04-20,2026-04,WeighRight,,50089,ORG Raspberry Mocha 30g Trial Size Packet - GA,Bag/Other,inferred,,yes,3.0,223,0.3,0.9,743.3,12.389,247.8,
2026-04-20,2026-04,WeighRight,,80089L,ORG Raspberry Mocha 11OZ Bag/Box of 24 - GA,APG,governed,high,yes,3.0,840,1.5,4.5,560.0,9.333,186.7,
2026-04-20,2026-04,WeighRight,,Air Clean Out,Air Clean out of Machine (no testing necessary),Bag/Other,inferred,,,3.0,0,0.48,1.44,,,,
2026-04-20,2026-04,WeighRight,,Air Clean Out,Air Clean out of Machine (no testing necessary),Bag/Other,inferred,,,3.0,0,0.25,0.75,,,,
2026-04-20,2026-04,WeighRight,,CleanGA,Clean + Gluten + Almond Tests,Bag/Other,inferred,,,3.0,0,0.35,1.05,,,,
2026-04-21,2026-04,AMS,handpack,40110L,Org French Roast 10 Ct Tea Bag Loose - G,Tea,governed,high,yes,1.0,768,4.28,4.28,179.4,2.991,179.4,
2026-04-21,2026-04,AMS,handpack,40130L,Org Maca Chocolate 10 Ct Tea Bag Loose - G,Tea,governed,high,yes,1.0,448,1.55,1.55,289.0,4.817,289.0,
2026-04-21,2026-04,AMS,handpack,40132,ORG Maca Chocolate 25CT Tea Bag - G,Tea,governed,high,yes,1.0,360,2.36,2.36,152.5,2.542,152.5,
2026-04-21,2026-04,AMS,handpack,43220L,Org Dandelion Caramel Nut 10 Ct Tea Bag Loose - A,Tea,governed,high,yes,1.0,356,0.51,0.51,698.0,11.634,698.0,
2026-04-21,2026-04,AMS,handpack,43310L,Org Dandelion Mocha Mint 10 Ct Tea Bag Loose - A,Tea,governed,high,yes,1.0,192,0.57,0.57,336.8,5.614,336.8,
2026-04-21,2026-04,AMS,handpack,43311,Dandelion Mocha Mint 25 Count Tea Bag - A,Tea,governed,high,yes,1.0,216,1.22,1.22,177.0,2.951,177.0,
2026-04-21,2026-04,AMS,handpack,45031,ORG Lion's Mane Rhodiola 25 Ct Tea Bag - G,Tea,inferred,,yes,1.0,144,1.23,1.23,117.1,1.951,117.1,
2026-04-21,2026-04,AMS,handpack,80020L,ORG Chocolate Mint 11OZ Bag/Box of 24 - GA,Bag/Other,inferred,,yes,1.0,384,1.54,1.54,249.4,4.156,249.4,
2026-04-21,2026-04,AMS,handpack,80020L,ORG Chocolate Mint 11OZ Bag/Box of 24 - GA,Bag/Other,inferred,,yes,1.0,240,0.54,0.54,444.4,7.407,444.4,
2026-04-21,2026-04,AMS,handpack,80020L,ORG Chocolate Mint 11OZ Bag/Box of 24 - GA,Bag/Other,inferred,,yes,1.0,48,1.39,1.39,34.5,0.576,34.5,
2026-04-21,2026-04,AMS,handpack,83220,ORG Dandelion Caramel Nut 10 Oz Bag/6 Count Case - A,Bag/Other,inferred,,yes,1.0,64,2.1,2.1,30.5,0.508,30.5,
2026-04-21,2026-04,AMS,handpack,83220,ORG Dandelion Caramel Nut 10 Oz Bag/6 Count Case - A,Bag/Other,inferred,,yes,1.0,32,1.16,1.16,27.6,0.46,27.6,
2026-04-21,2026-04,Assembly,,40001L,Herbal Tea Sampler Box - Loose,Sampler,governed,high,yes,2.0,420,2.3,4.6,182.6,3.043,91.3,
2026-04-21,2026-04,Assembly,,INSERT01,Mailer Insert for Healthcare Practitioner Insert,Bag/Other,inferred,,yes,2.0,525,10.19,20.38,51.5,0.859,25.8,
2026-04-21,2026-04,Maisa 1,,40016,Vanilla Nut Tagless Tea Bag - 50 Ct - GA,Tea,governed,high,yes,3.0,180,1.07,3.21,168.2,2.804,56.1,
2026-04-21,2026-04,Maisa 1,,CleanGA,Clean + Gluten + Almond Tests,Tea,inferred,,,3.0,0,0.42,1.26,,,,
2026-04-21,2026-04,Maisa 1,,dissambling jobs,,Tea,inferred,,,3.0,0,,,,,,
2026-04-21,2026-04,Maisa 2+3,,43110,ORG Dandelion Dark Roast 10ct/6pk Tea Bag,Tea,inferred,,yes,5.0,207,2.06,10.3,100.5,1.675,20.1,
2026-04-21,2026-04,Maisa 2+3,,43110A,AMZN Org Dandelion Dark Roast 10 Ct Tea Bag Loose,Tea,inferred,,yes,5.0,432,0.35,1.75,1234.3,20.571,246.9,
2026-04-21,2026-04,Maisa 2+3,,43110F,Dandelion Dark Roast Dual Language 10ct/6pk Tea Bag,Tea,inferred,,yes,5.0,230,2.25,11.25,102.2,1.704,20.4,
2026-04-21,2026-04,Maisa 2+3,,43111,ORG Dandelion Dark Roast 25CT Tea Bag,Tea,governed,high,yes,5.0,768,3.1,15.5,247.7,4.129,49.5,
2026-04-21,2026-04,Maisa 2+3,,Clean,Standard Clean,Tea,inferred,,,5.0,0,0.33,1.65,,,,
2026-04-21,2026-04,Maisa 2+3,,TB311,ORG Dandelion Dark Roast Tea Bag,Tea,inferred,,yes,4.0,18000,5.27,21.08,3415.6,56.926,853.9,
2026-04-21,2026-04,Maisa 2+3,,TB311,ORG Dandelion Dark Roast Tea Bag,Tea,inferred,,yes,4.0,2000,2.17,8.68,921.7,15.361,230.4,
2026-04-21,2026-04,WeighRight,,53080,Dandelion Mocha 30g Trial Size Packet - A,Bag/Other,inferred,,yes,3.0,1291,2.08,6.24,620.7,10.345,206.9,
2026-04-21,2026-04,WeighRight,,53340,Dandelion Coconut 30g Trial Size Packet - A,APG,governed,high,yes,3.0,2160,3.34,10.02,646.7,10.778,215.6,
2026-04-21,2026-04,WeighRight,,63080,ORG Dandelion Mocha 5 Lb Bag - A,Bag/Other,inferred,,yes,3.0,32,0.18,0.54,177.8,2.963,59.3,
2026-04-21,2026-04,WeighRight,,63110,ORG Dandelion Dark Roast 5 Lb Bag,APG,governed,high,yes,3.0,80,0.32,0.96,250.0,4.167,83.3,
2026-04-21,2026-04,WeighRight,,63340,ORG Dandelion Coconut 5 Lb Bag - A,APG,governed,high,yes,3.0,20,0.11,0.33,181.8,3.03,60.6,
2026-04-21,2026-04,WeighRight,,66010,ORG Dark Chocolate 5 Lb Bag,Bag/Other,inferred,,yes,3.0,48,0.17,0.51,282.4,4.706,94.1,
2026-04-21,2026-04,WeighRight,,83340L,ORG Dandelion Coconut 10 Oz Bag/Box of 24 - A,APG,governed,high,yes,3.0,432,0.54,1.62,800.0,13.333,266.7,
2026-04-21,2026-04,WeighRight,,86010,ORG Dark Chocolate 10 Oz Bag/6 Count Case,Bag/Other,inferred,,yes,3.0,120,1.32,3.96,90.9,1.515,30.3,
2026-04-21,2026-04,WeighRight,,Air Clean Out,Air Clean out of Machine (no testing necessary),Bag/Other,inferred,,,3.0,0,0.07,0.21,,,,
2026-04-21,2026-04,WeighRight,,Air Clean Out,Air Clean out of Machine (no testing necessary),Bag/Other,inferred,,,3.0,0,0.18,0.54,,,,
2026-04-21,2026-04,WeighRight,,Air Clean Out,Air Clean out of Machine (no testing necessary),Bag/Other,inferred,,,3.0,0,0.12,0.36,,,,
2026-04-21,2026-04,WeighRight,,Air Clean Out,Air Clean out of Machine (no testing necessary),Bag/Other,inferred,,,3.0,0,0.19,0.57,,,,
2026-04-22,2026-04,AMS,handpack,43081,ORG Dandelion Mocha 25CT Tea Bag - A,Tea,governed,high,yes,1.0,504,2.25,2.25,224.0,3.733,224.0,
2026-04-22,2026-04,AMS,handpack,85020L,ORG Chaga Ashwagandha 10 Oz Bag/Box of 24,Bag/Other,inferred,,,1.0,0,,,,,,
2026-04-22,2026-04,AMS,handpack,TB333,ORG Dandelion Turmeric Tea Bag,Tea,inferred,,yes,1.0,3700,3.5,3.5,1057.1,17.619,1057.1,
2026-04-22,2026-04,AMS,handpack,TB333,ORG Dandelion Turmeric Tea Bag,Tea,inferred,,yes,2.0,3500,0.51,1.02,6862.7,114.379,3431.4,
2026-04-22,2026-04,Assembly,,40130,ORG Maca Chocolate 10ct/6pk Tea Bag - G,Tea,inferred,,yes,2.0,12,0.57,1.14,21.1,0.351,10.5,
2026-04-22,2026-04,Assembly,,50096,Top Six Packet Sampler pack,Sampler,inferred,,yes,2.0,150,4.22,8.44,35.5,0.592,17.8,
2026-04-22,2026-04,Assembly,,INSERT01,Mailer Insert for Healthcare Practitioner Insert,Bag/Other,inferred,,yes,1.0,200,6.33,6.33,31.6,0.527,31.6,
2026-04-22,2026-04,Maisa 1,,dissambling jobs,,Tea,inferred,,,3.0,0,,,,,,
2026-04-22,2026-04,Maisa 2+3,,46010,ORG Dark Chocolate 10 Ct Tea Bag/6 Count Case,Tea,inferred,,yes,5.0,690,3.55,17.75,194.4,3.239,38.9,
2026-04-22,2026-04,WeighRight,,50060,ORG Hazelnut 30g Trial Size Packet - GA,Bag/Other,inferred,,yes,3.0,2340,4.52,13.56,517.7,8.628,172.6,
2026-04-22,2026-04,WeighRight,,50070,ORG Java 30g Trial Size Packet - GA,Bag/Other,inferred,,yes,3.0,2160,3.48,10.44,620.7,10.345,206.9,
2026-04-22,2026-04,WeighRight,,52060,Maple Pecan 30g Trial Size Packet - GA,Bag/Other,inferred,,yes,3.0,360,0.48,1.44,750.0,12.5,250.0,
2026-04-22,2026-04,WeighRight,,Air Clean Out,Air Clean out of Machine (no testing necessary),Bag/Other,inferred,,,3.0,0,0.12,0.36,,,,
2026-04-22,2026-04,WeighRight,,Air Clean Out,Air Clean out of Machine (no testing necessary),Bag/Other,inferred,,,3.0,0,0.23,0.69,,,,
2026-04-23,2026-04,AMS,handpack,40031,ORG Almond Amaretto 25CT Tea Bag - GA,Tea,governed,high,yes,1.0,360,1.21,1.21,297.5,4.959,297.5,
2026-04-23,2026-04,AMS,handpack,43081,ORG Dandelion Mocha 25CT Tea Bag - A,Tea,governed,high,yes,2.0,432,0.57,1.14,757.9,12.632,378.9,
2026-04-23,2026-04,Maisa 1,,dissambling jobs,,Tea,inferred,,,3.0,0,,,,,,
2026-04-23,2026-04,Maisa 2+3,,45020,ORG Chaga Ashwagandha 10 Ct Tea Bag/6 Count Case,Tea,inferred,,yes,5.0,240,2.5,12.5,96.0,1.6,19.2,
2026-04-23,2026-04,Maisa 2+3,,46010,ORG Dark Chocolate 10 Ct Tea Bag/6 Count Case,Tea,inferred,,yes,5.0,804,5.07,25.35,158.6,2.643,31.7,
2026-04-23,2026-04,Maisa 2+3,,Clean,Standard Clean,Tea,inferred,,,5.0,0,0.27,1.35,,,,
2026-04-23,2026-04,Maisa 2+3,,TB601,ORG Dark Chocolate Loose Tea Bag,Tea,inferred,,yes,4.0,12547,1.28,5.12,9802.3,163.372,2450.6,
2026-04-23,2026-04,WeighRight,,52060,Maple Pecan 30g Trial Size Packet - GA,Bag/Other,inferred,,yes,3.0,1501,2.42,7.26,620.2,10.337,206.7,
2026-04-23,2026-04,WeighRight,,55020,Chaga Ashwagandha 30g Trial Size Packet,Bag/Other,inferred,,yes,3.0,1800,3.3,9.9,545.5,9.091,181.8,
2026-04-23,2026-04,WeighRight,,85020,ORG Chaga Ashwagandha 10 Oz Bag/6 Count Case,Bag/Other,inferred,,yes,3.0,206,3.2,9.6,64.4,1.073,21.5,
2026-04-23,2026-04,WeighRight,,CleanGA,Clean + Gluten + Almond Tests,Bag/Other,inferred,,,3.0,0,0.25,0.75,,,,
2026-04-27,2026-04,AMS,machine(Amy),30004,Instant Barley - 6 Oz Bag - G,Instant,inferred,,yes,4.0,144,0.48,1.92,300.0,5.0,75.0,
2026-04-27,2026-04,AMS,machine(Amy),30014L,Organic Instant Chicory 8 Oz Bag,Instant,inferred,,yes,4.0,600,3.42,13.68,175.4,2.924,43.9,
2026-04-27,2026-04,AMS,handpack,40031,ORG Almond Amaretto 25CT Tea Bag - GA,Tea,governed,high,yes,2.0,180,0.5,1.0,360.0,6.0,180.0,
2026-04-27,2026-04,AMS,machine(Amy),Different tooling,,Bag/Other,inferred,,,4.0,0,,,,,,
2026-04-27,2026-04,Assembly,,50096,Top Six Packet Sampler pack,Sampler,inferred,,yes,1.0,120,3.55,3.55,33.8,0.563,33.8,
2026-04-27,2026-04,Maisa 1,,work on other projects,,Tea,inferred,,,3.0,0,,,,,,
2026-04-27,2026-04,Maisa 2+3,,45011,ORG Reishi Eleuthero 25 Ct Tea Bag - G,Tea,governed,high,yes,5.0,168,0.5,2.5,336.0,5.6,67.2,
2026-04-27,2026-04,Maisa 2+3,,45020,ORG Chaga Ashwagandha 10 Ct Tea Bag/6 Count Case,Tea,inferred,,yes,5.0,220,1.17,5.85,188.0,3.134,37.6,
2026-04-27,2026-04,Maisa 2+3,,45020,ORG Chaga Ashwagandha 10 Ct Tea Bag/6 Count Case,Tea,inferred,,yes,5.0,705,6.47,32.35,109.0,1.816,21.8,
2026-04-27,2026-04,Maisa 2+3,,Clean,Standard Clean,Tea,inferred,,,5.0,0,0.45,2.25,,,,
2026-04-27,2026-04,WeighRight,,80010,ORG Vanilla Nut 11oz Bag/6 Count Case - GA,Bag/Other,inferred,,yes,3.0,163,2.19,6.57,74.4,1.24,24.8,
2026-04-27,2026-04,WeighRight,,80010,ORG Vanilla Nut 11oz Bag/6 Count Case - GA,Bag/Other,inferred,,yes,3.0,206,2.42,7.26,85.1,1.419,28.4,
2026-04-27,2026-04,WeighRight,,80010,ORG Vanilla Nut 11oz Bag/6 Count Case - GA,Bag/Other,inferred,,yes,3.0,59,1.0,3.0,59.0,0.983,19.7,
2026-04-27,2026-04,WeighRight,,85020,ORG Chaga Ashwagandha 10 Oz Bag/6 Count Case,Bag/Other,inferred,,yes,3.0,24,0.3,0.9,80.0,1.333,26.7,
2026-04-27,2026-04,WeighRight,,85070L,ORG Miraculous Mushrooms A&P 10oz Bag/Box of 24,Bag/Other,inferred,,yes,3.0,1200,2.34,7.02,512.8,8.547,170.9,
2026-04-27,2026-04,WeighRight,,Air Clean Out,Air Clean out of Machine (no testing necessary),Bag/Other,inferred,,,3.0,0,0.22,0.66,,,,
2026-04-27,2026-04,WeighRight,,Air Clean Out,Air Clean out of Machine (no testing necessary),Bag/Other,inferred,,,3.0,0,0.24,0.72,,,,
2026-04-28,2026-04,AMS,machine(Amy),30004,Instant Barley - 6 Oz Bag - G,Instant,inferred,,yes,4.0,156,1.12,4.48,139.3,2.321,34.8,
2026-04-28,2026-04,AMS,machine(Amy),30007L,ORG Instant Miraculous Mushrooms AP 100g Bag,Instant,governed,high,yes,4.0,570,2.24,8.96,254.5,4.241,63.6,
2026-04-28,2026-04,Assembly,,40021,ORG Chocolate Mint 25CT Tea Bag - GA,Tea,governed,high,yes,1.0,180,4.48,4.48,40.2,0.67,40.2,
2026-04-28,2026-04,Assembly,,40097,Teecino Tea Bag 12 Flavor Sampler,Sampler,governed,high,yes,1.0,120,5.45,5.45,22.0,0.367,22.0,
2026-04-28,2026-04,Assembly,,50096,Top Six Packet Sampler pack,Sampler,inferred,,yes,1.0,90,5.0,5.0,18.0,0.3,18.0,
2026-04-28,2026-04,Assembly,,50097,Teeccino 30g Packet 10 Flavor Sampler,Sampler,governed,high,yes,1.0,60,1.4,1.4,42.9,0.714,42.9,
2026-04-28,2026-04,Maisa 1,,work on other projects,,Tea,inferred,,,3.0,0,,,,,,
2026-04-28,2026-04,Maisa 2+3,,45010,ORG Reishi Eleuthero 10 Ct Tea Bag/6 Count Case - G,Tea,inferred,,yes,5.0,690,6.08,30.4,113.5,1.891,22.7,
2026-04-28,2026-04,Maisa 2+3,,45010L,ORG Reishi Eleuthero 10-Ct Tea Bag - G,Tea,governed,high,yes,5.0,288,0.26,1.3,1107.7,18.462,221.5,
2026-04-28,2026-04,Maisa 2+3,,45011,ORG Reishi Eleuthero 25 Ct Tea Bag - G,Tea,governed,high,yes,5.0,264,0.57,2.85,463.2,7.719,92.6,
2026-04-28,2026-04,Maisa 2+3,,TB501,ORG Reishi Eleuthero Loose Tea Bag - G,Tea,inferred,,yes,5.0,13000,2.09,10.45,6220.1,103.668,1244.0,
2026-04-28,2026-04,WeighRight,,50010,ORG Vanilla Nut 30g Trial Size Packet - GA,Bag/Other,inferred,,yes,3.0,1080,1.58,4.74,683.5,11.392,227.8,
2026-04-28,2026-04,WeighRight,,80010,ORG Vanilla Nut 11oz Bag/6 Count Case - GA,Bag/Other,inferred,,yes,3.0,67,1.0,3.0,67.0,1.117,22.3,
2026-04-28,2026-04,WeighRight,,80010,ORG Vanilla Nut 11oz Bag/6 Count Case - GA,Bag/Other,inferred,,yes,3.0,13,0.09,0.27,144.4,2.407,48.1,
2026-04-28,2026-04,WeighRight,,80010,ORG Vanilla Nut 11oz Bag/6 Count Case - GA,Bag/Other,inferred,,yes,3.0,119,1.08,3.24,110.2,1.836,36.7,
2026-04-28,2026-04,WeighRight,,80010,ORG Vanilla Nut 11oz Bag/6 Count Case - GA,Bag/Other,inferred,,yes,3.0,119,1.23,3.69,96.7,1.612,32.2,
2026-04-28,2026-04,WeighRight,,80010,ORG Vanilla Nut 11oz Bag/6 Count Case - GA,Bag/Other,inferred,,yes,3.0,151,1.11,3.33,136.0,2.267,45.3,
2026-04-28,2026-04,WeighRight,,80010,ORG Vanilla Nut 11oz Bag/6 Count Case - GA,Bag/Other,inferred,,yes,3.0,163,2.14,6.42,76.2,1.269,25.4,
2026-04-28,2026-04,WeighRight,,80010,ORG Vanilla Nut 11oz Bag/6 Count Case - GA,Bag/Other,inferred,,yes,3.0,86,0.46,1.38,187.0,3.116,62.3,
2026-04-29,2026-04,AMS,machine(Amy),30007L,ORG Instant Miraculous Mushrooms AP 100g Bag,Instant,governed,high,yes,4.0,210,0.51,2.04,411.8,6.863,102.9,
2026-04-29,2026-04,AMS,machine(Amy),30008L,ORG Instant French Roast 100g Bag - G,Instant,governed,high,yes,4.0,498,2.02,8.08,246.5,4.109,61.6,
2026-04-29,2026-04,AMS,machine(Amy),30010L,ORG Instant Hazelnut 100g Bag - G,Instant,governed,high,yes,4.0,605,2.05,8.2,295.1,4.919,73.8,
2026-04-29,2026-04,AMS,machine(Amy),31010L,ORG Instant Hazelnut Latte 224g Bag,Instant,governed,high,yes,4.0,447,1.59,6.36,281.1,4.686,70.3,
2026-04-29,2026-04,AMS,unknown,Air clean out,Air Clean out of Machine (no testing necessary),Bag/Other,inferred,,,,0,0.24,,,,,
2026-04-29,2026-04,AMS,unknown,Air clean out,Air Clean out of Machine (no testing necessary),Bag/Other,inferred,,,,0,0.39,,,,,
2026-04-29,2026-04,AMS,unknown,Air clean out,Air Clean out of Machine (no testing necessary),Bag/Other,inferred,,,,0,0.28,,,,,
2026-04-29,2026-04,AMS,unknown,CleanG,Clean + Gluten Test,Bag/Other,inferred,,,,0,1.53,,,,,
2026-04-29,2026-04,Assembly,,40013,ORG Vanila Nut 25CT Tea Bag 3PK - GA,Tea,inferred,,yes,1.0,48,1.09,1.09,44.0,0.734,44.0,
2026-04-29,2026-04,Assembly,,40021,ORG Chocolate Mint 25CT Tea Bag - GA,Tea,governed,high,yes,1.0,180,9.55,9.55,18.8,0.314,18.8,
2026-04-29,2026-04,Assembly,,40097,Teecino Tea Bag 12 Flavor Sampler,Sampler,governed,high,yes,1.0,88,2.56,2.56,34.4,0.573,34.4,
2026-04-29,2026-04,Assembly,,50097,Teeccino 30g Packet 10 Flavor Sampler,Sampler,governed,high,yes,1.0,119,3.5,3.5,34.0,0.567,34.0,
2026-04-29,2026-04,Assembly,,90013,,Bundle,governed,high,yes,1.0,20,1.24,1.24,16.1,0.269,16.1,
2026-04-29,2026-04,Maisa 1,,work on other projects,,Tea,inferred,,,3.0,0,,,,,,
2026-04-29,2026-04,Maisa 2+3,,43340,ORG Dandelion Coconut 10CT Tea Bag - A,Tea,inferred,,yes,5.0,217,1.22,6.1,177.9,2.964,35.6,
2026-04-29,2026-04,Maisa 2+3,,45070,ORG Miraculous Mushrooms A&P 10Ct/6Pk Tea Bag,Tea,inferred,,yes,5.0,230,1.5,7.5,153.3,2.556,30.7,
2026-04-29,2026-04,Maisa 2+3,,Clean,Standard Clean,Tea,inferred,,,5.0,0,1.02,5.1,,,,
2026-04-29,2026-04,Maisa 2+3,,CleanG,Clean + Gluten Test,Tea,inferred,,,5.0,0,0.24,1.2,,,,
2026-04-29,2026-04,Maisa 2+3,,CleanGA,Clean + Gluten + Almond Tests,Tea,inferred,,,5.0,0,0.37,1.85,,,,
2026-04-29,2026-04,Maisa 2+3,,TB060,ORG Hazelnut Tea Bag Loose - GA,Tea,inferred,,yes,5.0,22764,2.35,11.75,9686.8,161.447,1937.4,
2026-04-29,2026-04,Maisa 2+3,,TB334,ORG Dandelion Coconut Tea Bag - A,Tea,inferred,,yes,5.0,8000,1.13,5.65,7079.6,117.994,1415.9,
2026-04-29,2026-04,Maisa 2+3,,TB501,ORG Reishi Eleuthero Loose Tea Bag - G,Tea,inferred,,yes,5.0,4880,1.04,5.2,4692.3,78.205,938.5,
2026-04-29,2026-04,WeighRight,,50010,ORG Vanilla Nut 30g Trial Size Packet - GA,Bag/Other,inferred,,yes,2.0,720,1.15,2.3,626.1,10.435,313.0,
2026-04-29,2026-04,WeighRight,,50110,ORG French Roast 30g Trial Size Packet - G,Bag/Other,inferred,,yes,3.0,2160,3.4,10.2,635.3,10.588,211.8,
2026-04-29,2026-04,WeighRight,,55010,Reishi Eleuthero 30g Trial Size Packet - G,APG,governed,high,yes,3.0,165,0.25,0.75,660.0,11.0,220.0,
2026-04-29,2026-04,WeighRight,,60010,ORG Vanilla Nut 5 Lb Bag - GA,Bag/Other,inferred,,yes,2.0,32,0.18,0.36,177.8,2.963,88.9,
2026-04-29,2026-04,WeighRight,,80110A,AMZN Org French Roast 11OZ Bag/Box of 24 - G,Bag/Other,inferred,,yes,3.0,384,1.15,3.45,333.9,5.565,111.3,
2026-04-29,2026-04,WeighRight,,82130L,ORG Mexican Chocolate 11OZ Bag/Box of 24 - G,APG,governed,high,yes,3.0,432,1.0,3.0,432.0,7.2,144.0,
2026-04-29,2026-04,WeighRight,,Air Clean Out,Air Clean out of Machine (no testing necessary),Bag/Other,inferred,,,3.0,0,0.22,0.66,,,,
2026-04-29,2026-04,WeighRight,,Air Clean Out,Air Clean out of Machine (no testing necessary),Bag/Other,inferred,,,3.0,0,0.55,1.65,,,,
2026-04-29,2026-04,WeighRight,,CleanA,Clean + Almond Test,Bag/Other,inferred,,,2.0,0,0.5,1.0,,,,
2026-04-30,2026-04,AMS,machine(Amy),30013L,ORG Miraculous Mushrooms Cacao 135g Bag,Bag/Other,inferred,,yes,4.0,627,2.28,9.12,275.0,4.583,68.8,
2026-04-30,2026-04,AMS,unknown,Air clean out,Air Clean out of Machine (no testing necessary),Bag/Other,inferred,,,,0,0.27,,,,,
2026-04-30,2026-04,Assembly,,40001A,AMZN Labeled Herbal Tea Sampler Box/Variety Pack,Bundle,inferred,,yes,1.0,267,5.3,5.3,50.4,0.84,50.4,
2026-04-30,2026-04,Maisa 1,,work on other projects,,Tea,inferred,,,3.0,0,,,,,,
2026-04-30,2026-04,Maisa 2+3,,43111,ORG Dandelion Dark Roast 25CT Tea Bag,Tea,governed,high,yes,5.0,1077,3.11,15.55,346.3,5.772,69.3,
2026-04-30,2026-04,Maisa 2+3,,45070,ORG Miraculous Mushrooms A&P 10Ct/6Pk Tea Bag,Tea,inferred,,yes,5.0,43,0.15,0.75,286.7,4.778,57.3,
2026-04-30,2026-04,Maisa 2+3,,Clean,Standard Clean,Tea,inferred,,,5.0,0,0.31,1.55,,,,
2026-04-30,2026-04,Maisa 2+3,,Clean,Standard Clean,Tea,inferred,,,5.0,0,0.15,0.75,,,,
2026-04-30,2026-04,WeighRight,,80110A,AMZN Org French Roast 11OZ Bag/Box of 24 - G,Bag/Other,inferred,,yes,3.0,552,0.58,1.74,951.7,15.862,317.2,
2026-05-04,2026-05,AMS,machine(Amy),10005A,WWB AMZN Organic Chia (1lb),Bag/Other,inferred,,yes,4.0,879,3.25,13.0,270.5,4.508,67.6,
2026-05-04,2026-05,AMS,machine(Amy),10008,"Org Rooibos, 8 Oz Bag",Bag/Other,inferred,,yes,4.0,720,4.24,16.96,169.8,2.83,42.5,
2026-05-04,2026-05,AMS,unknown,Clean,Standard Clean,Bag/Other,inferred,,,,0,0.26,,,,,
2026-05-04,2026-05,Assembly,,43310F,Dandelion Mocha Mint Dual Language 10 cnt TB - A,Tea,inferred,,yes,1.0,60,4.46,4.46,13.5,0.224,13.5,
2026-05-04,2026-05,Assembly,,50097,Teeccino 30g Packet 10 Flavor Sampler,Sampler,governed,high,,1.0,0,3.58,3.58,,,,
2026-05-04,2026-05,Maisa 1,,Running Amy,,Tea,inferred,,,3.0,0,,,,,,
2026-05-04,2026-05,Maisa 2+3,,45001,Mushroom Adaptogen TB Sampler Box - 6 Count Case - G,Sampler,inferred,,yes,5.0,109,4.5,22.5,24.2,0.404,4.8,
2026-05-04,2026-05,Maisa 2+3,,TB506,ORG Tremella Tulsi Loose Tea Bag,Tea,inferred,,yes,4.0,29765,5.23,20.92,5691.2,94.853,1422.8,
2026-05-04,2026-05,WeighRight,,80110,ORG French Roast 11OZ Bag/6 Count Case - G,Bag/Other,inferred,,yes,3.0,437,7.34,22.02,59.5,0.992,19.8,
2026-05-04,2026-05,WeighRight,,80110A,AMZN Org French Roast 11OZ Bag/Box of 24 - G,Bag/Other,inferred,,yes,3.0,504,0.5,1.5,1008.0,16.8,336.0,
2026-05-04,2026-05,WeighRight,,80113,ORG French Roast 11OZ Bag 3PK - G,Bag/Other,inferred,,yes,3.0,224,1.41,4.23,158.9,2.648,53.0,
2026-05-05,2026-05,AMS,machine(Amy),10008,"Org Rooibos, 8 Oz Bag",Bag/Other,inferred,,yes,4.0,348,1.04,4.16,334.6,5.577,83.7,
2026-05-05,2026-05,AMS,machine(Amy),10039A,AMZN Roasted French Chicory 2 X 1 Lb Bag,Bag/Other,inferred,,yes,4.0,240,1.55,6.2,154.8,2.581,38.7,
2026-05-05,2026-05,AMS,machine(Amy),10039A,AMZN Roasted French Chicory 2 X 1 Lb Bag,Bag/Other,inferred,,yes,4.0,204,1.53,6.12,133.3,2.222,33.3,
2026-05-05,2026-05,AMS,machine(Amy),10039A,AMZN Roasted French Chicory 2 X 1 Lb Bag,Bag/Other,inferred,,yes,4.0,216,1.45,5.8,149.0,2.483,37.2,
2026-05-05,2026-05,AMS,machine(Amy),10039A,AMZN Roasted French Chicory 2 X 1 Lb Bag,Bag/Other,inferred,,yes,4.0,192,0.49,1.96,391.8,6.531,98.0,
2026-05-05,2026-05,AMS,machine(Amy),10039A,AMZN Roasted French Chicory 2 X 1 Lb Bag,Bag/Other,inferred,,yes,4.0,384,1.41,5.64,272.3,4.539,68.1,
2026-05-05,2026-05,AMS,unknown,Air clean out,Air Clean out of Machine (no testing necessary),Bag/Other,inferred,,,,0,0.54,,,,,
2026-05-05,2026-05,Assembly,,40097,Teecino Tea Bag 12 Flavor Sampler,Sampler,governed,high,yes,1.0,92,6.28,6.28,14.6,0.244,14.6,
2026-05-05,2026-05,Assembly,,49999,Teeccino Herbal Tea Shipper,Bag/Other,inferred,,yes,1.0,1,0.2,0.2,5.0,0.083,5.0,
2026-05-05,2026-05,Assembly,,GDB060,ORG Hazelnut Packet Goody Bag - GA,Bag/Other,inferred,,yes,1.0,50,0.23,0.23,217.4,3.623,217.4,
2026-05-05,2026-05,Assembly,,GDB080,ORG Mocha Packet Goody Bag,Bag/Other,inferred,,yes,1.0,50,0.24,0.24,208.3,3.472,208.3,
2026-05-05,2026-05,Assembly,,GDB502,ORG Chaga Ashwaganda Packet Goody Bag,Bag/Other,inferred,,yes,1.0,50,0.2,0.2,250.0,4.167,250.0,
2026-05-05,2026-05,Assembly,,GDB601,ORG Dark Chocolate Packet Goody Bag,Bag/Other,inferred,,yes,1.0,50,0.25,0.25,200.0,3.333,200.0,
2026-05-05,2026-05,Assembly,,TGB030,,Bag/Other,inferred,,yes,1.0,50,0.4,0.4,125.0,2.083,125.0,
2026-05-05,2026-05,Assembly,,TGB204,ORG Snickerdoodle Tea Bag Goody Bag - GA,Tea,inferred,,yes,1.0,50,0.22,0.22,227.3,3.788,227.3,
2026-05-05,2026-05,Assembly,,TGB208,ORG Irish Cream Tea Bag Goody Bag - G,Tea,inferred,,yes,1.0,50,0.23,0.23,217.4,3.623,217.4,
2026-05-05,2026-05,Assembly,,TGB337,ORG Blueberry Vanilla Tea Bag Goody Bag,Tea,inferred,,yes,1.0,50,0.23,0.23,217.4,3.623,217.4,
2026-05-05,2026-05,Maisa 1,,Running Amy,,Tea,inferred,,,3.0,0,,,,,,
2026-05-05,2026-05,Maisa 2+3,,45001,Mushroom Adaptogen TB Sampler Box - 6 Count Case - G,Sampler,inferred,,yes,5.0,131,22.17,110.85,5.9,0.098,1.2,
2026-05-05,2026-05,WeighRight,,10035,Chicory 5 Lb Bag,Bag/Other,inferred,,yes,3.0,176,1.21,3.63,145.5,2.424,48.5,
2026-05-05,2026-05,WeighRight,,10035,Chicory 5 Lb Bag,Bag/Other,inferred,,yes,3.0,164,1.03,3.09,159.2,2.654,53.1,
2026-05-05,2026-05,WeighRight,,10035,Chicory 5 Lb Bag,Bag/Other,inferred,,yes,5.0,176,1.14,5.7,154.4,2.573,30.9,
2026-05-05,2026-05,WeighRight,,10051,ORG Roasted Chicory Root - 1 Lb Bag,Bag/Other,inferred,,yes,3.0,1548,3.06,9.18,505.9,8.431,168.6,
2026-05-05,2026-05,WeighRight,,60110,ORG French Roast 5 Lb Bag - G,Bag/Other,inferred,,yes,3.0,56,0.29,0.87,193.1,3.218,64.4,
2026-05-05,2026-05,WeighRight,,80110,ORG French Roast 11OZ Bag/6 Count Case - G,Bag/Other,inferred,,yes,3.0,23,0.25,0.75,92.0,1.533,30.7,
2026-05-05,2026-05,WeighRight,,Air Clean Out,Air Clean out of Machine (no testing necessary),Bag/Other,inferred,,,3.0,0,0.19,0.57,,,,
2026-05-05,2026-05,WeighRight,,CleanG,Clean + Gluten Test,Bag/Other,inferred,,,3.0,0,1.56,4.68,,,,
2026-05-06,2026-05,AMS,machine(Amy),10031,Roasted Chicory Root - 1 Lb Bag,Bag/Other,inferred,,yes,4.0,1968,4.23,16.92,465.2,7.754,116.3,
2026-05-06,2026-05,AMS,machine(Amy),10031,Roasted Chicory Root - 1 Lb Bag,Bag/Other,inferred,,yes,4.0,1632,4.2,16.8,388.6,6.476,97.1,
2026-05-06,2026-05,AMS,machine(Amy),10039A,AMZN Roasted French Chicory 2 X 1 Lb Bag,Bag/Other,inferred,,yes,4.0,96,0.1,0.4,960.0,16.0,240.0,
2026-05-06,2026-05,Assembly,,40030,ORG Almond Amaretto 10ct/6pk Tea Bag - GA,Tea,inferred,,yes,1.0,47,3.18,3.18,14.8,0.246,14.8,
2026-05-06,2026-05,Assembly,,43370,ORG Dandelion Blueberry Vanilla 10ct/6pk Tea Bag,Tea,inferred,,yes,1.0,1,0.19,0.19,5.3,0.088,5.3,
2026-05-06,2026-05,Assembly,,GDB010,ORG Vanilla Nut Packet Goody Bag - GA,Bag/Other,inferred,,yes,1.0,50,0.28,0.28,178.6,2.976,178.6,
2026-05-06,2026-05,Assembly,,GDB110,ORG French Roast Packet Goody Bag - G,Bag/Other,inferred,,yes,1.0,50,0.3,0.3,166.7,2.778,166.7,
2026-05-06,2026-05,Maisa 1,,Running Amy,,Tea,inferred,,,3.0,0,,,,,,
2026-05-06,2026-05,Maisa 2+3,,45001,Mushroom Adaptogen TB Sampler Box - 6 Count Case - G,Sampler,inferred,,yes,5.0,240,3.2,16.0,75.0,1.25,15.0,
2026-05-06,2026-05,Maisa 2+3,,Clean,Standard Clean,Tea,inferred,,,5.0,0,0.3,1.5,,,,
2026-05-06,2026-05,WeighRight,,10031,Roasted Chicory Root - 1 Lb Bag,Bag/Other,inferred,,yes,3.0,2220,4.29,12.87,517.5,8.625,172.5,
2026-05-06,2026-05,WeighRight,,10031,Roasted Chicory Root - 1 Lb Bag,Bag/Other,inferred,,yes,3.0,348,3.22,9.66,108.1,1.801,36.0,
2026-05-06,2026-05,WeighRight,,10035,Chicory 5 Lb Bag,Bag/Other,inferred,,yes,3.0,152,0.44,1.32,345.5,5.758,115.2,
2026-05-06,2026-05,WeighRight,,10035,Chicory 5 Lb Bag,Bag/Other,inferred,,yes,3.0,212,0.58,1.74,365.5,6.092,121.8,
2026-05-07,2026-05,Maisa 1,,Running Amy,,Tea,inferred,,,3.0,0,,,,,,
2026-05-07,2026-05,WeighRight,,10031,Roasted Chicory Root - 1 Lb Bag,Bag/Other,inferred,,yes,3.0,1800,0.35,1.05,5142.9,85.714,1714.3,
2026-05-07,2026-05,WeighRight,,10031,Roasted Chicory Root - 1 Lb Bag,Bag/Other,inferred,,yes,3.0,2160,3.31,9.93,652.6,10.876,217.5,
2026-05-11,2026-05,Assembly,,40030,ORG Almond Amaretto 10ct/6pk Tea Bag - GA,Tea,inferred,,yes,1.0,56,3.59,3.59,15.6,0.26,15.6,
2026-05-11,2026-05,Maisa 1,,45001L,Mushroom Adapt Tea Bag Sampler Box,Sampler,governed,high,yes,3.0,1044,8.3,24.9,125.8,2.096,41.9,
2026-05-11,2026-05,Maisa 2+3,,40130,ORG Maca Chocolate 10ct/6pk Tea Bag - G,Tea,inferred,,yes,5.0,6,0.06,0.3,100.0,1.667,20.0,
2026-05-11,2026-05,Maisa 2+3,,46011,ORG Dark Chocolate 25 Ct Tea Bag,Tea,governed,high,yes,5.0,1485,6.41,32.05,231.7,3.861,46.3,
2026-05-11,2026-05,Maisa 2+3,,48003,WWB ORG Lemon Balm 25ct Tea Bag 2.25g,Tea,inferred,,yes,5.0,432,1.59,7.95,271.7,4.528,54.3,
2026-05-11,2026-05,Maisa 2+3,,Clean,Standard Clean,Tea,inferred,,,5.0,0,0.51,2.55,,,,
2026-05-11,2026-05,Maisa 2+3,,Clean,Standard Clean,Tea,inferred,,,5.0,0,0.29,1.45,,,,
2026-05-11,2026-05,WeighRight,,10031,Roasted Chicory Root - 1 Lb Bag,Bag/Other,inferred,,yes,3.0,3456,8.01,24.03,431.5,7.191,143.8,
2026-05-11,2026-05,WeighRight,,10039A,AMZN Roasted French Chicory 2 X 1 Lb Bag,Bag/Other,inferred,,yes,3.0,252,1.59,4.77,158.5,2.642,52.8,
2026-05-12,2026-05,AMS,machine(Amy),10028L,"Organic Cacao Nibs, 1 Lb Bag",Bag/Other,inferred,,yes,4.0,300,1.21,4.84,247.9,4.132,62.0,
2026-05-12,2026-05,AMS,machine(Amy),10201,WWB - ORG Peppermint Leaf - 4 Oz Bag,Bag/Other,inferred,,yes,4.0,588,2.49,9.96,236.1,3.936,59.0,
2026-05-12,2026-05,AMS,handpack,20081,ORG Mocha 300G Dual Language Bag - 6Ct Case - GA,Bag/Other,inferred,,yes,1.0,4,12.45,12.45,0.3,0.005,0.3,
2026-05-12,2026-05,AMS,machine(Amy),Air clean out,Air Clean out of Machine (no testing necessary),Bag/Other,inferred,,,4.0,0,0.16,0.64,,,,
2026-05-12,2026-05,AMS,machine(Amy),different tooling,,Bag/Other,inferred,,,4.0,0,0.45,1.8,,,,
2026-05-12,2026-05,AMS,machine(Amy),different tooling,,Bag/Other,inferred,,,4.0,0,0.55,2.2,,,,
2026-05-12,2026-05,Assembly,,40030,ORG Almond Amaretto 10ct/6pk Tea Bag - GA,Tea,inferred,,yes,1.0,90,10.15,10.15,8.9,0.148,8.9,
2026-05-12,2026-05,Assembly,,90014,Practitioner Wellness Box,Bundle,governed,high,yes,1.0,10,1.09,1.09,9.2,0.153,9.2,
2026-05-12,2026-05,Maisa 1,,45001L,Mushroom Adapt Tea Bag Sampler Box,Sampler,governed,high,yes,3.0,756,1.59,4.77,475.5,7.925,158.5,
2026-05-12,2026-05,Maisa 2+3,,40130,ORG Maca Chocolate 10ct/6pk Tea Bag - G,Tea,inferred,,yes,5.0,914,7.56,37.8,120.9,2.015,24.2,
2026-05-12,2026-05,Maisa 2+3,,40132,ORG Maca Chocolate 25CT Tea Bag - G,Tea,governed,high,yes,5.0,491,2.0,10.0,245.5,4.092,49.1,
2026-05-12,2026-05,WeighRight,,10022,ORG Raw Dandelion1 Lb Bag,Bag/Other,inferred,,yes,3.0,92,1.29,3.87,71.3,1.189,23.8,
2026-05-12,2026-05,WeighRight,,10024,ORG Lavender 4 Oz Bag - 79523910024,Bag/Other,inferred,,yes,3.0,696,2.1,6.3,331.4,5.524,110.5,
2026-05-12,2026-05,WeighRight,,10031,Roasted Chicory Root - 1 Lb Bag,Bag/Other,inferred,,yes,3.0,2304,4.14,12.42,556.5,9.275,185.5,
2026-05-12,2026-05,WeighRight,,Air Clean Out,Air Clean out of Machine (no testing necessary),Bag/Other,inferred,,,3.0,0,0.41,1.23,,,,
2026-05-12,2026-05,WeighRight,,Air Clean Out,Air Clean out of Machine (no testing necessary),Bag/Other,inferred,,,3.0,0,0.3,0.9,,,,
2026-05-12,2026-05,WeighRight,,clean,Standard Clean,Bag/Other,inferred,,,3.0,0,1.13,3.39,,,,
2026-05-13,2026-05,AMS,machine(Amy),10029L,"Organic Maca Powder, 1 Lb Bag",Bag/Other,inferred,,yes,4.0,300,2.33,9.32,128.8,2.146,32.2,
2026-05-13,2026-05,AMS,machine(Amy),different tooling,,Bag/Other,inferred,,,4.0,0,0.17,0.68,,,,
2026-05-13,2026-05,Assembly,,40030,ORG Almond Amaretto 10ct/6pk Tea Bag - GA,Tea,inferred,,yes,1.0,84,8.2,8.2,10.2,0.171,10.2,
2026-05-13,2026-05,Maisa 2+3,,40132,ORG Maca Chocolate 25CT Tea Bag - G,Tea,governed,high,yes,3.0,709,4.2,12.6,168.8,2.813,56.3,
2026-05-13,2026-05,Maisa 2+3,,43220,ORG Dandelion Caramel Nut 10ct/6pk Tea Bag - A,Tea,inferred,,yes,3.0,230,4.34,13.02,53.0,0.883,17.7,
2026-05-13,2026-05,Maisa 2+3,,CleanG,Clean + Gluten Test,Tea,inferred,,,5.0,0,0.28,1.4,,,,
2026-05-13,2026-05,Maisa 2+3,,TB130,ORG Maca Chocolate Tea Bag - G,Tea,inferred,,yes,2.0,1000,0.17,0.34,5882.4,98.039,2941.2,
2026-05-13,2026-05,WeighRight,,10042,ORG Burdock 1 Lb Bag,Bag/Other,inferred,,yes,3.0,840,1.43,4.29,587.4,9.79,195.8,
2026-05-13,2026-05,WeighRight,,10051,ORG Roasted Chicory Root - 1 Lb Bag,Bag/Other,inferred,,yes,3.0,1440,2.03,6.09,709.4,11.823,236.5,
2026-05-13,2026-05,WeighRight,,Air Clean Out,Air Clean out of Machine (no testing necessary),Bag/Other,inferred,,,3.0,0,0.45,1.35,,,,
2026-05-14,2026-05,Assembly,,40071,ORG Java 25CT Tea Bag - GA,Tea,governed,high,yes,1.0,96,2.58,2.58,37.2,0.62,37.2,
2026-05-14,2026-05,Assembly,,42011,ORG Pumpkin Spice 25CT Tea Bag - GA,Tea,governed,high,yes,1.0,60,2.0,2.0,30.0,0.5,30.0,
2026-05-18,2026-05,Assembly,,40041,ORG Blood Orange 25CT Tea Bag - GA,Tea,governed,high,yes,1.0,60,2.15,2.15,27.9,0.465,27.9,
2026-05-18,2026-05,Assembly,,42011,ORG Pumpkin Spice 25CT Tea Bag - GA,Tea,governed,high,yes,1.0,240,10.2,10.2,23.5,0.392,23.5,
2026-05-18,2026-05,Assembly,,45022,Chaga Ashwaganda TB Demo Tray,Tea,inferred,,yes,1.0,5,0.45,0.45,11.1,0.185,11.1,
2026-05-18,2026-05,Assembly,,45032,ORG Lion's Mane Rhodiola Tea Bag Demo Tray - G,Tea,inferred,,yes,1.0,5,0.45,0.45,11.1,0.185,11.1,
2026-05-18,2026-05,Assembly,,45052,Turkey Tail Astragalus TB Demo Tray - G,Tea,inferred,,yes,1.0,5,0.45,0.45,11.1,0.185,11.1,
2026-05-18,2026-05,Assembly,,80033,ORG Almond Amaretto 11OZ Bag 3PK - GA,Bag/Other,inferred,,yes,1.0,15,0.36,0.36,41.7,0.694,41.7,
2026-05-18,2026-05,Assembly,,80133,ORG MACA Chocolate 11OZ Bag 3PK - G,Bag/Other,inferred,,yes,1.0,160,4.1,4.1,39.0,0.65,39.0,
2026-05-18,2026-05,Maisa 2+3,,43220,ORG Dandelion Caramel Nut 10ct/6pk Tea Bag - A,Tea,inferred,,yes,5.0,690,8.13,40.65,84.9,1.415,17.0,
2026-05-18,2026-05,Maisa 2+3,,43310F,Dandelion Mocha Mint Dual Language 10 cnt TB - A,Tea,inferred,,yes,5.0,146,1.32,6.6,110.6,1.843,22.1,
2026-05-18,2026-05,Maisa 2+3,,Clean,Standard Clean,Tea,inferred,,,5.0,0,0.18,0.9,,,,
2026-05-18,2026-05,Maisa 2+3,,TB130,ORG Maca Chocolate Tea Bag - G,Tea,inferred,,yes,2.0,27000,3.54,7.08,7627.1,127.119,3813.6,
2026-05-18,2026-05,WeighRight,,10042,ORG Burdock 1 Lb Bag,Bag/Other,inferred,,yes,3.0,360,0.41,1.23,878.0,14.634,292.7,
2026-05-18,2026-05,WeighRight,,20081,ORG Mocha 300G Dual Language Bag - 6Ct Case - GA,Bag/Other,inferred,,yes,3.0,120,1.51,4.53,79.5,1.325,26.5,
2026-05-18,2026-05,WeighRight,,50080,ORG Mocha 30g Trial Size Packet - GA,Bag/Other,inferred,,yes,3.0,540,1.28,3.84,421.9,7.031,140.6,
2026-05-18,2026-05,WeighRight,,63110,ORG Dandelion Dark Roast 5 Lb Bag,APG,governed,high,yes,3.0,35,0.27,0.81,129.6,2.16,43.2,
2026-05-18,2026-05,WeighRight,,83110L,ORG Dandelion Dark Roast 10 oz Bag/Box of 24,APG,governed,high,yes,3.0,1656,4.37,13.11,378.9,6.316,126.3,
2026-05-18,2026-05,WeighRight,,Air Clean Out,Air Clean out of Machine (no testing necessary),Bag/Other,inferred,,,3.0,0,0.32,0.96,,,,
2026-05-18,2026-05,WeighRight,,CLean,Standard Clean,Bag/Other,inferred,,,3.0,0,0.27,0.81,,,,
2026-05-19,2026-05,AMS,machine(Amy),10013,"ORG Hibisicus, 8 Oz Bag",Bag/Other,inferred,,yes,4.0,120,0.41,1.64,292.7,4.878,73.2,
2026-05-19,2026-05,AMS,machine(Amy),10044,AMZN- WWB-ORG Hibiscus - 1 Lb Bag,Bag/Other,inferred,,yes,4.0,600,5.22,20.88,114.9,1.916,28.7,
2026-05-19,2026-05,Assembly,,40001A,AMZN Labeled Herbal Tea Sampler Box/Variety Pack,Bundle,inferred,,yes,1.0,220,3.16,3.16,69.6,1.16,69.6,
2026-05-19,2026-05,Assembly,,42011,ORG Pumpkin Spice 25CT Tea Bag - GA,Tea,governed,high,yes,1.0,250,10.25,10.25,24.4,0.407,24.4,
2026-05-19,2026-05,Assembly,,42021,ORG Caramel Nut 25CT Tea Bag - GA,Tea,governed,high,,1.0,0,4.58,4.58,,,,
2026-05-19,2026-05,Assembly,,80033,ORG Almond Amaretto 11OZ Bag 3PK - GA,Bag/Other,inferred,,yes,1.0,65,1.35,1.35,48.1,0.802,48.1,
2026-05-19,2026-05,Assembly,,TGB502,Chaga Ashwaganda Tea Goody Bag,Bag/Other,inferred,,yes,1.0,150,2.15,2.15,69.8,1.163,69.8,
2026-05-19,2026-05,Assembly,,TGB601,ORG Dark Chocolate Tea Bag Goody Bag,Tea,inferred,,yes,1.0,500,1.17,1.17,427.4,7.123,427.4,
2026-05-19,2026-05,Maisa 1,,40066,Hazelnut Tagless Tea Bag - 50 Ct - GA,Tea,governed,high,yes,3.0,240,4.3,12.9,55.8,0.93,18.6,
2026-05-19,2026-05,Maisa 2+3,,43310F,Dandelion Mocha Mint Dual Language 10 cnt TB - A,Tea,inferred,,yes,5.0,34,0.11,0.55,309.1,5.152,61.8,
2026-05-19,2026-05,Maisa 2+3,,43310L,Org Dandelion Mocha Mint 10 Ct Tea Bag Loose - A,Tea,governed,high,yes,5.0,360,0.22,1.1,1636.4,27.273,327.3,
2026-05-19,2026-05,Maisa 2+3,,43311F,ORG Dandelion Mocha Mint DL 25CT Tea Bag AMZN (24pk) - A,Tea,inferred,,yes,5.0,216,0.4,2.0,540.0,9.0,108.0,
2026-05-19,2026-05,Maisa 2+3,,43370L,Org Dandelion Blueberry Vanilla 10Ct Tea Bag Loose,Tea,inferred,,yes,5.0,360,0.41,2.05,878.0,14.634,175.6,
2026-05-19,2026-05,Maisa 2+3,,43371,ORG Blueberry Vanilla 25-Ct Tea Bag,Tea,inferred,,yes,5.0,308,0.52,2.6,592.3,9.872,118.5,
2026-05-19,2026-05,Maisa 2+3,,45071,ORG Miraculous Mushroom A&P 25 Ct Tea Bag,Tea,inferred,,yes,5.0,480,4.21,21.05,114.0,1.9,22.8,
2026-05-19,2026-05,Maisa 2+3,,Clean,Standard Clean,Tea,inferred,,,5.0,0,0.29,1.45,,,,
2026-05-19,2026-05,Maisa 2+3,,Clean,Standard Clean,Tea,inferred,,,3.0,0,0.48,1.44,,,,
2026-05-19,2026-05,Maisa 2+3,,CleanA,Clean + Almond Test,Tea,inferred,,,5.0,0,0.29,1.45,,,,
2026-05-19,2026-05,Maisa 2+3,,TB507,ORG Miraculous Mushroom A&P Loose Tea Bag,Tea,inferred,,yes,2.0,4000,1.22,2.44,3278.7,54.645,1639.3,
2026-05-19,2026-05,WeighRight,,50080,ORG Mocha 30g Trial Size Packet - GA,Bag/Other,inferred,,yes,3.0,1260,1.5,4.5,840.0,14.0,280.0,
2026-05-19,2026-05,WeighRight,,60070,ORG Java 5 Lb Bag - GA,Bag/Other,inferred,,yes,3.0,32,0.16,0.48,200.0,3.333,66.7,
2026-05-19,2026-05,WeighRight,,62060,ORG Maple Pecan 5 Lb Bag - GA,Bag/Other,inferred,,yes,3.0,20,0.11,0.33,181.8,3.03,60.6,
2026-05-19,2026-05,WeighRight,,80080,ORG Mocha 11OZ Bag/6 Count Case - GA,Bag/Other,inferred,,yes,3.0,329,6.05,18.15,54.4,0.906,18.1,
2026-05-19,2026-05,WeighRight,,82060L,ORG Maple Pecan 11OZ Bag/Box of 24 - GA,Bag/Other,inferred,,yes,3.0,240,0.59,1.77,406.8,6.78,135.6,
2026-05-19,2026-05,WeighRight,,Air Clean Out,Air Clean out of Machine (no testing necessary),Bag/Other,inferred,,,3.0,0,0.19,0.57,,,,
2026-05-19,2026-05,WeighRight,,Air Clean Out,Air Clean out of Machine (no testing necessary),Bag/Other,inferred,,,3.0,0,0.12,0.36,,,,
2026-05-19,2026-05,WeighRight,,Air Clean Out,Air Clean out of Machine (no testing necessary),Bag/Other,inferred,,,3.0,0,0.28,0.84,,,,
2026-05-20,2026-05,Assembly,,40001A,AMZN Labeled Herbal Tea Sampler Box/Variety Pack,Bundle,inferred,,yes,1.0,390,5.0,5.0,78.0,1.3,78.0,
2026-05-20,2026-05,Assembly,,42011,ORG Pumpkin Spice 25CT Tea Bag - GA,Tea,governed,high,yes,1.0,135,5.0,5.0,27.0,0.45,27.0,
2026-05-20,2026-05,Assembly,,42021,ORG Caramel Nut 25CT Tea Bag - GA,Tea,governed,high,yes,1.0,55,5.0,5.0,11.0,0.183,11.0,
2026-05-20,2026-05,Assembly,,GDB060,ORG Hazelnut Packet Goody Bag - GA,Bag/Other,inferred,,yes,1.0,100,2.49,2.49,40.2,0.669,40.2,
2026-05-20,2026-05,Assembly,,TGB502,Chaga Ashwaganda Tea Goody Bag,Bag/Other,inferred,,yes,1.0,350,2.11,2.11,165.9,2.765,165.9,
2026-05-20,2026-05,Maisa 1,,40063,ORG Hazelnut 25CT Tea Bag 3PK - GA,Tea,inferred,,yes,3.0,120,2.25,6.75,53.3,0.889,17.8,
2026-05-20,2026-05,Maisa 1,,40066,Hazelnut Tagless Tea Bag - 50 Ct - GA,Tea,governed,high,yes,3.0,192,1.19,3.57,161.3,2.689,53.8,
2026-05-20,2026-05,Maisa 2+3,,45010F,Reishi Eleuthero Dual Language 10 cnt TB - G,Tea,inferred,,yes,3.0,230,3.42,10.26,67.3,1.121,22.4,
2026-05-20,2026-05,Maisa 2+3,,Clean,Standard Clean,Tea,inferred,,,3.0,0,20.3,60.9,,,,
2026-05-20,2026-05,WeighRight,,52040,ORG Snickerdoodle 30g Trial Size Packet - GA,APG,governed,high,yes,3.0,379,0.44,1.32,861.4,14.356,287.1,
2026-05-20,2026-05,WeighRight,,62040,Snickerdoodle 5 LB bag - GA,APG,governed,high,yes,3.0,40,0.3,0.9,133.3,2.222,44.4,
2026-05-20,2026-05,WeighRight,,62040,Snickerdoodle 5 LB bag - GA,APG,governed,high,yes,3.0,4,0.04,0.12,100.0,1.667,33.3,
2026-05-20,2026-05,WeighRight,,85070L,ORG Miraculous Mushrooms A&P 10oz Bag/Box of 24,Bag/Other,inferred,,yes,3.0,1237,2.35,7.05,526.4,8.773,175.5,
2026-05-20,2026-05,WeighRight,,Air Clean Out,Air Clean out of Machine (no testing necessary),Bag/Other,inferred,,,3.0,0,0.35,1.05,,,,
2026-05-20,2026-05,WeighRight,,CleanGA,Clean + Gluten + Almond Tests,Bag/Other,inferred,,,3.0,0,0.25,0.75,,,,
2026-05-21,2026-05,Assembly,,40001A,AMZN Labeled Herbal Tea Sampler Box/Variety Pack,Bundle,inferred,,yes,1.0,409,5.0,5.0,81.8,1.363,81.8,
2026-05-21,2026-05,Assembly,,42021,ORG Caramel Nut 25CT Tea Bag - GA,Tea,governed,high,yes,1.0,89,4.4,4.4,20.2,0.337,20.2,
2026-05-26,2026-05,AMS,machine(Amy),10013,"ORG Hibisicus, 8 Oz Bag",Bag/Other,inferred,,yes,4.0,594,1.39,5.56,427.3,7.122,106.8,
2026-05-26,2026-05,AMS,machine(Amy),30009L,ORG Instant Vanilla Nut 100g Bag - G,Instant,governed,high,yes,4.0,458,1.54,6.16,297.4,4.957,74.4,
2026-05-26,2026-05,AMS,machine(Amy),30010,Instant Hazelnut 100g Bag / 6 Count Case - G,Instant,inferred,,yes,4.0,125,2.42,9.68,51.7,0.861,12.9,
2026-05-26,2026-05,AMS,machine(Amy),Air clean out,Air Clean out of Machine (no testing necessary),Bag/Other,inferred,,,4.0,0,0.32,1.28,,,,
2026-05-26,2026-05,AMS,unknown,Air clean out,Air Clean out of Machine (no testing necessary),Bag/Other,inferred,,,,0,0.22,,,,,
2026-05-26,2026-05,AMS,machine(Amy),Different tooling,,Bag/Other,inferred,,,4.0,0,3.08,12.32,,,,
2026-05-26,2026-05,Assembly,,40001A,AMZN Labeled Herbal Tea Sampler Box/Variety Pack,Bundle,inferred,,yes,1.0,410,5.0,5.0,82.0,1.367,82.0,
2026-05-26,2026-05,Assembly,,GDB060,ORG Hazelnut Packet Goody Bag - GA,Bag/Other,inferred,,,1.0,260,,,,,,
2026-05-26,2026-05,Assembly,,GDB080,ORG Mocha Packet Goody Bag,Bag/Other,inferred,,yes,1.0,180,0.21,0.21,857.1,14.286,857.1,
2026-05-26,2026-05,Assembly,,GDB110,ORG French Roast Packet Goody Bag - G,Bag/Other,inferred,,yes,1.0,360,1.05,1.05,342.9,5.714,342.9,
2026-05-26,2026-05,Assembly,,GDB502,ORG Chaga Ashwaganda Packet Goody Bag,Bag/Other,inferred,,yes,1.0,180,0.17,0.17,1058.8,17.647,1058.8,
2026-05-26,2026-05,Assembly,,TGB311,ORG Dandelion Dark Roast Tea Bag Goody Bag,Tea,inferred,,yes,1.0,500,1.57,1.57,318.5,5.308,318.5,
2026-05-26,2026-05,Assembly,,TGB322,Dandelion Caramel Nut Tea Bag Goody Bag - A,Tea,inferred,,yes,1.0,50,0.15,0.15,333.3,5.556,333.3,
2026-05-26,2026-05,Assembly,,TGB334,ORG Dandelion Coconut Tea Bag Goody Bag - A,Tea,inferred,,yes,1.0,440,1.03,1.03,427.2,7.12,427.2,
2026-05-26,2026-05,Assembly,,TGB501,Reishi Eleuthero Tea Goody Bag - G,Bag/Other,inferred,,yes,1.0,500,2.01,2.01,248.8,4.146,248.8,
2026-05-26,2026-05,Assembly,,TGB507,ORG Miraculous Mushroom AP Tea Bag Goody Bag,Tea,inferred,,yes,1.0,500,3.0,3.0,166.7,2.778,166.7,
2026-05-26,2026-05,Maisa 1,,40060,ORG Hazelnut 10ct/6pk Tea Bag - GA,Tea,inferred,,yes,3.0,118,1.45,4.35,81.4,1.356,27.1,
2026-05-26,2026-05,Maisa 2+3,,45030,ORG Lion's Mane Rhodiola 10 Ct Tea Bag/6 Count Case - G,Tea,inferred,,yes,3.0,487,9.12,27.36,53.4,0.89,17.8,
2026-05-26,2026-05,Maisa 2+3,,Clean,Standard Clean,Tea,inferred,,,3.0,0,0.38,1.14,,,,
2026-05-26,2026-05,WeighRight,,20111,ORG French Roast 300G Dual Language Bag - 6Ct Case - G,Bag/Other,inferred,,yes,3.0,15,0.34,1.02,44.1,0.735,14.7,
2026-05-26,2026-05,WeighRight,,63220,ORG Dandelion Caramel Nut 5 Lb Bag - A,Bag/Other,inferred,,yes,2.0,48,0.46,0.92,104.3,1.739,52.2,
2026-05-26,2026-05,WeighRight,,63310,ORG Dandelion Mocha Mint 5 Lb Bag - A,Bag/Other,inferred,,yes,3.0,24,0.16,0.48,150.0,2.5,50.0,
2026-05-26,2026-05,WeighRight,,80110A,AMZN Org French Roast 11OZ Bag/Box of 24 - G,Bag/Other,inferred,,yes,3.0,1200,3.59,10.77,334.3,5.571,111.4,
2026-05-26,2026-05,WeighRight,,80110L,Org French Roast 11oz Bag/Box of 24 - G,Bag/Other,inferred,,yes,3.0,1008,2.06,6.18,489.3,8.155,163.1,
2026-05-26,2026-05,WeighRight,,83010L,ORG Dandelion Vanilla Nut 10 Oz Bag/Box of 24 - A,Bag/Other,inferred,,yes,3.0,477,1.37,4.11,348.2,5.803,116.1,
2026-05-26,2026-05,WeighRight,,Air Clean Out,Air Clean out of Machine (no testing necessary),Bag/Other,inferred,,,2.0,0,0.23,0.46,,,,
2026-05-26,2026-05,WeighRight,,Air Clean Out,Air Clean out of Machine (no testing necessary),Bag/Other,inferred,,,3.0,0,0.1,0.3,,,,
2026-05-26,2026-05,WeighRight,,Air Clean Out,Air Clean out of Machine (no testing necessary),Bag/Other,inferred,,,3.0,0,0.09,0.27,,,,
2026-05-27,2026-05,AMS,machine(Amy),10402A,AMZN- WWB-ORG Rama Tulsi - 8 OZ Bag,Bag/Other,inferred,,yes,4.0,456,5.02,20.08,90.8,1.514,22.7,
2026-05-27,2026-05,AMS,machine(Amy),Air clean out,Air Clean out of Machine (no testing necessary),Bag/Other,inferred,,,4.0,0,0.15,0.6,,,,
2026-05-27,2026-05,Assembly,,40001A,AMZN Labeled Herbal Tea Sampler Box/Variety Pack,Bundle,inferred,,yes,1.0,104,1.2,1.2,86.7,1.444,86.7,
2026-05-27,2026-05,Assembly,,TGB010,ORG Vanilla Nut Tea Bag Goody Bag - GA,Tea,inferred,,,1.0,500,,,,,,
2026-05-27,2026-05,Assembly,,TGB322,Dandelion Caramel Nut Tea Bag Goody Bag - A,Tea,inferred,,yes,1.0,450,2.3,2.3,195.7,3.261,195.7,
2026-05-27,2026-05,Assembly,,TGB331,ORG Dandelion Mocha Mint Tea Bag Goody Bag - A,Tea,inferred,,yes,1.0,150,0.3,0.3,500.0,8.333,500.0,
2026-05-27,2026-05,Assembly,,TGB334,ORG Dandelion Coconut Tea Bag Goody Bag - A,Tea,inferred,,yes,1.0,60,0.4,0.4,150.0,2.5,150.0,
2026-05-27,2026-05,Maisa 2+3,,42080,ORG Irish Cream 10ct/6pk Tea Bag - G,Tea,inferred,,yes,3.0,460,7.46,22.38,61.7,1.028,20.6,
2026-05-27,2026-05,Maisa 2+3,,42081,ORG Irish Cream 25Ct Tea Bag Box - G,Tea,inferred,,yes,3.0,373,2.1,6.3,177.6,2.96,59.2,
2026-05-27,2026-05,WeighRight,,20061,ORG Hazelnut 300G Dual Language Bag - 6Ct Case - GA,Bag/Other,inferred,,yes,3.0,120,2.16,6.48,55.6,0.926,18.5,
2026-05-27,2026-05,WeighRight,,20111,ORG French Roast 300G Dual Language Bag - 6Ct Case - G,Bag/Other,inferred,,yes,3.0,105,1.14,3.42,92.1,1.535,30.7,
2026-05-27,2026-05,WeighRight,,80010,ORG Vanilla Nut 11oz Bag/6 Count Case - GA,Bag/Other,inferred,,yes,3.0,254,3.45,10.35,73.6,1.227,24.5,
2026-05-27,2026-05,WeighRight,,85010,ORG Reishi Eleuthero 10 Oz Bag/6 Count Case - G,Bag/Other,inferred,,yes,3.0,120,1.55,4.65,77.4,1.29,25.8,
2026-05-27,2026-05,WeighRight,,Air Clean Out,Air Clean out of Machine (no testing necessary),Bag/Other,inferred,,,3.0,0,0.17,0.51,,,,
2026-05-27,2026-05,WeighRight,,Air Clean Out,Air Clean out of Machine (no testing necessary),Bag/Other,inferred,,,3.0,0,0.17,0.51,,,,
2026-05-27,2026-05,WeighRight,,Air Clean Out,Air Clean out of Machine (no testing necessary),Bag/Other,inferred,,,3.0,0,0.16,0.48,,,,
2026-05-28,2026-05,AMS,machine(Amy),10019,ORG Astragalus 8 Oz Bag,Bag/Other,inferred,,yes,4.0,1440,4.25,17.0,338.8,5.647,84.7,
2026-05-28,2026-05,AMS,machine(Amy),10402A,AMZN- WWB-ORG Rama Tulsi - 8 OZ Bag,Bag/Other,inferred,,yes,4.0,48,0.2,0.8,240.0,4.0,60.0,
2026-05-28,2026-05,AMS,machine(Amy),Air clean out,Air Clean out of Machine (no testing necessary),Bag/Other,inferred,,,4.0,0,0.34,1.36,,,,
2026-05-28,2026-05,AMS,machine(Amy),Air clean out,Air Clean out of Machine (no testing necessary),Bag/Other,inferred,,,4.0,0,0.26,1.04,,,,
2026-05-28,2026-05,Assembly,,TGB331,ORG Dandelion Mocha Mint Tea Bag Goody Bag - A,Tea,inferred,,yes,1.0,350,1.4,1.4,250.0,4.167,250.0,
2026-05-28,2026-05,Maisa 1,,40060,ORG Hazelnut 10ct/6pk Tea Bag - GA,Tea,inferred,,yes,3.0,342,8.19,24.57,41.8,0.696,13.9,
2026-05-28,2026-05,Maisa 2+3,,40110,ORG French Roast 10 Count Tea Bag - G,Tea,inferred,,yes,3.0,460,8.35,25.05,55.1,0.918,18.4,
2026-05-28,2026-05,Maisa 2+3,,40111,ORG French Roast 25CT Tea Bag - G,Tea,governed,high,yes,3.0,40,0.43,1.29,93.0,1.55,31.0,
2026-05-28,2026-05,Maisa 2+3,,Clean,Standard Clean,Tea,inferred,,,3.0,0,0.27,0.81,,,,
2026-05-28,2026-05,WeighRight,,20011,ORG Vanilla Nut 300G Dual Language Bag - 6Ct Case - GA,Bag/Other,inferred,,yes,3.0,180,0.46,1.38,391.3,6.522,130.4,
2026-05-28,2026-05,WeighRight,,80010,ORG Vanilla Nut 11oz Bag/6 Count Case - GA,Bag/Other,inferred,,yes,3.0,512,6.37,19.11,80.4,1.34,26.8,
2026-05-28,2026-05,WeighRight,,80013,ORG Vanilla Nut 11oz Bag 3PK - GA,Bag/Other,inferred,,yes,3.0,300,2.51,7.53,119.5,1.992,39.8,
2026-06-01,2026-06,AMS,machine(Amy),30007,Instant Miraculous Mushrooms A&P 100g Bag / 6 Count Case,Instant,inferred,,yes,4.0,144,3.37,13.48,42.7,0.712,10.7,
2026-06-01,2026-06,Assembly,,12251L,Holiday Tea Bag Sampler Box ,Sampler,inferred,,yes,1.0,108,1.3,1.3,83.1,1.385,83.1,
2026-06-01,2026-06,Assembly,,42021,ORG Caramel Nut 25CT Tea Bag - GA,Tea,governed,high,yes,1.0,96,5.0,5.0,19.2,0.32,19.2,
2026-06-01,2026-06,Assembly,,49999,Teeccino Herbal Tea Shipper,Bag/Other,inferred,,yes,1.0,1,0.2,0.2,5.0,0.083,5.0,
2026-06-01,2026-06,Assembly,,TGB337,ORG Blueberry Vanilla Tea Bag Goody Bag,Tea,inferred,,yes,1.0,250,2.18,2.18,114.7,1.911,114.7,
2026-06-01,2026-06,Maisa 1,,40016,Vanilla Nut Tagless Tea Bag - 50 Ct - GA,Tea,governed,high,,3.0,0,5.08,15.24,,,,
2026-06-01,2026-06,Maisa 1,,40060F,Hazelnut Dual Language 10 cnt TB - GA,Tea,inferred,,yes,3.0,121,3.13,9.39,38.7,0.644,12.9,
2026-06-01,2026-06,Maisa 1,,Clean,Standard Clean,Tea,inferred,,,3.0,0,1.25,3.75,,,,
2026-06-01,2026-06,Maisa 2+3,,40111,ORG French Roast 25CT Tea Bag - G,Tea,governed,high,yes,3.0,576,5.49,16.47,104.9,1.749,35.0,
2026-06-01,2026-06,WeighRight,,60010,ORG Vanilla Nut 5 Lb Bag - GA,Bag/Other,inferred,,yes,3.0,32,0.16,0.48,200.0,3.333,66.7,
2026-06-01,2026-06,WeighRight,,60030,ORG Almond Amaretto 5 Lb Bag - GA,Bag/Other,inferred,,yes,3.0,28,0.09,0.27,311.1,5.185,103.7,
2026-06-01,2026-06,WeighRight,,80013,ORG Vanilla Nut 11oz Bag 3PK - GA,Bag/Other,inferred,,yes,3.0,52,1.55,4.65,33.5,0.559,11.2,
2026-06-01,2026-06,WeighRight,,80030L,ORG Almond Amaretto 11OZ Bag/Box of 24 - GA,Bag/Other,inferred,,yes,3.0,720,3.49,10.47,206.3,3.438,68.8,
2026-06-01,2026-06,WeighRight,,86010,ORG Dark Chocolate 10 Oz Bag/6 Count Case,Bag/Other,inferred,,yes,3.0,150,2.18,6.54,68.8,1.147,22.9,
2026-06-01,2026-06,WeighRight,,Air Clean Out,Air Clean out of Machine (no testing necessary),Bag/Other,inferred,,,3.0,0,0.14,0.42,,,,
2026-06-01,2026-06,WeighRight,,Air Clean Out,Air Clean out of Machine (no testing necessary),Bag/Other,inferred,,,3.0,0,0.22,0.66,,,,
2026-06-01,2026-06,WeighRight,,CleanGA,Clean + Gluten + Almond Tests,Bag/Other,inferred,,,3.0,0,2.51,7.53,,,,
2026-06-02,2026-06,AMS,machine(Amy),30007,Instant Miraculous Mushrooms A&P 100g Bag / 6 Count Case,Instant,inferred,,yes,4.0,92,0.49,1.96,187.8,3.129,46.9,
2026-06-02,2026-06,AMS,machine(Amy),30013,Instant Miraculous Mushrooms C+5 135g Bag / 6 Count Case,Instant,inferred,,yes,4.0,236,4.27,17.08,55.3,0.921,13.8,
2026-06-02,2026-06,AMS,machine(Amy),31007,ORG Instant Miraculous Mushrooms AP Latte 6Ct Case ,Instant,inferred,,yes,4.0,217,4.01,16.04,54.1,0.902,13.5,
2026-06-02,2026-06,AMS,machine(Amy),Air clean out,Air Clean out of Machine (no testing necessary),Bag/Other,inferred,,,4.0,0,0.19,0.76,,,,
2026-06-02,2026-06,AMS,machine(Amy),Air clean out,Air Clean out of Machine (no testing necessary),Bag/Other,inferred,,,4.0,0,0.19,0.76,,,,
2026-06-02,2026-06,Assembly,,40141,ORG Original 25ct Tea Bag - G,Tea,governed,high,yes,1.0,79,4.48,4.48,17.6,0.294,17.6,
2026-06-02,2026-06,Assembly,,42011,ORG Pumpkin Spice 25CT Tea Bag - GA,Tea,governed,high,yes,1.0,175,6.31,6.31,27.7,0.462,27.7,
2026-06-02,2026-06,Assembly,,42021,ORG Caramel Nut 25CT Tea Bag - GA,Tea,governed,high,yes,1.0,111,8.3,8.3,13.4,0.223,13.4,
2026-06-02,2026-06,Maisa 1,,40016,Vanilla Nut Tagless Tea Bag - 50 Ct - GA,Tea,governed,high,,3.0,0,2.49,7.47,,,,
2026-06-02,2026-06,WeighRight,,10051,ORG Roasted Chicory Root - 1 Lb Bag,Bag/Other,inferred,,yes,4.0,1704,4.43,17.72,384.7,6.411,96.2,
2026-06-02,2026-06,WeighRight,,10059A,AMZN ORG French Chicory 2 X 1 Lb Bag,Bag/Other,inferred,,yes,4.0,432,2.48,9.92,174.2,2.903,43.5,
2026-06-03,2026-06,AMS,machine(Amy),31007,ORG Instant Miraculous Mushrooms AP Latte 6Ct Case ,Instant,inferred,,yes,4.0,21,0.24,0.96,87.5,1.458,21.9,
2026-06-03,2026-06,AMS,machine(Amy),31014,ORG Instant Miraculous Mushroom Matcha Latte 6Ct Case,Instant,inferred,,yes,4.0,240,3.59,14.36,66.9,1.114,16.7,
2026-06-03,2026-06,AMS,machine(Amy),Air clean out,Air Clean out of Machine (no testing necessary),Bag/Other,inferred,,,4.0,0,0.22,0.88,,,,
2026-06-03,2026-06,AMS,machine(Amy),Different tooling,,Bag/Other,inferred,,,4.0,0,0.27,1.08,,,,
2026-06-03,2026-06,Assembly,,40001,Herbal Tea Sampler Box - 6 Count Case,Sampler,inferred,,yes,1.0,53,3.5,3.5,15.1,0.252,15.1,
2026-06-03,2026-06,Assembly,,40141,ORG Original 25ct Tea Bag - G,Tea,governed,high,yes,1.0,30,1.01,1.01,29.7,0.495,29.7,
2026-06-03,2026-06,Assembly,,42011,ORG Pumpkin Spice 25CT Tea Bag - GA,Tea,governed,high,yes,1.0,141,4.35,4.35,32.4,0.54,32.4,
2026-06-03,2026-06,Assembly,,45001,Mushroom Adaptogen TB Sampler Box - 6 Count Case - G,Sampler,inferred,,yes,1.0,32,1.45,1.45,22.1,0.368,22.1,
2026-06-03,2026-06,Assembly,,50092,Teeccino Chocolate Flavor Sampler,Sampler,governed,high,yes,1.0,9,1.1,1.1,8.2,0.136,8.2,
2026-06-03,2026-06,WeighRight,,10035,Chicory 5 Lb Bag,Bag/Other,inferred,,yes,4.0,128,1.08,4.32,118.5,1.975,29.6,
2026-06-03,2026-06,WeighRight,,10051,ORG Roasted Chicory Root - 1 Lb Bag,Bag/Other,inferred,,yes,4.0,1368,3.07,12.28,445.6,7.427,111.4,
2026-06-08,2026-06,AMS,handpack,10202,ORG Peppermint 1 Lb Bag,Bag/Other,inferred,,yes,2.0,280,6.03,12.06,46.4,0.774,23.2,
2026-06-08,2026-06,Assembly,,40001,Herbal Tea Sampler Box - 6 Count Case,Sampler,inferred,,yes,1.0,58,8.05,8.05,7.2,0.12,7.2,
2026-06-08,2026-06,Assembly,,42011,ORG Pumpkin Spice 25CT Tea Bag - GA,Tea,governed,high,yes,1.0,101,6.1,6.1,16.6,0.276,16.6,
2026-06-08,2026-06,Assembly,,45001,Mushroom Adaptogen TB Sampler Box - 6 Count Case - G,Sampler,inferred,,yes,1.0,67,8.1,8.1,8.3,0.138,8.3,
2026-06-08,2026-06,Assembly,,50092,Teeccino Chocolate Flavor Sampler,Sampler,governed,high,yes,1.0,181,6.25,6.25,29.0,0.483,29.0,
2026-06-08,2026-06,Maisa 2+3,,40111,ORG French Roast 25CT Tea Bag - G,Tea,governed,high,yes,5.0,152,0.25,1.25,608.0,10.133,121.6,
2026-06-08,2026-06,Maisa 2+3,,40113,ORG French Roast 25CT Tea Bag 3PK - G,Tea,inferred,,yes,5.0,120,1.06,5.3,113.2,1.887,22.6,
2026-06-08,2026-06,Maisa 2+3,,40116,French Roast Tagless Tea Bag - 50 Ct - G,Tea,governed,high,yes,3.0,432,6.21,18.63,69.6,1.159,23.2,
2026-06-08,2026-06,Maisa 2+3,,43220F,Dandelion Caramel Nut Dual Language 10 cnt TB - A,Tea,inferred,,yes,3.0,47,1.22,3.66,38.5,0.642,12.8,
2026-06-08,2026-06,Maisa 2+3,,CleanG,Clean + Gluten Test,Tea,inferred,,,3.0,0,0.33,0.99,,,,
2026-06-08,2026-06,WeighRight,,10031,Roasted Chicory Root - 1 Lb Bag,Bag/Other,inferred,,yes,4.0,1080,2.27,9.08,475.8,7.93,118.9,
2026-06-08,2026-06,WeighRight,,10035,Chicory 5 Lb Bag,Bag/Other,inferred,,yes,4.0,156,1.11,4.44,140.5,2.342,35.1,
2026-06-08,2026-06,WeighRight,,10039A,AMZN Roasted French Chicory 2 X 1 Lb Bag,Bag/Other,inferred,,yes,4.0,1344,6.33,25.32,212.3,3.539,53.1,
2026-06-09,2026-06,AMS,machine(Amy),10006A,WWB AMZN Organic Lemon Balm (6 Oz) ,Bag/Other,inferred,,yes,4.0,1440,8.46,33.84,170.2,2.837,42.6,
2026-06-09,2026-06,AMS,handpack,10202,ORG Peppermint 1 Lb Bag,Bag/Other,inferred,,yes,2.0,56,0.55,1.1,101.8,1.697,50.9,
2026-06-09,2026-06,AMS,unknown,Air clean out,Air Clean out of Machine (no testing necessary),Bag/Other,inferred,,,,0,0.18,,,,,
2026-06-09,2026-06,AMS,machine(Amy),Air clean out,Air Clean out of Machine (no testing necessary),Bag/Other,inferred,,,4.0,0,,,,,,
2026-06-09,2026-06,Assembly,,40001,Herbal Tea Sampler Box - 6 Count Case,Sampler,inferred,,yes,1.0,25,8.2,8.2,3.0,0.051,3.0,
2026-06-09,2026-06,Assembly,,42011,ORG Pumpkin Spice 25CT Tea Bag - GA,Tea,governed,high,yes,1.0,122,9.15,9.15,13.3,0.222,13.3,
2026-06-09,2026-06,Assembly,,45001,Mushroom Adaptogen TB Sampler Box - 6 Count Case - G,Sampler,inferred,,yes,1.0,21,8.2,8.2,2.6,0.043,2.6,
2026-06-09,2026-06,Assembly,,45021,ORG Chaga Ashwagandha 25 Ct Tea Bag,Tea,governed,high,yes,1.0,48,1.4,1.4,34.3,0.571,34.3,
2026-06-09,2026-06,Maisa 2+3,,43220F,Dandelion Caramel Nut Dual Language 10 cnt TB - A,Tea,inferred,,yes,3.0,73,0.55,1.65,132.7,2.212,44.2,
2026-06-09,2026-06,Maisa 2+3,,45020,ORG Chaga Ashwagandha 10 Ct Tea Bag/6 Count Case,Tea,inferred,,yes,3.0,147,2.25,6.75,65.3,1.089,21.8,
2026-06-09,2026-06,Maisa 2+3,,45021,ORG Chaga Ashwagandha 25 Ct Tea Bag,Tea,governed,high,yes,3.0,720,6.03,18.09,119.4,1.99,39.8,
2026-06-09,2026-06,Maisa 2+3,,CleanA,Clean + Almond Test,Tea,inferred,,,3.0,0,0.38,1.14,,,,
2026-06-09,2026-06,WeighRight,,10031,Roasted Chicory Root - 1 Lb Bag,Bag/Other,inferred,,yes,4.0,120,0.22,0.88,545.5,9.091,136.4,
2026-06-09,2026-06,WeighRight,,83110L,ORG Dandelion Dark Roast 10 oz Bag/Box of 24,APG,governed,high,yes,3.0,1800,4.35,13.05,413.8,6.897,137.9,
2026-06-09,2026-06,WeighRight,,83113,ORG Dandelion Dark Roast 10OZ Bag 3PK ,Bag/Other,inferred,,yes,3.0,512,4.04,12.12,126.7,2.112,42.2,
2026-06-09,2026-06,WeighRight,,83220L,Dandelion Caramel Nut 10 Oz Bag/Box of 24 - A,Bag/Other,inferred,,yes,3.0,288,0.42,1.26,685.7,11.429,228.6,
2026-06-09,2026-06,WeighRight,,Air Clean Out,Air Clean out of Machine (no testing necessary),Bag/Other,inferred,,,3.0,0,0.27,0.81,,,,
2026-06-09,2026-06,WeighRight,,Clean,Standard Clean,Bag/Other,inferred,,,3.0,0,0.51,1.53,,,,
2026-06-10,2026-06,Assembly,,40001,Herbal Tea Sampler Box - 6 Count Case,Sampler,inferred,,yes,1.0,49,2.3,2.3,21.3,0.355,21.3,
2026-06-10,2026-06,Assembly,,45001,Mushroom Adaptogen TB Sampler Box - 6 Count Case - G,Sampler,inferred,,yes,1.0,35,4.0,4.0,8.8,0.146,8.8,
2026-06-10,2026-06,Maisa 2+3,,45020,ORG Chaga Ashwagandha 10 Ct Tea Bag/6 Count Case,Tea,inferred,,yes,3.0,326,4.21,12.63,77.4,1.291,25.8,
2026-06-10,2026-06,WeighRight,,80060A,AMZN Org Hazelnut 11OZ Bag/Box of 24 - GA,Bag/Other,inferred,,yes,3.0,1200,1.48,4.44,810.8,13.514,270.3,
2026-06-10,2026-06,WeighRight,,82040L,ORG Snickerdoodle 11OZ Bag/Box of 24 - GA,APG,governed,high,yes,3.0,432,0.52,1.56,830.8,13.846,276.9,
2026-06-10,2026-06,WeighRight,,Air Clean Out,Air Clean out of Machine (no testing necessary),Bag/Other,inferred,,,3.0,0,0.18,0.54,,,,
2026-06-10,2026-06,WeighRight,,Air Clean Out,Air Clean out of Machine (no testing necessary),Bag/Other,inferred,,,3.0,0,0.33,0.99,,,,
2026-06-15,2026-06,Assembly,,40001,Herbal Tea Sampler Box - 6 Count Case,Sampler,inferred,,yes,1.0,45,9.35,9.35,4.8,0.08,4.8,
2026-06-15,2026-06,Assembly,,43111,ORG Dandelion Dark Roast 25CT Tea Bag,Tea,governed,high,yes,1.0,151,5.0,5.0,30.2,0.503,30.2,
2026-06-15,2026-06,Assembly,,45001,Mushroom Adaptogen TB Sampler Box - 6 Count Case - G,Sampler,inferred,,yes,1.0,75,6.12,6.12,12.3,0.204,12.3,
2026-06-15,2026-06,Maisa 2+3,,43111,ORG Dandelion Dark Roast 25CT Tea Bag,Tea,governed,high,yes,3.0,24,0.08,0.24,300.0,5.0,100.0,
2026-06-15,2026-06,Maisa 2+3,,45020,ORG Chaga Ashwagandha 10 Ct Tea Bag/6 Count Case,Tea,inferred,,yes,5.0,217,1.51,7.55,143.7,2.395,28.7,
2026-06-15,2026-06,Maisa 2+3,,45020F,Chaga Ashwagandha Dual Language 10 cnt TB,Tea,inferred,,yes,5.0,230,3.12,15.6,73.7,1.229,14.7,
2026-06-15,2026-06,Maisa 2+3,,45021,ORG Chaga Ashwagandha 25 Ct Tea Bag,Tea,governed,high,yes,5.0,738,3.4,17.0,217.1,3.618,43.4,
2026-06-15,2026-06,Maisa 2+3,,Clean,Standard Clean,Tea,inferred,,,5.0,0,1.1,5.5,,,,
2026-06-15,2026-06,WeighRight,,60060,ORG Hazelnut 5 Lb Bag - GA,Bag/Other,inferred,,yes,3.0,48,0.3,0.9,160.0,2.667,53.3,
2026-06-15,2026-06,WeighRight,,60070,ORG Java 5 Lb Bag - GA,Bag/Other,inferred,,yes,3.0,20,0.12,0.36,166.7,2.778,55.6,
2026-06-15,2026-06,WeighRight,,65020,ORG Chaga Ashwagandha 5 Lb Bag,Bag/Other,inferred,,yes,3.0,20,0.12,0.36,166.7,2.778,55.6,
2026-06-15,2026-06,WeighRight,,80050L,ORG English Toffee 11oz Bag/Box of 24 - GA,Bag/Other,inferred,,yes,3.0,717,1.26,3.78,569.0,9.484,189.7,
2026-06-15,2026-06,WeighRight,,80060L,Org Hazelnut 11OZ Bag/Box of 24 - GA,Bag/Other,inferred,,yes,3.0,672,1.18,3.54,569.5,9.492,189.8,
2026-06-15,2026-06,WeighRight,,85020,ORG Chaga Ashwagandha 10 Oz Bag/6 Count Case,Bag/Other,inferred,,yes,3.0,162,2.54,7.62,63.8,1.063,21.3,
2026-06-15,2026-06,WeighRight,,85070,ORG Miraculous Mushrooms A&P 6Ct/10Oz APG Bag,APG,inferred,,yes,3.0,41,1.17,3.51,35.0,0.584,11.7,
2026-06-15,2026-06,WeighRight,,Air Clean Out,Air Clean out of Machine (no testing necessary),Bag/Other,inferred,,,3.0,0,0.33,0.99,,,,
2026-06-15,2026-06,WeighRight,,Air Clean Out,Air Clean out of Machine (no testing necessary),Bag/Other,inferred,,,3.0,0,0.1,0.3,,,,
2026-06-15,2026-06,WeighRight,,Air Clean Out,Air Clean out of Machine (no testing necessary),Bag/Other,inferred,,,3.0,0,0.18,0.54,,,,
2026-06-15,2026-06,WeighRight,,CleanGA,Clean + Gluten + Almond Tests,Bag/Other,inferred,,,3.0,0,1.14,3.42,,,,
2026-06-16,2026-06,AMS,machine(Amy),10013,"ORG Hibisicus, 8 Oz Bag",Bag/Other,inferred,,yes,4.0,588,2.39,9.56,246.0,4.1,61.5,
2026-06-16,2026-06,Maisa 2+3,,10203L,Organic Peppermint 50Ct NTB - MAISA 1 only,Tea,inferred,,yes,3.0,276,4.15,12.45,66.5,1.108,22.2,
2026-06-16,2026-06,Maisa 2+3,,43111,ORG Dandelion Dark Roast 25CT Tea Bag,Tea,governed,high,yes,3.0,408,4.3,12.9,94.9,1.581,31.6,
2026-06-16,2026-06,Maisa 2+3,,Clean,Standard Clean,Tea,inferred,,,3.0,0,0.43,1.29,,,,
2026-06-16,2026-06,WeighRight,,55070,ORG Miraculous Mushrooms A+P 30g Trial Size Packet,Bag/Other,inferred,,yes,3.0,2365,5.04,15.12,469.2,7.821,156.4,
2026-06-16,2026-06,WeighRight,,66010,ORG Dark Chocolate 5 Lb Bag,Bag/Other,inferred,,,3.0,0,0.12,0.36,,,,
2026-06-16,2026-06,WeighRight,,83110,ORG Dandelion Dark Roast 10 Oz Bag/6 Count Case,Bag/Other,inferred,,yes,3.0,40,0.32,0.96,125.0,2.083,41.7,
2026-06-16,2026-06,WeighRight,,83110L,ORG Dandelion Dark Roast 10 oz Bag/Box of 24,APG,governed,high,yes,3.0,576,1.32,3.96,436.4,7.273,145.5,
2026-06-16,2026-06,WeighRight,,85070,ORG Miraculous Mushrooms A&P 6Ct/10Oz APG Bag,APG,inferred,,yes,3.0,39,0.33,0.99,118.2,1.97,39.4,
2026-06-16,2026-06,WeighRight,,85070L,ORG Miraculous Mushrooms A&P 10oz Bag/Box of 24,Bag/Other,inferred,,yes,3.0,840,1.23,3.69,682.9,11.382,227.6,
2026-06-16,2026-06,WeighRight,,Air Clean Out,Air Clean out of Machine (no testing necessary),Bag/Other,inferred,,,3.0,0,0.4,1.2,,,,
2026-06-16,2026-06,WeighRight,,Air Clean Out,Air Clean out of Machine (no testing necessary),Bag/Other,inferred,,,3.0,0,0.12,0.36,,,,
2026-06-17,2026-06,AMS,machine(Amy),10013,"ORG Hibisicus, 8 Oz Bag",Bag/Other,inferred,,yes,4.0,132,0.36,1.44,366.7,6.111,91.7,
2026-06-17,2026-06,AMS,machine(Amy),10044,AMZN- WWB-ORG Hibiscus - 1 Lb Bag,Bag/Other,inferred,,yes,4.0,305,2.0,8.0,152.5,2.542,38.1,
2026-06-17,2026-06,AMS,machine(Amy),10302A,WWB Organic Cinnamon Powder 1lb - AMZN Label,Bag/Other,inferred,,yes,4.0,516,1.08,4.32,477.8,7.963,119.4,
2026-06-17,2026-06,AMS,machine(Amy),Different Tooling,1056,Bag/Other,inferred,,,4.0,0,0.38,1.52,,,,
2026-06-17,2026-06,Assembly,,43111,ORG Dandelion Dark Roast 25CT Tea Bag,Tea,governed,high,yes,1.0,329,6.2,6.2,53.1,0.884,53.1,
2026-06-17,2026-06,Maisa 2+3,,10203L,Organic Peppermint 50Ct NTB - MAISA 1 only,Tea,inferred,,yes,3.0,24,0.18,0.54,133.3,2.222,44.4,
2026-06-17,2026-06,Maisa 2+3,,40131,ORG Mexican Chocolate 25CT Tea Bag - G,Tea,governed,high,yes,3.0,504,3.29,9.87,153.2,2.553,51.1,
2026-06-17,2026-06,Maisa 2+3,,Clean,Standard Clean,Tea,inferred,,,3.0,0,0.31,0.93,,,,
2026-06-17,2026-06,WeighRight,,60080,ORG Mocha 5 Lb Bag - GA,Bag/Other,inferred,,yes,1.0,32,1.0,1.0,32.0,0.533,32.0,
2026-06-17,2026-06,WeighRight,,80010A,AMZN Org Vanilla Nut 11OZ Bag/Box of 24 - GA,Bag/Other,inferred,,yes,3.0,600,1.06,3.18,566.0,9.434,188.7,
2026-06-17,2026-06,WeighRight,,83080L,ORG Dandelion Mocha 10 Oz Bag/Box of 24 - A,Bag/Other,inferred,,yes,3.0,786,1.54,4.62,510.4,8.506,170.1,
2026-06-17,2026-06,WeighRight,,83110L,ORG Dandelion Dark Roast 10 oz Bag/Box of 24,APG,governed,high,yes,3.0,357,0.52,1.56,686.5,11.442,228.8,
2026-06-17,2026-06,WeighRight,,Air Clean Out,Air Clean out of Machine (no testing necessary),Bag/Other,inferred,,,3.0,0,0.18,0.54,,,,
2026-06-17,2026-06,WeighRight,,Air Clean Out,Air Clean out of Machine (no testing necessary),Bag/Other,inferred,,,3.0,0,0.1,0.3,,,,
2026-06-22,2026-06,AMS,machine(Amy),10302A,WWB Organic Cinnamon Powder 1lb - AMZN Label,Bag/Other,inferred,,yes,4.0,516,1.53,6.12,337.3,5.621,84.3,
2026-06-22,2026-06,AMS,machine(Amy),30004,Instant Barley - 6 Oz Bag - G,Instant,inferred,,yes,4.0,434,2.39,9.56,181.6,3.026,45.4,
2026-06-22,2026-06,AMS,machine(Amy),30007,Instant Miraculous Mushrooms A&P 100g Bag / 6 Count Case,Instant,inferred,,yes,4.0,180,2.57,10.28,70.0,1.167,17.5,
2026-06-22,2026-06,AMS,machine(Amy),30007L,ORG Instant Miraculous Mushrooms AP 100g Bag,Instant,governed,high,yes,4.0,180,1.18,4.72,152.5,2.542,38.1,
2026-06-22,2026-06,AMS,machine(Amy),Air clean out,Air Clean out of Machine (no testing necessary),Bag/Other,inferred,,,4.0,0,0.29,1.16,,,,
2026-06-22,2026-06,AMS,machine(Amy),CLEAN,Standard Clean,Bag/Other,inferred,,,4.0,0,,,,,,
2026-06-22,2026-06,AMS,handpack,CleanG,Clean + Gluten Test,Bag/Other,inferred,,,1.0,0,0.29,0.29,,,,
2026-06-22,2026-06,Assembly,,40001,Herbal Tea Sampler Box - 6 Count Case,Sampler,inferred,,yes,2.0,102,5.0,10.0,20.4,0.34,10.2,
2026-06-22,2026-06,Assembly,,42121,ORG Chocolate Raspberry 25CT Tea Bag - G,Tea,governed,high,yes,1.0,54,2.4,2.4,22.5,0.375,22.5,
2026-06-22,2026-06,Assembly,,50096,Top Six Packet Sampler pack,Sampler,inferred,,yes,1.0,190,3.4,3.4,55.9,0.931,55.9,
2026-06-22,2026-06,Assembly,,80030,ORG Almond Amaretto 11OZ Bag/6 Count Case - GA,Bag/Other,inferred,,yes,1.0,40,0.58,0.58,69.0,1.149,69.0,
2026-06-22,2026-06,Assembly,,86010,ORG Dark Chocolate 10 Oz Bag/6 Count Case,Bag/Other,inferred,,yes,1.0,32,0.54,0.54,59.3,0.988,59.3,
2026-06-22,2026-06,Maisa 2+3,,40131,ORG Mexican Chocolate 25CT Tea Bag - G,Tea,governed,high,yes,5.0,328,1.05,5.25,312.4,5.206,62.5,
2026-06-22,2026-06,Maisa 2+3,,47010,75147 TJ ORG Roasted Herbal Cofee (12 Pack) - G,Tea,inferred,,yes,5.0,488,8.45,42.25,57.8,0.963,11.6,
2026-06-22,2026-06,Maisa 2+3,,CleanG,Clean + Gluten Test,Tea,inferred,,,5.0,0,0.1,0.5,,,,
2026-06-22,2026-06,WeighRight,,Go to amy,,Bag/Other,inferred,,,3.0,0,10.0,30.0,,,,
2026-06-23,2026-06,AMS,machine(Amy),30007L,ORG Instant Miraculous Mushrooms AP 100g Bag,Instant,governed,high,yes,4.0,413,1.3,5.2,317.7,5.295,79.4,
2026-06-23,2026-06,AMS,machine(Amy),30013,Instant Miraculous Mushrooms C+5 135g Bag / 6 Count Case,Instant,inferred,,yes,4.0,180,3.57,14.28,50.4,0.84,12.6,
2026-06-23,2026-06,AMS,machine(Amy),30013L,ORG Miraculous Mushrooms Cacao 135g Bag,Bag/Other,inferred,,yes,4.0,655,2.11,8.44,310.4,5.174,77.6,
2026-06-23,2026-06,AMS,machine(Amy),31007,ORG Instant Miraculous Mushrooms AP Latte 6Ct Case ,Instant,inferred,,yes,4.0,61,1.43,5.72,42.7,0.711,10.7,
2026-06-23,2026-06,AMS,machine(Amy),Air clean out,Air Clean out of Machine (no testing necessary),Bag/Other,inferred,,,4.0,0,,,,,,
2026-06-23,2026-06,AMS,machine(Amy),Air clean out,Air Clean out of Machine (no testing necessary),Bag/Other,inferred,,,4.0,0,,,,,,
2026-06-23,2026-06,Assembly,,40001,Herbal Tea Sampler Box - 6 Count Case,Sampler,inferred,,yes,1.0,59,5.0,5.0,11.8,0.197,11.8,
2026-06-23,2026-06,Assembly,,42111,ORG French Vanilla 25CT Tea Bag - G,Tea,governed,high,yes,1.0,22,1.15,1.15,19.1,0.319,19.1,
2026-06-23,2026-06,Assembly,,42121,ORG Chocolate Raspberry 25CT Tea Bag - G,Tea,governed,high,yes,1.0,45,3.4,3.4,13.2,0.221,13.2,
2026-06-23,2026-06,Assembly,,50096,Top Six Packet Sampler pack,Sampler,inferred,,yes,1.0,103,5.0,5.0,20.6,0.343,20.6,
2026-06-23,2026-06,Assembly,,80083,ORG Mocha 11OZ Bag 3PK  - GA,Bag/Other,inferred,,yes,1.0,32,0.31,0.31,103.2,1.72,103.2,
2026-06-23,2026-06,Maisa 2+3,,47010,75147 TJ ORG Roasted Herbal Cofee (12 Pack) - G,Tea,inferred,,yes,5.0,629,10.05,50.25,62.6,1.043,12.5,
2026-06-23,2026-06,WeighRight,,Go to amy,,Bag/Other,inferred,,,3.0,0,10.0,30.0,,,,
2026-06-24,2026-06,AMS,machine(Amy),30008L,ORG Instant French Roast 100g Bag - G,Instant,governed,high,yes,4.0,612,1.47,5.88,416.3,6.939,104.1,
2026-06-24,2026-06,AMS,machine(Amy),31007,ORG Instant Miraculous Mushrooms AP Latte 6Ct Case ,Instant,inferred,,yes,4.0,130,2.32,9.28,56.0,0.934,14.0,
2026-06-24,2026-06,AMS,machine(Amy),31014,ORG Instant Miraculous Mushroom Matcha Latte 6Ct Case,Instant,inferred,,yes,4.0,189,4.54,18.16,41.6,0.694,10.4,
2026-06-24,2026-06,AMS,machine(Amy),Air clean out,Air Clean out of Machine (no testing necessary),Bag/Other,inferred,,,4.0,0,0.25,1.0,,,,
2026-06-24,2026-06,AMS,machine(Amy),Air clean out,Air Clean out of Machine (no testing necessary),Bag/Other,inferred,,,4.0,0,0.23,0.92,,,,
2026-06-24,2026-06,AMS,machine(Amy),Air clean out,Air Clean out of Machine (no testing necessary),Bag/Other,inferred,,,4.0,0,0.21,0.84,,,,
2026-06-24,2026-06,Assembly,,40001,Herbal Tea Sampler Box - 6 Count Case,Sampler,inferred,,yes,1.0,56,5.0,5.0,11.2,0.187,11.2,
2026-06-24,2026-06,Assembly,,42111,ORG French Vanilla 25CT Tea Bag - G,Tea,governed,high,yes,1.0,114,5.0,5.0,22.8,0.38,22.8,
2026-06-24,2026-06,Assembly,,50096,Top Six Packet Sampler pack,Sampler,inferred,,yes,1.0,37,4.3,4.3,8.6,0.143,8.6,
2026-06-24,2026-06,Maisa 2+3,,43310,ORG Dandelion Mocha Mint 10CT Tea Bag - A,Tea,inferred,,yes,5.0,411,6.05,30.25,67.9,1.132,13.6,
2026-06-24,2026-06,Maisa 2+3,,47010,75147 TJ ORG Roasted Herbal Cofee (12 Pack) - G,Tea,inferred,,yes,5.0,254,3.37,16.85,75.4,1.256,15.1,
2026-06-24,2026-06,Maisa 2+3,,CleanG,Clean + Gluten Test,Tea,inferred,,,5.0,0,0.24,1.2,,,,
2026-06-24,2026-06,Maisa 2+3,,TB331,ORG Dandelion Mocha Mint Tea Bag - A,Tea,inferred,,yes,4.0,12000,1.45,5.8,8275.9,137.931,2069.0,
2026-06-24,2026-06,WeighRight,,Go to amy,,Bag/Other,inferred,,,3.0,0,10.0,30.0,,,,
2026-06-25,2026-06,AMS,machine(Amy),10046L,"Organic Dandelion Root Powder, Medium Roast, 1 Lb Bag",Bag/Other,inferred,,yes,4.0,300,1.19,4.76,252.1,4.202,63.0,
2026-06-25,2026-06,AMS,machine(Amy),30014L,Organic Instant Chicory 8 Oz Bag,Instant,inferred,,yes,4.0,372,2.4,9.6,155.0,2.583,38.8,
2026-06-25,2026-06,AMS,unknown,Air clean out,Air Clean out of Machine (no testing necessary),Bag/Other,inferred,,,,0,0.52,,,,,
2026-06-25,2026-06,AMS,unknown,Air clean out,Air Clean out of Machine (no testing necessary),Bag/Other,inferred,,,,0,0.4,,,,,
2026-06-25,2026-06,Assembly,,40001,Herbal Tea Sampler Box - 6 Count Case,Sampler,inferred,,yes,1.0,13,5.0,5.0,2.6,0.043,2.6,
2026-06-25,2026-06,Assembly,,42111,ORG French Vanilla 25CT Tea Bag - G,Tea,governed,high,yes,1.0,172,5.0,5.0,34.4,0.573,34.4,
2026-06-25,2026-06,Assembly,,83220L,Dandelion Caramel Nut 10 Oz Bag/Box of 24 - A,Bag/Other,inferred,,yes,1.0,48,0.1,0.1,480.0,8.0,480.0,
2026-06-25,2026-06,Maisa 2+3,,43221,ORG Dandelion Caramel Nut 25CT Tea Bag - A,Tea,governed,high,yes,5.0,72,2.22,11.1,32.4,0.541,6.5,
2026-06-25,2026-06,Maisa 2+3,,43226,Dandelion Caramel Nut Tagless Tea Bag - 50 Ct - A,Tea,governed,high,yes,5.0,480,2.55,12.75,188.2,3.137,37.6,
2026-06-25,2026-06,Maisa 2+3,,43310,ORG Dandelion Mocha Mint 10CT Tea Bag - A,Tea,inferred,,yes,5.0,159,0.59,2.95,269.5,4.492,53.9,
2026-06-25,2026-06,Maisa 2+3,,43340,ORG Dandelion Coconut 10CT Tea Bag - A,Tea,inferred,,yes,5.0,628,4.49,22.45,139.9,2.331,28.0,
2026-06-25,2026-06,Maisa 2+3,,Clean,Standard Clean,Tea,inferred,,,5.0,0,0.16,0.8,,,,
2026-06-25,2026-06,Maisa 2+3,,Clean,Standard Clean,Tea,inferred,,,5.0,0,0.29,1.45,,,,
2026-06-25,2026-06,WeighRight,,80010A,AMZN Org Vanilla Nut 11OZ Bag/Box of 24 - GA,Bag/Other,inferred,,yes,3.0,600,1.39,4.17,431.7,7.194,143.9,
2026-06-25,2026-06,WeighRight,,80010L,Org Vanilla Nut 11OZ Bag/Box of 24 - GA,Bag/Other,inferred,,yes,3.0,432,0.5,1.5,864.0,14.4,288.0,
2026-06-25,2026-06,WeighRight,,80110A,AMZN Org French Roast 11OZ Bag/Box of 24 - G,Bag/Other,inferred,,yes,3.0,120,0.23,0.69,521.7,8.696,173.9,
2026-06-25,2026-06,WeighRight,,Air Clean Out,Air Clean out of Machine (no testing necessary),Bag/Other,inferred,,,3.0,0,0.4,1.2,,,,
2026-06-25,2026-06,WeighRight,,CleanA,Clean + Almond Test,Bag/Other,inferred,,,3.0,0,0.48,1.44,,,,
2026-06-25,2026-06,WeighRight,,Go to amy,,Bag/Other,inferred,,,3.0,0,10.0,30.0,,,,
2026-06-29,2026-06,Assembly,,42111,ORG French Vanilla 25CT Tea Bag - G,Tea,governed,high,yes,1.0,172,5.1,5.1,33.7,0.562,33.7,
2026-06-29,2026-06,Assembly,,43001L,Dandelion Tea Sampler Box - Loose - G,Sampler,governed,high,yes,1.0,420,3.3,3.3,127.3,2.121,127.3,
2026-06-29,2026-06,Maisa 2+3,,43220,ORG Dandelion Caramel Nut 10ct/6pk Tea Bag - A,Tea,inferred,,yes,5.0,837,6.48,32.4,129.2,2.153,25.8,
2026-06-29,2026-06,Maisa 2+3,,43221,ORG Dandelion Caramel Nut 25CT Tea Bag - A,Tea,governed,high,yes,5.0,1128,3.17,15.85,355.8,5.931,71.2,
2026-06-29,2026-06,WeighRight,,80110,ORG French Roast 11OZ Bag/6 Count Case - G,Bag/Other,inferred,,yes,3.0,327,4.47,13.41,73.2,1.219,24.4,
2026-06-29,2026-06,WeighRight,,80110A,AMZN Org French Roast 11OZ Bag/Box of 24 - G,Bag/Other,inferred,,yes,3.0,1320,3.07,9.21,430.0,7.166,143.3,
2026-06-29,2026-06,WeighRight,,80113,ORG French Roast 11OZ Bag 3PK - G,Bag/Other,inferred,,yes,3.0,176,0.32,0.96,550.0,9.167,183.3,
2026-06-30,2026-06,Assembly,,12251L,Holiday Tea Bag Sampler Box ,Sampler,inferred,,yes,1.0,144,1.49,1.49,96.6,1.611,96.6,
2026-06-30,2026-06,Assembly,,42099,Teeccino Herbal Tea Holiday Display,Bag/Other,inferred,,yes,1.0,1,0.35,0.35,2.9,0.048,2.9,
2026-06-30,2026-06,Assembly,,43001L,Dandelion Tea Sampler Box - Loose - G,Sampler,governed,high,yes,1.0,72,2.38,2.38,30.3,0.504,30.3,
2026-06-30,2026-06,Assembly,,46010L,ORG Dark Chocolate 10 Ct Tea Bag/36 Count Box,Tea,governed,high,yes,1.0,91,1.0,1.0,91.0,1.517,91.0,
2026-06-30,2026-06,Assembly,,80030,ORG Almond Amaretto 11OZ Bag/6 Count Case - GA,Bag/Other,inferred,,yes,1.0,12,1.07,1.07,11.2,0.187,11.2,
2026-06-30,2026-06,Assembly,,90001,Holiday Instant Gift Box,Bundle,governed,high,yes,1.0,20,1.1,1.1,18.2,0.303,18.2,
2026-06-30,2026-06,Maisa 1,,45070,ORG Miraculous Mushrooms A&P 10Ct/6Pk Tea Bag,Tea,inferred,,,3.0,46,,,,,,
2026-06-30,2026-06,Maisa 1,,CleanGA,Clean + Gluten + Almond Tests,Tea,inferred,,,,0,,,,,,
2026-06-30,2026-06,Maisa 2+3,,43220,ORG Dandelion Caramel Nut 10ct/6pk Tea Bag - A,Tea,inferred,,yes,5.0,543,4.2,21.0,129.3,2.155,25.9,
2026-06-30,2026-06,Maisa 2+3,,46011,ORG Dark Chocolate 25 Ct Tea Bag,Tea,governed,high,yes,5.0,672,4.39,21.95,153.1,2.551,30.6,
2026-06-30,2026-06,Maisa 2+3,,Cleana,Clean + Almond Test,Tea,inferred,,,5.0,0,1.05,5.25,,,,
2026-06-30,2026-06,WeighRight,,60110,ORG French Roast 5 Lb Bag - G,Bag/Other,inferred,,yes,3.0,64,0.3,0.9,213.3,3.556,71.1,
2026-06-30,2026-06,WeighRight,,80030,ORG Almond Amaretto 11OZ Bag/6 Count Case - GA,Bag/Other,inferred,,yes,3.0,80,12.52,37.56,6.4,0.106,2.1,
2026-06-30,2026-06,WeighRight,,80110,ORG French Roast 11OZ Bag/6 Count Case - G,Bag/Other,inferred,,yes,3.0,363,4.2,12.6,86.4,1.44,28.8,
2026-06-30,2026-06,WeighRight,,80110L,Org French Roast 11oz Bag/Box of 24 - G,Bag/Other,inferred,,yes,3.0,720,1.36,4.08,529.4,8.824,176.5,
2026-06-30,2026-06,WeighRight,,Air Clean Out,Air Clean out of Machine (no testing necessary),Bag/Other,inferred,,,3.0,0,0.39,1.17,,,,
2026-06-30,2026-06,WeighRight,,CleanA,Clean + Almond Test,Bag/Other,inferred,,,3.0,0,1.45,4.35,,,,
2026-07-01,2026-07,Assembly,,12251L,Holiday Tea Bag Sampler Box ,Sampler,inferred,,yes,1.0,360,5.0,5.0,72.0,1.2,72.0,
2026-07-01,2026-07,Assembly,,43001L,Dandelion Tea Sampler Box - Loose - G,Sampler,governed,high,yes,1.0,278,4.4,4.4,63.2,1.053,63.2,
2026-07-01,2026-07,Assembly,,46010L,ORG Dark Chocolate 10 Ct Tea Bag/36 Count Box,Tea,governed,high,yes,1.0,528,4.5,4.5,117.3,1.956,117.3,
2026-07-01,2026-07,Maisa 1,,43116,Dandelion DarkRoast Tagless Tea Bag - 50 Ct,Tea,governed,high,,3.0,0,4.04,12.12,,,,
2026-07-01,2026-07,Maisa 1,,43116,Dandelion DarkRoast Tagless Tea Bag - 50 Ct,Tea,governed,high,yes,3.0,10,1.53,4.59,6.5,0.109,2.2,
2026-07-01,2026-07,Maisa 1,,45070,ORG Miraculous Mushrooms A&P 10Ct/6Pk Tea Bag,Tea,inferred,,yes,3.0,414,6.31,18.93,65.6,1.094,21.9,
2026-07-01,2026-07,Maisa 1,,Clean,Standard Clean,Tea,inferred,,,3.0,0,0.3,0.9,,,,
2026-07-01,2026-07,Maisa 2+3,,43110,ORG Dandelion Dark Roast 10ct/6pk Tea Bag,Tea,inferred,,yes,5.0,177,4.15,20.75,42.7,0.711,8.5,
2026-07-01,2026-07,Maisa 2+3,,43110A,AMZN Org Dandelion Dark Roast 10 Ct Tea Bag Loose,Tea,inferred,,yes,5.0,360,1.4,7.0,257.1,4.286,51.4,
2026-07-01,2026-07,Maisa 2+3,,46011,ORG Dark Chocolate 25 Ct Tea Bag,Tea,governed,high,yes,5.0,432,3.34,16.7,129.3,2.156,25.9,
2026-07-01,2026-07,Maisa 2+3,,Clean,Standard Clean,Tea,inferred,,,5.0,0,0.36,1.8,,,,
2026-07-01,2026-07,WeighRight,,10042,ORG Burdock 1 Lb Bag,Bag/Other,inferred,,yes,3.0,1608,5.13,15.39,313.5,5.224,104.5,
2026-07-01,2026-07,WeighRight,,10051,ORG Roasted Chicory Root - 1 Lb Bag,Bag/Other,inferred,,yes,3.0,14,0.25,0.75,56.0,0.933,18.7,
2026-07-01,2026-07,WeighRight,,82110L,ORG French Vanilla 11OZ Bag/Box of 24 - G,Bag/Other,inferred,,yes,3.0,724,1.01,3.03,716.8,11.947,238.9,
2026-07-01,2026-07,WeighRight,,83116,Dandelion Dark Roast 500g APG Bag,APG,governed,high,yes,3.0,360,1.25,3.75,288.0,4.8,96.0,
2026-07-01,2026-07,WeighRight,,Air Clean Out,Air Clean out of Machine (no testing necessary),Bag/Other,inferred,,,3.0,0,12.4,37.2,,,,
2026-07-01,2026-07,WeighRight,,Air Clean Out,Air Clean out of Machine (no testing necessary),Bag/Other,inferred,,,3.0,0,0.07,0.21,,,,
2026-07-01,2026-07,WeighRight,,CleanG,Clean + Gluten Test,Bag/Other,inferred,,,3.0,0,0.34,1.02,,,,
2026-07-02,2026-07,AMS,handpack,10001A,Sage 2 Oz Bags AMZN,Bag/Other,inferred,,yes,1.0,140,4.26,4.26,32.9,0.548,32.9,
2026-07-02,2026-07,Assembly,,42099,Teeccino Herbal Tea Holiday Display,Bag/Other,inferred,,yes,1.0,6,1.38,1.38,4.3,0.072,4.3,
2026-07-02,2026-07,Assembly,,43001L,Dandelion Tea Sampler Box - Loose - G,Sampler,governed,high,yes,4.0,670,5.0,20.0,134.0,2.233,33.5,
2026-07-02,2026-07,Assembly,,46010L,ORG Dark Chocolate 10 Ct Tea Bag/36 Count Box,Tea,governed,high,yes,1.0,266,1.58,1.58,168.4,2.806,168.4,
2026-07-02,2026-07,Assembly,,49999,Teeccino Herbal Tea Shipper,Bag/Other,inferred,,,1.0,6,,,,,,
2026-07-02,2026-07,Maisa 2+3,,43110,ORG Dandelion Dark Roast 10ct/6pk Tea Bag,Tea,inferred,,yes,5.0,513,7.01,35.05,73.2,1.22,14.6,
2026-07-02,2026-07,Maisa 2+3,,45020,ORG Chaga Ashwagandha 10 Ct Tea Bag/6 Count Case,Tea,inferred,,yes,3.0,143,1.54,4.62,92.9,1.548,31.0,
2026-07-02,2026-07,Maisa 2+3,,Clean,Standard Clean,Tea,inferred,,,5.0,0,0.3,1.5,,,,
2026-07-02,2026-07,WeighRight,,10051,ORG Roasted Chicory Root - 1 Lb Bag,Bag/Other,inferred,,yes,3.0,186,5.46,16.38,34.1,0.568,11.4,
2026-07-02,2026-07,WeighRight,,62060,ORG Maple Pecan 5 Lb Bag - GA,Bag/Other,inferred,,yes,3.0,32,0.27,0.81,118.5,1.975,39.5,
2026-07-02,2026-07,WeighRight,,86010,ORG Dark Chocolate 10 Oz Bag/6 Count Case,Bag/Other,inferred,,yes,3.0,118,2.02,6.06,58.4,0.974,19.5,
2026-07-02,2026-07,WeighRight,,Air Clean Out,Air Clean out of Machine (no testing necessary),Bag/Other,inferred,,,3.0,0,2.52,7.56,,,,
2026-07-02,2026-07,WeighRight,,Air Clean Out,Air Clean out of Machine (no testing necessary),Bag/Other,inferred,,,3.0,0,0.47,1.41,,,,
2026-07-06,2026-07,AMS,handpack,10001A,Sage 2 Oz Bags AMZN,Bag/Other,inferred,,yes,3.0,580,4.43,13.29,130.9,2.182,43.6,
2026-07-06,2026-07,AMS,machine(Amy),10013,"ORG Hibisicus, 8 Oz Bag",Bag/Other,inferred,,yes,4.0,1416,4.4,17.6,321.8,5.364,80.5,
2026-07-06,2026-07,AMS,handpack,Air clean out,Air Clean out of Machine (no testing necessary),Bag/Other,inferred,,,3.0,0,0.48,1.44,,,,
2026-07-06,2026-07,Assembly,,40012,ORG Vanilla Nut Tea Bag Demo Tray - GA,Tea,inferred,,yes,1.0,12,1.29,1.29,9.3,0.155,9.3,
2026-07-06,2026-07,Assembly,,43222,ORG Dandelion Caramel Nut Tea Bag Demo Tray - A,Tea,inferred,,yes,1.0,6,0.44,0.44,13.6,0.227,13.6,
2026-07-06,2026-07,Assembly,,43340L,Org Dandelion Coconut 10 Ct Tea Bag Loose - A,Tea,governed,high,yes,1.0,190,4.4,4.4,43.2,0.72,43.2,
2026-07-06,2026-07,Assembly,,43342,ORG Dandelion Coconut Tea Bag Demo Tray - A,Tea,inferred,,yes,1.0,6,0.41,0.41,14.6,0.244,14.6,
2026-07-06,2026-07,Assembly,,43371,ORG Blueberry Vanilla 25-Ct Tea Bag,Tea,inferred,,yes,1.0,44,1.3,1.3,33.8,0.564,33.8,
2026-07-06,2026-07,Assembly,,45001L,Mushroom Adapt Tea Bag Sampler Box,Sampler,governed,high,yes,1.0,541,3.5,3.5,154.6,2.576,154.6,
2026-07-06,2026-07,Assembly,,46012,ORG Dark Chocolate Tea Bag Demo Tray,Tea,inferred,,yes,1.0,6,0.38,0.38,15.8,0.263,15.8,
2026-07-06,2026-07,Assembly,,50110,ORG French Roast 30g Trial Size Packet - G,Bag/Other,inferred,,yes,1.0,200,0.23,0.23,869.6,14.493,869.6,
2026-07-06,2026-07,Assembly,,TB507,ORG Miraculous Mushroom A&P Loose Tea Bag,Tea,inferred,,yes,1.0,200,0.3,0.3,666.7,11.111,666.7,
2026-07-06,2026-07,Maisa 2+3,,45020,ORG Chaga Ashwagandha 10 Ct Tea Bag/6 Count Case,Tea,inferred,,yes,3.0,547,10.22,30.66,53.5,0.892,17.8,
2026-07-06,2026-07,WeighRight,,50130,ORG MACA Chocolate 30g Trial Size Packet - G,Bag/Other,inferred,,yes,3.0,221,1.04,3.12,212.5,3.542,70.8,
2026-07-06,2026-07,WeighRight,,60130,ORG MACA Chocolate 5 Lb Bag - G,Bag/Other,inferred,,yes,3.0,12,0.08,0.24,150.0,2.5,50.0,
2026-07-06,2026-07,WeighRight,,66010,ORG Dark Chocolate 5 Lb Bag,Bag/Other,inferred,,yes,3.0,28,0.42,1.26,66.7,1.111,22.2,
2026-07-06,2026-07,WeighRight,,80130L,Org Maca Chocoate 11oz Bag/Box of 24 - G,Bag/Other,inferred,,yes,3.0,432,0.5,1.5,864.0,14.4,288.0,
2026-07-06,2026-07,WeighRight,,86010,ORG Dark Chocolate 10 Oz Bag/6 Count Case,Bag/Other,inferred,,yes,3.0,112,1.4,4.2,80.0,1.333,26.7,
2026-07-06,2026-07,WeighRight,,86010L,ORG Dark Chocolate 10 Oz Bag/Box of 24,Bag/Other,inferred,,yes,3.0,1200,4.51,13.53,266.1,4.435,88.7,
2026-07-06,2026-07,WeighRight,,Air Clean Out,Air Clean out of Machine (no testing necessary),Bag/Other,inferred,,,3.0,0,0.3,0.9,,,,
2026-07-07,2026-07,AMS,handpack,10013,"ORG Hibisicus, 8 Oz Bag",Bag/Other,inferred,,yes,3.0,24,0.04,0.12,600.0,10.0,200.0,
2026-07-07,2026-07,AMS,handpack,10044,AMZN- WWB-ORG Hibiscus - 1 Lb Bag,Bag/Other,inferred,,yes,3.0,360,1.27,3.81,283.5,4.724,94.5,
2026-07-07,2026-07,AMS,machine(Amy),10046L,"Organic Dandelion Root Powder, Medium Roast, 1 Lb Bag",Bag/Other,inferred,,yes,4.0,360,1.56,6.24,230.8,3.846,57.7,
2026-07-07,2026-07,AMS,handpack,30008L,ORG Instant French Roast 100g Bag - G,Instant,governed,high,yes,3.0,270,0.39,1.17,692.3,11.538,230.8,
2026-07-07,2026-07,AMS,machine(Amy),30012L,ORG GF Dandelion Blend 100g Bag,Bag/Other,inferred,,yes,4.0,618,2.55,10.2,242.4,4.039,60.6,
2026-07-07,2026-07,AMS,machine(Amy),Air clean out,Air Clean out of Machine (no testing necessary),Bag/Other,inferred,,,4.0,0,1.05,4.2,,,,
2026-07-07,2026-07,AMS,handpack,Air clean out,Air Clean out of Machine (no testing necessary),Bag/Other,inferred,,,3.0,0,0.53,1.59,,,,
2026-07-07,2026-07,AMS,machine(Amy),Different Tooling,1056,Bag/Other,inferred,,,4.0,0,0.59,2.36,,,,
2026-07-07,2026-07,Assembly,,43340L,Org Dandelion Coconut 10 Ct Tea Bag Loose - A,Tea,governed,high,yes,1.0,86,3.17,3.17,27.1,0.452,27.1,
2026-07-07,2026-07,Assembly,,43371,ORG Blueberry Vanilla 25-Ct Tea Bag,Tea,inferred,,yes,1.0,196,4.58,4.58,42.8,0.713,42.8,
2026-07-07,2026-07,Maisa 2+3,,47010,75147 TJ ORG Roasted Herbal Cofee (12 Pack) - G,Tea,inferred,,yes,3.0,253,9.4,28.2,26.9,0.449,9.0,
2026-07-07,2026-07,Maisa 2+3,,Clean,Standard Clean,Tea,inferred,,,3.0,0,0.25,0.75,,,,
2026-07-07,2026-07,WeighRight,,50130,ORG MACA Chocolate 30g Trial Size Packet - G,Bag/Other,inferred,,yes,3.0,859,1.35,4.05,636.3,10.605,212.1,
2026-07-07,2026-07,WeighRight,,60010,ORG Vanilla Nut 5 Lb Bag - GA,Bag/Other,inferred,,yes,3.0,48,0.16,0.48,300.0,5.0,100.0,
2026-07-07,2026-07,WeighRight,,60060,ORG Hazelnut 5 Lb Bag - GA,Bag/Other,inferred,,yes,3.0,52,0.23,0.69,226.1,3.768,75.4,
2026-07-07,2026-07,WeighRight,,80060,ORG Hazelnut 11OZ Bag/6 Count Case - GA,Bag/Other,inferred,,yes,3.0,230,3.13,9.39,73.5,1.225,24.5,
2026-07-07,2026-07,WeighRight,,82060L,ORG Maple Pecan 11OZ Bag/Box of 24 - GA,Bag/Other,inferred,,yes,3.0,672,1.54,4.62,436.4,7.273,145.5,
2026-07-07,2026-07,WeighRight,,83220L,Dandelion Caramel Nut 10 Oz Bag/Box of 24 - A,Bag/Other,inferred,,yes,3.0,360,0.4,1.2,900.0,15.0,300.0,
2026-07-07,2026-07,WeighRight,,Air Clean Out,Air Clean out of Machine (no testing necessary),Bag/Other,inferred,,,3.0,0,0.5,1.5,,,,
2026-07-07,2026-07,WeighRight,,Air Clean Out,Air Clean out of Machine (no testing necessary),Bag/Other,inferred,,,3.0,0,0.22,0.66,,,,
2026-07-07,2026-07,WeighRight,,Air Clean Out,Air Clean out of Machine (no testing necessary),Bag/Other,inferred,,,3.0,0,0.17,0.51,,,,
2026-07-07,2026-07,WeighRight,,CleanA,Clean + Almond Test,Bag/Other,inferred,,,3.0,0,0.3,0.9,,,,
2026-07-07,2026-07,WeighRight,,CleanA,Clean + Almond Test,Bag/Other,inferred,,,3.0,0,0.16,0.48,,,,
2026-07-08,2026-07,AMS,machine(Amy),30003,Instant Chicory - 8 Oz Bag,Instant,inferred,,yes,4.0,840,5.23,20.92,160.6,2.677,40.2,
2026-07-08,2026-07,AMS,handpack,30008L,ORG Instant French Roast 100g Bag - G,Instant,governed,high,yes,3.0,658,2.33,6.99,282.4,4.707,94.1,
2026-07-08,2026-07,AMS,handpack,CLEAN,Standard Clean,Bag/Other,inferred,,,3.0,0,1.25,3.75,,,,
2026-07-08,2026-07,AMS,machine(Amy),CleanG,Clean + Gluten Test,Bag/Other,inferred,,,4.0,0,1.02,4.08,,,,
2026-07-08,2026-07,Assembly,,12251,Holiday Tea Bag Sampler Box - 6 Count Case,Sampler,inferred,,yes,2.0,40,2.44,4.88,16.4,0.273,8.2,
2026-07-08,2026-07,Assembly,,45001L,Mushroom Adapt Tea Bag Sampler Box,Sampler,governed,high,yes,1.0,161,2.04,2.04,78.9,1.315,78.9,
2026-07-08,2026-07,Assembly,,GDB311,ORG Dandelion Dark Roast Packet Goody Bag,Bag/Other,inferred,,yes,1.0,180,1.03,1.03,174.8,2.913,174.8,
2026-07-08,2026-07,Assembly,,GDB502,ORG Chaga Ashwaganda Packet Goody Bag,Bag/Other,inferred,,yes,1.0,180,1.41,1.41,127.7,2.128,127.7,
2026-07-08,2026-07,Maisa 2+3,,47010,75147 TJ ORG Roasted Herbal Cofee (12 Pack) - G,Tea,inferred,,yes,3.0,324,10.05,30.15,32.2,0.537,10.7,
2026-07-08,2026-07,WeighRight,,60030,ORG Almond Amaretto 5 Lb Bag - GA,Bag/Other,inferred,,yes,3.0,40,0.17,0.51,235.3,3.922,78.4,
2026-07-08,2026-07,WeighRight,,60110,ORG French Roast 5 Lb Bag - G,Bag/Other,inferred,,yes,3.0,32,0.12,0.36,266.7,4.444,88.9,
2026-07-08,2026-07,WeighRight,,80030A,AMZN Org Almond Amaretto 11OZ Bag/Box of 24 - GA,Bag/Other,inferred,,yes,3.0,432,0.12,0.36,3600.0,60.0,1200.0,
2026-07-08,2026-07,WeighRight,,80030L,ORG Almond Amaretto 11OZ Bag/Box of 24 - GA,Bag/Other,inferred,,yes,3.0,720,1.35,4.05,533.3,8.889,177.8,
2026-07-08,2026-07,WeighRight,,80033,ORG Almond Amaretto 11OZ Bag 3PK - GA,Bag/Other,inferred,,yes,3.0,160,0.57,1.71,280.7,4.678,93.6,
2026-07-08,2026-07,WeighRight,,80070L,Org Java 11OZ Bag/Box of 24 - GA,Bag/Other,inferred,,yes,3.0,24,0.05,0.15,480.0,8.0,160.0,
2026-07-08,2026-07,WeighRight,,80110A,AMZN Org French Roast 11OZ Bag/Box of 24 - G,Bag/Other,inferred,,yes,3.0,480,1.32,3.96,363.6,6.061,121.2,
2026-07-08,2026-07,WeighRight,,82130L,ORG Mexican Chocolate 11OZ Bag/Box of 24 - G,APG,governed,high,yes,3.0,717,1.21,3.63,592.6,9.876,197.5,
2026-07-08,2026-07,WeighRight,,85010L,ORG Reishi Eleuthero 10 Oz Bag/Box of 24 - G,APG,governed,high,yes,3.0,576,1.35,4.05,426.7,7.111,142.2,
2026-07-08,2026-07,WeighRight,,Air Clean Out,Air Clean out of Machine (no testing necessary),Bag/Other,inferred,,,3.0,0,0.14,0.42,,,,
2026-07-08,2026-07,WeighRight,,Air Clean Out,Air Clean out of Machine (no testing necessary),Bag/Other,inferred,,,3.0,0,0.12,0.36,,,,
2026-07-08,2026-07,WeighRight,,Air Clean Out,Air Clean out of Machine (no testing necessary),Bag/Other,inferred,,,3.0,0,0.21,0.63,,,,
2026-07-08,2026-07,WeighRight,,Air Clean Out,Air Clean out of Machine (no testing necessary),Bag/Other,inferred,,,3.0,0,1.14,3.42,,,,
2026-07-09,2026-07,AMS,machine(Amy),10013,"ORG Hibisicus, 8 Oz Bag",Bag/Other,inferred,,yes,4.0,1584,5.25,21.0,301.7,5.029,75.4,
2026-07-09,2026-07,AMS,machine(Amy),10028L,"Organic Cacao Nibs, 1 Lb Bag",Bag/Other,inferred,,yes,4.0,360,1.4,5.6,257.1,4.286,64.3,
2026-07-09,2026-07,AMS,handpack,10081A,AMZN - WWB - ORG Roasted Ramon Granules - 1 Lb,Bag/Other,inferred,,yes,3.0,237,1.08,3.24,219.4,3.657,73.1,
2026-07-09,2026-07,AMS,machine(Amy),Air clean out,Air Clean out of Machine (no testing necessary),Bag/Other,inferred,,,4.0,0,0.37,1.48,,,,
2026-07-09,2026-07,AMS,machine(Amy),Air clean out,Air Clean out of Machine (no testing necessary),Bag/Other,inferred,,,4.0,0,0.4,1.6,,,,
2026-07-09,2026-07,Maisa 2+3,,47010,75147 TJ ORG Roasted Herbal Cofee (12 Pack) - G,Tea,inferred,,yes,3.0,279,9.35,28.05,29.8,0.497,9.9,
2026-07-09,2026-07,WeighRight,,20081,ORG Mocha 300G Dual Language Bag - 6Ct Case - GA,Bag/Other,inferred,,yes,3.0,92,1.54,4.62,59.7,0.996,19.9,
2026-07-09,2026-07,WeighRight,,60070,ORG Java 5 Lb Bag - GA,Bag/Other,inferred,,yes,3.0,48,0.18,0.54,266.7,4.444,88.9,
2026-07-09,2026-07,WeighRight,,60080,ORG Mocha 5 Lb Bag - GA,Bag/Other,inferred,,yes,3.0,32,0.13,0.39,246.2,4.103,82.1,
2026-07-09,2026-07,WeighRight,,80070L,Org Java 11OZ Bag/Box of 24 - GA,Bag/Other,inferred,,yes,3.0,600,0.55,1.65,1090.9,18.182,363.6,
2026-07-09,2026-07,WeighRight,,80080,ORG Mocha 11OZ Bag/6 Count Case - GA,Bag/Other,inferred,,yes,3.0,230,2.4,7.2,95.8,1.597,31.9,
2026-07-09,2026-07,WeighRight,,80080A,AMZN Org Mocha 11OZ Bag/Box of 24 - GA,Bag/Other,inferred,,yes,3.0,432,1.15,3.45,375.7,6.261,125.2,
2026-07-09,2026-07,WeighRight,,80083,ORG Mocha 11OZ Bag 3PK  - GA,Bag/Other,inferred,,yes,3.0,224,1.48,4.44,151.4,2.523,50.5,
2026-07-09,2026-07,WeighRight,,Air Clean Out,Air Clean out of Machine (no testing necessary),Bag/Other,inferred,,,3.0,0,0.12,0.36,,,,
2026-07-13,2026-07,AMS,machine(Amy),10006A,WWB AMZN Organic Lemon Balm (6 Oz) ,Bag/Other,inferred,,yes,4.0,540,4.02,16.08,134.3,2.239,33.6,
2026-07-13,2026-07,AMS,handpack,10013,"ORG Hibisicus, 8 Oz Bag",Bag/Other,inferred,,yes,3.0,576,1.54,4.62,374.0,6.234,124.7,
2026-07-13,2026-07,AMS,machine(Amy),10044,AMZN- WWB-ORG Hibiscus - 1 Lb Bag,Bag/Other,inferred,,yes,4.0,537,3.22,12.88,166.8,2.78,41.7,
2026-07-13,2026-07,AMS,machine(Amy),Air clean out,Air Clean out of Machine (no testing necessary),Bag/Other,inferred,,,4.0,0,0.48,1.92,,,,
2026-07-13,2026-07,Assembly,,29002,ORG FR/HZ/VN 300g Variety Pack,Bundle,inferred,,yes,1.0,48,0.4,0.4,120.0,2.0,120.0,
2026-07-13,2026-07,Assembly,,89002,HZ/JV/MO 11 Oz Variety Pack,Bundle,inferred,,yes,1.0,192,4.5,4.5,42.7,0.711,42.7,
2026-07-13,2026-07,Assembly,,TGB060,ORG Hazelnut Tea Bag Goody Bag - GA,Tea,inferred,,yes,1.0,350,2.3,2.3,152.2,2.536,152.2,
2026-07-13,2026-07,Assembly,,TGB601,ORG Dark Chocolate Tea Bag Goody Bag,Tea,inferred,,yes,1.0,500,1.0,1.0,500.0,8.333,500.0,
2026-07-13,2026-07,Maisa 2+3,,47010,75147 TJ ORG Roasted Herbal Cofee (12 Pack) - G,Tea,inferred,,yes,3.0,317,10.04,30.12,31.6,0.526,10.5,
2026-07-13,2026-07,WeighRight,,63110,ORG Dandelion Dark Roast 5 Lb Bag,APG,governed,high,yes,3.0,40,0.27,0.81,148.1,2.469,49.4,
2026-07-13,2026-07,WeighRight,,80080L,Org Mocha 11OZ Bag/Box of 24 - GA,Bag/Other,inferred,,yes,3.0,624,1.13,3.39,552.2,9.204,184.1,
2026-07-13,2026-07,WeighRight,,83110L,ORG Dandelion Dark Roast 10 oz Bag/Box of 24,APG,governed,high,yes,3.0,1056,3.18,9.54,332.1,5.535,110.7,
2026-07-13,2026-07,WeighRight,,85070L,ORG Miraculous Mushrooms A&P 10oz Bag/Box of 24,Bag/Other,inferred,,yes,3.0,978,3.15,9.45,310.5,5.175,103.5,
2026-07-13,2026-07,WeighRight,,Air Clean Out,Air Clean out of Machine (no testing necessary),Bag/Other,inferred,,,3.0,0,0.26,0.78,,,,
2026-07-13,2026-07,WeighRight,,CleanGA,Clean + Gluten + Almond Tests,Bag/Other,inferred,,,3.0,0,1.14,3.42,,,,
2026-07-14,2026-07,AMS,machine(Amy),10006A,WWB AMZN Organic Lemon Balm (6 Oz) ,Bag/Other,inferred,,yes,4.0,1470,7.55,30.2,194.7,3.245,48.7,
2026-07-14,2026-07,AMS,handpack,10012,"ORG Lemon Grass, 7 Oz Bag",Bag/Other,inferred,,yes,3.0,300,1.46,4.38,205.5,3.425,68.5,
2026-07-14,2026-07,AMS,machine(Amy),Air clean out,Air Clean out of Machine (no testing necessary),Bag/Other,inferred,,,4.0,0,0.23,0.92,,,,
2026-07-14,2026-07,Assembly,,40061F,ORG Hazelnut DL 25CT Tea Bag AMZN (24pk) - GA,Tea,inferred,,yes,1.0,85,3.5,3.5,24.3,0.405,24.3,
2026-07-14,2026-07,Assembly,,89002,HZ/JV/MO 11 Oz Variety Pack,Bundle,inferred,,yes,1.0,48,1.09,1.09,44.0,0.734,44.0,
2026-07-14,2026-07,Assembly,,TGB010,ORG Vanilla Nut Tea Bag Goody Bag - GA,Tea,inferred,,yes,1.0,500,1.5,1.5,333.3,5.556,333.3,
2026-07-14,2026-07,Assembly,,TGB060,ORG Hazelnut Tea Bag Goody Bag - GA,Tea,inferred,,yes,1.0,150,0.52,0.52,288.5,4.808,288.5,
2026-07-14,2026-07,Assembly,,TGB110,ORG French Roast Tea Bag Goody Bag - G,Tea,inferred,,yes,1.0,500,1.02,1.02,490.2,8.17,490.2,
2026-07-14,2026-07,Maisa 2+3,,40071,ORG Java 25CT Tea Bag - GA,Tea,governed,high,yes,3.0,144,1.27,3.81,113.4,1.89,37.8,
2026-07-14,2026-07,Maisa 2+3,,47010,75147 TJ ORG Roasted Herbal Cofee (12 Pack) - G,Tea,inferred,,yes,3.0,207,7.43,22.29,27.9,0.464,9.3,
2026-07-14,2026-07,Maisa 2+3,,Clean,Standard Clean,Tea,inferred,,,3.0,0,0.49,1.47,,,,
2026-07-14,2026-07,WeighRight,,65020,ORG Chaga Ashwagandha 5 Lb Bag,Bag/Other,inferred,,yes,3.0,24,0.4,1.2,60.0,1.0,20.0,
2026-07-14,2026-07,WeighRight,,80010,ORG Vanilla Nut 11oz Bag/6 Count Case - GA,Bag/Other,inferred,,yes,3.0,230,3.12,9.36,73.7,1.229,24.6,
2026-07-14,2026-07,WeighRight,,80016,Vanilla Nut 500g APG Bag - GA,APG,inferred,,yes,3.0,432,1.3,3.9,332.3,5.538,110.8,
2026-07-14,2026-07,WeighRight,,83110L,ORG Dandelion Dark Roast 10 oz Bag/Box of 24,APG,governed,high,yes,3.0,384,0.46,1.38,834.8,13.913,278.3,
2026-07-14,2026-07,WeighRight,,85020L,ORG Chaga Ashwagandha 10 Oz Bag/Box of 24,Bag/Other,inferred,,yes,3.0,720,1.57,4.71,458.6,7.643,152.9,
2026-07-14,2026-07,WeighRight,,Air Clean Out,Air Clean out of Machine (no testing necessary),Bag/Other,inferred,,,3.0,0,0.19,0.57,,,,
2026-07-14,2026-07,WeighRight,,Air Clean Out,Air Clean out of Machine (no testing necessary),Bag/Other,inferred,,,3.0,0,0.35,1.05,,,,
2026-07-14,2026-07,WeighRight,,CLEANGA,Clean + Gluten + Allergen Tests,Bag/Other,inferred,,,3.0,0,0.3,0.9,,,,
2026-07-15,2026-07,AMS,handpack,10012,"ORG Lemon Grass, 7 Oz Bag",Bag/Other,inferred,,yes,3.0,1230,10.15,30.45,121.2,2.02,40.4,
2026-07-15,2026-07,Maisa 2+3,,40071,ORG Java 25CT Tea Bag - GA,Tea,governed,high,yes,3.0,559,9.38,28.14,59.6,0.993,19.9,
2026-07-15,2026-07,Maisa 2+3,,40071,ORG Java 25CT Tea Bag - GA,Tea,governed,high,yes,3.0,559,1.27,3.81,440.2,7.336,146.7,
2026-07-15,2026-07,WeighRight,,10031,Roasted Chicory Root - 1 Lb Bag,Bag/Other,inferred,,yes,3.0,1920,6.45,19.35,297.7,4.961,99.2,
2026-07-15,2026-07,WeighRight,,10059A,AMZN ORG French Chicory 2 X 1 Lb Bag,Bag/Other,inferred,,yes,3.0,600,2.37,7.11,253.2,4.219,84.4,
2026-07-15,2026-07,WeighRight,,Air Clean Out,Air Clean out of Machine (no testing necessary),Bag/Other,inferred,,,3.0,0,0.2,0.6,,,,
2026-07-16,2026-07,AMS,machine(Amy),10008,"Org Rooibos, 8 Oz Bag",Bag/Other,inferred,,yes,4.0,840,2.36,9.44,355.9,5.932,89.0,
2026-07-16,2026-07,AMS,machine(Amy),10008,"Org Rooibos, 8 Oz Bag",Bag/Other,inferred,,,4.0,0,,,,,,
2026-07-16,2026-07,AMS,machine(Amy),10012,"ORG Lemon Grass, 7 Oz Bag",Bag/Other,inferred,,yes,4.0,570,1.29,5.16,441.9,7.364,110.5,
2026-07-16,2026-07,AMS,machine(Amy),10045,AMZN- WWB-ORG Rooibos - 1 Lb Bag,Bag/Other,inferred,,yes,4.0,450,14.26,57.04,31.6,0.526,7.9,
2026-07-16,2026-07,AMS,machine(Amy),30014L,Organic Instant Chicory 8 Oz Bag,Instant,inferred,,yes,4.0,528,2.59,10.36,203.9,3.398,51.0,
2026-07-16,2026-07,AMS,machine(Amy),Air clean out,Air Clean out of Machine (no testing necessary),Bag/Other,inferred,,,4.0,0,,,,,,
2026-07-16,2026-07,AMS,machine(Amy),Air clean out,Air Clean out of Machine (no testing necessary),Bag/Other,inferred,,,4.0,0,0.21,0.84,,,,
2026-07-16,2026-07,AMS,machine(Amy),Different Tooling,1056,Bag/Other,inferred,,,4.0,0,12.1,48.4,,,,
2026-07-16,2026-07,Assembly,,40061F,ORG Hazelnut DL 25CT Tea Bag AMZN (24pk) - GA,Tea,inferred,,yes,1.0,35,1.42,1.42,24.6,0.411,24.6,
2026-07-16,2026-07,Assembly,,40061F,ORG Hazelnut DL 25CT Tea Bag AMZN (24pk) - GA,Tea,inferred,,,1.0,35,,,,,,
2026-07-16,2026-07,Assembly,,43221F,ORG Dandelion Caramel Nut DL 25CT Tea Bag AMZN (24pk) - A,Tea,inferred,,yes,1.0,120,4.16,4.16,28.8,0.481,28.8,
2026-07-16,2026-07,Assembly,,43221F,ORG Dandelion Caramel Nut DL 25CT Tea Bag AMZN (24pk) - A,Tea,inferred,,,1.0,0,,,,,,
2026-07-16,2026-07,Assembly,,45001L,Mushroom Adapt Tea Bag Sampler Box,Sampler,governed,high,,1.0,0,15.15,15.15,,,,
2026-07-16,2026-07,Assembly,,TGB502,Chaga Ashwaganda Tea Goody Bag,Bag/Other,inferred,,yes,1.0,500,1.39,1.39,359.7,5.995,359.7,
2026-07-16,2026-07,Maisa 2+3,,40110,ORG French Roast 10 Count Tea Bag - G,Tea,inferred,,yes,3.0,322,5.14,15.42,62.6,1.044,20.9,
2026-07-16,2026-07,Maisa 2+3,,CleanA,Clean + Almond Test,Tea,inferred,,,3.0,0,0.26,0.78,,,,
2026-07-16,2026-07,Maisa 2+3,,TB110,ORG French Roast Tea Bag Loose - G,Tea,inferred,,yes,3.0,18000,4.32,12.96,4166.7,69.444,1388.9,
2026-07-16,2026-07,WeighRight,,10031,Roasted Chicory Root - 1 Lb Bag,Bag/Other,inferred,,yes,3.0,2280,5.42,16.26,420.7,7.011,140.2,
2026-07-16,2026-07,WeighRight,,80113,ORG French Roast 11OZ Bag 3PK - G,Bag/Other,inferred,,yes,3.0,384,3.38,10.14,113.6,1.893,37.9,
2026-07-16,2026-07,WeighRight,,Air Clean Out,Air Clean out of Machine (no testing necessary),Bag/Other,inferred,,,3.0,0,0.56,1.68,,,,
2026-07-20,2026-07,Assembly,,43001L,Dandelion Tea Sampler Box - Loose - G,Sampler,governed,high,yes,2.0,560,4.5,9.0,124.4,2.074,62.2,
2026-07-20,2026-07,Assembly,,45001L,Mushroom Adapt Tea Bag Sampler Box,Sampler,governed,high,yes,2.0,712,10.08,20.16,70.6,1.177,35.3,
2026-07-20,2026-07,Assembly,,65010,ORG Reishi Eleuthero 5 Lb Bag - G,APG,governed,high,yes,1.0,8,0.35,0.35,22.9,0.381,22.9,
2026-07-20,2026-07,Assembly,,insert01,Mailer Insert for Healthcare Practitioner Insert,Bag/Other,inferred,,yes,1.0,30,1.28,1.28,23.4,0.391,23.4,
