date,month,machine,ams_mode,item,description,category,category_source,style_confidence,is_production_run,operators,units_packs,machine_hrs,operator_hrs,units_per_machine_hr,units_per_machine_min,units_per_operator_hr,data_flag
2025-01-02,2025-01,Assembly,,40001L,Herbal Tea Sampler Box - Loose,Sampler,governed,high,yes,3.0,349,8.0,24.0,43.6,0.727,14.5,
2025-01-02,2025-01,Assembly,,45001,Mushroom Adaptogen TB Sampler Box - 6 Count Case - G,Sampler,inferred,,yes,1.0,115,12.167,12.167,9.5,0.158,9.5,
2025-01-02,2025-01,Maisa 1,,48004,WWB ORG French Chicory 25ct Tea Bag,Tea,inferred,,yes,3.0,336,2.75,8.25,122.2,2.036,40.7,
2025-01-02,2025-01,Maisa 2+3,,46010,ORG Dark Chocolate 10 Ct Tea Bag/6 Count Case,Tea,inferred,,yes,5.0,1080,2.317,11.583,466.2,7.77,93.2,
2025-01-02,2025-01,Maisa 2+3,,46010L,ORG Dark Chocolate 10 Ct Tea Bag/36 Count Box,Tea,governed,high,yes,5.0,720,0.833,4.167,864.0,14.4,172.8,
2025-01-02,2025-01,Maisa 2+3,,46011,ORG Dark Chocolate 25 Ct Tea Bag,Tea,governed,high,,5.0,0,2.583,12.917,,,,
2025-01-02,2025-01,Maisa 2+3,,46013,ORG Dark Chocolate 25CT Tea Bag 3PK,Tea,inferred,,,5.0,0,0.917,4.583,,,,
2025-01-02,2025-01,Maisa 2+3,,Clean,Standard Clean,Tea,inferred,,,5.0,0,0.667,3.333,,,,
2025-01-02,2025-01,Maisa 2+3,,TB504,ORG Cordyceps Schisandra Loose Tea Bag,Tea bag (intermediate),item-code,,yes,4.0,3483,0.667,2.667,5224.5,87.075,1306.1,
2025-01-02,2025-01,Maisa 2+3,,TB601,ORG Dark Chocolate Loose Tea Bag,Tea bag (intermediate),item-code,,yes,4.0,12000,2.8,11.2,4285.7,71.429,1071.4,
2025-01-02,2025-01,WeighRight,,65050,ORG Turkey Tail Astragalus 5 Lb Bag - G,Bag/Other,inferred,,yes,3.0,20,0.3,0.9,66.7,1.111,22.2,
2025-01-02,2025-01,WeighRight,,66010,ORG Dark Chocolate 5 Lb Bag,Bag/Other,inferred,,yes,3.0,20,0.217,0.65,92.3,1.538,30.8,
2025-01-02,2025-01,WeighRight,,85030L,ORG Lion's Mane Rhodiola 10 Oz Bag/Box of 24 - G,APG,governed,high,yes,3.0,643,2.333,7.0,275.6,4.593,91.9,
2025-01-02,2025-01,WeighRight,,85050,ORG Turkey Tail Astragalus 10 Oz Bag/6 Count Case - G,Bag/Other,inferred,,,3.0,0,4.483,13.45,,,,
2025-01-02,2025-01,WeighRight,,85050L,ORG Turkey Tail Astragalus 10 Oz Bag/Box of 24 - G,Bag/Other,inferred,,,3.0,0,0.717,2.15,,,,
2025-01-02,2025-01,WeighRight,,86010,ORG Dark Chocolate 10 Oz Bag/6 Count Case,Bag/Other,inferred,,yes,3.0,792,2.233,6.7,354.6,5.91,118.2,
2025-01-02,2025-01,WeighRight,,Clean,Standard Clean,Bag/Other,inferred,,,3.0,0,0.5,1.5,,,,
2025-01-02,2025-01,WeighRight,,Clean,Standard Clean,Bag/Other,inferred,,,3.0,0,0.667,2.0,,,,
2025-01-02,2025-01,WeighRight,,CleanGA,Clean + Gluten + Almond Tests,Bag/Other,inferred,,,3.0,0,0.667,2.0,,,,
2025-01-03,2025-01,Assembly,,40001L,Herbal Tea Sampler Box - Loose,Sampler,governed,high,yes,1.0,349,10.333,10.333,33.8,0.563,33.8,
2025-01-03,2025-01,Assembly,,45001L,Mushroom Adapt Tea Bag Sampler Box,Sampler,governed,high,yes,1.0,420,6.5,6.5,64.6,1.077,64.6,
2025-01-03,2025-01,Maisa 2+3,,46010,ORG Dark Chocolate 10 Ct Tea Bag/6 Count Case,Tea,inferred,,yes,5.0,7626,9.667,48.333,788.9,13.148,157.8,
2025-01-03,2025-01,WeighRight,,50080,ORG Mocha 30g Trial Size Packet - GA,Bag/Other,inferred,,yes,3.0,540,1.567,4.7,344.7,5.745,114.9,
2025-01-03,2025-01,WeighRight,,60080,ORG Mocha 5 Lb Bag - GA,Bag/Other,inferred,,yes,3.0,32,0.4,1.2,80.0,1.333,26.7,
2025-01-03,2025-01,WeighRight,,80130L,Org Maca Chocoate 11oz Bag/Box of 24 - G,Bag/Other,inferred,,yes,3.0,624,1.417,4.25,440.5,7.341,146.8,
2025-01-03,2025-01,WeighRight,,80133,ORG MACA Chocolate 11OZ Bag 3PK - G,Bag/Other,inferred,,yes,3.0,160,1.933,5.8,82.8,1.379,27.6,
2025-01-03,2025-01,WeighRight,,83220L,Dandelion Caramel Nut 10 Oz Bag/Box of 24 - A,Bag/Other,inferred,,yes,3.0,816,2.567,7.7,317.9,5.299,106.0,
2025-01-03,2025-01,WeighRight,,86010,ORG Dark Chocolate 10 Oz Bag/6 Count Case,Bag/Other,inferred,,yes,3.0,588,1.867,5.6,315.0,5.25,105.0,
2025-01-03,2025-01,WeighRight,,86010l,ORG Dark Chocolate 10 Oz Bag/Box of 24,Bag/Other,inferred,,yes,3.0,56,0.217,0.65,258.5,4.308,86.2,
2025-01-03,2025-01,WeighRight,,Clean,Standard Clean,Bag/Other,inferred,,,3.0,0,0.733,2.2,,,,
2025-01-03,2025-01,WeighRight,,Clean,Standard Clean,Bag/Other,inferred,,,3.0,0,0.517,1.55,,,,
2025-01-03,2025-01,WeighRight,,CleanG,Clean + Gluten Test,Bag/Other,inferred,,,3.0,0,0.833,2.5,,,,
2025-01-04,2025-01,Assembly,,40001L,Herbal Tea Sampler Box - Loose,Sampler,governed,high,yes,1.0,504,6.5,6.5,77.5,1.292,77.5,
2025-01-04,2025-01,Assembly,,45001L,Mushroom Adapt Tea Bag Sampler Box,Sampler,governed,high,yes,1.0,660,8.5,8.5,77.6,1.294,77.6,
2025-01-04,2025-01,Maisa 2+3,,Clean,Standard Clean,Tea,inferred,,,5.0,0,0.783,3.917,,,,
2025-01-04,2025-01,Maisa 2+3,,TB501,ORG Reishi Eleuthero Loose Tea Bag - G,Tea bag (intermediate),item-code,,yes,4.0,16000,3.933,15.733,4067.8,67.797,1016.9,
2025-01-04,2025-01,WeighRight,,20081,ORG Mocha 300G Dual Language Bag - 6Ct Case - GA,Bag/Other,inferred,,yes,3.0,960,2.533,7.6,378.9,6.316,126.3,
2025-01-04,2025-01,WeighRight,,50080,ORG Mocha 30g Trial Size Packet - GA,Bag/Other,inferred,,yes,3.0,360,0.733,2.2,490.9,8.182,163.6,
2025-01-04,2025-01,WeighRight,,80080,ORG Mocha 11OZ Bag/6 Count Case - GA,Bag/Other,inferred,,yes,3.0,1380,2.967,8.9,465.2,7.753,155.1,
2025-01-04,2025-01,WeighRight,,80083,ORG Mocha 11OZ Bag 3PK  - GA,Bag/Other,inferred,,yes,3.0,320,2.017,6.05,158.7,2.645,52.9,
2025-01-04,2025-01,WeighRight,,80086,Mocha 500g APG Bag - GA,APG,inferred,,yes,3.0,720,1.95,5.85,369.2,6.154,123.1,
2025-01-06,2025-01,Assembly,,40001,Herbal Tea Sampler Box - 6 Count Case,Sampler,inferred,,yes,1.0,132,8.333,8.333,15.8,0.264,15.8,
2025-01-06,2025-01,Assembly,,45001A,AMZN Mushroom Adapt Tea Bag Sampler Box,Sampler,inferred,,yes,1.0,232,4.267,4.267,54.4,0.906,54.4,
2025-01-06,2025-01,Maisa 1,,43011,ORG Dandelion Vanilla Nut 25CT Tea Bag - A,Tea,governed,high,,3.0,0,1.75,5.25,,,,
2025-01-06,2025-01,Maisa 1,,43110,ORG Dandelion Dark Roast 10ct/6pk Tea Bag,Tea,inferred,,yes,3.0,576,1.5,4.5,384.0,6.4,128.0,
2025-01-06,2025-01,Maisa 1,,43114,DO NOT MAKE - ORG Dandelion Dark Roast 10CT Tea Bag 4PK (with DCO/DMM Goody Bag),Tea,inferred,,yes,3.0,128,1.333,4.0,96.0,1.6,32.0,
2025-01-06,2025-01,Maisa 1,,43371,ORG Blueberry Vanilla 25-Ct Tea Bag,Tea,inferred,,,3.0,0,3.45,10.35,,,,
2025-01-06,2025-01,Maisa 1,,43371A,DO NOT MAKE AMZN ORG Blueberry Vanilla 25CT Tea Bag,Tea,inferred,,,3.0,0,1.5,4.5,,,,
2025-01-06,2025-01,Maisa 1,,Clean,Standard Clean,Tea,inferred,,,3.0,0,0.667,2.0,,,,
2025-01-06,2025-01,Maisa 1,,CleanA,Clean + Almond Test,Tea,inferred,,,3.0,0,1.0,3.0,,,,
2025-01-06,2025-01,Maisa 1,,TB301,ORG Dandelion Vanilla Nut Tea Bag - A,Tea bag (intermediate),item-code,,,3.0,0,0.25,0.75,,,,
2025-01-06,2025-01,Maisa 2+3,,43111,ORG Dandelion Dark Roast 25CT Tea Bag,Tea,governed,high,yes,5.0,1200,2.033,10.167,590.2,9.836,118.0,
2025-01-06,2025-01,Maisa 2+3,,45020,ORG Chaga Ashwagandha 10 Ct Tea Bag/6 Count Case,Tea,inferred,,yes,5.0,1380,1.633,8.167,844.9,14.082,169.0,
2025-01-06,2025-01,Maisa 2+3,,45020F,Chaga Ashwagandha Dual Language 10 cnt TB,Tea,inferred,,yes,5.0,1380,1.9,9.5,726.3,12.105,145.3,
2025-01-06,2025-01,Maisa 2+3,,45020L,ORG Chaga Ashwagandha 10-Ct Tea Bag,Tea,governed,high,yes,5.0,4,0.167,0.833,24.0,0.4,4.8,
2025-01-06,2025-01,Maisa 2+3,,45023,ORG Chaga Ashwagandha 25CT Tea Bag 3PK,Tea,inferred,,yes,5.0,60,0.883,4.417,67.9,1.132,13.6,
2025-01-06,2025-01,Maisa 2+3,,Clean,Standard Clean,Tea,inferred,,,5.0,0,0.217,1.083,,,,
2025-01-06,2025-01,Maisa 2+3,,NTB3110,Dandelion Dark Roast Tagless 6g Tea Bag,Tea bag (intermediate),item-code,,yes,5.0,18000,4.75,23.75,3789.5,63.158,757.9,
2025-01-06,2025-01,WeighRight,,63110,ORG Dandelion Dark Roast 5 Lb Bag,APG,governed,high,yes,3.0,48,0.283,0.85,169.4,2.824,56.5,
2025-01-06,2025-01,WeighRight,,80080,ORG Mocha 11OZ Bag/6 Count Case - GA,Bag/Other,inferred,,yes,3.0,1380,2.333,7.0,591.4,9.857,197.1,
2025-01-06,2025-01,WeighRight,,80080L,Org Mocha 11OZ Bag/Box of 24 - GA,Bag/Other,inferred,,yes,3.0,1200,2.733,8.2,439.0,7.317,146.3,
2025-01-06,2025-01,WeighRight,,83110L,ORG Dandelion Dark Roast 10 oz Bag/Box of 24,APG,governed,high,yes,3.0,1200,2.667,8.0,450.0,7.5,150.0,
2025-01-06,2025-01,WeighRight,,83116,Dandelion Dark Roast 500g APG Bag,APG,governed,high,yes,3.0,732,3.0,9.0,244.0,4.067,81.3,
2025-01-06,2025-01,WeighRight,,Clean,Standard Clean,Bag/Other,inferred,,,3.0,0,0.5,1.5,,,,
2025-01-06,2025-01,WeighRight,,CleanGA,Clean + Gluten + Almond Tests,Bag/Other,inferred,,,3.0,0,0.617,1.85,,,,
2025-01-07,2025-01,Assembly,,40001,Herbal Tea Sampler Box - 6 Count Case,Sampler,inferred,,yes,1.0,98,9.667,9.667,10.1,0.169,10.1,
2025-01-07,2025-01,Assembly,,40086,Mocha Tagless Tea Bag - 50 Ct - GA,Tea,governed,high,yes,1.0,335,9.817,9.817,34.1,0.569,34.1,
2025-01-07,2025-01,Assembly,,43116,Dandelion DarkRoast Tagless Tea Bag - 50 Ct,Tea,governed,high,yes,1.0,335,2.033,2.033,164.8,2.746,164.8,
2025-01-07,2025-01,Assembly,,45001A,AMZN Mushroom Adapt Tea Bag Sampler Box,Sampler,inferred,,yes,1.0,200,4.767,4.767,42.0,0.699,42.0,
2025-01-07,2025-01,Maisa 1,,43110,ORG Dandelion Dark Roast 10ct/6pk Tea Bag,Tea,inferred,,yes,3.0,3786,11.517,34.55,328.7,5.479,109.6,
2025-01-07,2025-01,Maisa 2+3,,40130,ORG Maca Chocolate 10ct/6pk Tea Bag - G,Tea,inferred,,yes,5.0,4140,4.45,22.25,930.3,15.506,186.1,
2025-01-07,2025-01,Maisa 2+3,,40132,ORG Maca Chocolate 25CT Tea Bag - G,Tea,governed,high,,5.0,0,1.95,9.75,,,,
2025-01-07,2025-01,Maisa 2+3,,43220,ORG Dandelion Caramel Nut 10ct/6pk Tea Bag - A,Tea,inferred,,yes,5.0,4800,4.017,20.083,1195.0,19.917,239.0,
2025-01-07,2025-01,Maisa 2+3,,45020L,ORG Chaga Ashwagandha 10-Ct Tea Bag,Tea,governed,high,yes,5.0,500,0.533,2.667,937.5,15.625,187.5,
2025-01-07,2025-01,Maisa 2+3,,Clean,Standard Clean,Tea,inferred,,,5.0,0,0.5,2.5,,,,
2025-01-07,2025-01,WeighRight,,55020,Chaga Ashwagandha 30g Trial Size Packet,Bag/Other,inferred,,yes,3.0,1080,1.917,5.75,563.5,9.391,187.8,
2025-01-07,2025-01,WeighRight,,65020,ORG Chaga Ashwagandha 5 Lb Bag,Bag/Other,inferred,,yes,3.0,30,0.25,0.75,120.0,2.0,40.0,
2025-01-07,2025-01,WeighRight,,80110,ORG French Roast 11OZ Bag/6 Count Case - G,Bag/Other,inferred,,yes,3.0,474,1.083,3.25,437.5,7.292,145.8,
2025-01-07,2025-01,WeighRight,,85020,ORG Chaga Ashwagandha 10 Oz Bag/6 Count Case,Bag/Other,inferred,,yes,3.0,2760,6.667,20.0,414.0,6.9,138.0,
2025-01-07,2025-01,WeighRight,,85020L,ORG Chaga Ashwagandha 10 Oz Bag/Box of 24,Bag/Other,inferred,,yes,3.0,590,1.583,4.75,372.6,6.211,124.2,
2025-01-07,2025-01,WeighRight,,Clean,Standard Clean,Bag/Other,inferred,,,3.0,0,0.583,1.75,,,,
2025-01-08,2025-01,Assembly,,40086,Mocha Tagless Tea Bag - 50 Ct - GA,Tea,governed,high,yes,1.0,13,5.583,5.583,2.3,0.039,2.3,
2025-01-08,2025-01,Assembly,,43116,Dandelion DarkRoast Tagless Tea Bag - 50 Ct,Tea,governed,high,yes,1.0,13,9.833,9.833,1.3,0.022,1.3,
2025-01-08,2025-01,Maisa 1,,40110,ORG French Roast 10 Count Tea Bag - G,Tea,inferred,,yes,3.0,756,1.433,4.3,527.4,8.791,175.8,
2025-01-08,2025-01,Maisa 1,,40114,DO NOT MAKE - ORG French Roast 10CT Tea Bag 4PK - G,Tea,inferred,,yes,3.0,128,1.083,3.25,118.2,1.969,39.4,
2025-01-08,2025-01,Maisa 1,,43110,ORG Dandelion Dark Roast 10ct/6pk Tea Bag,Tea,inferred,,yes,3.0,1158,2.5,7.5,463.2,7.72,154.4,
2025-01-08,2025-01,Maisa 1,,Clean,Standard Clean,Tea,inferred,,,3.0,0,0.483,1.45,,,,
2025-01-08,2025-01,Maisa 1,,Clean,Standard Clean,Tea,inferred,,,3.0,0,0.55,1.65,,,,
2025-01-08,2025-01,Maisa 1,,TB311,ORG Dandelion Dark Roast Tea Bag,Tea bag (intermediate),item-code,,yes,3.0,8000,2.133,6.4,3750.0,62.5,1250.0,
2025-01-08,2025-01,Maisa 1,,TB503,ORG Lion's Mane Rhodiola Loose Tea Bag - G,Tea bag (intermediate),item-code,,yes,3.0,12000,2.833,8.5,4235.3,70.588,1411.8,
2025-01-08,2025-01,Maisa 2+3,,40081F,ORG Mocha DL 25CT Tea Bag AMZN (24pk) - GA,Tea,inferred,,yes,5.0,55,0.833,4.167,66.0,1.1,13.2,
2025-01-08,2025-01,Maisa 2+3,,43220,ORG Dandelion Caramel Nut 10ct/6pk Tea Bag - A,Tea,inferred,,yes,5.0,4140,11.917,59.583,347.4,5.79,69.5,
2025-01-08,2025-01,Maisa 2+3,,Clean,Standard Clean,Tea,inferred,,,5.0,0,1.0,5.0,,,,
2025-01-08,2025-01,Maisa 2+3,,Clean,Standard Clean,Tea,inferred,,,5.0,0,22.583,112.917,,,,
2025-01-08,2025-01,Maisa 2+3,,NTB0010,Vanilla Nut Tagless 6g Tea Bag - GA,Tea bag (intermediate),item-code,,yes,5.0,18000,3.5,17.5,5142.9,85.714,1028.6,
2025-01-08,2025-01,Maisa 2+3,,NTB0080,Mocha Tagless 6g Tea Bag - GA,Tea bag (intermediate),item-code,,yes,5.0,18000,4.833,24.167,3724.1,62.069,744.8,
2025-01-08,2025-01,Maisa 2+3,,TB322,ORG Dandelion Caramel Nut Tea Bag - A,Tea bag (intermediate),item-code,,yes,4.0,5000,1.167,4.667,4285.7,71.429,1071.4,
2025-01-08,2025-01,WeighRight,,60110,ORG French Roast 5 Lb Bag - G,Bag/Other,inferred,,yes,3.0,80,0.583,1.75,137.1,2.286,45.7,
2025-01-08,2025-01,WeighRight,,80110,ORG French Roast 11OZ Bag/6 Count Case - G,Bag/Other,inferred,,yes,3.0,2286,4.183,12.55,546.5,9.108,182.2,
2025-01-08,2025-01,WeighRight,,80110,ORG French Roast 11OZ Bag/6 Count Case - G,Bag/Other,inferred,,yes,3.0,786,2.167,6.5,362.8,6.046,120.9,
2025-01-08,2025-01,WeighRight,,80113,ORG French Roast 11OZ Bag 3PK - G,Bag/Other,inferred,,yes,3.0,640,5.2,15.6,123.1,2.051,41.0,
2025-01-09,2025-01,Assembly,,40016,Vanilla Nut Tagless Tea Bag - 50 Ct - GA,Tea,governed,high,yes,1.0,335,11.667,11.667,28.7,0.479,28.7,
2025-01-09,2025-01,Assembly,,40062,ORG Hazelnut Tea Bag Demo Tray,Tea,inferred,,yes,1.0,1,0.217,0.217,4.6,0.077,4.6,
2025-01-09,2025-01,Assembly,,42099,Teeccino Herbal Tea Holiday Display,Bag/Other,inferred,,yes,1.0,1,0.4,0.4,2.5,0.042,2.5,
2025-01-09,2025-01,Assembly,,43001L,Dandelion Tea Sampler Box - Loose - G,Sampler,governed,high,yes,1.0,420,9.833,9.833,42.7,0.712,42.7,
2025-01-09,2025-01,Assembly,,43312,ORG Dandelion Mocha Mint Tea Bag Demo Tray - A,Tea,inferred,,yes,1.0,1,0.133,0.133,7.5,0.125,7.5,
2025-01-09,2025-01,Assembly,,45022,Chaga Ashwaganda TB Demo Tray,Tea,inferred,,yes,1.0,2,0.067,0.067,30.0,0.5,30.0,
2025-01-09,2025-01,Assembly,,45032,ORG Lion's Mane Rhodiola Tea Bag Demo Tray - G,Tea,inferred,,yes,1.0,1,0.117,0.117,8.6,0.143,8.6,
2025-01-09,2025-01,Assembly,,45032,ORG Lion's Mane Rhodiola Tea Bag Demo Tray - G,Tea,inferred,,yes,1.0,2,0.1,0.1,20.0,0.333,20.0,
2025-01-09,2025-01,Assembly,,45052,Turkey Tail Astragalus TB Demo Tray - G,Tea,inferred,,yes,1.0,2,0.05,0.05,40.0,0.667,40.0,
2025-01-09,2025-01,Assembly,,48008,DO NOT MAKE WWB ORG Rooibos Masala Chai 25ct Tea Bag 4g,Tea,inferred,,yes,1.0,120,2.033,2.033,59.0,0.984,59.0,
2025-01-09,2025-01,Assembly,,49999,Teeccino Herbal Tea Shipper,Bag/Other,inferred,,yes,1.0,3,0.35,0.35,8.6,0.143,8.6,
2025-01-09,2025-01,Assembly,,50092,Teeccino Chocolate Flavor Sampler,Sampler,governed,high,yes,1.0,175,8.333,8.333,21.0,0.35,21.0,
2025-01-09,2025-01,Assembly,,GDB505,ORG Turkey Tail Astragalus Packet Goody BAg - G,Bag/Other,inferred,,yes,1.0,25,0.133,0.133,187.5,3.125,187.5,
2025-01-09,2025-01,Assembly,,TGB010,ORG Vanilla Nut Tea Bag Goody Bag - GA,Tea,inferred,,yes,1.0,50,0.1,0.1,500.0,8.333,500.0,
2025-01-09,2025-01,Assembly,,TGB311,ORG Dandelion Dark Roast Tea Bag Goody Bag,Tea,inferred,,yes,1.0,50,0.167,0.167,300.0,5.0,300.0,
2025-01-09,2025-01,Assembly,,TGB322,Dandelion Caramel Nut Tea Bag Goody Bag - A,Tea,inferred,,yes,1.0,50,1.25,1.25,40.0,0.667,40.0,
2025-01-09,2025-01,Assembly,,TGB502,Chaga Ashwaganda Tea Goody Bag,Bag/Other,inferred,,yes,1.0,50,0.25,0.25,200.0,3.333,200.0,
2025-01-09,2025-01,Assembly,,TGB601,ORG Dark Chocolate Tea Bag Goody Bag,Tea,inferred,,yes,1.0,50,0.117,0.117,428.6,7.143,428.6,
2025-01-09,2025-01,Maisa 1,,40110,ORG French Roast 10 Count Tea Bag - G,Tea,inferred,,yes,3.0,4284,9.867,29.6,434.2,7.236,144.7,
2025-01-09,2025-01,Maisa 1,,40110L,Org French Roast 10 Ct Tea Bag Loose - G,Tea,governed,high,yes,3.0,432,0.783,2.35,551.5,9.191,183.8,
2025-01-09,2025-01,Maisa 1,,40113,ORG French Roast 25CT Tea Bag 3PK - G,Tea,inferred,,yes,3.0,48,0.883,2.65,54.3,0.906,18.1,
2025-01-09,2025-01,Maisa 2+3,,40010,ORG Vanilla Nut 10ct/6pk Tea Bag - GA,Tea,inferred,,yes,5.0,858,1.133,5.667,757.1,12.618,151.4,
2025-01-09,2025-01,Maisa 2+3,,40010F,Vanilla Nut Dual Language 10 cnt TB - GA,Tea,inferred,,yes,5.0,480,1.0,5.0,480.0,8.0,96.0,
2025-01-09,2025-01,Maisa 2+3,,40010L,Org Vanilla Nut 10 Ct Tea Bag Loose - GA,Tea,governed,high,yes,5.0,460,0.733,3.667,627.3,10.455,125.5,
2025-01-09,2025-01,Maisa 2+3,,40011F,ORG Vanilla Nut DL 25CT Tea Bag AMZN (24pk) - GA,Tea,inferred,,yes,5.0,180,0.633,3.167,284.2,4.737,56.8,
2025-01-09,2025-01,Maisa 2+3,,40013,ORG Vanila Nut 25CT Tea Bag 3PK - GA,Tea,inferred,,yes,5.0,60,1.5,7.5,40.0,0.667,8.0,
2025-01-09,2025-01,Maisa 2+3,,42040,ORG Snickerdoodle 10ct/6pk Tea Bag - GA,Tea,inferred,,yes,5.0,1284,3.333,16.667,385.2,6.42,77.0,
2025-01-09,2025-01,Maisa 2+3,,43220,ORG Dandelion Caramel Nut 10ct/6pk Tea Bag - A,Tea,inferred,,yes,5.0,2100,4.633,23.167,453.2,7.554,90.6,
2025-01-09,2025-01,Maisa 2+3,,43220L,Org Dandelion Caramel Nut 10 Ct Tea Bag Loose - A,Tea,governed,high,yes,5.0,270,0.7,3.5,385.7,6.429,77.1,
2025-01-09,2025-01,Maisa 2+3,,Clean,Standard Clean,Tea,inferred,,,5.0,0,23.833,119.167,,,,
2025-01-09,2025-01,Maisa 2+3,,Clean,Standard Clean,Tea,inferred,,,5.0,0,0.333,1.667,,,,
2025-01-09,2025-01,Maisa 2+3,,TB322,ORG Dandelion Caramel Nut Tea Bag - A,Tea bag (intermediate),item-code,,yes,4.0,13000,3.333,13.333,3900.0,65.0,975.0,
2025-01-09,2025-01,WeighRight,,60070,ORG Java 5 Lb Bag - GA,Bag/Other,inferred,,yes,3.0,60,0.5,1.5,120.0,2.0,40.0,
2025-01-09,2025-01,WeighRight,,80070,ORG Java 11OZ Bag/6 Count Case - GA,Bag/Other,inferred,,yes,3.0,1380,3.183,9.55,433.5,7.225,144.5,
2025-01-09,2025-01,WeighRight,,80070A,AMZN Org Java 11OZ Bag/Box of 24 - GA,Bag/Other,inferred,,yes,3.0,1800,5.05,15.15,356.4,5.941,118.8,
2025-01-09,2025-01,WeighRight,,80070L,Org Java 11OZ Bag/Box of 24 - GA,Bag/Other,inferred,,yes,3.0,600,1.233,3.7,486.5,8.108,162.2,
2025-01-09,2025-01,WeighRight,,80073,ORG Java 11OZ Bag 3PK - GA,Bag/Other,inferred,,yes,3.0,65,0.517,1.55,125.8,2.097,41.9,
2025-01-09,2025-01,WeighRight,,80110,ORG French Roast 11OZ Bag/6 Count Case - G,Bag/Other,inferred,,yes,3.0,594,1.083,3.25,548.3,9.138,182.8,
2025-01-09,2025-01,WeighRight,,Clean,Standard Clean,Bag/Other,inferred,,,3.0,0,0.467,1.4,,,,
2025-01-10,2025-01,AMS,handpack,10401A,AMZN-WWB-ORG Krishna Tulsi- 8OZ Bag,Bag/Other,inferred,,yes,1.0,180,9.0,9.0,20.0,0.333,20.0,
2025-01-10,2025-01,Assembly,,40016,Vanilla Nut Tagless Tea Bag - 50 Ct - GA,Tea,governed,high,yes,1.0,13,1.017,1.017,12.8,0.213,12.8,
2025-01-10,2025-01,Assembly,,40021A,AMZN ORG Chocolate Mint 25-Ct Tea Bag - GA,Tea,inferred,,yes,1.0,168,0.667,0.667,252.0,4.2,252.0,
2025-01-10,2025-01,Assembly,,40091,Teeccino Intro Tea Bag Sampler,Sampler,governed,high,yes,1.0,100,7.017,7.017,14.3,0.238,14.3,
2025-01-10,2025-01,Assembly,,40097,Teecino Tea Bag 12 Flavor Sampler,Sampler,governed,high,yes,1.0,35,2.183,2.183,16.0,0.267,16.0,
2025-01-10,2025-01,Assembly,,43001L,Dandelion Tea Sampler Box - Loose - G,Sampler,governed,high,yes,1.0,380,9.583,9.583,39.7,0.661,39.7,
2025-01-10,2025-01,Assembly,,50092,Teeccino Chocolate Flavor Sampler,Sampler,governed,high,yes,1.0,100,5.917,5.917,16.9,0.282,16.9,
2025-01-10,2025-01,Assembly,,50097,Teeccino 30g Packet 10 Flavor Sampler,Sampler,governed,high,yes,1.0,18,2.183,2.183,8.2,0.137,8.2,
2025-01-10,2025-01,Assembly,,82040A,AMZN Org Snickerdoodle 11OZ Bag/Box of 24 - GA,Bag/Other,inferred,,yes,1.0,48,0.917,0.917,52.4,0.873,52.4,
2025-01-10,2025-01,Assembly,,82040A,AMZN Org Snickerdoodle 11OZ Bag/Box of 24 - GA,Bag/Other,inferred,,yes,1.0,72,0.5,0.5,144.0,2.4,144.0,
2025-01-10,2025-01,Maisa 1,,40113,ORG French Roast 25CT Tea Bag 3PK - G,Tea,inferred,,yes,3.0,72,0.933,2.8,77.1,1.286,25.7,
2025-01-10,2025-01,Maisa 1,,40131,ORG Mexican Chocolate 25CT Tea Bag - G,Tea,governed,high,yes,3.0,816,4.383,13.15,186.2,3.103,62.1,
2025-01-10,2025-01,Maisa 1,,45030F,Lion's Mane Rhodiola Dual Language 10 cnt TB - G,Tea,inferred,,yes,3.0,966,2.167,6.5,445.8,7.431,148.6,
2025-01-10,2025-01,Maisa 1,,Clean,Standard Clean,Tea,inferred,,,3.0,0,1.583,4.75,,,,
2025-01-10,2025-01,Maisa 1,,Clean,Standard Clean,Tea,inferred,,,3.0,0,0.783,2.35,,,,
2025-01-10,2025-01,Maisa 1,,TB110,ORG French Roast Tea Bag Loose - G,Tea bag (intermediate),item-code,,yes,3.0,5250,0.25,0.75,21000.0,350.0,7000.0,
2025-01-10,2025-01,Maisa 2+3,,40010,ORG Vanilla Nut 10ct/6pk Tea Bag - GA,Tea,inferred,,yes,5.0,9198,10.0,50.0,919.8,15.33,184.0,
2025-01-10,2025-01,WeighRight,,74420,DO NOT MAKE Blueberry Date Teechia 300G Bag,Sampler,governed,medium,yes,2.0,888,5.75,11.5,154.4,2.574,77.2,
2025-01-10,2025-01,WeighRight,,74440,DO NOT MAKE Blueberry Date Teechia 5 Lb Bag,Sampler,governed,medium,yes,2.0,80,1.1,2.2,72.7,1.212,36.4,
2025-01-10,2025-01,WeighRight,,80073,ORG Java 11OZ Bag 3PK - GA,Bag/Other,inferred,,yes,2.0,111,0.833,1.667,133.2,2.22,66.6,
2025-01-10,2025-01,WeighRight,,Clean,Standard Clean,Bag/Other,inferred,,,3.0,0,0.417,1.25,,,,
2025-01-10,2025-01,WeighRight,,CleanGA,Clean + Gluten + Almond Tests,Bag/Other,inferred,,,2.0,0,0.75,1.5,,,,
2025-01-13,2025-01,AMS,handpack,10401A,AMZN-WWB-ORG Krishna Tulsi- 8OZ Bag,Bag/Other,inferred,,yes,1.0,300,9.367,9.367,32.0,0.534,32.0,
2025-01-13,2025-01,Assembly,,40097,Teecino Tea Bag 12 Flavor Sampler,Sampler,governed,high,yes,1.0,85,6.567,6.567,12.9,0.216,12.9,
2025-01-13,2025-01,Assembly,,43220L,Org Dandelion Caramel Nut 10 Ct Tea Bag Loose - A,Tea,governed,high,yes,1.0,360,10.333,10.333,34.8,0.581,34.8,
2025-01-13,2025-01,Assembly,,49020A,Sampler Gift Box (VP/DVP/MVP/PVP),Sampler,inferred,,yes,1.0,10,1.667,1.667,6.0,0.1,6.0,
2025-01-13,2025-01,Assembly,,50097,Teeccino 30g Packet 10 Flavor Sampler,Sampler,governed,high,yes,1.0,198,10.333,10.333,19.2,0.319,19.2,
2025-01-13,2025-01,Assembly,,53091,AMZN Dandelion 6 Packet Sampler - X002V5663N,Sampler,inferred,,yes,1.0,18,1.667,1.667,10.8,0.18,10.8,
2025-01-13,2025-01,Maisa 1,,45030,ORG Lion's Mane Rhodiola 10 Ct Tea Bag/6 Count Case - G,Tea,inferred,,yes,3.0,4968,10.15,30.45,489.5,8.158,163.2,
2025-01-13,2025-01,Maisa 1,,45030F,Lion's Mane Rhodiola Dual Language 10 cnt TB - G,Tea,inferred,,yes,3.0,414,0.867,2.6,477.7,7.962,159.2,
2025-01-13,2025-01,Maisa 1,,45061,ORG Tremella Tulsi 25 Ct Tea Bag,Tea,governed,high,yes,3.0,24,0.5,1.5,48.0,0.8,16.0,
2025-01-13,2025-01,Maisa 1,,Clean,Standard Clean,Tea,inferred,,,3.0,0,0.767,2.3,,,,
2025-01-13,2025-01,Maisa 2+3,,40010,ORG Vanilla Nut 10ct/6pk Tea Bag - GA,Tea,inferred,,yes,5.0,1842,1.75,8.75,1052.6,17.543,210.5,
2025-01-13,2025-01,Maisa 2+3,,47010,75147 TJ ORG Roasted Herbal Cofee (12 Pack) - G,Tea,inferred,,yes,5.0,5892,7.917,39.583,744.3,12.404,148.9,
2025-01-13,2025-01,Maisa 2+3,,CleanA,Clean + Almond Test,Tea,inferred,,,5.0,0,0.583,2.917,,,,
2025-01-13,2025-01,Maisa 2+3,,TB010,ORG Vanilla Nut Tea Bag Loose - GA,Tea bag (intermediate),item-code,,yes,4.0,18000,1.767,7.067,10188.7,169.811,2547.2,
2025-01-13,2025-01,WeighRight,,55060,Tremella Tulsi 30g Trial Size Packet,APG,governed,high,yes,3.0,720,1.633,4.9,440.8,7.347,146.9,
2025-01-13,2025-01,WeighRight,,60030,ORG Almond Amaretto 5 Lb Bag - GA,Bag/Other,inferred,,yes,3.0,60,0.567,1.7,105.9,1.765,35.3,
2025-01-13,2025-01,WeighRight,,80030,ORG Almond Amaretto 11OZ Bag/6 Count Case - GA,Bag/Other,inferred,,yes,3.0,1380,3.567,10.7,386.9,6.449,129.0,
2025-01-13,2025-01,WeighRight,,80030L,ORG Almond Amaretto 11OZ Bag/Box of 24 - GA,Bag/Other,inferred,,yes,3.0,600,1.55,4.65,387.1,6.452,129.0,
2025-01-13,2025-01,WeighRight,,85040L,ORG Cordyceps Schisandra 10 Oz Bag/Box of 24,APG,governed,high,yes,3.0,399,1.167,3.5,342.0,5.7,114.0,
2025-01-13,2025-01,WeighRight,,85060L,ORG Tremella Tulsi 10 Oz Bag/Box of 24,APG,governed,high,yes,3.0,528,1.65,4.95,320.0,5.333,106.7,
2025-01-13,2025-01,WeighRight,,Clean,Standard Clean,Bag/Other,inferred,,,3.0,0,0.433,1.3,,,,
2025-01-13,2025-01,WeighRight,,Clean,Standard Clean,Bag/Other,inferred,,,3.0,0,0.583,1.75,,,,
2025-01-13,2025-01,WeighRight,,CleanGA,Clean + Gluten + Almond Tests,Bag/Other,inferred,,,3.0,0,0.65,1.95,,,,
2025-01-14,2025-01,AMS,handpack,10061A,AMZN - WWB - ORG Date Sugar - 1 Lb,Bag/Other,inferred,,yes,1.0,244,4.25,4.25,57.4,0.957,57.4,
2025-01-14,2025-01,Assembly,,43001L,Dandelion Tea Sampler Box - Loose - G,Sampler,governed,high,yes,1.0,509,11.583,11.583,43.9,0.732,43.9,
2025-01-14,2025-01,Assembly,,43081,ORG Dandelion Mocha 25CT Tea Bag - A,Tea,governed,high,yes,1.0,48,1.533,1.533,31.3,0.522,31.3,
2025-01-14,2025-01,Assembly,,43321A,DO NOT MAKE Dandelion Red Chai 25 Count Tea Bag,Tea,inferred,,yes,1.0,120,0.5,0.5,240.0,4.0,240.0,
2025-01-14,2025-01,Assembly,,49020A,Sampler Gift Box (VP/DVP/MVP/PVP),Sampler,inferred,,yes,1.0,20,1.417,1.417,14.1,0.235,14.1,
2025-01-14,2025-01,Assembly,,50094,DO NOT MAKE Teeccino Intro Sampler,Sampler,governed,high,yes,1.0,90,3.833,3.833,23.5,0.391,23.5,
2025-01-14,2025-01,Assembly,,50096,Top Six Packet Sampler pack,Sampler,inferred,,yes,1.0,120,6.583,6.583,18.2,0.304,18.2,
2025-01-14,2025-01,Assembly,,53091,AMZN Dandelion 6 Packet Sampler - X002V5663N,Sampler,inferred,,yes,1.0,42,1.8,1.8,23.3,0.389,23.3,
2025-01-14,2025-01,Assembly,,80033,ORG Almond Amaretto 11OZ Bag 3PK - GA,Bag/Other,inferred,,yes,1.0,16,0.25,0.25,64.0,1.067,64.0,
2025-01-14,2025-01,Maisa 1,,40060,ORG Hazelnut 10ct/6pk Tea Bag - GA,Tea,inferred,,yes,3.0,4314,9.167,27.5,470.6,7.844,156.9,
2025-01-14,2025-01,Maisa 1,,40060A,AMZN Org Hazelnut 10 Ct Tea Bag Loose - GA,Tea,inferred,,yes,3.0,360,0.833,2.5,432.0,7.2,144.0,
2025-01-14,2025-01,Maisa 1,,45061,ORG Tremella Tulsi 25 Ct Tea Bag,Tea,governed,high,yes,3.0,192,0.917,2.75,209.5,3.491,69.8,
2025-01-14,2025-01,Maisa 1,,Clean,Standard Clean,Tea,inferred,,,3.0,0,0.417,1.25,,,,
2025-01-14,2025-01,Maisa 1,,TB506,ORG Tremella Tulsi Loose Tea Bag,Tea bag (intermediate),item-code,,yes,3.0,2118,0.467,1.4,4538.6,75.643,1512.9,
2025-01-14,2025-01,Maisa 2+3,,47010,75147 TJ ORG Roasted Herbal Cofee (12 Pack) - G,Tea,inferred,,yes,5.0,10668,0.033,0.167,320040.0,5334.0,64008.0,
2025-01-14,2025-01,Maisa 2+3,,Clean,Standard Clean,Tea,inferred,,,5.0,0,0.667,3.333,,,,
2025-01-14,2025-01,WeighRight,,60010,ORG Vanilla Nut 5 Lb Bag - GA,Bag/Other,inferred,,yes,3.0,40,0.433,1.3,92.3,1.538,30.8,
2025-01-14,2025-01,WeighRight,,80010L,Org Vanilla Nut 11OZ Bag/Box of 24 - GA,Bag/Other,inferred,,yes,3.0,1200,2.533,7.6,473.7,7.895,157.9,
2025-01-15,2025-01,AMS,handpack,10001A,Sage 2 Oz Bags AMZN,Bag/Other,inferred,,yes,1.0,45,6.75,6.75,6.7,0.111,6.7,
2025-01-15,2025-01,AMS,handpack,10061A,AMZN - WWB - ORG Date Sugar - 1 Lb,Bag/Other,inferred,,yes,1.0,548,5.0,5.0,109.6,1.827,109.6,
2025-01-15,2025-01,Assembly,,40001,Herbal Tea Sampler Box - 6 Count Case,Sampler,inferred,,yes,1.0,100,12.25,12.25,8.2,0.136,8.2,
2025-01-15,2025-01,Assembly,,40001,Herbal Tea Sampler Box - 6 Count Case,Sampler,inferred,,yes,1.0,38,4.333,4.333,8.8,0.146,8.8,
2025-01-15,2025-01,Assembly,,43001L,Dandelion Tea Sampler Box - Loose - G,Sampler,governed,high,yes,2.0,612,11.583,23.167,52.8,0.881,26.4,
2025-01-15,2025-01,Assembly,,50096,Top Six Packet Sampler pack,Sampler,inferred,,yes,1.0,180,7.783,7.783,23.1,0.385,23.1,
2025-01-15,2025-01,Assembly,,GDB501,ORG Reishi Eleuthero Packet Goody Bag - G,Bag/Other,inferred,,yes,1.0,10,0.333,0.333,30.0,0.5,30.0,
2025-01-15,2025-01,Assembly,,GDB505,ORG Turkey Tail Astragalus Packet Goody BAg - G,Bag/Other,inferred,,yes,1.0,25,10.417,10.417,2.4,0.04,2.4,
2025-01-15,2025-01,Maisa 1,,40031,ORG Almond Amaretto 25CT Tea Bag - GA,Tea,governed,high,yes,3.0,778,4.933,14.8,157.7,2.628,52.6,
2025-01-15,2025-01,Maisa 1,,40033,DO NOT MAKE - ORG Almond Amaretto 25CT Tea Bag 3PK - GA,Tea,inferred,,yes,3.0,60,0.95,2.85,63.2,1.053,21.1,
2025-01-15,2025-01,Maisa 1,,40060,ORG Hazelnut 10ct/6pk Tea Bag - GA,Tea,inferred,,yes,3.0,726,1.567,4.7,463.4,7.723,154.5,
2025-01-15,2025-01,Maisa 1,,Clean,Standard Clean,Tea,inferred,,,3.0,0,0.45,1.35,,,,
2025-01-15,2025-01,Maisa 1,,Clean,Standard Clean,Tea,inferred,,,3.0,0,0.45,1.35,,,,
2025-01-15,2025-01,Maisa 1,,TB060,ORG Hazelnut Tea Bag Loose - GA,Tea bag (intermediate),item-code,,yes,3.0,20628,4.117,12.35,5010.9,83.514,1670.3,
2025-01-15,2025-01,Maisa 2+3,,45010F,Reishi Eleuthero Dual Language 10 cnt TB - G,Tea,inferred,,yes,5.0,360,1.3,6.5,276.9,4.615,55.4,
2025-01-15,2025-01,Maisa 2+3,,Clean,Standard Clean,Tea,inferred,,,5.0,0,0.5,2.5,,,,
2025-01-15,2025-01,Maisa 2+3,,NTB0110,French Roast Tagless 6g Tea Bag - G,Tea bag (intermediate),item-code,,yes,2.0,44400,4.917,9.833,9030.5,150.508,4515.3,
2025-01-15,2025-01,Maisa 2+3,,TB110,ORG French Roast Tea Bag Loose - G,Tea bag (intermediate),item-code,,yes,2.0,18000,2.75,5.5,6545.5,109.091,3272.7,
2025-01-15,2025-01,Maisa 2+3,,TB501,ORG Reishi Eleuthero Loose Tea Bag - G,Tea bag (intermediate),item-code,,yes,4.0,18222,2.117,8.467,8608.8,143.48,2152.2,
2025-01-15,2025-01,WeighRight,,80010,ORG Vanilla Nut 11oz Bag/6 Count Case - GA,Bag/Other,inferred,,yes,3.0,2760,7.167,21.5,385.1,6.419,128.4,
2025-01-15,2025-01,WeighRight,,80016,Vanilla Nut 500g APG Bag - GA,APG,inferred,,yes,3.0,720,3.667,11.0,196.4,3.273,65.5,
2025-01-15,2025-01,WeighRight,,80089A,AMZN ORG Raspberry Mocha 11OZ Bag/Box of 24 - GA,Bag/Other,inferred,,yes,3.0,216,0.667,2.0,324.0,5.4,108.0,
2025-01-15,2025-01,WeighRight,,Clean,Standard Clean,Bag/Other,inferred,,,3.0,0,0.583,1.75,,,,
2025-01-16,2025-01,AMS,handpack,10001A,Sage 2 Oz Bags AMZN,Bag/Other,inferred,,yes,1.0,15,5.867,5.867,2.6,0.043,2.6,
2025-01-16,2025-01,AMS,handpack,10002A,Sage 8 Oz Bags - FOR AMZN,Bag/Other,inferred,,yes,1.0,64,6.217,6.217,10.3,0.172,10.3,
2025-01-16,2025-01,Assembly,,40001,Herbal Tea Sampler Box - 6 Count Case,Sampler,inferred,,yes,2.0,100,10.25,20.5,9.8,0.163,4.9,
2025-01-16,2025-01,Assembly,,43001,Dandelion Tea Sampler Box - 6 Count Case,Sampler,inferred,,yes,1.0,111,9.25,9.25,12.0,0.2,12.0,
2025-01-16,2025-01,Assembly,,43001L,Dandelion Tea Sampler Box - Loose - G,Sampler,governed,high,yes,2.0,239,2.917,5.833,81.9,1.366,41.0,
2025-01-16,2025-01,Maisa 1,,42041,Snickerdoodle 25CT Tea Bag - GA,Tea,governed,high,yes,3.0,48,1.183,3.55,40.6,0.676,13.5,
2025-01-16,2025-01,Maisa 1,,43111,ORG Dandelion Dark Roast 25CT Tea Bag,Tea,governed,high,yes,3.0,672,4.667,14.0,144.0,2.4,48.0,
2025-01-16,2025-01,Maisa 1,,48004,WWB ORG French Chicory 25ct Tea Bag,Tea,inferred,,yes,3.0,600,3.333,10.0,180.0,3.0,60.0,
2025-01-16,2025-01,Maisa 1,,Clean,Standard Clean,Tea,inferred,,,3.0,0,0.5,1.5,,,,
2025-01-16,2025-01,Maisa 1,,CleanGA,Clean + Gluten + Almond Tests,Tea,inferred,,,3.0,0,2.333,7.0,,,,
2025-01-16,2025-01,Maisa 2+3,,40130,ORG Maca Chocolate 10ct/6pk Tea Bag - G,Tea,inferred,,yes,5.0,354,0.433,2.167,816.9,13.615,163.4,
2025-01-16,2025-01,Maisa 2+3,,46010,ORG Dark Chocolate 10 Ct Tea Bag/6 Count Case,Tea,inferred,,yes,5.0,2160,2.6,13.0,830.8,13.846,166.2,
2025-01-16,2025-01,Maisa 2+3,,46010L,ORG Dark Chocolate 10 Ct Tea Bag/36 Count Box,Tea,governed,high,yes,5.0,792,0.917,4.583,864.0,14.4,172.8,
2025-01-16,2025-01,Maisa 2+3,,46011,ORG Dark Chocolate 25 Ct Tea Bag,Tea,governed,high,yes,5.0,1632,4.75,23.75,343.6,5.726,68.7,
2025-01-16,2025-01,Maisa 2+3,,46013,ORG Dark Chocolate 25CT Tea Bag 3PK,Tea,inferred,,yes,5.0,72,0.75,3.75,96.0,1.6,19.2,
2025-01-16,2025-01,Maisa 2+3,,Clean,Standard Clean,Tea,inferred,,,5.0,0,1.4,7.0,,,,
2025-01-16,2025-01,Maisa 2+3,,CleanG,Clean + Gluten Test,Tea,inferred,,,5.0,0,1.4,7.0,,,,
2025-01-16,2025-01,WeighRight,,80060,ORG Hazelnut 11OZ Bag/6 Count Case - GA,Bag/Other,inferred,,yes,3.0,1380,3.95,11.85,349.4,5.823,116.5,
2025-01-16,2025-01,WeighRight,,80060L,Org Hazelnut 11OZ Bag/Box of 24 - GA,Bag/Other,inferred,,yes,3.0,816,2.05,6.15,398.0,6.634,132.7,
2025-01-16,2025-01,WeighRight,,80063,ORG Hazelnut 11OZ Bag 3PK  - GA,Bag/Other,inferred,,yes,3.0,480,3.583,10.75,134.0,2.233,44.7,
2025-01-16,2025-01,WeighRight,,80089A,AMZN ORG Raspberry Mocha 11OZ Bag/Box of 24 - GA,Bag/Other,inferred,,yes,3.0,576,1.3,3.9,443.1,7.385,147.7,
2025-01-16,2025-01,WeighRight,,Clean,Standard Clean,Bag/Other,inferred,,,3.0,0,0.867,2.6,,,,
2025-01-17,2025-01,Maisa 1,,43340,ORG Dandelion Coconut 10CT Tea Bag - A,Tea,inferred,,yes,3.0,3654,8.183,24.55,446.5,7.442,148.8,
2025-01-17,2025-01,Maisa 1,,Clean,Standard Clean,Tea,inferred,,,3.0,0,0.5,1.5,,,,
2025-01-17,2025-01,Maisa 2+3,,40130,ORG Maca Chocolate 10ct/6pk Tea Bag - G,Tea,inferred,,yes,5.0,3786,4.017,20.083,942.6,15.71,188.5,
2025-01-17,2025-01,Maisa 2+3,,40130L,Org Maca Chocolate 10 Ct Tea Bag Loose - G,Tea,governed,high,yes,5.0,396,0.417,2.083,950.4,15.84,190.1,
2025-01-17,2025-01,Maisa 2+3,,40132,ORG Maca Chocolate 25CT Tea Bag - G,Tea,governed,high,yes,5.0,192,0.533,2.667,360.0,6.0,72.0,
2025-01-17,2025-01,Maisa 2+3,,43111,ORG Dandelion Dark Roast 25CT Tea Bag,Tea,governed,high,yes,5.0,456,2.667,13.333,171.0,2.85,34.2,
2025-01-17,2025-01,Maisa 2+3,,CleanG,Clean + Gluten Test,Tea,inferred,,,5.0,0,0.583,2.917,,,,
2025-01-17,2025-01,Maisa 2+3,,TB130,ORG Maca Chocolate Tea Bag - G,Tea bag (intermediate),item-code,,yes,4.0,16985,1.917,7.667,8861.7,147.696,2215.4,
2025-01-20,2025-01,AMS,handpack,10002A,Sage 8 Oz Bags - FOR AMZN,Bag/Other,inferred,,yes,1.0,80,5.083,5.083,15.7,0.262,15.7,
2025-01-20,2025-01,AMS,handpack,10402A,AMZN- WWB-ORG Rama Tulsi - 8 OZ Bag,Bag/Other,inferred,,yes,1.0,117,4.833,4.833,24.2,0.403,24.2,
2025-01-20,2025-01,Assembly,,40001,Herbal Tea Sampler Box - 6 Count Case,Sampler,inferred,,yes,1.0,30,7.333,7.333,4.1,0.068,4.1,
2025-01-20,2025-01,Assembly,,43001,Dandelion Tea Sampler Box - 6 Count Case,Sampler,inferred,,yes,1.0,112,10.167,10.167,11.0,0.184,11.0,
2025-01-20,2025-01,Assembly,,43001,Dandelion Tea Sampler Box - 6 Count Case,Sampler,inferred,,yes,1.0,111,8.833,8.833,12.6,0.209,12.6,
2025-01-20,2025-01,Maisa 1,,43011,ORG Dandelion Vanilla Nut 25CT Tea Bag - A,Tea,governed,high,yes,3.0,120,0.633,1.9,189.5,3.158,63.2,
2025-01-20,2025-01,Maisa 1,,43081,ORG Dandelion Mocha 25CT Tea Bag - A,Tea,governed,high,yes,3.0,408,2.25,6.75,181.3,3.022,60.4,
2025-01-20,2025-01,Maisa 1,,43310,ORG Dandelion Mocha Mint 10CT Tea Bag - A,Tea,inferred,,yes,3.0,114,0.3,0.9,380.0,6.333,126.7,
2025-01-20,2025-01,Maisa 1,,43311,Dandelion Mocha Mint 25 Count Tea Bag - A,Tea,governed,high,yes,3.0,480,2.95,8.85,162.7,2.712,54.2,
2025-01-20,2025-01,Maisa 1,,43340,ORG Dandelion Coconut 10CT Tea Bag - A,Tea,inferred,,yes,3.0,450,1.033,3.1,435.5,7.258,145.2,
2025-01-20,2025-01,Maisa 1,,Clean,Standard Clean,Tea,inferred,,,3.0,0,0.417,1.25,,,,
2025-01-20,2025-01,Maisa 1,,Clean,Standard Clean,Tea,inferred,,,3.0,0,0.667,2.0,,,,
2025-01-20,2025-01,Maisa 1,,Clean,Standard Clean,Tea,inferred,,,3.0,0,1.033,3.1,,,,
2025-01-20,2025-01,Maisa 1,,TB301,ORG Dandelion Vanilla Nut Tea Bag - A,Tea bag (intermediate),item-code,,yes,3.0,3000,0.667,2.0,4500.0,75.0,1500.0,
2025-01-20,2025-01,Maisa 2+3,,43110,ORG Dandelion Dark Roast 10ct/6pk Tea Bag,Tea,inferred,,yes,3.0,522,1.067,3.2,489.4,8.156,163.1,
2025-01-20,2025-01,Maisa 2+3,,43110A,AMZN Org Dandelion Dark Roast 10 Ct Tea Bag Loose,Tea,inferred,,yes,3.0,216,0.383,1.15,563.5,9.391,187.8,
2025-01-20,2025-01,Maisa 2+3,,43110F,Dandelion Dark Roast Dual Language 10ct/6pk Tea Bag,Tea,inferred,,yes,3.0,720,2.05,6.15,351.2,5.854,117.1,
2025-01-20,2025-01,Maisa 2+3,,43111,ORG Dandelion Dark Roast 25CT Tea Bag,Tea,governed,high,yes,3.0,1272,6.5,19.5,195.7,3.262,65.2,
2025-01-20,2025-01,Maisa 2+3,,Clean,Standard Clean,Tea,inferred,,,3.0,0,0.333,1.0,,,,
2025-01-20,2025-01,Maisa 2+3,,Clean,Standard Clean,Tea,inferred,,,2.0,0,0.667,1.333,,,,
2025-01-20,2025-01,Maisa 2+3,,TB060,ORG Hazelnut Tea Bag Loose - GA,Tea bag (intermediate),item-code,,yes,2.0,16000,4.967,9.933,3221.5,53.691,1610.7,
2025-01-20,2025-01,Maisa 2+3,,TB505,ORG Turkey Tail Astragalus Loose Tea Bag - G,Tea bag (intermediate),item-code,,yes,2.0,18000,4.367,8.733,4122.1,68.702,2061.1,
2025-01-20,2025-01,WeighRight,,20061,ORG Hazelnut 300G Dual Language Bag - 6Ct Case - GA,Bag/Other,inferred,,yes,3.0,720,1.983,5.95,363.0,6.05,121.0,
2025-01-20,2025-01,WeighRight,,60060,ORG Hazelnut 5 Lb Bag - GA,Bag/Other,inferred,,yes,3.0,40,0.333,1.0,120.0,2.0,40.0,
2025-01-20,2025-01,WeighRight,,80066A,Hazelnut 500g APG Bag - GA,APG,inferred,,yes,3.0,300,1.467,4.4,204.5,3.409,68.2,
2025-01-20,2025-01,WeighRight,,83110A,AMZN ORG Dandelion Dark Roast 10 oz Bag/Box of 24,Bag/Other,inferred,,yes,3.0,1392,5.083,15.25,273.8,4.564,91.3,
2025-01-20,2025-01,WeighRight,,CleanGA,Clean + Gluten + Almond Tests,Bag/Other,inferred,,,3.0,0,0.783,2.35,,,,
2025-01-21,2025-01,AMS,handpack,10402A,AMZN- WWB-ORG Rama Tulsi - 8 OZ Bag,Bag/Other,inferred,,yes,1.0,302,10.167,10.167,29.7,0.495,29.7,
2025-01-21,2025-01,Assembly,,42080,ORG Irish Cream 10ct/6pk Tea Bag - G,Tea,inferred,,yes,1.0,420,4.483,4.483,93.7,1.561,93.7,
2025-01-21,2025-01,Assembly,,TGB322,Dandelion Caramel Nut Tea Bag Goody Bag - A,Tea,inferred,,yes,1.0,250,0.633,0.633,394.7,6.579,394.7,
2025-01-21,2025-01,Assembly,,TGB502,Chaga Ashwaganda Tea Goody Bag,Bag/Other,inferred,,yes,1.0,250,1.9,1.9,131.6,2.193,131.6,
2025-01-21,2025-01,Assembly,,TGB601,ORG Dark Chocolate Tea Bag Goody Bag,Tea,inferred,,yes,1.0,250,0.75,0.75,333.3,5.556,333.3,
2025-01-21,2025-01,Maisa 1,,43310,ORG Dandelion Mocha Mint 10CT Tea Bag - A,Tea,inferred,,yes,3.0,2646,5.867,17.6,451.0,7.517,150.3,
2025-01-21,2025-01,Maisa 1,,48004,WWB ORG French Chicory 25ct Tea Bag,Tea,inferred,,yes,3.0,96,2.25,6.75,42.7,0.711,14.2,
2025-01-21,2025-01,Maisa 1,,CleanGA,Clean + Gluten + Almond Tests,Tea,inferred,,,3.0,0,0.667,2.0,,,,
2025-01-21,2025-01,Maisa 1,,TB331,ORG Dandelion Mocha Mint Tea Bag - A,Tea bag (intermediate),item-code,,yes,3.0,5280,1.3,3.9,4061.5,67.692,1353.8,
2025-01-21,2025-01,Maisa 2+3,,43110,ORG Dandelion Dark Roast 10ct/6pk Tea Bag,Tea,inferred,,yes,3.0,4470,9.933,29.8,450.0,7.5,150.0,
2025-01-21,2025-01,Maisa 2+3,,Clean,Standard Clean,Tea,inferred,,,2.0,0,0.667,1.333,,,,
2025-01-21,2025-01,Maisa 2+3,,NTB0060,Hazelnut Tagless 6g Tea Bag - GA,Tea bag (intermediate),item-code,,yes,2.0,13200,2.883,5.767,4578.0,76.301,2289.0,
2025-01-21,2025-01,Maisa 2+3,,TB010,ORG Vanilla Nut Tea Bag Loose - GA,Tea bag (intermediate),item-code,,yes,2.0,21500,4.433,8.867,4849.6,80.827,2424.8,
2025-01-21,2025-01,Maisa 2+3,,TB060,ORG Hazelnut Tea Bag Loose - GA,Tea bag (intermediate),item-code,,yes,2.0,9000,1.95,3.9,4615.4,76.923,2307.7,
2025-01-21,2025-01,WeighRight,,56010,Dark Chocolate 30g Trial Size Packet,Bag/Other,inferred,,yes,3.0,1080,2.633,7.9,410.1,6.835,136.7,
2025-01-21,2025-01,WeighRight,,66010,ORG Dark Chocolate 5 Lb Bag,Bag/Other,inferred,,yes,3.0,12,0.4,1.2,30.0,0.5,10.0,
2025-01-21,2025-01,WeighRight,,86010,ORG Dark Chocolate 10 Oz Bag/6 Count Case,Bag/Other,inferred,,yes,3.0,1380,4.183,12.55,329.9,5.498,110.0,
2025-01-21,2025-01,WeighRight,,86010L,ORG Dark Chocolate 10 Oz Bag/Box of 24,Bag/Other,inferred,,yes,3.0,304,1.167,3.5,260.6,4.343,86.9,
2025-01-21,2025-01,WeighRight,,Clean,Standard Clean,Bag/Other,inferred,,,3.0,0,0.633,1.9,,,,
2025-01-21,2025-01,WeighRight,,Clean,Standard Clean,Bag/Other,inferred,,,3.0,0,0.667,2.0,,,,
2025-01-22,2025-01,AMS,handpack,10011A,DO NOT MAKE AMZN - WWB - Roasted Almond Meal - 1 Lb - A,Bag/Other,inferred,,yes,1.0,96,3.0,3.0,32.0,0.533,32.0,
2025-01-22,2025-01,AMS,handpack,10012,"ORG Lemon Grass, 7 Oz Bag",Bag/Other,inferred,,,1.0,0,8.967,8.967,,,,
2025-01-22,2025-01,AMS,handpack,10021A,AMZN - WWB - Date Sugar - 1 Lb,Bag/Other,inferred,,yes,1.0,120,2.85,2.85,42.1,0.702,42.1,
2025-01-22,2025-01,AMS,handpack,10402A,AMZN- WWB-ORG Rama Tulsi - 8 OZ Bag,Bag/Other,inferred,,yes,1.0,169,6.167,6.167,27.4,0.457,27.4,
2025-01-22,2025-01,Assembly,,53098,Dandelion Packet Sampler Pack,Sampler,inferred,,yes,,162,7.983,,20.3,0.338,,
2025-01-22,2025-01,Maisa 1,,45030F,Lion's Mane Rhodiola Dual Language 10 cnt TB - G,Tea,inferred,,yes,3.0,300,0.817,2.45,367.3,6.122,122.4,
2025-01-22,2025-01,Maisa 1,,45031,ORG Lion's Mane Rhodiola 25 Ct Tea Bag - G,Tea,inferred,,yes,3.0,240,1.35,4.05,177.8,2.963,59.3,
2025-01-22,2025-01,Maisa 1,,48002,WWB ORG Roasted Barley 25ct Tea Bag - G,Tea,inferred,,yes,3.0,288,2.167,6.5,132.9,2.215,44.3,
2025-01-22,2025-01,Maisa 1,,48004,WWB ORG French Chicory 25ct Tea Bag,Tea,inferred,,yes,3.0,504,3.417,10.25,147.5,2.459,49.2,
2025-01-22,2025-01,Maisa 1,,Clean,Standard Clean,Tea,inferred,,,3.0,0,1.15,3.45,,,,
2025-01-22,2025-01,Maisa 1,,Clean,Standard Clean,Tea,inferred,,,3.0,0,0.75,2.25,,,,
2025-01-22,2025-01,Maisa 2+3,,43110,ORG Dandelion Dark Roast 10ct/6pk Tea Bag,Tea,inferred,,yes,3.0,528,1.5,4.5,352.0,5.867,117.3,
2025-01-22,2025-01,Maisa 2+3,,45050,ORG Turkey Tail Astragalus 10 Ct Tea Bag/6 Count Case - G,Tea,inferred,,yes,5.0,3498,3.75,18.75,932.8,15.547,186.6,
2025-01-22,2025-01,Maisa 2+3,,45051,ORG Turkey Tail Astragalus 25 Ct Tea Bag - G,Tea,governed,high,yes,5.0,1440,4.5,22.5,320.0,5.333,64.0,
2025-01-22,2025-01,Maisa 2+3,,CLEANA,Clean + Allergen Tests,Tea,inferred,,,5.0,0,0.45,2.25,,,,
2025-01-22,2025-01,Maisa 2+3,,TB010,ORG Vanilla Nut Tea Bag Loose - GA,Tea bag (intermediate),item-code,,yes,2.0,6500,1.383,2.767,4698.8,78.313,2349.4,
2025-01-22,2025-01,Maisa 2+3,,TB311,ORG Dandelion Dark Roast Tea Bag,Tea bag (intermediate),item-code,,yes,3.0,5965,1.0,3.0,5965.0,99.417,1988.3,
2025-01-22,2025-01,WeighRight,,10005A,WWB AMZN Organic Chia (1lb),Bag/Other,inferred,,yes,3.0,1044,7.2,21.6,145.0,2.417,48.3,
2025-01-22,2025-01,WeighRight,,53010,Dandelion Vanilla Nut 30g Trial Size Packet - A,Bag/Other,inferred,,yes,3.0,900,1.933,5.8,465.5,7.759,155.2,
2025-01-22,2025-01,WeighRight,,CleanA,Clean + Almond Test,Bag/Other,inferred,,,3.0,0,0.717,2.15,,,,
2025-01-23,2025-01,AMS,handpack,10008,"Org Rooibos, 8 Oz Bag",Bag/Other,inferred,,yes,1.0,408,7.2,7.2,56.7,0.944,56.7,
2025-01-23,2025-01,AMS,handpack,10012,"ORG Lemon Grass, 7 Oz Bag",Bag/Other,inferred,,yes,1.0,173,5.3,5.3,32.6,0.544,32.6,
2025-01-23,2025-01,AMS,handpack,10059A,AMZN ORG French Chicory 2 X 1 Lb Bag,Bag/Other,inferred,,yes,1.0,36,1.717,1.717,21.0,0.35,21.0,
2025-01-23,2025-01,Assembly,,40116,French Roast Tagless Tea Bag - 50 Ct - G,Tea,governed,high,yes,1.0,121,4.75,4.75,25.5,0.425,25.5,
2025-01-23,2025-01,Assembly,,40121,DO NOT MAKE ORG Maya Chai 25CT Tea Bag - G,Tea,governed,high,yes,1.0,48,2.433,2.433,19.7,0.329,19.7,
2025-01-23,2025-01,Assembly,,48005,DO NOT MAKE WWB ORG Sweet Cinnamon Spice 25ct Tea Bag 3.5g,Tea,inferred,,yes,1.0,120,3.3,3.3,36.4,0.606,36.4,
2025-01-23,2025-01,Maisa 1,,45030,ORG Lion's Mane Rhodiola 10 Ct Tea Bag/6 Count Case - G,Tea,inferred,,yes,3.0,2520,7.033,21.1,358.3,5.972,119.4,
2025-01-23,2025-01,Maisa 1,,45030F,Lion's Mane Rhodiola Dual Language 10 cnt TB - G,Tea,inferred,,yes,3.0,1098,2.8,8.4,392.1,6.536,130.7,
2025-01-23,2025-01,Maisa 2+3,,40031,ORG Almond Amaretto 25CT Tea Bag - GA,Tea,governed,high,yes,5.0,2223,7.083,35.417,313.8,5.231,62.8,
2025-01-23,2025-01,Maisa 2+3,,45050,ORG Turkey Tail Astragalus 10 Ct Tea Bag/6 Count Case - G,Tea,inferred,,yes,5.0,642,0.833,4.167,770.4,12.84,154.1,
2025-01-23,2025-01,Maisa 2+3,,45050F,Turkey Tail Astragalus Dual Language 10 cnt TB - G,Tea,inferred,,yes,5.0,552,0.5,2.5,1104.0,18.4,220.8,
2025-01-23,2025-01,Maisa 2+3,,Clean,Standard Clean,Tea,inferred,,,5.0,0,0.667,3.333,,,,
2025-01-23,2025-01,Maisa 2+3,,TB030,ORG Almond Amaretto Tea Bag - GA,Tea bag (intermediate),item-code,,yes,4.0,2847,0.333,1.333,8541.0,142.35,2135.2,
2025-01-23,2025-01,WeighRight,,10005A,WWB AMZN Organic Chia (1lb),Bag/Other,inferred,,yes,3.0,360,2.333,7.0,154.3,2.571,51.4,
2025-01-23,2025-01,WeighRight,,65010,ORG Reishi Eleuthero 5 Lb Bag - G,APG,governed,high,yes,2.0,8,0.167,0.333,48.0,0.8,24.0,
2025-01-23,2025-01,WeighRight,,85010,ORG Reishi Eleuthero 10 Oz Bag/6 Count Case - G,Bag/Other,inferred,,yes,2.0,720,2.833,5.667,254.1,4.235,127.1,
2025-01-23,2025-01,WeighRight,,85010L,ORG Reishi Eleuthero 10 Oz Bag/Box of 24 - G,APG,governed,high,yes,3.0,792,2.883,8.65,274.7,4.578,91.6,
2025-01-23,2025-01,WeighRight,,Clean,Standard Clean,Bag/Other,inferred,,,3.0,0,0.583,1.75,,,,
2025-01-23,2025-01,WeighRight,,Clean,Standard Clean,Bag/Other,inferred,,,3.0,0,0.5,1.5,,,,
2025-01-27,2025-01,AMS,handpack,10201A,DO NOT MAKE AMZN - WWB - ORG Peppermint Leaf - 4 Oz Bag,Bag/Other,inferred,,yes,1.0,145,5.333,5.333,27.2,0.453,27.2,
2025-01-27,2025-01,Assembly,,40001A,AMZN Labeled Herbal Tea Sampler Box/Variety Pack,Bundle,inferred,,yes,1.0,144,8.9,8.9,16.2,0.27,16.2,
2025-01-27,2025-01,Assembly,,40001A,AMZN Labeled Herbal Tea Sampler Box/Variety Pack,Bundle,inferred,,yes,2.0,1080,10.167,20.333,106.2,1.77,53.1,
2025-01-27,2025-01,Assembly,,40116,French Roast Tagless Tea Bag - 50 Ct - G,Tea,governed,high,yes,1.0,159,3.833,3.833,41.5,0.691,41.5,
2025-01-27,2025-01,Assembly,,42040,ORG Snickerdoodle 10ct/6pk Tea Bag - GA,Tea,inferred,,,1.0,0,7.167,7.167,,,,
2025-01-27,2025-01,Assembly,,45011,ORG Reishi Eleuthero 25 Ct Tea Bag - G,Tea,governed,high,,1.0,0,0.917,0.917,,,,
2025-01-27,2025-01,Maisa 1,,42080,ORG Irish Cream 10ct/6pk Tea Bag - G,Tea,inferred,,yes,3.0,384,0.8,2.4,480.0,8.0,160.0,
2025-01-27,2025-01,Maisa 1,,42081,ORG Irish Cream 25Ct Tea Bag Box - G,Tea,inferred,,yes,3.0,312,1.533,4.6,203.5,3.391,67.8,
2025-01-27,2025-01,Maisa 1,,45030,ORG Lion's Mane Rhodiola 10 Ct Tea Bag/6 Count Case - G,Tea,inferred,,yes,3.0,1620,3.333,10.0,486.0,8.1,162.0,
2025-01-27,2025-01,Maisa 1,,Clean,Standard Clean,Tea,inferred,,,3.0,0,0.883,2.65,,,,
2025-01-27,2025-01,Maisa 1,,TB503,ORG Lion's Mane Rhodiola Loose Tea Bag - G,Tea bag (intermediate),item-code,,yes,3.0,13607,3.45,10.35,3944.1,65.734,1314.7,
2025-01-27,2025-01,Maisa 2+3,,47010,75147 TJ ORG Roasted Herbal Cofee (12 Pack) - G,Tea,inferred,,yes,5.0,8460,9.95,49.75,850.3,14.171,170.1,
2025-01-27,2025-01,Maisa 2+3,,CLEANA,Clean + Allergen Tests,Tea,inferred,,,5.0,0,0.667,3.333,,,,
2025-01-27,2025-01,WeighRight,,10071A,DO NOT MAKE AMZN - WWB - ORG Roasted Barley - 1 Lb - G,Bag/Other,inferred,,yes,3.0,1008,3.0,9.0,336.0,5.6,112.0,
2025-01-27,2025-01,WeighRight,,50110,ORG French Roast 30g Trial Size Packet - G,Bag/Other,inferred,,yes,3.0,720,1.65,4.95,436.4,7.273,145.5,
2025-01-27,2025-01,WeighRight,,80110,ORG French Roast 11OZ Bag/6 Count Case - G,Bag/Other,inferred,,yes,3.0,1548,3.75,11.25,412.8,6.88,137.6,
2025-01-27,2025-01,WeighRight,,Clean,Standard Clean,Bag/Other,inferred,,,3.0,0,1.35,4.05,,,,
2025-01-28,2025-01,AMS,handpack,10201a,DO NOT MAKE AMZN - WWB - ORG Peppermint Leaf - 4 Oz Bag,Bag/Other,inferred,,yes,1.0,395,8.333,8.333,47.4,0.79,47.4,
2025-01-28,2025-01,Assembly,,40116,French Roast Tagless Tea Bag - 50 Ct - G,Tea,governed,high,yes,1.0,140,1.783,1.783,78.5,1.308,78.5,
2025-01-28,2025-01,Assembly,,45011,ORG Reishi Eleuthero 25 Ct Tea Bag - G,Tea,governed,high,yes,1.0,168,8.45,8.45,19.9,0.331,19.9,
2025-01-28,2025-01,Assembly,,TGB311,ORG Dandelion Dark Roast Tea Bag Goody Bag,Tea,inferred,,yes,1.0,500,1.333,1.333,375.0,6.25,375.0,
2025-01-28,2025-01,Assembly,,TGB322,Dandelion Caramel Nut Tea Bag Goody Bag - A,Tea,inferred,,yes,1.0,500,1.133,1.133,441.2,7.353,441.2,
2025-01-28,2025-01,Assembly,,TGB503,Lion's Mane Rhodiola Tea Goody Bag - G,Bag/Other,inferred,,yes,1.0,500,1.7,1.7,294.1,4.902,294.1,
2025-01-28,2025-01,Assembly,,TGB505,Turkey Tail Astragalus Tea Goody Bag - G,Bag/Other,inferred,,yes,1.0,500,1.333,1.333,375.0,6.25,375.0,
2025-01-28,2025-01,Assembly,,TGB601,ORG Dark Chocolate Tea Bag Goody Bag,Tea,inferred,,yes,1.0,500,1.35,1.35,370.4,6.173,370.4,
2025-01-28,2025-01,Maisa 1,,42080,ORG Irish Cream 10ct/6pk Tea Bag - G,Tea,inferred,,yes,3.0,2100,4.917,14.75,427.1,7.119,142.4,
2025-01-28,2025-01,Maisa 1,,42111A,DO NOT MAKE AMZN ORG French Vanilla 25CT Tea Bag - G,Tea,inferred,,yes,3.0,240,2.167,6.5,110.8,1.846,36.9,
2025-01-28,2025-01,Maisa 1,,43340F,Dandelion Coconut Dual Language 10 cnt TB - A,Tea,inferred,,yes,3.0,180,0.333,1.0,540.0,9.0,180.0,
2025-01-28,2025-01,Maisa 1,,43340L,Org Dandelion Coconut 10 Ct Tea Bag Loose - A,Tea,governed,high,yes,3.0,432,0.933,2.8,462.9,7.714,154.3,
2025-01-28,2025-01,Maisa 1,,43341,Dandelion Coconut 25 Count Tea Bag - A,Tea,governed,high,yes,3.0,48,0.267,0.8,180.0,3.0,60.0,
2025-01-28,2025-01,Maisa 1,,Clean,Standard Clean,Tea,inferred,,yes,3.0,46,0.833,2.5,55.2,0.92,18.4,
2025-01-28,2025-01,Maisa 1,,CleanG,Clean + Gluten Test,Tea,inferred,,,3.0,0,0.633,1.9,,,,
2025-01-28,2025-01,Maisa 2+3,,47010,75147 TJ ORG Roasted Herbal Cofee (12 Pack) - G,Tea,inferred,,yes,5.0,9084,10.117,50.583,897.9,14.965,179.6,
2025-01-28,2025-01,WeighRight,,80110,ORG French Roast 11OZ Bag/6 Count Case - G,Bag/Other,inferred,,yes,3.0,1212,3.267,9.8,371.0,6.184,123.7,
2025-01-28,2025-01,WeighRight,,80110L,Org French Roast 11oz Bag/Box of 24 - G,Bag/Other,inferred,,yes,3.0,1371,3.0,9.0,457.0,7.617,152.3,
2025-01-28,2025-01,WeighRight,,80113,ORG French Roast 11OZ Bag 3PK - G,Bag/Other,inferred,,yes,3.0,320,2.567,7.7,124.7,2.078,41.6,
2025-01-28,2025-01,WeighRight,,82110A,AMZN Org French Vanilla 11OZ Bag/Box of 24 - G,Bag/Other,inferred,,yes,3.0,120,0.617,1.85,194.6,3.243,64.9,
2025-01-28,2025-01,WeighRight,,82110L,ORG French Vanilla 11OZ Bag/Box of 24 - G,Bag/Other,inferred,,yes,3.0,120,0.333,1.0,360.0,6.0,120.0,
2025-01-28,2025-01,WeighRight,,Clean,Standard Clean,Bag/Other,inferred,,,3.0,0,0.383,1.15,,,,
2025-01-29,2025-01,Assembly,,40116,French Roast Tagless Tea Bag - 50 Ct - G,Tea,governed,high,yes,2.0,302,10.167,20.333,29.7,0.495,14.9,
2025-01-29,2025-01,Assembly,,46001L,Prebiotic Super Tea Bag Sampler Box,Sampler,governed,high,yes,1.0,180,5.667,5.667,31.8,0.529,31.8,
2025-01-29,2025-01,Assembly,,TB204,ORG Snickerdoodle Tea Bag - GA,Tea bag (intermediate),item-code,,yes,1.0,500,1.367,1.367,365.9,6.098,365.9,
2025-01-29,2025-01,Assembly,,TGB208,ORG Irish Cream Tea Bag Goody Bag - G,Tea,inferred,,yes,1.0,500,1.35,1.35,370.4,6.173,370.4,
2025-01-29,2025-01,Assembly,,TGB331,ORG Dandelion Mocha Mint Tea Bag Goody Bag - A,Tea,inferred,,yes,1.0,500,1.25,1.25,400.0,6.667,400.0,
2025-01-29,2025-01,Assembly,,TGB501,Reishi Eleuthero Tea Goody Bag - G,Bag/Other,inferred,,yes,1.0,500,1.467,1.467,340.9,5.682,340.9,
2025-01-29,2025-01,Assembly,,TGB502,Chaga Ashwaganda Tea Goody Bag,Bag/Other,inferred,,yes,1.0,500,1.783,1.783,280.4,4.673,280.4,
2025-01-29,2025-01,Maisa 1,,43341,Dandelion Coconut 25 Count Tea Bag - A,Tea,governed,high,yes,3.0,720,3.583,10.75,200.9,3.349,67.0,
2025-01-29,2025-01,Maisa 1,,48003,WWB ORG Lemon Balm 25ct Tea Bag 2.25g,Tea,inferred,,yes,3.0,960,5.6,16.8,171.4,2.857,57.1,
2025-01-29,2025-01,Maisa 1,,CleanA,Clean + Almond Test,Tea,inferred,,,3.0,0,0.883,2.65,,,,
2025-01-29,2025-01,Maisa 2+3,,47010,75147 TJ ORG Roasted Herbal Cofee (12 Pack) - G,Tea,inferred,,yes,5.0,7728,9.833,49.167,785.9,13.098,157.2,
2025-01-29,2025-01,WeighRight,,82080A,AMZN  ORG Irish Cream 11 Oz Bag - G,Bag/Other,inferred,,yes,3.0,432,1.167,3.5,370.3,6.171,123.4,
2025-01-29,2025-01,WeighRight,,82080L,ORG Irish Cream 11 Oz Bag/Box of 24 - G,Bag/Other,inferred,,yes,3.0,192,0.833,2.5,230.4,3.84,76.8,
2025-01-29,2025-01,WeighRight,,82110L,ORG French Vanilla 11OZ Bag/Box of 24 - G,Bag/Other,inferred,,yes,3.0,651,1.5,4.5,434.0,7.233,144.7,
2025-01-29,2025-01,WeighRight,,85050,ORG Turkey Tail Astragalus 10 Oz Bag/6 Count Case - G,Bag/Other,inferred,,yes,3.0,1380,3.983,11.95,346.4,5.774,115.5,
2025-01-29,2025-01,WeighRight,,85050L,ORG Turkey Tail Astragalus 10 Oz Bag/Box of 24 - G,Bag/Other,inferred,,yes,3.0,576,1.517,4.55,379.8,6.33,126.6,
2025-01-29,2025-01,WeighRight,,Clean,Standard Clean,Bag/Other,inferred,,,3.0,0,0.567,1.7,,,,
2025-01-29,2025-01,WeighRight,,Clean,Standard Clean,Bag/Other,inferred,,,3.0,0,0.6,1.8,,,,
2025-01-30,2025-01,AMS,handpack,10013,"ORG Hibisicus, 8 Oz Bag",Bag/Other,inferred,,yes,4.0,522,9.417,37.667,55.4,0.924,13.9,
2025-01-30,2025-01,Assembly,,40116,French Roast Tagless Tea Bag - 50 Ct - G,Tea,governed,high,yes,2.0,158,5.367,10.733,29.4,0.491,14.7,
2025-01-30,2025-01,Maisa 1,,40111,ORG French Roast 25CT Tea Bag - G,Tea,governed,high,yes,3.0,1392,8.85,26.55,157.3,2.621,52.4,
2025-01-30,2025-01,Maisa 1,,48003,WWB ORG Lemon Balm 25ct Tea Bag 2.25g,Tea,inferred,,yes,3.0,96,0.633,1.9,151.6,2.526,50.5,
2025-01-30,2025-01,Maisa 1,,Clean,Standard Clean,Tea,inferred,,,3.0,0,0.233,0.7,,,,
2025-01-30,2025-01,Maisa 1,,TB8003,ORG Lemon Balm Tea Bag 2.25g,Tea bag (intermediate),item-code,,yes,3.0,180,0.283,0.85,635.3,10.588,211.8,
2025-01-30,2025-01,Maisa 2+3,,47010,75147 TJ ORG Roasted Herbal Cofee (12 Pack) - G,Tea,inferred,,yes,5.0,7848,10.0,50.0,784.8,13.08,157.0,
2025-01-30,2025-01,WeighRight,,60040,ORG Blood Orange 5 Lb Bag - GA,Bag/Other,inferred,,yes,3.0,20,0.25,0.75,80.0,1.333,26.7,
2025-01-30,2025-01,WeighRight,,60040,ORG Blood Orange 5 Lb Bag - GA,Bag/Other,inferred,,yes,3.0,10,0.35,1.05,28.6,0.476,9.5,
2025-01-30,2025-01,WeighRight,,62060,ORG Maple Pecan 5 Lb Bag - GA,Bag/Other,inferred,,yes,3.0,4,0.133,0.4,30.0,0.5,10.0,
2025-01-30,2025-01,WeighRight,,80040L,ORG Blood Orange 11OZ Bag/Box of 24 - GA,Bag/Other,inferred,,yes,3.0,936,2.55,7.65,367.1,6.118,122.4,
2025-01-30,2025-01,WeighRight,,82040A,AMZN Org Snickerdoodle 11OZ Bag/Box of 24 - GA,Bag/Other,inferred,,yes,3.0,480,1.35,4.05,355.6,5.926,118.5,
2025-01-30,2025-01,WeighRight,,82060A,AMZN  ORG Maple Pecan 11 Oz Bag - GA,Bag/Other,inferred,,yes,3.0,336,1.25,3.75,268.8,4.48,89.6,
2025-01-30,2025-01,WeighRight,,82060L,ORG Maple Pecan 11OZ Bag/Box of 24 - GA,Bag/Other,inferred,,yes,3.0,600,2.45,7.35,244.9,4.082,81.6,
2025-01-30,2025-01,WeighRight,,82080L,ORG Irish Cream 11 Oz Bag/Box of 24 - G,Bag/Other,inferred,,yes,3.0,96,0.25,0.75,384.0,6.4,128.0,
2025-01-30,2025-01,WeighRight,,Clean,Standard Clean,Bag/Other,inferred,,,3.0,0,0.567,1.7,,,,
2025-01-30,2025-01,WeighRight,,Clean,Standard Clean,Bag/Other,inferred,,,3.0,0,0.333,1.0,,,,
2025-01-30,2025-01,WeighRight,,Clean,Standard Clean,Bag/Other,inferred,,,3.0,0,0.517,1.55,,,,
2025-02-03,2025-02,AMS,handpack,10013,"ORG Hibisicus, 8 Oz Bag",Bag/Other,inferred,,yes,3.0,294,3.667,11.0,80.2,1.336,26.7,
2025-02-03,2025-02,AMS,handpack,10201A,DO NOT MAKE AMZN - WWB - ORG Peppermint Leaf - 4 Oz Bag,Bag/Other,inferred,,yes,1.0,289,6.417,6.417,45.0,0.751,45.0,
2025-02-03,2025-02,Assembly,,46013,ORG Dark Chocolate 25CT Tea Bag 3PK,Tea,inferred,,yes,1.0,59,4.333,4.333,13.6,0.227,13.6,
2025-02-03,2025-02,Assembly,,46013,ORG Dark Chocolate 25CT Tea Bag 3PK,Tea,inferred,,yes,1.0,85,8.583,8.583,9.9,0.165,9.9,
2025-02-03,2025-02,Assembly,,TGB130,ORG Maca Chocolate Tea Bag Goody Bag,Tea,inferred,,yes,1.0,500,1.517,1.517,329.7,5.495,329.7,
2025-02-03,2025-02,Maisa 1,,40110L,Org French Roast 10 Ct Tea Bag Loose - G,Tea,governed,high,yes,3.0,1224,2.533,7.6,483.2,8.053,161.1,
2025-02-03,2025-02,Maisa 1,,40111,ORG French Roast 25CT Tea Bag - G,Tea,governed,high,yes,3.0,816,4.117,12.35,198.2,3.304,66.1,
2025-02-03,2025-02,Maisa 1,,TB110,ORG French Roast Tea Bag Loose - G,Tea bag (intermediate),item-code,,yes,3.0,17500,3.6,10.8,4861.1,81.019,1620.4,
2025-02-03,2025-02,Maisa 2+3,,42040,ORG Snickerdoodle 10ct/6pk Tea Bag - GA,Tea,inferred,,yes,5.0,1380,1.7,8.5,811.8,13.529,162.4,
2025-02-03,2025-02,Maisa 2+3,,42041,Snickerdoodle 25CT Tea Bag - GA,Tea,governed,high,yes,5.0,360,1.15,5.75,313.0,5.217,62.6,
2025-02-03,2025-02,Maisa 2+3,,45020,ORG Chaga Ashwagandha 10 Ct Tea Bag/6 Count Case,Tea,inferred,,yes,3.0,2826,5.417,16.25,521.7,8.695,173.9,
2025-02-03,2025-02,Maisa 2+3,,Clean,Standard Clean,Tea,inferred,,,5.0,0,0.333,1.667,,,,
2025-02-03,2025-02,Maisa 2+3,,CleanGA,Clean + Gluten + Almond Tests,Tea,inferred,,,5.0,0,0.633,3.167,,,,
2025-02-03,2025-02,Maisa 2+3,,TB204,ORG Snickerdoodle Tea Bag - GA,Tea bag (intermediate),item-code,,yes,4.0,6500,0.85,3.4,7647.1,127.451,1911.8,
2025-02-03,2025-02,Maisa 2+3,,TB505,ORG Turkey Tail Astragalus Loose Tea Bag - G,Tea bag (intermediate),item-code,,yes,2.0,5500,1.583,3.167,3473.7,57.895,1736.8,
2025-02-03,2025-02,WeighRight,,10051,ORG Roasted Chicory Root - 1 Lb Bag,Bag/Other,inferred,,yes,3.0,1836,6.583,19.75,278.9,4.648,93.0,
2025-02-03,2025-02,WeighRight,,10059A,AMZN ORG French Chicory 2 X 1 Lb Bag,Bag/Other,inferred,,yes,3.0,432,2.75,8.25,157.1,2.618,52.4,
2025-02-03,2025-02,WeighRight,,62060,ORG Maple Pecan 5 Lb Bag - GA,Bag/Other,inferred,,yes,3.0,28,0.3,0.9,93.3,1.556,31.1,
2025-02-03,2025-02,WeighRight,,CleanGA,Clean + Gluten + Almond Tests,Bag/Other,inferred,,,3.0,0,0.4,1.2,,,,
2025-02-04,2025-02,AMS,handpack,10201A,DO NOT MAKE AMZN - WWB - ORG Peppermint Leaf - 4 Oz Bag,Bag/Other,inferred,,yes,2.0,550,10.083,20.167,54.5,0.909,27.3,
2025-02-04,2025-02,Assembly,,40073,DO NOT MAKE ORG Java 25CT Tea Bag 3PK - GA,Tea,inferred,,,1.0,0,2.55,2.55,,,,
2025-02-04,2025-02,Assembly,,49011,DO NOT MAKE 25 Count Variety Pack (CM/CH/PDC),Bundle,inferred,,yes,1.0,60,2.817,2.817,21.3,0.355,21.3,
2025-02-04,2025-02,Maisa 1,,40061A,ORG 25 CT Hazelnut AMZN - GA,Tea,inferred,,yes,3.0,1392,7.117,21.35,195.6,3.26,65.2,
2025-02-04,2025-02,Maisa 1,,40063,ORG Hazelnut 25CT Tea Bag 3PK - GA,Tea,inferred,,yes,3.0,120,2.017,6.05,59.5,0.992,19.8,
2025-02-04,2025-02,Maisa 1,,Clean,Standard Clean,Tea,inferred,,,3.0,0,0.483,1.45,,,,
2025-02-04,2025-02,Maisa 1,,Clean,Standard Clean,Tea,inferred,,,3.0,0,0.333,1.0,,,,
2025-02-04,2025-02,Maisa 1,,TB110,ORG French Roast Tea Bag Loose - G,Tea bag (intermediate),item-code,,yes,3.0,500,0.1,0.3,5000.0,83.333,1666.7,
2025-02-04,2025-02,Maisa 2+3,,45020,ORG Chaga Ashwagandha 10 Ct Tea Bag/6 Count Case,Tea,inferred,,yes,3.0,3738,10.0,30.0,373.8,6.23,124.6,
2025-02-04,2025-02,Maisa 2+3,,Clean,Standard Clean,Tea,inferred,,,2.0,0,0.75,1.5,,,,
2025-02-04,2025-02,Maisa 2+3,,CleanG,Clean + Gluten Test,Tea,inferred,,,5.0,0,0.5,2.5,,,,
2025-02-04,2025-02,Maisa 2+3,,TB130,ORG Maca Chocolate Tea Bag - G,Tea bag (intermediate),item-code,,yes,2.0,12500,3.0,6.0,4166.7,69.444,2083.3,
2025-02-04,2025-02,Maisa 2+3,,TB332,ORG Dandelion Red Chai Tea Bag,Tea bag (intermediate),item-code,,yes,2.0,9000,1.917,3.833,4695.7,78.261,2347.8,
2025-02-04,2025-02,Maisa 2+3,,TB505,ORG Turkey Tail Astragalus Loose Tea Bag - G,Tea bag (intermediate),item-code,,yes,2.0,16500,3.617,7.233,4562.2,76.037,2281.1,
2025-02-04,2025-02,WeighRight,,10051,ORG Roasted Chicory Root - 1 Lb Bag,Bag/Other,inferred,,yes,3.0,3204,9.883,29.65,324.2,5.403,108.1,
2025-02-05,2025-02,AMS,handpack,10009A,AMZN ORG Chia 2 X 1 Lb Bag,Bag/Other,inferred,,yes,1.0,40,1.833,1.833,21.8,0.364,21.8,
2025-02-05,2025-02,AMS,handpack,10201A,DO NOT MAKE AMZN - WWB - ORG Peppermint Leaf - 4 Oz Bag,Bag/Other,inferred,,yes,1.0,150,5.133,5.133,29.2,0.487,29.2,
2025-02-05,2025-02,AMS,handpack,10201A,DO NOT MAKE AMZN - WWB - ORG Peppermint Leaf - 4 Oz Bag,Bag/Other,inferred,,yes,1.0,300,4.833,4.833,62.1,1.034,62.1,
2025-02-05,2025-02,Assembly,,40001L,Herbal Tea Sampler Box - Loose,Sampler,governed,high,yes,2.0,1040,10.083,20.167,103.1,1.719,51.6,
2025-02-05,2025-02,Maisa 1,,40010F,Vanilla Nut Dual Language 10 cnt TB - GA,Tea,inferred,,yes,3.0,480,1.117,3.35,429.9,7.164,143.3,
2025-02-05,2025-02,Maisa 1,,40011A,ORG 25 CT Vanilla Nut AMZN - GA,Tea,inferred,,yes,3.0,288,1.633,4.9,176.3,2.939,58.8,
2025-02-05,2025-02,Maisa 1,,40011F,ORG Vanilla Nut DL 25CT Tea Bag AMZN (24pk) - GA,Tea,inferred,,yes,3.0,240,1.433,4.3,167.4,2.791,55.8,
2025-02-05,2025-02,Maisa 1,,40013,ORG Vanila Nut 25CT Tea Bag 3PK - GA,Tea,inferred,,yes,3.0,120,1.767,5.3,67.9,1.132,22.6,
2025-02-05,2025-02,Maisa 1,,40014,DO NOT MAKE ORG Vanila Nut 10CT Tea Bag 4PK  - GA,Tea,inferred,,yes,3.0,128,1.0,3.0,128.0,2.133,42.7,
2025-02-05,2025-02,Maisa 1,,43321,Dandelion Red Chai 25 Count Tea Bag,Tea,governed,high,yes,3.0,288,1.517,4.55,189.9,3.165,63.3,
2025-02-05,2025-02,Maisa 1,,43321A,DO NOT MAKE Dandelion Red Chai 25 Count Tea Bag,Tea,inferred,,yes,3.0,72,0.617,1.85,116.8,1.946,38.9,
2025-02-05,2025-02,Maisa 1,,CleanGA,Clean + Gluten + Almond Tests,Tea,inferred,,,3.0,0,0.917,2.75,,,,
2025-02-05,2025-02,Maisa 2+3,,45020,ORG Chaga Ashwagandha 10 Ct Tea Bag/6 Count Case,Tea,inferred,,yes,3.0,4140,9.983,29.95,414.7,6.912,138.2,
2025-02-05,2025-02,Maisa 2+3,,Clean,Standard Clean,Tea,inferred,,,2.0,0,0.867,1.733,,,,
2025-02-05,2025-02,Maisa 2+3,,Clean,Standard Clean,Tea,inferred,,,5.0,0,0.783,3.917,,,,
2025-02-05,2025-02,Maisa 2+3,,TB332,ORG Dandelion Red Chai Tea Bag,Tea bag (intermediate),item-code,,yes,2.0,9000,2.3,4.6,3913.0,65.217,1956.5,
2025-02-05,2025-02,Maisa 2+3,,TB334,ORG Dandelion Coconut Tea Bag - A,Tea bag (intermediate),item-code,,yes,2.0,18000,3.883,7.767,4635.2,77.253,2317.6,
2025-02-05,2025-02,WeighRight,,10051,ORG Roasted Chicory Root - 1 Lb Bag,Bag/Other,inferred,,yes,3.0,1440,4.083,12.25,352.7,5.878,117.6,
2025-02-05,2025-02,WeighRight,,10051,ORG Roasted Chicory Root - 1 Lb Bag,Bag/Other,inferred,,yes,3.0,720,2.033,6.1,354.1,5.902,118.0,
2025-02-05,2025-02,WeighRight,,55020,Chaga Ashwagandha 30g Trial Size Packet,Bag/Other,inferred,,yes,3.0,1080,2.083,6.25,518.4,8.64,172.8,
2025-02-05,2025-02,WeighRight,,Clean,Standard Clean,Bag/Other,inferred,,,3.0,0,0.517,1.55,,,,
2025-02-05,2025-02,WeighRight,,Clean,Standard Clean,Bag/Other,inferred,,,3.0,0,1.25,3.75,,,,
2025-02-06,2025-02,AMS,handpack,10009A,AMZN ORG Chia 2 X 1 Lb Bag,Bag/Other,inferred,,yes,1.0,80,10.167,10.167,7.9,0.131,7.9,
2025-02-06,2025-02,Assembly,,40001L,Herbal Tea Sampler Box - Loose,Sampler,governed,high,yes,3.0,1624,7.083,21.25,229.3,3.821,76.4,
2025-02-06,2025-02,Assembly,,40066,Hazelnut Tagless Tea Bag - 50 Ct - GA,Tea,governed,high,yes,1.0,240,8.817,8.817,27.2,0.454,27.2,
2025-02-06,2025-02,Assembly,,45001L,Mushroom Adapt Tea Bag Sampler Box,Sampler,governed,high,yes,4.0,855,2.833,11.333,301.8,5.029,75.4,
2025-02-06,2025-02,Maisa 1,,40121,DO NOT MAKE ORG Maya Chai 25CT Tea Bag - G,Tea,governed,high,yes,3.0,384,2.1,6.3,182.9,3.048,61.0,
2025-02-06,2025-02,Maisa 1,,43321A,DO NOT MAKE Dandelion Red Chai 25 Count Tea Bag,Tea,inferred,,yes,3.0,360,1.9,5.7,189.5,3.158,63.2,
2025-02-06,2025-02,Maisa 1,,46031A,AMZN ORG Mango Lemon Balm 25 Ct Tea Bag - X002LGV6MX - G,Tea,inferred,,yes,3.0,120,0.617,1.85,194.6,3.243,64.9,
2025-02-06,2025-02,Maisa 1,,48002,WWB ORG Roasted Barley 25ct Tea Bag - G,Tea,inferred,,yes,3.0,288,2.0,6.0,144.0,2.4,48.0,
2025-02-06,2025-02,Maisa 1,,Clean,Standard Clean,Tea,inferred,,,3.0,0,0.85,2.55,,,,
2025-02-06,2025-02,Maisa 1,,Clean,Standard Clean,Tea,inferred,,,3.0,0,0.6,1.8,,,,
2025-02-06,2025-02,Maisa 1,,Clean,Standard Clean,Tea,inferred,,,3.0,0,0.933,2.8,,,,
2025-02-06,2025-02,Maisa 1,,TB603,ORG Mango Lemon Balm Loose Tea Bag - G,Tea bag (intermediate),item-code,,yes,3.0,5000,1.033,3.1,4838.7,80.645,1612.9,
2025-02-06,2025-02,Maisa 2+3,,45020,ORG Chaga Ashwagandha 10 Ct Tea Bag/6 Count Case,Tea,inferred,,yes,3.0,336,2.4,7.2,140.0,2.333,46.7,
2025-02-06,2025-02,Maisa 2+3,,45020F,Chaga Ashwagandha Dual Language 10 cnt TB,Tea,inferred,,yes,3.0,2760,6.333,19.0,435.8,7.263,145.3,
2025-02-06,2025-02,Maisa 2+3,,45020L,ORG Chaga Ashwagandha 10-Ct Tea Bag,Tea,governed,high,yes,3.0,504,1.4,4.2,360.0,6.0,120.0,
2025-02-06,2025-02,Maisa 2+3,,Clean,Standard Clean,Tea,inferred,,,3.0,0,0.167,0.5,,,,
2025-02-06,2025-02,WeighRight,,10031,Roasted Chicory Root - 1 Lb Bag,Bag/Other,inferred,,yes,3.0,324,1.1,3.3,294.5,4.909,98.2,
2025-02-06,2025-02,WeighRight,,10039A,AMZN Roasted French Chicory 2 X 1 Lb Bag,Bag/Other,inferred,,yes,3.0,432,2.583,7.75,167.2,2.787,55.7,
2025-02-06,2025-02,WeighRight,,10051,ORG Roasted Chicory Root - 1 Lb Bag,Bag/Other,inferred,,yes,3.0,720,1.867,5.6,385.7,6.429,128.6,
2025-02-06,2025-02,WeighRight,,80110A,AMZN Org French Roast 11OZ Bag/Box of 24 - G,Bag/Other,inferred,,yes,3.0,552,1.333,4.0,414.0,6.9,138.0,
2025-02-06,2025-02,WeighRight,,83320A,AMZN Org Dandelion Red Chai 10OZ Bag/Box of 24,Bag/Other,inferred,,yes,3.0,120,0.317,0.95,378.9,6.316,126.3,
2025-02-06,2025-02,WeighRight,,83320L,ORG Dandelion Red Chai 10 Oz Bag/Box of 24,APG,governed,high,yes,3.0,200,0.7,2.1,285.7,4.762,95.2,
2025-02-06,2025-02,WeighRight,,Clean,Standard Clean,Bag/Other,inferred,,,3.0,0,0.667,2.0,,,,
2025-02-06,2025-02,WeighRight,,Clean,Standard Clean,Bag/Other,inferred,,,3.0,0,0.717,2.15,,,,
2025-02-06,2025-02,WeighRight,,Clean,Standard Clean,Bag/Other,inferred,,,3.0,0,0.633,1.9,,,,
2025-02-10,2025-02,AMS,handpack,10015,"ORG Schisandra, 1 lb Bag",Bag/Other,inferred,,yes,1.0,240,10.167,10.167,23.6,0.393,23.6,
2025-02-10,2025-02,Assembly,,45001L,Mushroom Adapt Tea Bag Sampler Box,Sampler,governed,high,yes,2.0,153,1.917,3.833,79.8,1.33,39.9,
2025-02-10,2025-02,Assembly,,80123,DO NOT MAKE ORG Maya Chai 11OZ Bag 3PK - G,Bag/Other,inferred,,yes,1.0,96,1.583,1.583,60.6,1.011,60.6,
2025-02-10,2025-02,Assembly,,82020A,AMZN Org Caramel Nut 11OZ Bag/Box of 24 - GA,Bag/Other,inferred,,yes,1.0,120,0.383,0.383,313.0,5.217,313.0,
2025-02-10,2025-02,Maisa 1,,43110,ORG Dandelion Dark Roast 10ct/6pk Tea Bag,Tea,inferred,,yes,3.0,66,0.383,1.15,172.2,2.87,57.4,
2025-02-10,2025-02,Maisa 1,,43110A,AMZN Org Dandelion Dark Roast 10 Ct Tea Bag Loose,Tea,inferred,,yes,3.0,432,2.55,7.65,169.4,2.824,56.5,
2025-02-10,2025-02,Maisa 1,,43110F,Dandelion Dark Roast Dual Language 10ct/6pk Tea Bag,Tea,inferred,,yes,3.0,372,1.117,3.35,333.1,5.552,111.0,
2025-02-10,2025-02,Maisa 1,,43111F,ORG Dandelion Dark Roast DL 25CT Tea Bag AMZN (24pk),Tea,inferred,,yes,3.0,384,2.617,7.85,146.8,2.446,48.9,
2025-02-10,2025-02,Maisa 1,,48002,WWB ORG Roasted Barley 25ct Tea Bag - G,Tea,inferred,,yes,3.0,115,0.7,2.1,164.3,2.738,54.8,
2025-02-10,2025-02,Maisa 1,,Clean,Standard Clean,Tea,inferred,,,3.0,0,0.6,1.8,,,,
2025-02-10,2025-02,Maisa 1,,Clean,Standard Clean,Tea,inferred,,,3.0,0,0.417,1.25,,,,
2025-02-10,2025-02,Maisa 1,,TB337,ORG Blueberry Vanilla Tea Bag,Tea bag (intermediate),item-code,,yes,3.0,3560,1.533,4.6,2321.7,38.696,773.9,
2025-02-10,2025-02,Maisa 2+3,,43220,ORG Dandelion Caramel Nut 10ct/6pk Tea Bag - A,Tea,inferred,,yes,5.0,7482,6.7,33.5,1116.7,18.612,223.3,
2025-02-10,2025-02,Maisa 2+3,,43220F,Dandelion Caramel Nut Dual Language 10 cnt TB - A,Tea,inferred,,yes,5.0,1380,1.583,7.917,871.6,14.526,174.3,
2025-02-10,2025-02,Maisa 2+3,,43220L,Org Dandelion Caramel Nut 10 Ct Tea Bag Loose - A,Tea,governed,high,yes,5.0,1188,1.533,7.667,774.8,12.913,155.0,
2025-02-10,2025-02,WeighRight,,20111,ORG French Roast 300G Dual Language Bag - 6Ct Case - G,Bag/Other,inferred,,yes,3.0,1248,2.883,8.65,432.8,7.214,144.3,
2025-02-10,2025-02,WeighRight,,80110A,AMZN Org French Roast 11OZ Bag/Box of 24 - G,Bag/Other,inferred,,yes,3.0,1248,2.717,8.15,459.4,7.656,153.1,
2025-02-10,2025-02,WeighRight,,80116A,French Roast 500g APG Bag - G,APG,inferred,,yes,3.0,708,2.317,6.95,305.6,5.094,101.9,
2025-02-10,2025-02,WeighRight,,86020,ORG Macadamia Nut 10 Oz Bag/6 Count Case - GA,Bag/Other,inferred,,yes,3.0,4320,0.667,2.0,6480.0,108.0,2160.0,
2025-02-10,2025-02,WeighRight,,86020L,ORG Macadamia Nut 10 Oz Bag/Box of 24 - GA,APG,governed,high,yes,3.0,168,0.45,1.35,373.3,6.222,124.4,
2025-02-10,2025-02,WeighRight,,Clean,Standard Clean,Bag/Other,inferred,,,3.0,0,1.133,3.4,,,,
2025-02-11,2025-02,Assembly,,45001,Mushroom Adaptogen TB Sampler Box - 6 Count Case - G,Sampler,inferred,,yes,1.0,23,0.833,0.833,27.6,0.46,27.6,
2025-02-11,2025-02,Assembly,,TGB337,ORG Blueberry Vanilla Tea Bag Goody Bag,Tea,inferred,,yes,1.0,500,1.583,1.583,315.8,5.263,315.8,
2025-02-11,2025-02,Maisa 1,,43110,ORG Dandelion Dark Roast 10ct/6pk Tea Bag,Tea,inferred,,yes,3.0,1182,4.533,13.6,260.7,4.346,86.9,
2025-02-11,2025-02,Maisa 1,,43340,ORG Dandelion Coconut 10CT Tea Bag - A,Tea,inferred,,yes,3.0,732,4.367,13.1,167.6,2.794,55.9,
2025-02-11,2025-02,Maisa 1,,Clean,Standard Clean,Tea,inferred,,,3.0,0,1.183,3.55,,,,
2025-02-11,2025-02,Maisa 2+3,,43220,ORG Dandelion Caramel Nut 10ct/6pk Tea Bag - A,Tea,inferred,,yes,5.0,5718,8.167,40.833,700.2,11.669,140.0,
2025-02-11,2025-02,Maisa 2+3,,43221,ORG Dandelion Caramel Nut 25CT Tea Bag - A,Tea,governed,high,yes,5.0,336,1.217,6.083,276.2,4.603,55.2,
2025-02-11,2025-02,Maisa 2+3,,43221F,ORG Dandelion Caramel Nut DL 25CT Tea Bag AMZN (24pk) - A,Tea,inferred,,yes,5.0,192,0.7,3.5,274.3,4.571,54.9,
2025-02-11,2025-02,WeighRight,,50030,Almond Amaretto 30g Trial Size Packet - GA,Bag/Other,inferred,,yes,3.0,1080,2.217,6.65,487.2,8.12,162.4,
2025-02-11,2025-02,WeighRight,,60030,ORG Almond Amaretto 5 Lb Bag - GA,Bag/Other,inferred,,yes,3.0,22,0.45,1.35,48.9,0.815,16.3,
2025-02-11,2025-02,WeighRight,,80020L,ORG Chocolate Mint 11OZ Bag/Box of 24 - GA,Bag/Other,inferred,,yes,3.0,816,1.7,5.1,480.0,8.0,160.0,
2025-02-11,2025-02,WeighRight,,80030,ORG Almond Amaretto 11OZ Bag/6 Count Case - GA,Bag/Other,inferred,,yes,3.0,720,1.8,5.4,400.0,6.667,133.3,
2025-02-11,2025-02,WeighRight,,80033,ORG Almond Amaretto 11OZ Bag 3PK - GA,Bag/Other,inferred,,yes,3.0,128,1.2,3.6,106.7,1.778,35.6,
2025-02-11,2025-02,WeighRight,,83370A,AMZN  ORG Blueberry Vanilla 10 Oz Bag,Bag/Other,inferred,,yes,3.0,32,0.45,1.35,71.1,1.185,23.7,
2025-02-11,2025-02,WeighRight,,83370L,ORG Blueberry Vanilla 10 Oz Bag/Box of 24,Bag/Other,inferred,,yes,3.0,400,1.017,3.05,393.4,6.557,131.1,
2025-02-11,2025-02,WeighRight,,86020L,ORG Macadamia Nut 10 Oz Bag/Box of 24 - GA,APG,governed,high,yes,3.0,264,0.8,2.4,330.0,5.5,110.0,
2025-02-11,2025-02,WeighRight,,Clean,Standard Clean,Bag/Other,inferred,,,3.0,0,0.517,1.55,,,,
2025-02-11,2025-02,WeighRight,,Clean,Standard Clean,Bag/Other,inferred,,,3.0,0,0.633,1.9,,,,
2025-02-11,2025-02,WeighRight,,Clean,Standard Clean,Bag/Other,inferred,,,3.0,0,0.367,1.1,,,,
2025-02-12,2025-02,AMS,handpack,10101A,AMZN - WWB - ORG Medium Roasted Carob Flour - 1 Lb Bag,Bag/Other,inferred,,yes,2.0,219,7.667,15.333,28.6,0.476,14.3,
2025-02-12,2025-02,Maisa 1,,40021,ORG Chocolate Mint 25CT Tea Bag - GA,Tea,governed,high,yes,3.0,192,1.167,3.5,164.6,2.743,54.9,
2025-02-12,2025-02,Maisa 1,,40021A,AMZN ORG Chocolate Mint 25-Ct Tea Bag - GA,Tea,inferred,,yes,3.0,432,2.4,7.2,180.0,3.0,60.0,
2025-02-12,2025-02,Maisa 1,,40033,DO NOT MAKE - ORG Almond Amaretto 25CT Tea Bag 3PK - GA,Tea,inferred,,yes,3.0,60,1.25,3.75,48.0,0.8,16.0,
2025-02-12,2025-02,Maisa 1,,43340,ORG Dandelion Coconut 10CT Tea Bag - A,Tea,inferred,,yes,3.0,3408,4.117,12.35,827.9,13.798,276.0,
2025-02-12,2025-02,Maisa 1,,Clean,Standard Clean,Tea,inferred,,,3.0,0,0.517,1.55,,,,
2025-02-12,2025-02,Maisa 1,,Clean,Standard Clean,Tea,inferred,,,3.0,0,0.433,1.3,,,,
2025-02-12,2025-02,Maisa 1,,TB030,ORG Almond Amaretto Tea Bag - GA,Tea bag (intermediate),item-code,,yes,3.0,310,0.083,0.25,3720.0,62.0,1240.0,
2025-02-12,2025-02,Maisa 2+3,,42041,Snickerdoodle 25CT Tea Bag - GA,Tea,governed,high,yes,5.0,168,0.5,2.5,336.0,5.6,67.2,
2025-02-12,2025-02,Maisa 2+3,,43221,ORG Dandelion Caramel Nut 25CT Tea Bag - A,Tea,governed,high,yes,5.0,1056,2.783,13.917,379.4,6.323,75.9,
2025-02-12,2025-02,Maisa 2+3,,43223,ORG Dandelion Caramel Nut 25CT Tea Bag 3PK - A,Tea,inferred,,yes,5.0,180,1.767,8.833,101.9,1.698,20.4,
2025-02-12,2025-02,Maisa 2+3,,45050L,ORG Turkey Tail Astragalus 10-Ct Tea Bag - G,Tea,governed,high,yes,3.0,576,1.283,3.85,448.8,7.481,149.6,
2025-02-12,2025-02,Maisa 2+3,,45051,ORG Turkey Tail Astragalus 25 Ct Tea Bag - G,Tea,governed,high,yes,3.0,72,0.433,1.3,166.2,2.769,55.4,
2025-02-12,2025-02,Maisa 2+3,,Clean,Standard Clean,Tea,inferred,,,3.0,0,0.467,1.4,,,,
2025-02-12,2025-02,Maisa 2+3,,CleanA,Clean + Almond Test,Tea,inferred,,,5.0,0,0.417,2.083,,,,
2025-02-12,2025-02,Maisa 2+3,,NTB3220,Dandelion Caramel Nut Tagless 6g Tea Bag - A,Tea bag (intermediate),item-code,,yes,2.0,19200,2.2,4.4,8727.3,145.455,4363.6,
2025-02-12,2025-02,Maisa 2+3,,TB204,ORG Snickerdoodle Tea Bag - GA,Tea bag (intermediate),item-code,,yes,2.0,8000,1.6,3.2,5000.0,83.333,2500.0,
2025-02-12,2025-02,WeighRight,,56030,Mango Lemon Balm 30g Trial Size Packet - G,APG,governed,high,yes,3.0,302,0.8,2.4,377.5,6.292,125.8,
2025-02-12,2025-02,WeighRight,,63080,ORG Dandelion Mocha 5 Lb Bag - A,Bag/Other,inferred,,yes,3.0,32,0.267,0.8,120.0,2.0,40.0,
2025-02-12,2025-02,WeighRight,,83080L,ORG Dandelion Mocha 10 Oz Bag/Box of 24 - A,Bag/Other,inferred,,yes,3.0,576,1.733,5.2,332.3,5.538,110.8,
2025-02-12,2025-02,WeighRight,,83220,ORG Dandelion Caramel Nut 10 Oz Bag/6 Count Case - A,Bag/Other,inferred,,yes,3.0,180,0.6,1.8,300.0,5.0,100.0,
2025-02-12,2025-02,WeighRight,,83340A,AMZN Org Dandelion Coconut 10OZ Bag/Box of 24 - A,Bag/Other,inferred,,yes,3.0,288,0.783,2.35,367.7,6.128,122.6,
2025-02-12,2025-02,WeighRight,,83340L,ORG Dandelion Coconut 10 Oz Bag/Box of 24 - A,APG,governed,high,yes,3.0,383,0.9,2.7,425.6,7.093,141.9,
2025-02-12,2025-02,WeighRight,,83370L,ORG Blueberry Vanilla 10 Oz Bag/Box of 24,Bag/Other,inferred,,yes,3.0,282,0.667,2.0,423.0,7.05,141.0,
2025-02-12,2025-02,WeighRight,,86030L,ORG Mango Lemon Balm 10 Oz Bag/Box of 24 - G,APG,governed,high,yes,3.0,192,0.467,1.4,411.4,6.857,137.1,
2025-02-12,2025-02,WeighRight,,Clean,Standard Clean,Bag/Other,inferred,,,3.0,0,0.667,2.0,,,,
2025-02-12,2025-02,WeighRight,,Clean,Standard Clean,Bag/Other,inferred,,,3.0,0,0.733,2.2,,,,
2025-02-12,2025-02,WeighRight,,Clean,Standard Clean,Bag/Other,inferred,,,3.0,0,0.733,2.2,,,,
2025-02-12,2025-02,WeighRight,,Clean,Standard Clean,Bag/Other,inferred,,,3.0,0,0.483,1.45,,,,
2025-02-13,2025-02,AMS,handpack,10101A,AMZN - WWB - ORG Medium Roasted Carob Flour - 1 Lb Bag,Bag/Other,inferred,,yes,3.0,441,9.8,29.4,45.0,0.75,15.0,
2025-02-13,2025-02,Maisa 1,,40010,ORG Vanilla Nut 10ct/6pk Tea Bag - GA,Tea,inferred,,yes,3.0,648,1.583,4.75,409.3,6.821,136.4,
2025-02-13,2025-02,Maisa 1,,40021,ORG Chocolate Mint 25CT Tea Bag - GA,Tea,governed,high,yes,3.0,116,0.667,2.0,174.0,2.9,58.0,
2025-02-13,2025-02,Maisa 1,,40081,ORG Mocha 25CT Tea Bag - GA,Tea,governed,high,yes,3.0,240,1.933,5.8,124.1,2.069,41.4,
2025-02-13,2025-02,Maisa 1,,40081F,ORG Mocha DL 25CT Tea Bag AMZN (24pk) - GA,Tea,inferred,,yes,3.0,192,1.133,3.4,169.4,2.824,56.5,
2025-02-13,2025-02,Maisa 1,,42061,ORG Maple Pecan 25CT Tea Bag - GA,Tea,governed,high,yes,3.0,312,1.65,4.95,189.1,3.152,63.0,
2025-02-13,2025-02,Maisa 1,,Clean,Standard Clean,Tea,inferred,,,3.0,0,0.567,1.7,,,,
2025-02-13,2025-02,Maisa 1,,Clean,Standard Clean,Tea,inferred,,,3.0,0,0.75,2.25,,,,
2025-02-13,2025-02,Maisa 1,,Clean,Standard Clean,Tea,inferred,,,3.0,0,0.5,1.5,,,,
2025-02-13,2025-02,Maisa 1,,TB080,ORG Mocha Tea Bag - GA,Tea bag (intermediate),item-code,,yes,3.0,1500,0.533,1.6,2812.5,46.875,937.5,
2025-02-13,2025-02,Maisa 1,,TB206,ORG Maple Pecan Tea Bag - GA,Tea bag (intermediate),item-code,,yes,3.0,2360,0.6,1.8,3933.3,65.556,1311.1,
2025-02-13,2025-02,Maisa 2+3,,40130,ORG Maca Chocolate 10ct/6pk Tea Bag - G,Tea,inferred,,yes,5.0,4140,4.467,22.333,926.9,15.448,185.4,
2025-02-13,2025-02,Maisa 2+3,,40130L,Org Maca Chocolate 10 Ct Tea Bag Loose - G,Tea,governed,high,yes,5.0,900,1.017,5.083,885.2,14.754,177.0,
2025-02-13,2025-02,Maisa 2+3,,40132,ORG Maca Chocolate 25CT Tea Bag - G,Tea,governed,high,yes,5.0,518,1.45,7.25,357.2,5.954,71.4,
2025-02-13,2025-02,Maisa 2+3,,42040,ORG Snickerdoodle 10ct/6pk Tea Bag - GA,Tea,inferred,,yes,5.0,1380,1.517,7.583,909.9,15.165,182.0,
2025-02-13,2025-02,Maisa 2+3,,42040L,ORG Snickerdoodle 10ct Loose - GA,Tea,governed,high,yes,5.0,877,1.383,6.917,634.0,10.566,126.8,
2025-02-13,2025-02,Maisa 2+3,,Clean,Standard Clean,Tea,inferred,,,5.0,0,0.05,0.25,,,,
2025-02-13,2025-02,Maisa 2+3,,CleanA,Clean + Almond Test,Tea,inferred,,,5.0,0,0.5,2.5,,,,
2025-02-13,2025-02,Maisa 2+3,,CleanG,Clean + Gluten Test,Tea,inferred,,,5.0,0,0.45,2.25,,,,
2025-02-13,2025-02,WeighRight,,60130,ORG MACA Chocolate 5 Lb Bag - G,Bag/Other,inferred,,yes,3.0,40,0.667,2.0,60.0,1.0,20.0,
2025-02-13,2025-02,WeighRight,,80060,ORG Hazelnut 11OZ Bag/6 Count Case - GA,Bag/Other,inferred,,yes,3.0,150,0.417,1.25,360.0,6.0,120.0,
2025-02-13,2025-02,WeighRight,,80130,ORG MACA Chocolate 11OZ Bag/6 Count Case - G,Bag/Other,inferred,,yes,3.0,432,1.25,3.75,345.6,5.76,115.2,
2025-02-13,2025-02,WeighRight,,80130A,AMZN Org Maca Chocolate 11OZ Bag/Box of 24 - G,Bag/Other,inferred,,yes,3.0,264,0.583,1.75,452.6,7.543,150.9,
2025-02-13,2025-02,WeighRight,,80130L,Org Maca Chocoate 11oz Bag/Box of 24 - G,Bag/Other,inferred,,yes,3.0,456,0.917,2.75,497.5,8.291,165.8,
2025-02-13,2025-02,WeighRight,,82130A,AMZN Org Mexican Chocolate 11OZ Bag/Box of 24 - G,Bag/Other,inferred,,yes,3.0,96,0.233,0.7,411.4,6.857,137.1,
2025-02-13,2025-02,WeighRight,,82130L,ORG Mexican Chocolate 11OZ Bag/Box of 24 - G,APG,governed,high,yes,3.0,360,0.85,2.55,423.5,7.059,141.2,
2025-02-13,2025-02,WeighRight,,83220,ORG Dandelion Caramel Nut 10 Oz Bag/6 Count Case - A,Bag/Other,inferred,,yes,3.0,180,0.533,1.6,337.5,5.625,112.5,
2025-02-13,2025-02,WeighRight,,83223,DO NOT MAKE ORG Dandelion Caramel Nut 10OZ Bag 3PK - A,Bag/Other,inferred,,yes,3.0,96,0.8,2.4,120.0,2.0,40.0,
2025-02-13,2025-02,WeighRight,,83226A,Dandelion Caramel Nut 500g APG Bag - A,APG,inferred,,yes,3.0,264,1.267,3.8,208.4,3.474,69.5,
2025-02-13,2025-02,WeighRight,,Clean,Standard Clean,Bag/Other,inferred,,,3.0,0,0.667,2.0,,,,
2025-02-13,2025-02,WeighRight,,Clean,Standard Clean,Bag/Other,inferred,,,3.0,0,0.75,2.25,,,,
2025-02-13,2025-02,WeighRight,,CleanG,Clean + Gluten Test,Bag/Other,inferred,,,3.0,0,0.417,1.25,,,,
2025-02-18,2025-02,AMS,handpack,10001A,Sage 2 Oz Bags AMZN,Bag/Other,inferred,,yes,1.0,140,6.5,6.5,21.5,0.359,21.5,
2025-02-18,2025-02,AMS,handpack,10061A,AMZN - WWB - ORG Date Sugar - 1 Lb,Bag/Other,inferred,,yes,1.0,217,10.167,10.167,21.3,0.356,21.3,
2025-02-18,2025-02,AMS,handpack,10061A,AMZN - WWB - ORG Date Sugar - 1 Lb,Bag/Other,inferred,,yes,1.0,189,3.5,3.5,54.0,0.9,54.0,
2025-02-18,2025-02,AMS,handpack,10101A,AMZN - WWB - ORG Medium Roasted Carob Flour - 1 Lb Bag,Bag/Other,inferred,,yes,1.0,120,4.383,4.383,27.4,0.456,27.4,
2025-02-18,2025-02,AMS,handpack,10101A,AMZN - WWB - ORG Medium Roasted Carob Flour - 1 Lb Bag,Bag/Other,inferred,,yes,1.0,108,4.517,4.517,23.9,0.399,23.9,
2025-02-18,2025-02,Assembly,,42099,Teeccino Herbal Tea Holiday Display,Bag/Other,inferred,,yes,1.0,1,0.467,0.467,2.1,0.036,2.1,
2025-02-18,2025-02,Assembly,,45001,Mushroom Adaptogen TB Sampler Box - 6 Count Case - G,Sampler,inferred,,yes,2.0,150,10.167,20.333,14.8,0.246,7.4,
2025-02-18,2025-02,Assembly,,45023,ORG Chaga Ashwagandha 25CT Tea Bag 3PK,Tea,inferred,,yes,1.0,60,1.417,1.417,42.4,0.706,42.4,
2025-02-18,2025-02,Assembly,,45031,ORG Lion's Mane Rhodiola 25 Ct Tea Bag - G,Tea,inferred,,yes,1.0,120,5.15,5.15,23.3,0.388,23.3,
2025-02-18,2025-02,Assembly,,49011,DO NOT MAKE 25 Count Variety Pack (CM/CH/PDC),Bundle,inferred,,yes,1.0,12,12.583,12.583,1.0,0.016,1.0,
2025-02-18,2025-02,Assembly,,49999,Teeccino Herbal Tea Shipper,Bag/Other,inferred,,yes,1.0,3,1.3,1.3,2.3,0.038,2.3,
2025-02-18,2025-02,Assembly,,TGB502,Chaga Ashwaganda Tea Goody Bag,Bag/Other,inferred,,yes,1.0,250,0.417,0.417,600.0,10.0,600.0,
2025-02-18,2025-02,Assembly,,TGB503,Lion's Mane Rhodiola Tea Goody Bag - G,Bag/Other,inferred,,yes,1.0,250,0.567,0.567,441.2,7.353,441.2,
2025-02-18,2025-02,Assembly,,TGB601,ORG Dark Chocolate Tea Bag Goody Bag,Tea,inferred,,yes,1.0,250,0.45,0.45,555.6,9.259,555.6,
2025-02-18,2025-02,Maisa 1,,40010,ORG Vanilla Nut 10ct/6pk Tea Bag - GA,Tea,inferred,,yes,3.0,3984,8.683,26.05,458.8,7.647,152.9,
2025-02-18,2025-02,Maisa 1,,40121,DO NOT MAKE ORG Maya Chai 25CT Tea Bag - G,Tea,governed,high,yes,3.0,72,0.5,1.5,144.0,2.4,48.0,
2025-02-18,2025-02,Maisa 1,,CleanA,Clean + Almond Test,Tea,inferred,,,3.0,0,0.85,2.55,,,,
2025-02-18,2025-02,Maisa 2+3,,45033,DO NOT MAKE ORG Lion's Mane Rhodiola 25CT Tea Bag 3PK - G,Tea,inferred,,yes,5.0,2,0.083,0.417,24.0,0.4,4.8,
2025-02-18,2025-02,Maisa 2+3,,46010,ORG Dark Chocolate 10 Ct Tea Bag/6 Count Case,Tea,inferred,,yes,5.0,6900,7.333,36.667,940.9,15.682,188.2,
2025-02-18,2025-02,Maisa 2+3,,46010L,ORG Dark Chocolate 10 Ct Tea Bag/36 Count Box,Tea,governed,high,yes,5.0,1008,0.983,4.917,1025.1,17.085,205.0,
2025-02-18,2025-02,Maisa 2+3,,46013,ORG Dark Chocolate 25CT Tea Bag 3PK,Tea,inferred,,yes,5.0,120,1.133,5.667,105.9,1.765,21.2,
2025-02-18,2025-02,Maisa 2+3,,Clean,Standard Clean,Tea,inferred,,,5.0,0,0.55,2.75,,,,
2025-02-18,2025-02,WeighRight,,55020,Chaga Ashwagandha 30g Trial Size Packet,Bag/Other,inferred,,yes,3.0,1080,1.95,5.85,553.8,9.231,184.6,
2025-02-18,2025-02,WeighRight,,80060,ORG Hazelnut 11OZ Bag/6 Count Case - GA,Bag/Other,inferred,,yes,3.0,1242,2.417,7.25,513.9,8.566,171.3,
2025-02-18,2025-02,WeighRight,,80060A,AMZN Org Hazelnut 11OZ Bag/Box of 24 - GA,Bag/Other,inferred,,yes,3.0,60,3.05,9.15,19.7,0.328,6.6,
2025-02-18,2025-02,WeighRight,,80066A,Hazelnut 500g APG Bag - GA,APG,inferred,,yes,3.0,432,1.417,4.25,304.9,5.082,101.6,
2025-02-18,2025-02,WeighRight,,Clean,Standard Clean,Bag/Other,inferred,,,3.0,0,0.7,2.1,,,,
2025-02-18,2025-02,WeighRight,,CleanGA,Clean + Gluten + Almond Tests,Bag/Other,inferred,,,3.0,0,0.55,1.65,,,,
2025-02-19,2025-02,AMS,handpack,10015,"ORG Schisandra, 1 lb Bag",Bag/Other,inferred,,yes,1.0,132,4.95,4.95,26.7,0.444,26.7,
2025-02-19,2025-02,Assembly,,45001,Mushroom Adaptogen TB Sampler Box - 6 Count Case - G,Sampler,inferred,,yes,1.0,57,10.167,10.167,5.6,0.093,5.6,
2025-02-19,2025-02,Assembly,,49011,DO NOT MAKE 25 Count Variety Pack (CM/CH/PDC),Bundle,inferred,,yes,1.0,108,3.55,3.55,30.4,0.507,30.4,
2025-02-19,2025-02,Maisa 1,,40121,DO NOT MAKE ORG Maya Chai 25CT Tea Bag - G,Tea,governed,high,yes,3.0,303,1.767,5.3,171.5,2.858,57.2,
2025-02-19,2025-02,Maisa 1,,40130,ORG Maca Chocolate 10ct/6pk Tea Bag - G,Tea,inferred,,yes,3.0,540,1.083,3.25,498.5,8.308,166.2,
2025-02-19,2025-02,Maisa 1,,47010,75147 TJ ORG Roasted Herbal Cofee (12 Pack) - G,Tea,inferred,,yes,3.0,1980,5.55,16.65,356.8,5.946,118.9,
2025-02-19,2025-02,Maisa 1,,Clean,Standard Clean,Tea,inferred,,,3.0,0,0.917,2.75,,,,
2025-02-19,2025-02,Maisa 1,,CleanG,Clean + Gluten Test,Tea,inferred,,,3.0,0,0.717,2.15,,,,
2025-02-19,2025-02,Maisa 2+3,,45030,ORG Lion's Mane Rhodiola 10 Ct Tea Bag/6 Count Case - G,Tea,inferred,,yes,5.0,2100,3.317,16.583,633.2,10.553,126.6,
2025-02-19,2025-02,Maisa 2+3,,45030F,Lion's Mane Rhodiola Dual Language 10 cnt TB - G,Tea,inferred,,yes,5.0,2760,3.1,15.5,890.3,14.839,178.1,
2025-02-19,2025-02,Maisa 2+3,,45031,ORG Lion's Mane Rhodiola 25 Ct Tea Bag - G,Tea,inferred,,yes,5.0,960,2.6,13.0,369.2,6.154,73.8,
2025-02-19,2025-02,Maisa 2+3,,45033,DO NOT MAKE ORG Lion's Mane Rhodiola 25CT Tea Bag 3PK - G,Tea,inferred,,yes,5.0,198,1.05,5.25,188.6,3.143,37.7,
2025-02-19,2025-02,WeighRight,,60060,ORG Hazelnut 5 Lb Bag - GA,Bag/Other,inferred,,yes,3.0,14,0.25,0.75,56.0,0.933,18.7,
2025-02-19,2025-02,WeighRight,,80060,ORG Hazelnut 11OZ Bag/6 Count Case - GA,Bag/Other,inferred,,yes,3.0,4140,9.167,27.5,451.6,7.527,150.5,
2025-02-19,2025-02,WeighRight,,80060A,AMZN Org Hazelnut 11OZ Bag/Box of 24 - GA,Bag/Other,inferred,,yes,3.0,15,0.65,1.95,23.1,0.385,7.7,
2025-02-20,2025-02,AMS,handpack,10005A,WWB AMZN Organic Chia (1lb),Bag/Other,inferred,,yes,1.0,28,1.75,1.75,16.0,0.267,16.0,
2025-02-20,2025-02,AMS,handpack,10015,"ORG Schisandra, 1 lb Bag",Bag/Other,inferred,,yes,1.0,132,8.017,8.017,16.5,0.274,16.5,
2025-02-20,2025-02,AMS,handpack,10061A,AMZN - WWB - ORG Date Sugar - 1 Lb,Bag/Other,inferred,,yes,1.0,218,9.25,9.25,23.6,0.393,23.6,
2025-02-20,2025-02,Assembly,,40001,Herbal Tea Sampler Box - 6 Count Case,Sampler,inferred,,yes,2.0,59,8.0,16.0,7.4,0.123,3.7,
2025-02-20,2025-02,Maisa 1,,40130,ORG Maca Chocolate 10ct/6pk Tea Bag - G,Tea,inferred,,yes,3.0,3600,8.5,25.5,423.5,7.059,141.2,
2025-02-20,2025-02,Maisa 1,,CleanG,Clean + Gluten Test,Tea,inferred,,,3.0,0,0.5,1.5,,,,
2025-02-20,2025-02,Maisa 1,,TB130,ORG Maca Chocolate Tea Bag - G,Tea bag (intermediate),item-code,,yes,3.0,4000,1.333,4.0,3000.0,50.0,1000.0,
2025-02-20,2025-02,Maisa 2+3,,43110,ORG Dandelion Dark Roast 10ct/6pk Tea Bag,Tea,inferred,,yes,5.0,1380,3.133,15.667,440.4,7.34,88.1,
2025-02-20,2025-02,Maisa 2+3,,45011,ORG Reishi Eleuthero 25 Ct Tea Bag - G,Tea,governed,high,yes,5.0,288,1.4,7.0,205.7,3.429,41.1,
2025-02-20,2025-02,Maisa 2+3,,45030,ORG Lion's Mane Rhodiola 10 Ct Tea Bag/6 Count Case - G,Tea,inferred,,yes,5.0,2040,2.567,12.833,794.8,13.247,159.0,
2025-02-20,2025-02,Maisa 2+3,,45030L,ORG Lion's Mane Rhodiola 10-Ct Tea Bag - G,Tea,inferred,,yes,5.0,1006,2.367,11.833,425.1,7.085,85.0,
2025-02-20,2025-02,Maisa 2+3,,Clean,Standard Clean,Tea,inferred,,,5.0,0,23.9,119.5,,,,
2025-02-20,2025-02,Maisa 2+3,,CleanG,Clean + Gluten Test,Tea,inferred,,,5.0,0,0.733,3.667,,,,
2025-02-20,2025-02,WeighRight,,20081,ORG Mocha 300G Dual Language Bag - 6Ct Case - GA,Bag/Other,inferred,,yes,3.0,1380,2.933,8.8,470.5,7.841,156.8,
2025-02-20,2025-02,WeighRight,,50080,ORG Mocha 30g Trial Size Packet - GA,Bag/Other,inferred,,yes,3.0,1440,3.233,9.7,445.4,7.423,148.5,
2025-02-20,2025-02,WeighRight,,60060,ORG Hazelnut 5 Lb Bag - GA,Bag/Other,inferred,,yes,3.0,46,0.5,1.5,92.0,1.533,30.7,
2025-02-20,2025-02,WeighRight,,60080,ORG Mocha 5 Lb Bag - GA,Bag/Other,inferred,,yes,3.0,60,0.467,1.4,128.6,2.143,42.9,
2025-02-20,2025-02,WeighRight,,80080,ORG Mocha 11OZ Bag/6 Count Case - GA,Bag/Other,inferred,,yes,3.0,486,2.0,6.0,243.0,4.05,81.0,
2025-02-20,2025-02,WeighRight,,Clean,Standard Clean,Bag/Other,inferred,,,3.0,0,0.5,1.5,,,,
2025-02-21,2025-02,AMS,handpack,10005A,WWB AMZN Organic Chia (1lb),Bag/Other,inferred,,yes,2.0,1068,10.167,20.333,105.0,1.751,52.5,
2025-02-21,2025-02,AMS,handpack,10008,"Org Rooibos, 8 Oz Bag",Bag/Other,inferred,,yes,1.0,256,10.167,10.167,25.2,0.42,25.2,
2025-02-21,2025-02,AMS,handpack,10012,"ORG Lemon Grass, 7 Oz Bag",Bag/Other,inferred,,yes,2.0,240,4.833,9.667,49.7,0.828,24.8,
2025-02-21,2025-02,AMS,handpack,10201A,DO NOT MAKE AMZN - WWB - ORG Peppermint Leaf - 4 Oz Bag,Bag/Other,inferred,,yes,2.0,389,5.083,10.167,76.5,1.275,38.3,
2025-02-21,2025-02,Assembly,,40001,Herbal Tea Sampler Box - 6 Count Case,Sampler,inferred,,yes,2.0,286,10.167,20.333,28.1,0.469,14.1,
2025-02-21,2025-02,Assembly,,45001L,Mushroom Adapt Tea Bag Sampler Box,Sampler,governed,high,yes,2.0,500,5.917,11.833,84.5,1.408,42.3,
2025-02-21,2025-02,Maisa 2+3,,43110,ORG Dandelion Dark Roast 10ct/6pk Tea Bag,Tea,inferred,,yes,3.0,4140,9.8,29.4,422.4,7.041,140.8,
2025-02-21,2025-02,Maisa 2+3,,Clean,Standard Clean,Tea,inferred,,,5.0,0,0.5,2.5,,,,
2025-02-24,2025-02,AMS,handpack,10005A,WWB AMZN Organic Chia (1lb),Bag/Other,inferred,,yes,1.0,200,5.0,5.0,40.0,0.667,40.0,
2025-02-24,2025-02,AMS,handpack,10008,"Org Rooibos, 8 Oz Bag",Bag/Other,inferred,,yes,1.0,200,3.333,3.333,60.0,1.0,60.0,
2025-02-24,2025-02,AMS,handpack,10101A,AMZN - WWB - ORG Medium Roasted Carob Flour - 1 Lb Bag,Bag/Other,inferred,,yes,1.0,224,5.0,5.0,44.8,0.747,44.8,
2025-02-24,2025-02,AMS,handpack,10201A,DO NOT MAKE AMZN - WWB - ORG Peppermint Leaf - 4 Oz Bag,Bag/Other,inferred,,yes,1.0,285,6.75,6.75,42.2,0.704,42.2,
2025-02-24,2025-02,Assembly,,40001,Herbal Tea Sampler Box - 6 Count Case,Sampler,inferred,,yes,2.0,115,7.0,14.0,16.4,0.274,8.2,
2025-02-24,2025-02,Maisa 1,,43110,ORG Dandelion Dark Roast 10ct/6pk Tea Bag,Tea,inferred,,yes,3.0,2862,9.467,28.4,302.3,5.039,100.8,
2025-02-24,2025-02,Maisa 1,,Clean,Standard Clean,Tea,inferred,,,3.0,0,0.783,2.35,,,,
2025-02-24,2025-02,Maisa 2+3,,43310,ORG Dandelion Mocha Mint 10CT Tea Bag - A,Tea,inferred,,yes,5.0,3660,6.817,34.083,536.9,8.949,107.4,
2025-02-24,2025-02,Maisa 2+3,,43311,Dandelion Mocha Mint 25 Count Tea Bag - A,Tea,governed,high,yes,5.0,528,2.667,13.333,198.0,3.3,39.6,
2025-02-24,2025-02,Maisa 2+3,,43311F,ORG Dandelion Mocha Mint DL 25CT Tea Bag AMZN (24pk) - A,Tea,inferred,,yes,5.0,192,0.6,3.0,320.0,5.333,64.0,
2025-02-24,2025-02,WeighRight,,20011,ORG Vanilla Nut 300G Dual Language Bag - 6Ct Case - GA,Bag/Other,inferred,,yes,3.0,240,0.8,2.4,300.0,5.0,100.0,
2025-02-24,2025-02,WeighRight,,60010,ORG Vanilla Nut 5 Lb Bag - GA,Bag/Other,inferred,,yes,3.0,60,0.783,2.35,76.6,1.277,25.5,
2025-02-24,2025-02,WeighRight,,80080,ORG Mocha 11OZ Bag/6 Count Case - GA,Bag/Other,inferred,,yes,3.0,3114,7.867,23.6,395.8,6.597,131.9,
2025-02-24,2025-02,WeighRight,,Clean,Standard Clean,Bag/Other,inferred,,,3.0,0,0.717,2.15,,,,
2025-02-25,2025-02,AMS,handpack,10101A,AMZN - WWB - ORG Medium Roasted Carob Flour - 1 Lb Bag,Bag/Other,inferred,,yes,1.0,532,10.0,10.0,53.2,0.887,53.2,
2025-02-25,2025-02,AMS,handpack,10201A,DO NOT MAKE AMZN - WWB - ORG Peppermint Leaf - 4 Oz Bag,Bag/Other,inferred,,yes,1.0,286,6.75,6.75,42.4,0.706,42.4,
2025-02-25,2025-02,Assembly,,40001L,Herbal Tea Sampler Box - Loose,Sampler,governed,high,yes,2.0,631,5.7,11.4,110.7,1.845,55.4,
2025-02-25,2025-02,Assembly,,43226,Dandelion Caramel Nut Tagless Tea Bag - 50 Ct - A,Tea,governed,high,yes,1.0,80,3.0,3.0,26.7,0.444,26.7,
2025-02-25,2025-02,Maisa 1,,40111,ORG French Roast 25CT Tea Bag - G,Tea,governed,high,yes,3.0,1320,7.533,22.6,175.2,2.92,58.4,
2025-02-25,2025-02,Maisa 1,,40111F,ORG French Roast DL 25CT Tea Bag AMZN (24pk) - G,Tea,inferred,,yes,3.0,120,0.583,1.75,205.7,3.429,68.6,
2025-02-25,2025-02,Maisa 1,,40113,ORG French Roast 25CT Tea Bag 3PK - G,Tea,inferred,,yes,3.0,120,1.933,5.8,62.1,1.034,20.7,
2025-02-25,2025-02,Maisa 2+3,,43110,ORG Dandelion Dark Roast 10ct/6pk Tea Bag,Tea,inferred,,yes,3.0,2436,6.417,19.25,379.6,6.327,126.5,
2025-02-25,2025-02,Maisa 2+3,,43310,ORG Dandelion Mocha Mint 10CT Tea Bag - A,Tea,inferred,,yes,5.0,480,0.667,3.333,720.0,12.0,144.0,
2025-02-25,2025-02,Maisa 2+3,,43310F,Dandelion Mocha Mint Dual Language 10 cnt TB - A,Tea,inferred,,yes,5.0,360,0.417,2.083,864.0,14.4,172.8,
2025-02-25,2025-02,Maisa 2+3,,43310L,Org Dandelion Mocha Mint 10 Ct Tea Bag Loose - A,Tea,governed,high,yes,5.0,324,0.55,2.75,589.1,9.818,117.8,
2025-02-25,2025-02,Maisa 2+3,,CleanA,Clean + Almond Test,Tea,inferred,,,5.0,0,0.333,1.667,,,,
2025-02-25,2025-02,Maisa 2+3,,NTB0110,French Roast Tagless 6g Tea Bag - G,Tea bag (intermediate),item-code,,yes,2.0,21600,4.25,8.5,5082.4,84.706,2541.2,
2025-02-25,2025-02,Maisa 2+3,,TB331,ORG Dandelion Mocha Mint Tea Bag - A,Tea bag (intermediate),item-code,,yes,4.0,9400,1.617,6.467,5814.4,96.907,1453.6,
2025-02-25,2025-02,WeighRight,,20011,ORG Vanilla Nut 300G Dual Language Bag - 6Ct Case - GA,Bag/Other,inferred,,yes,3.0,732,2.033,6.1,360.0,6.0,120.0,
2025-02-25,2025-02,WeighRight,,80010,ORG Vanilla Nut 11oz Bag/6 Count Case - GA,Bag/Other,inferred,,yes,3.0,2760,7.0,21.0,394.3,6.571,131.4,
2025-02-25,2025-02,WeighRight,,80013,ORG Vanilla Nut 11oz Bag 3PK - GA,Bag/Other,inferred,,yes,3.0,432,1.05,3.15,411.4,6.857,137.1,
2025-02-26,2025-02,AMS,handpack,10101A,AMZN - WWB - ORG Medium Roasted Carob Flour - 1 Lb Bag,Bag/Other,inferred,,yes,1.0,440,10.0,10.0,44.0,0.733,44.0,
2025-02-26,2025-02,Assembly,,40116,French Roast Tagless Tea Bag - 50 Ct - G,Tea,governed,high,yes,1.0,264,2.833,2.833,93.2,1.553,93.2,
2025-02-26,2025-02,Assembly,,43226,Dandelion Caramel Nut Tagless Tea Bag - 50 Ct - A,Tea,governed,high,yes,1.0,302,7.167,7.167,42.1,0.702,42.1,
2025-02-26,2025-02,Assembly,,45022,Chaga Ashwaganda TB Demo Tray,Tea,inferred,,yes,1.0,2,0.267,0.267,7.5,0.125,7.5,
2025-02-26,2025-02,Assembly,,45032,ORG Lion's Mane Rhodiola Tea Bag Demo Tray - G,Tea,inferred,,yes,1.0,2,0.2,0.2,10.0,0.167,10.0,
2025-02-26,2025-02,Assembly,,45052,Turkey Tail Astragalus TB Demo Tray - G,Tea,inferred,,yes,1.0,2,0.567,0.567,3.5,0.059,3.5,
2025-02-26,2025-02,Maisa 1,,40110,ORG French Roast 10 Count Tea Bag - G,Tea,inferred,,yes,3.0,1764,3.95,11.85,446.6,7.443,148.9,
2025-02-26,2025-02,Maisa 1,,40111,ORG French Roast 25CT Tea Bag - G,Tea,governed,high,yes,3.0,888,5.117,15.35,173.6,2.893,57.9,
2025-02-26,2025-02,Maisa 1,,40114,DO NOT MAKE - ORG French Roast 10CT Tea Bag 4PK - G,Tea,inferred,,yes,3.0,112,1.0,3.0,112.0,1.867,37.3,
2025-02-26,2025-02,Maisa 2+3,,43011,ORG Dandelion Vanilla Nut 25CT Tea Bag - A,Tea,governed,high,yes,5.0,72,0.883,4.417,81.5,1.358,16.3,
2025-02-26,2025-02,Maisa 2+3,,43110,ORG Dandelion Dark Roast 10ct/6pk Tea Bag,Tea,inferred,,yes,3.0,2982,7.6,22.8,392.4,6.539,130.8,
2025-02-26,2025-02,Maisa 2+3,,43110L,Org Dandelion Dark Roast 10 Ct Tea Bag Loose,Tea,governed,high,yes,3.0,648,2.1,6.3,308.6,5.143,102.9,
2025-02-26,2025-02,Maisa 2+3,,45020F,Chaga Ashwagandha Dual Language 10 cnt TB,Tea,inferred,,yes,3.0,1380,3.717,11.15,371.3,6.188,123.8,
2025-02-26,2025-02,Maisa 2+3,,CleanA,Clean + Almond Test,Tea,inferred,,,2.0,0,23.85,47.7,,,,
2025-02-26,2025-02,Maisa 2+3,,CleanA,Clean + Almond Test,Tea,inferred,,,5.0,0,0.817,4.083,,,,
2025-02-26,2025-02,Maisa 2+3,,NTB0110,French Roast Tagless 6g Tea Bag - G,Tea bag (intermediate),item-code,,yes,2.0,6000,1.2,2.4,5000.0,83.333,2500.0,
2025-02-26,2025-02,Maisa 2+3,,NTB3110,Dandelion Dark Roast Tagless 6g Tea Bag,Tea bag (intermediate),item-code,,yes,3.0,12000,2.5,7.5,4800.0,80.0,1600.0,
2025-02-26,2025-02,Maisa 2+3,,NTB3110,Dandelion Dark Roast Tagless 6g Tea Bag,Tea bag (intermediate),item-code,,yes,3.0,1200,0.383,1.15,3130.4,52.174,1043.5,
2025-02-26,2025-02,Maisa 2+3,,TB322,ORG Dandelion Caramel Nut Tea Bag - A,Tea bag (intermediate),item-code,,yes,2.0,11350,4.633,9.267,2449.6,40.827,1224.8,
2025-02-26,2025-02,WeighRight,,55020,Chaga Ashwagandha 30g Trial Size Packet,Bag/Other,inferred,,yes,3.0,1080,2.0,6.0,540.0,9.0,180.0,
2025-02-26,2025-02,WeighRight,,80010L,Org Vanilla Nut 11OZ Bag/Box of 24 - GA,Bag/Other,inferred,,yes,3.0,888,1.967,5.9,451.5,7.525,150.5,
2025-02-26,2025-02,WeighRight,,80013,ORG Vanilla Nut 11oz Bag 3PK - GA,Bag/Other,inferred,,yes,3.0,80,2.5,7.5,32.0,0.533,10.7,
2025-02-26,2025-02,WeighRight,,85020,ORG Chaga Ashwagandha 10 Oz Bag/6 Count Case,Bag/Other,inferred,,yes,3.0,1068,2.633,7.9,405.6,6.759,135.2,
2025-02-26,2025-02,WeighRight,,CleanGA,Clean + Gluten + Almond Tests,Bag/Other,inferred,,,3.0,0,0.733,2.2,,,,
2025-02-27,2025-02,AMS,handpack,10101A,AMZN - WWB - ORG Medium Roasted Carob Flour - 1 Lb Bag,Bag/Other,inferred,,yes,1.0,112,1.5,1.5,74.7,1.244,74.7,
2025-02-27,2025-02,Assembly,,40001L,Herbal Tea Sampler Box - Loose,Sampler,governed,high,yes,4.0,1673,5.7,22.8,293.5,4.892,73.4,
2025-02-27,2025-02,Assembly,,40116,French Roast Tagless Tea Bag - 50 Ct - G,Tea,governed,high,yes,1.0,276,8.333,8.333,33.1,0.552,33.1,
2025-02-27,2025-02,Assembly,,43001,Dandelion Tea Sampler Box - 6 Count Case,Sampler,inferred,,yes,8.0,78,0.833,6.667,93.6,1.56,11.7,
2025-02-27,2025-02,Maisa 1,,40110,ORG French Roast 10 Count Tea Bag - G,Tea,inferred,,yes,3.0,996,2.25,6.75,442.7,7.378,147.6,
2025-02-27,2025-02,Maisa 1,,Clean,Standard Clean,Tea,inferred,,,3.0,0,0.5,1.5,,,,
2025-02-27,2025-02,Maisa 1,,Clean,Standard Clean,Tea,inferred,,,3.0,0,0.75,2.25,,,,
2025-02-27,2025-02,Maisa 1,,CleanG,Clean + Gluten Test,Tea,inferred,,,3.0,0,1.583,4.75,,,,
2025-02-27,2025-02,Maisa 1,,TB504,ORG Cordyceps Schisandra Loose Tea Bag,Tea bag (intermediate),item-code,,yes,3.0,4500,0.917,2.75,4909.1,81.818,1636.4,
2025-02-27,2025-02,Maisa 1,,TB506,ORG Tremella Tulsi Loose Tea Bag,Tea bag (intermediate),item-code,,yes,3.0,18690,4.25,12.75,4397.6,73.294,1465.9,
2025-02-27,2025-02,Maisa 2+3,,43011,ORG Dandelion Vanilla Nut 25CT Tea Bag - A,Tea,governed,high,yes,5.0,243,1.783,8.917,136.3,2.271,27.3,
2025-02-27,2025-02,Maisa 2+3,,43081,ORG Dandelion Mocha 25CT Tea Bag - A,Tea,governed,high,yes,5.0,412,2.75,13.75,149.8,2.497,30.0,
2025-02-27,2025-02,Maisa 2+3,,45020,ORG Chaga Ashwagandha 10 Ct Tea Bag/6 Count Case,Tea,inferred,,yes,3.0,1380,2.783,8.35,495.8,8.263,165.3,
2025-02-27,2025-02,Maisa 2+3,,Clean,Standard Clean,Tea,inferred,,,5.0,0,0.883,4.417,,,,
2025-02-27,2025-02,Maisa 2+3,,Clean,Standard Clean,Tea,inferred,,,3.0,0,0.5,1.5,,,,
2025-02-27,2025-02,Maisa 2+3,,Clean,Standard Clean,Tea,inferred,,,5.0,0,1.0,5.0,,,,
2025-02-27,2025-02,WeighRight,,85020,ORG Chaga Ashwagandha 10 Oz Bag/6 Count Case,Bag/Other,inferred,,yes,3.0,1692,4.383,13.15,386.0,6.433,128.7,
2025-02-27,2025-02,WeighRight,,85020L,ORG Chaga Ashwagandha 10 Oz Bag/Box of 24,Bag/Other,inferred,,yes,3.0,1800,5.567,16.7,323.4,5.389,107.8,
2025-02-27,2025-02,WeighRight,,Clean,Standard Clean,Bag/Other,inferred,,,3.0,0,0.35,1.05,,,,
2025-03-03,2025-03,Assembly,,40001L,Herbal Tea Sampler Box - Loose,Sampler,governed,high,yes,1.0,484,7.667,7.667,63.1,1.052,63.1,
2025-03-03,2025-03,Assembly,,43001,Dandelion Tea Sampler Box - 6 Count Case,Sampler,inferred,,yes,6.0,105,2.917,17.5,36.0,0.6,6.0,
2025-03-03,2025-03,Assembly,,43116,Dandelion DarkRoast Tagless Tea Bag - 50 Ct,Tea,governed,high,yes,1.0,264,4.833,4.833,54.6,0.91,54.6,
2025-03-03,2025-03,Assembly,,GDB010,ORG Vanilla Nut Packet Goody Bag - GA,Bag/Other,inferred,,yes,1.0,180,0.5,0.5,360.0,6.0,360.0,
2025-03-03,2025-03,Assembly,,GDB060,ORG Hazelnut Packet Goody Bag - GA,Bag/Other,inferred,,yes,1.0,180,0.65,0.65,276.9,4.615,276.9,
2025-03-03,2025-03,Assembly,,GDB070,ORG Java Packet Goody Bag - GA,Bag/Other,inferred,,yes,1.0,180,0.483,0.483,372.4,6.207,372.4,
2025-03-03,2025-03,Assembly,,GDB502,ORG Chaga Ashwaganda Packet Goody Bag,Bag/Other,inferred,,yes,1.0,180,0.9,0.9,200.0,3.333,200.0,
2025-03-03,2025-03,Assembly,,TGB322,Dandelion Caramel Nut Tea Bag Goody Bag - A,Tea,inferred,,yes,1.0,500,1.1,1.1,454.5,7.576,454.5,
2025-03-03,2025-03,Maisa 1,,47010,75147 TJ ORG Roasted Herbal Cofee (12 Pack) - G,Tea,inferred,,yes,3.0,3708,10.0,30.0,370.8,6.18,123.6,
2025-03-03,2025-03,Maisa 2+3,,47010,75147 TJ ORG Roasted Herbal Cofee (12 Pack) - G,Tea,inferred,,yes,5.0,5184,21.75,108.75,238.3,3.972,47.7,
2025-03-03,2025-03,WeighRight,,56010,Dark Chocolate 30g Trial Size Packet,Bag/Other,inferred,,yes,3.0,1575,3.833,11.5,410.9,6.848,137.0,
2025-03-03,2025-03,WeighRight,,63110,ORG Dandelion Dark Roast 5 Lb Bag,APG,governed,high,yes,3.0,80,0.85,2.55,94.1,1.569,31.4,
2025-03-03,2025-03,WeighRight,,66010,ORG Dark Chocolate 5 Lb Bag,Bag/Other,inferred,,yes,3.0,60,0.683,2.05,87.8,1.463,29.3,
2025-03-03,2025-03,WeighRight,,83110,ORG Dandelion Dark Roast 10 Oz Bag/6 Count Case,Bag/Other,inferred,,yes,3.0,900,2.1,6.3,428.6,7.143,142.9,
2025-03-03,2025-03,WeighRight,,83220,ORG Dandelion Caramel Nut 10 Oz Bag/6 Count Case - A,Bag/Other,inferred,,yes,3.0,546,1.167,3.5,468.0,7.8,156.0,
2025-03-03,2025-03,WeighRight,,Clean,Standard Clean,Bag/Other,inferred,,,3.0,0,0.633,1.9,,,,
2025-03-03,2025-03,WeighRight,,Clean,Standard Clean,Bag/Other,inferred,,,3.0,0,0.633,1.9,,,,
2025-03-04,2025-03,Assembly,,40001L,Herbal Tea Sampler Box - Loose,Sampler,governed,high,yes,1.0,236,4.217,4.217,56.0,0.933,56.0,
2025-03-04,2025-03,Assembly,,42041,Snickerdoodle 25CT Tea Bag - GA,Tea,governed,high,yes,1.0,336,4.233,4.233,79.4,1.323,79.4,
2025-03-04,2025-03,Assembly,,43001,Dandelion Tea Sampler Box - 6 Count Case,Sampler,inferred,,yes,6.0,47,1.0,6.0,47.0,0.783,7.8,
2025-03-04,2025-03,Assembly,,43001L,Dandelion Tea Sampler Box - Loose - G,Sampler,governed,high,yes,6.0,109,1.8,10.8,60.6,1.009,10.1,
2025-03-04,2025-03,Assembly,,43221F,ORG Dandelion Caramel Nut DL 25CT Tea Bag AMZN (24pk) - A,Tea,inferred,,,1.0,0,3.833,3.833,,,,
2025-03-04,2025-03,Assembly,,45001,Mushroom Adaptogen TB Sampler Box - 6 Count Case - G,Sampler,inferred,,yes,6.0,125,4.667,28.0,26.8,0.446,4.5,
2025-03-04,2025-03,Assembly,,82130A,AMZN Org Mexican Chocolate 11OZ Bag/Box of 24 - G,Bag/Other,inferred,,yes,1.0,336,1.183,1.183,283.9,4.732,283.9,
2025-03-04,2025-03,Maisa 1,,47010,75147 TJ ORG Roasted Herbal Cofee (12 Pack) - G,Tea,inferred,,yes,3.0,4056,10.15,30.45,399.6,6.66,133.2,
2025-03-04,2025-03,Maisa 2+3,,47010,75147 TJ ORG Roasted Herbal Cofee (12 Pack) - G,Tea,inferred,,yes,5.0,7836,10.0,50.0,783.6,13.06,156.7,
2025-03-04,2025-03,WeighRight,,60110,ORG French Roast 5 Lb Bag - G,Bag/Other,inferred,,yes,3.0,160,1.267,3.8,126.3,2.105,42.1,
2025-03-04,2025-03,WeighRight,,63220,ORG Dandelion Caramel Nut 5 Lb Bag - A,Bag/Other,inferred,,yes,3.0,70,0.583,1.75,120.0,2.0,40.0,
2025-03-04,2025-03,WeighRight,,65010,ORG Reishi Eleuthero 5 Lb Bag - G,APG,governed,high,yes,3.0,29,0.617,1.85,47.0,0.784,15.7,
2025-03-04,2025-03,WeighRight,,80110A,AMZN Org French Roast 11OZ Bag/Box of 24 - G,Bag/Other,inferred,,yes,3.0,1800,1.333,4.0,1350.0,22.5,450.0,
2025-03-04,2025-03,WeighRight,,80116A,French Roast 500g APG Bag - G,APG,inferred,,yes,3.0,360,1.2,3.6,300.0,5.0,100.0,
2025-03-04,2025-03,WeighRight,,83220,ORG Dandelion Caramel Nut 10 Oz Bag/6 Count Case - A,Bag/Other,inferred,,yes,3.0,534,1.45,4.35,368.3,6.138,122.8,
2025-03-04,2025-03,WeighRight,,83226A,Dandelion Caramel Nut 500g APG Bag - A,APG,inferred,,yes,3.0,324,1.4,4.2,231.4,3.857,77.1,
2025-03-04,2025-03,WeighRight,,Clean,Standard Clean,Bag/Other,inferred,,,3.0,0,0.583,1.75,,,,
2025-03-04,2025-03,WeighRight,,CleanA,Clean + Almond Test,Bag/Other,inferred,,,3.0,0,0.75,2.25,,,,
2025-03-05,2025-03,AMS,handpack,10006A,WWB AMZN Organic Lemon Balm (6 Oz) ,Bag/Other,inferred,,yes,2.0,536,9.917,19.833,54.1,0.901,27.0,
2025-03-05,2025-03,AMS,handpack,10008,"Org Rooibos, 8 Oz Bag",Bag/Other,inferred,,yes,2.0,60,1.05,2.1,57.1,0.952,28.6,
2025-03-05,2025-03,Assembly,,43001L,Dandelion Tea Sampler Box - Loose - G,Sampler,governed,high,yes,6.0,639,3.0,18.0,213.0,3.55,35.5,
2025-03-05,2025-03,Assembly,,45001,Mushroom Adaptogen TB Sampler Box - 6 Count Case - G,Sampler,inferred,,yes,2.0,79,7.833,15.667,10.1,0.168,5.0,
2025-03-05,2025-03,Maisa 1,,48003,WWB ORG Lemon Balm 25ct Tea Bag 2.25g,Tea,inferred,,yes,3.0,1167,8.117,24.35,143.8,2.396,47.9,
2025-03-05,2025-03,Maisa 1,,Clean,Standard Clean,Tea,inferred,,,3.0,0,0.717,2.15,,,,
2025-03-05,2025-03,Maisa 1,,CleanG,Clean + Gluten Test,Tea,inferred,,,3.0,0,1.0,3.0,,,,
2025-03-05,2025-03,Maisa 2+3,,47010,75147 TJ ORG Roasted Herbal Cofee (12 Pack) - G,Tea,inferred,,yes,5.0,1104,6.55,32.75,168.5,2.809,33.7,
2025-03-05,2025-03,Maisa 2+3,,CleanG,Clean + Gluten Test,Tea,inferred,,,5.0,0,1.083,5.417,,,,
2025-03-05,2025-03,Maisa 2+3,,TB502,ORG Chaga Ashwagandha Loose Tea Bag,Tea bag (intermediate),item-code,,yes,4.0,15000,2.55,10.2,5882.4,98.039,1470.6,
2025-03-06,2025-03,AMS,handpack,10006A,WWB AMZN Organic Lemon Balm (6 Oz) ,Bag/Other,inferred,,yes,2.0,664,10.333,20.667,64.3,1.071,32.1,
2025-03-06,2025-03,Assembly,,43001L,Dandelion Tea Sampler Box - Loose - G,Sampler,governed,high,yes,6.0,476,3.0,18.0,158.7,2.644,26.4,
2025-03-06,2025-03,Assembly,,45001,Mushroom Adaptogen TB Sampler Box - 6 Count Case - G,Sampler,inferred,,yes,2.0,69,5.0,10.0,13.8,0.23,6.9,
2025-03-06,2025-03,Maisa 1,,40011A,ORG 25 CT Vanilla Nut AMZN - GA,Tea,inferred,,yes,3.0,552,4.433,13.3,124.5,2.075,41.5,
2025-03-06,2025-03,Maisa 1,,Clean,Standard Clean,Tea,inferred,,,3.0,0,0.467,1.4,,,,
2025-03-06,2025-03,Maisa 1,,Clean,Standard Clean,Tea,inferred,,,3.0,0,1.25,3.75,,,,
2025-03-06,2025-03,Maisa 1,,TB504,ORG Cordyceps Schisandra Loose Tea Bag,Tea bag (intermediate),item-code,,yes,3.0,12000,2.767,8.3,4337.3,72.289,1445.8,
2025-03-06,2025-03,Maisa 1,,tb602,ORG Macadamia Nut Loose Tea Bag - GA,Tea bag (intermediate),item-code,,yes,3.0,1950,0.65,1.95,3000.0,50.0,1000.0,
2025-03-06,2025-03,Maisa 2+3,,45020,ORG Chaga Ashwagandha 10 Ct Tea Bag/6 Count Case,Tea,inferred,,yes,5.0,5880,9.75,48.75,603.1,10.051,120.6,
2025-03-06,2025-03,Spack,,10031,Roasted Chicory Root - 1 Lb Bag,Bag/Other,inferred,,yes,5.0,5760,9.217,46.083,625.0,10.416,125.0,
2025-03-06,2025-03,Spack,,10039A,AMZN Roasted French Chicory 2 X 1 Lb Bag,Bag/Other,inferred,,yes,5.0,12,0.167,0.833,72.0,1.2,14.4,
2025-03-06,2025-03,WeighRight,,80110,ORG French Roast 11OZ Bag/6 Count Case - G,Bag/Other,inferred,,yes,3.0,3060,8.867,26.6,345.1,5.752,115.0,
2025-03-10,2025-03,AMS,handpack,10006A,WWB AMZN Organic Lemon Balm (6 Oz) ,Bag/Other,inferred,,yes,1.0,198,1.75,1.75,113.1,1.886,113.1,
2025-03-10,2025-03,Assembly,,40001A,AMZN Labeled Herbal Tea Sampler Box/Variety Pack,Bundle,inferred,,yes,6.0,535,3.0,18.0,178.3,2.972,29.7,
2025-03-10,2025-03,Assembly,,42081A,DO NOT MAKE AMZN ORG Irish Cream 25CT Tea Bag - G,Tea,inferred,,yes,1.0,72,0.333,0.333,216.0,3.6,216.0,
2025-03-10,2025-03,Assembly,,43331A,AMZN Dandelion Turmeric 25 Count Tea Bag - X002GYE5BJ,Tea,inferred,,yes,1.0,120,0.583,0.583,205.7,3.429,205.7,
2025-03-10,2025-03,Assembly,,43340L,Org Dandelion Coconut 10 Ct Tea Bag Loose - A,Tea,governed,high,yes,1.0,360,1.417,1.417,254.1,4.235,254.1,
2025-03-10,2025-03,Assembly,,80070A,AMZN Org Java 11OZ Bag/Box of 24 - GA,Bag/Other,inferred,,yes,1.0,240,1.5,1.5,160.0,2.667,160.0,
2025-03-10,2025-03,Assembly,,80133,ORG MACA Chocolate 11OZ Bag 3PK - G,Bag/Other,inferred,,yes,1.0,80,2.133,2.133,37.5,0.625,37.5,
2025-03-10,2025-03,Assembly,,82060L,ORG Maple Pecan 11OZ Bag/Box of 24 - GA,Bag/Other,inferred,,yes,1.0,264,1.333,1.333,198.0,3.3,198.0,
2025-03-10,2025-03,Maisa 1,,40010,ORG Vanilla Nut 10ct/6pk Tea Bag - GA,Tea,inferred,,yes,3.0,2154,5.167,15.5,416.9,6.948,139.0,
2025-03-10,2025-03,Maisa 1,,40010A,AMZN Org Vanilla Nut 10 Ct Tea Bag Loose - GA,Tea,inferred,,yes,3.0,180,0.383,1.15,469.6,7.826,156.5,
2025-03-10,2025-03,Maisa 1,,40011A,ORG 25 CT Vanilla Nut AMZN - GA,Tea,inferred,,yes,3.0,720,4.533,13.6,158.8,2.647,52.9,
2025-03-10,2025-03,Maisa 2+3,,45020,ORG Chaga Ashwagandha 10 Ct Tea Bag/6 Count Case,Tea,inferred,,yes,3.0,4398,9.583,28.75,458.9,7.649,153.0,
2025-03-10,2025-03,Maisa 2+3,,Clean,Standard Clean,Tea,inferred,,,3.0,0,0.75,2.25,,,,
2025-03-10,2025-03,Spack,,10031,Roasted Chicory Root - 1 Lb Bag,Bag/Other,inferred,,yes,5.0,2760,4.733,23.667,583.1,9.718,116.6,
2025-03-10,2025-03,Spack,,10039A,AMZN Roasted French Chicory 2 X 1 Lb Bag,Bag/Other,inferred,,yes,5.0,828,5.217,26.083,158.7,2.645,31.7,
2025-03-11,2025-03,AMS,handpack,10024,ORG Lavender 4 Oz Bag - 79523910024,Bag/Other,inferred,,yes,1.0,280,5.333,5.333,52.5,0.875,52.5,
2025-03-11,2025-03,Assembly,,40001A,AMZN Labeled Herbal Tea Sampler Box/Variety Pack,Bundle,inferred,,yes,6.0,636,3.0,18.0,212.0,3.533,35.3,
2025-03-11,2025-03,Assembly,,40060A,AMZN Org Hazelnut 10 Ct Tea Bag Loose - GA,Tea,inferred,,yes,1.0,288,4.15,4.15,69.4,1.157,69.4,
2025-03-11,2025-03,Assembly,,42040,ORG Snickerdoodle 10ct/6pk Tea Bag - GA,Tea,inferred,,yes,1.0,480,1.45,1.45,331.0,5.517,331.0,
2025-03-11,2025-03,Assembly,,45001,Mushroom Adaptogen TB Sampler Box - 6 Count Case - G,Sampler,inferred,,yes,6.0,119,7.833,47.0,15.2,0.253,2.5,
2025-03-11,2025-03,Maisa 1,,40010,ORG Vanilla Nut 10ct/6pk Tea Bag - GA,Tea,inferred,,yes,3.0,606,1.367,4.1,443.4,7.39,147.8,
2025-03-11,2025-03,Maisa 1,,48003,WWB ORG Lemon Balm 25ct Tea Bag 2.25g,Tea,inferred,,yes,3.0,552,3.333,10.0,165.6,2.76,55.2,
2025-03-11,2025-03,Maisa 1,,Clean,Standard Clean,Tea,inferred,,,3.0,0,1.0,3.0,,,,
2025-03-11,2025-03,Maisa 1,,TB010,ORG Vanilla Nut Tea Bag Loose - GA,Tea bag (intermediate),item-code,,yes,3.0,18000,4.417,13.25,4075.5,67.925,1358.5,
2025-03-11,2025-03,Maisa 2+3,,43220,ORG Dandelion Caramel Nut 10ct/6pk Tea Bag - A,Tea,inferred,,yes,5.0,6264,10.033,50.167,624.3,10.405,124.9,
2025-03-11,2025-03,Spack,,10031,Roasted Chicory Root - 1 Lb Bag,Bag/Other,inferred,,yes,5.0,1236,1.867,9.333,662.1,11.036,132.4,
2025-03-11,2025-03,Spack,,Clean,Standard Clean,Bag/Other,inferred,,,5.0,0,1.0,5.0,,,,
2025-03-11,2025-03,WeighRight,,80113,ORG French Roast 11OZ Bag 3PK - G,Bag/Other,inferred,,yes,3.0,432,2.917,8.75,148.1,2.469,49.4,
2025-03-12,2025-03,AMS,handpack,10006A,WWB AMZN Organic Lemon Balm (6 Oz) ,Bag/Other,inferred,,yes,1.0,189,7.083,7.083,26.7,0.445,26.7,
2025-03-12,2025-03,AMS,handpack,10024,ORG Lavender 4 Oz Bag - 79523910024,Bag/Other,inferred,,yes,2.0,500,9.5,19.0,52.6,0.877,26.3,
2025-03-12,2025-03,Assembly,,45001,Mushroom Adaptogen TB Sampler Box - 6 Count Case - G,Sampler,inferred,,yes,2.0,68,3.0,6.0,22.7,0.378,11.3,
2025-03-12,2025-03,Maisa 1,,48003,WWB ORG Lemon Balm 25ct Tea Bag 2.25g,Tea,inferred,,yes,3.0,1368,10.083,30.25,135.7,2.261,45.2,
2025-03-12,2025-03,Maisa 2+3,,43220,ORG Dandelion Caramel Nut 10ct/6pk Tea Bag - A,Tea,inferred,,yes,5.0,198,0.183,0.917,1080.0,18.0,216.0,
2025-03-12,2025-03,Maisa 2+3,,43220L,Org Dandelion Caramel Nut 10 Ct Tea Bag Loose - A,Tea,governed,high,yes,5.0,1517,2.2,11.0,689.5,11.492,137.9,
2025-03-12,2025-03,Maisa 2+3,,43221,ORG Dandelion Caramel Nut 25CT Tea Bag - A,Tea,governed,high,yes,5.0,720,2.017,10.083,357.0,5.95,71.4,
2025-03-12,2025-03,Maisa 2+3,,43221F,ORG Dandelion Caramel Nut DL 25CT Tea Bag AMZN (24pk) - A,Tea,inferred,,yes,5.0,216,0.633,3.167,341.1,5.684,68.2,
2025-03-12,2025-03,Maisa 2+3,,47010,75147 TJ ORG Roasted Herbal Cofee (12 Pack) - G,Tea,inferred,,yes,5.0,2976,4.75,23.75,626.5,10.442,125.3,
2025-03-12,2025-03,Maisa 2+3,,CleanA,Clean + Almond Test,Tea,inferred,,,5.0,0,0.25,1.25,,,,
2025-03-12,2025-03,WeighRight,,56010,Dark Chocolate 30g Trial Size Packet,Bag/Other,inferred,,yes,3.0,1440,3.933,11.8,366.1,6.102,122.0,
2025-03-12,2025-03,WeighRight,,80110L,Org French Roast 11oz Bag/Box of 24 - G,Bag/Other,inferred,,yes,3.0,1219,1.967,5.9,619.8,10.331,206.6,
2025-03-12,2025-03,WeighRight,,86010,ORG Dark Chocolate 10 Oz Bag/6 Count Case,Bag/Other,inferred,,yes,3.0,4320,1.967,5.9,2196.6,36.61,732.2,
2025-03-12,2025-03,WeighRight,,86010L,ORG Dark Chocolate 10 Oz Bag/Box of 24,Bag/Other,inferred,,yes,3.0,672,1.633,4.9,411.4,6.857,137.1,
2025-03-12,2025-03,WeighRight,,CleanG,Clean + Gluten Test,Bag/Other,inferred,,,3.0,0,0.633,1.9,,,,
2025-03-13,2025-03,AMS,handpack,10006A,WWB AMZN Organic Lemon Balm (6 Oz) ,Bag/Other,inferred,,yes,1.0,190,9.833,9.833,19.3,0.322,19.3,
2025-03-13,2025-03,AMS,handpack,10025,ORG Lavender 1LB Bag - 79523910025,Bag/Other,inferred,,yes,2.0,44,1.333,2.667,33.0,0.55,16.5,
2025-03-13,2025-03,Assembly,,45001L,Mushroom Adapt Tea Bag Sampler Box,Sampler,governed,high,yes,6.0,490,3.0,18.0,163.3,2.722,27.2,
2025-03-13,2025-03,Maisa 1,,48003,WWB ORG Lemon Balm 25ct Tea Bag 2.25g,Tea,inferred,,yes,3.0,158,0.983,2.95,160.7,2.678,53.6,
2025-03-13,2025-03,Maisa 1,,Clean,Standard Clean,Tea,inferred,,,3.0,0,0.733,2.2,,,,
2025-03-13,2025-03,Maisa 1,,CleanA,Clean + Almond Test,Tea,inferred,,,3.0,0,0.533,1.6,,,,
2025-03-13,2025-03,Maisa 1,,TB130,ORG Maca Chocolate Tea Bag - G,Tea bag (intermediate),item-code,,yes,3.0,38,4.5,13.5,8.4,0.141,2.8,
2025-03-13,2025-03,Maisa 2+3,,46021,DO NOT MAKE ORG Macadamia Nut 25 Ct Tea Bag - GA,Tea,governed,high,yes,5.0,240,1.217,6.083,197.3,3.288,39.5,
2025-03-13,2025-03,Maisa 2+3,,47010,75147 TJ ORG Roasted Herbal Cofee (12 Pack) - G,Tea,inferred,,yes,5.0,5412,6.583,32.917,822.1,13.701,164.4,
2025-03-13,2025-03,Maisa 2+3,,Clean,Standard Clean,Tea,inferred,,,5.0,0,0.833,4.167,,,,
2025-03-13,2025-03,Maisa 2+3,,CleanA,Clean + Almond Test,Tea,inferred,,,5.0,0,0.5,2.5,,,,
2025-03-13,2025-03,Maisa 2+3,,TB602,ORG Macadamia Nut Loose Tea Bag - GA,Tea bag (intermediate),item-code,,yes,4.0,2000,1.083,4.333,1846.2,30.769,461.5,
2025-03-13,2025-03,WeighRight,,10035,Chicory 5 Lb Bag,Bag/Other,inferred,,yes,3.0,426,3.8,11.4,112.1,1.868,37.4,
2025-03-13,2025-03,WeighRight,,10303,"DO NOT MAKE Org Cinnamon, 5 Lb Bag",Bag/Other,inferred,,yes,3.0,42,1.25,3.75,33.6,0.56,11.2,
2025-03-13,2025-03,WeighRight,,56010,Dark Chocolate 30g Trial Size Packet,Bag/Other,inferred,,yes,3.0,308,0.767,2.3,401.7,6.696,133.9,
2025-03-13,2025-03,WeighRight,,85040L,ORG Cordyceps Schisandra 10 Oz Bag/Box of 24,APG,governed,high,yes,3.0,405,1.05,3.15,385.7,6.429,128.6,
2025-03-13,2025-03,WeighRight,,Clean,Standard Clean,Bag/Other,inferred,,,3.0,0,0.517,1.55,,,,
2025-03-13,2025-03,WeighRight,,Clean,Standard Clean,Bag/Other,inferred,,,3.0,0,0.533,1.6,,,,
2025-03-13,2025-03,WeighRight,,Clean,Standard Clean,Bag/Other,inferred,,,3.0,0,0.583,1.75,,,,
2025-03-17,2025-03,AMS,handpack,10006A,WWB AMZN Organic Lemon Balm (6 Oz) ,Bag/Other,inferred,,yes,1.0,297,10.083,10.083,29.5,0.491,29.5,
2025-03-17,2025-03,AMS,handpack,10025,ORG Lavender 1LB Bag - 79523910025,Bag/Other,inferred,,yes,2.0,378,10.0,20.0,37.8,0.63,18.9,
2025-03-17,2025-03,Assembly,,45001L,Mushroom Adapt Tea Bag Sampler Box,Sampler,governed,high,yes,6.0,490,3.0,18.0,163.3,2.722,27.2,
2025-03-17,2025-03,Maisa 2+3,,47010,75147 TJ ORG Roasted Herbal Cofee (12 Pack) - G,Tea,inferred,,yes,5.0,7524,9.917,49.583,758.7,12.645,151.7,
2025-03-17,2025-03,Spack,,10039A,AMZN Roasted French Chicory 2 X 1 Lb Bag,Bag/Other,inferred,,yes,5.0,2436,4.667,23.333,522.0,8.7,104.4,
2025-03-18,2025-03,AMS,handpack,10006A,WWB AMZN Organic Lemon Balm (6 Oz) ,Bag/Other,inferred,,yes,1.0,296,10.167,10.167,29.1,0.485,29.1,
2025-03-18,2025-03,AMS,handpack,10017,ORG Lemon Balm (+8) 1LB Bag - 7-9523910017,Bag/Other,inferred,,yes,2.0,98,3.9,7.8,25.1,0.419,12.6,
2025-03-18,2025-03,AMS,handpack,10025,ORG Lavender 1LB Bag - 79523910025,Bag/Other,inferred,,yes,2.0,88,1.167,2.333,75.4,1.257,37.7,
2025-03-18,2025-03,Maisa 2+3,,47010,75147 TJ ORG Roasted Herbal Cofee (12 Pack) - G,Tea,inferred,,yes,5.0,7200,10.083,50.417,714.0,11.901,142.8,
2025-03-18,2025-03,Spack,,10031,Roasted Chicory Root - 1 Lb Bag,Bag/Other,inferred,,yes,5.0,6992,9.633,48.167,725.8,12.097,145.2,
2025-03-18,2025-03,Spack,,10039A,AMZN Roasted French Chicory 2 X 1 Lb Bag,Bag/Other,inferred,,yes,5.0,84,0.183,0.917,458.2,7.636,91.6,
2025-03-18,2025-03,WeighRight,,10303,"DO NOT MAKE Org Cinnamon, 5 Lb Bag",Bag/Other,inferred,,yes,2.0,153,5.0,10.0,30.6,0.51,15.3,
2025-03-19,2025-03,AMS,handpack,10006A,WWB AMZN Organic Lemon Balm (6 Oz) ,Bag/Other,inferred,,yes,3.0,325,10.167,30.5,32.0,0.533,10.7,
2025-03-19,2025-03,AMS,handpack,10008,"Org Rooibos, 8 Oz Bag",Bag/Other,inferred,,yes,1.0,24,0.733,0.733,32.7,0.545,32.7,
2025-03-19,2025-03,AMS,handpack,10017,ORG Lemon Balm (+8) 1LB Bag - 7-9523910017,Bag/Other,inferred,,yes,2.0,350,8.733,17.467,40.1,0.668,20.0,
2025-03-19,2025-03,Assembly,,45001L,Mushroom Adapt Tea Bag Sampler Box,Sampler,governed,high,yes,6.0,700,2.5,15.0,280.0,4.667,46.7,
2025-03-19,2025-03,Maisa 1,,42080,ORG Irish Cream 10ct/6pk Tea Bag - G,Tea,inferred,,yes,3.0,462,0.917,2.75,504.0,8.4,168.0,
2025-03-19,2025-03,Maisa 2+3,,47010,75147 TJ ORG Roasted Herbal Cofee (12 Pack) - G,Tea,inferred,,yes,5.0,8316,10.1,50.5,823.4,13.723,164.7,
2025-03-19,2025-03,Spack,,10031,Roasted Chicory Root - 1 Lb Bag,Bag/Other,inferred,,yes,5.0,3316,4.633,23.167,715.7,11.928,143.1,
2025-03-19,2025-03,WeighRight,,10303,"DO NOT MAKE Org Cinnamon, 5 Lb Bag",Bag/Other,inferred,,yes,2.0,20,1.333,2.667,15.0,0.25,7.5,
2025-03-19,2025-03,WeighRight,,60010,ORG Vanilla Nut 5 Lb Bag - GA,Bag/Other,inferred,,yes,2.0,90,1.283,2.567,70.1,1.169,35.1,
2025-03-19,2025-03,WeighRight,,Clean,Standard Clean,Bag/Other,inferred,,,3.0,0,1.0,3.0,,,,
2025-03-20,2025-03,AMS,handpack,10006A,WWB AMZN Organic Lemon Balm (6 Oz) ,Bag/Other,inferred,,yes,3.0,325,7.5,22.5,43.3,0.722,14.4,
2025-03-20,2025-03,AMS,handpack,10081A,AMZN - WWB - ORG Roasted Ramon Granules - 1 Lb,Bag/Other,inferred,,yes,2.0,492,4.7,9.4,104.7,1.745,52.3,
2025-03-20,2025-03,Assembly,,42040,ORG Snickerdoodle 10ct/6pk Tea Bag - GA,Tea,inferred,,yes,1.0,276,5.733,5.733,48.1,0.802,48.1,
2025-03-20,2025-03,Assembly,,42040,ORG Snickerdoodle 10ct/6pk Tea Bag - GA,Tea,inferred,,yes,1.0,348,6.3,6.3,55.2,0.921,55.2,
2025-03-20,2025-03,Assembly,,43331A,AMZN Dandelion Turmeric 25 Count Tea Bag - X002GYE5BJ,Tea,inferred,,yes,1.0,120,4.317,4.317,27.8,0.463,27.8,
2025-03-20,2025-03,Assembly,,43333,DO NOT MAKE ORG Dandelion Turmeric 25CT Tea Bag 3PK,Tea,inferred,,yes,1.0,60,2.167,2.167,27.7,0.462,27.7,
2025-03-20,2025-03,Assembly,,43341,Dandelion Coconut 25 Count Tea Bag - A,Tea,governed,high,,1.0,0,4.933,4.933,,,,
2025-03-20,2025-03,Assembly,,45001L,Mushroom Adapt Tea Bag Sampler Box,Sampler,governed,high,yes,6.0,700,2.75,16.5,254.5,4.242,42.4,
2025-03-20,2025-03,Assembly,,80130,ORG MACA Chocolate 11OZ Bag/6 Count Case - G,Bag/Other,inferred,,,1.0,0,2.25,2.25,,,,
2025-03-20,2025-03,Maisa 1,,CleanG,Clean + Gluten Test,Tea,inferred,,,3.0,0,0.35,1.05,,,,
2025-03-20,2025-03,Maisa 2+3,,47010,75147 TJ ORG Roasted Herbal Cofee (12 Pack) - G,Tea,inferred,,yes,5.0,7536,10.0,50.0,753.6,12.56,150.7,
2025-03-20,2025-03,WeighRight,,80010A,AMZN Org Vanilla Nut 11OZ Bag/Box of 24 - GA,Bag/Other,inferred,,yes,3.0,624,1.283,3.85,486.2,8.104,162.1,
2025-03-20,2025-03,WeighRight,,80010L,Org Vanilla Nut 11OZ Bag/Box of 24 - GA,Bag/Other,inferred,,yes,3.0,1014,1.9,5.7,533.7,8.895,177.9,
2025-03-20,2025-03,WeighRight,,80060,ORG Hazelnut 11OZ Bag/6 Count Case - GA,Bag/Other,inferred,,yes,3.0,1380,2.267,6.8,608.8,10.147,202.9,
2025-03-20,2025-03,WeighRight,,80060L,Org Hazelnut 11OZ Bag/Box of 24 - GA,Bag/Other,inferred,,yes,3.0,1080,1.967,5.9,549.2,9.153,183.1,
2025-03-20,2025-03,WeighRight,,80066A,Hazelnut 500g APG Bag - GA,APG,inferred,,yes,3.0,384,0.9,2.7,426.7,7.111,142.2,
2025-03-20,2025-03,WeighRight,,86020L,ORG Macadamia Nut 10 Oz Bag/Box of 24 - GA,APG,governed,high,yes,3.0,203,0.417,1.25,487.2,8.12,162.4,
2025-03-20,2025-03,WeighRight,,Clean,Standard Clean,Bag/Other,inferred,,,3.0,0,0.433,1.3,,,,
2025-03-20,2025-03,WeighRight,,Clean,Standard Clean,Bag/Other,inferred,,,3.0,0,0.833,2.5,,,,
2025-03-20,2025-03,WeighRight,,Clean,Standard Clean,Bag/Other,inferred,,,3.0,0,0.333,1.0,,,,
2025-03-24,2025-03,AMS,handpack,10017,ORG Lemon Balm (+8) 1LB Bag - 7-9523910017,Bag/Other,inferred,,yes,2.0,220,6.083,12.167,36.2,0.603,18.1,
2025-03-24,2025-03,AMS,handpack,10019,ORG Astragalus 8 Oz Bag,Bag/Other,inferred,,yes,2.0,40,0.5,1.0,80.0,1.333,40.0,
2025-03-24,2025-03,AMS,handpack,10022,ORG Raw Dandelion1 Lb Bag,Bag/Other,inferred,,yes,1.0,288,4.333,4.333,66.5,1.108,66.5,
2025-03-24,2025-03,AMS,handpack,10081A,AMZN - WWB - ORG Roasted Ramon Granules - 1 Lb,Bag/Other,inferred,,yes,2.0,492,9.583,19.167,51.3,0.856,25.7,
2025-03-24,2025-03,Assembly,,40132,ORG Maca Chocolate 25CT Tea Bag - G,Tea,governed,high,yes,1.0,240,8.333,8.333,28.8,0.48,28.8,
2025-03-24,2025-03,Assembly,,45001L,Mushroom Adapt Tea Bag Sampler Box,Sampler,governed,high,yes,6.0,508,2.983,17.9,170.3,2.838,28.4,
2025-03-24,2025-03,Maisa 1,,48003,WWB ORG Lemon Balm 25ct Tea Bag 2.25g,Tea,inferred,,yes,3.0,1152,9.75,29.25,118.2,1.969,39.4,
2025-03-24,2025-03,Maisa 2+3,,40060,ORG Hazelnut 10ct/6pk Tea Bag - GA,Tea,inferred,,yes,5.0,2400,5.25,26.25,457.1,7.619,91.4,
2025-03-24,2025-03,Maisa 2+3,,40060A,AMZN Org Hazelnut 10 Ct Tea Bag Loose - GA,Tea,inferred,,yes,3.0,432,1.05,3.15,411.4,6.857,137.1,
2025-03-24,2025-03,Maisa 2+3,,47010,75147 TJ ORG Roasted Herbal Cofee (12 Pack) - G,Tea,inferred,,yes,5.0,2400,3.05,15.25,786.9,13.115,157.4,
2025-03-24,2025-03,Maisa 2+3,,Clean,Standard Clean,Tea,inferred,,,5.0,0,0.733,3.667,,,,
2025-03-24,2025-03,Maisa 2+3,,NTB0060,Hazelnut Tagless 6g Tea Bag - GA,Tea bag (intermediate),item-code,,yes,2.0,21600,4.05,8.1,5333.3,88.889,2666.7,
2025-03-25,2025-03,AMS,handpack,10019,ORG Astragalus 8 Oz Bag,Bag/Other,inferred,,yes,2.0,552,8.167,16.333,67.6,1.127,33.8,
2025-03-25,2025-03,AMS,handpack,10022,ORG Raw Dandelion1 Lb Bag,Bag/Other,inferred,,yes,2.0,480,4.15,8.3,115.7,1.928,57.8,
2025-03-25,2025-03,AMS,handpack,10042,ORG Burdock 1 Lb Bag,Bag/Other,inferred,,yes,3.0,456,5.333,16.0,85.5,1.425,28.5,
2025-03-25,2025-03,Assembly,,40001,Herbal Tea Sampler Box - 6 Count Case,Sampler,inferred,,yes,6.0,78,2.833,17.0,27.5,0.459,4.6,
2025-03-25,2025-03,Assembly,,40091,Teeccino Intro Tea Bag Sampler,Sampler,governed,high,,2.0,0,4.867,9.733,,,,
2025-03-25,2025-03,Assembly,,43001L,Dandelion Tea Sampler Box - Loose - G,Sampler,governed,high,yes,4.0,360,1.167,4.667,308.6,5.143,77.1,
2025-03-25,2025-03,Assembly,,46001L,Prebiotic Super Tea Bag Sampler Box,Sampler,governed,high,yes,2.0,298,13.717,27.433,21.7,0.362,10.9,
2025-03-25,2025-03,Assembly,,85020L,ORG Chaga Ashwagandha 10 Oz Bag/Box of 24,Bag/Other,inferred,,yes,1.0,432,1.1,1.1,392.7,6.545,392.7,
2025-03-25,2025-03,Maisa 1,,48003,WWB ORG Lemon Balm 25ct Tea Bag 2.25g,Tea,inferred,,yes,3.0,591,3.75,11.25,157.6,2.627,52.5,
2025-03-25,2025-03,Maisa 1,,48003,WWB ORG Lemon Balm 25ct Tea Bag 2.25g,Tea,inferred,,yes,3.0,780,5.133,15.4,151.9,2.532,50.6,
2025-03-25,2025-03,Maisa 2+3,,40060,ORG Hazelnut 10ct/6pk Tea Bag - GA,Tea,inferred,,yes,5.0,5400,3.833,19.167,1408.7,23.478,281.7,
2025-03-25,2025-03,Maisa 2+3,,Clean,Standard Clean,Tea,inferred,,,5.0,0,0.5,2.5,,,,
2025-03-26,2025-03,AMS,handpack,10202,ORG Peppermint 1 Lb Bag,Bag/Other,inferred,,yes,4.0,50,2.833,11.333,17.6,0.294,4.4,
2025-03-26,2025-03,Assembly,,40001,Herbal Tea Sampler Box - 6 Count Case,Sampler,inferred,,yes,6.0,78,0.1,0.6,780.0,13.0,130.0,
2025-03-26,2025-03,Assembly,,40011,ORG Vanila Nut 25CT Tea Bag - GA,Tea,governed,high,yes,1.0,312,3.583,3.583,87.1,1.451,87.1,
2025-03-26,2025-03,Assembly,,40064,DO NOT MAKE ORG - Hazelnut 10CT Tea Bag 4PK - GA,Tea,inferred,,yes,4.0,80,1.35,5.4,59.3,0.988,14.8,
2025-03-26,2025-03,Assembly,,40066,Hazelnut Tagless Tea Bag - 50 Ct - GA,Tea,governed,high,yes,3.0,372,4.75,14.25,78.3,1.305,26.1,
2025-03-26,2025-03,Assembly,,40097,Teecino Tea Bag 12 Flavor Sampler,Sampler,governed,high,yes,2.0,210,4.2,8.4,50.0,0.833,25.0,
2025-03-26,2025-03,Assembly,,40113,ORG French Roast 25CT Tea Bag 3PK - G,Tea,inferred,,yes,1.0,120,0.883,0.883,135.8,2.264,135.8,
2025-03-26,2025-03,Assembly,,42040,ORG Snickerdoodle 10ct/6pk Tea Bag - GA,Tea,inferred,,yes,2.0,144,0.633,1.267,227.4,3.789,113.7,
2025-03-26,2025-03,Assembly,,43001L,Dandelion Tea Sampler Box - Loose - G,Sampler,governed,high,yes,4.0,576,3.8,15.2,151.6,2.526,37.9,
2025-03-26,2025-03,Assembly,,43311,Dandelion Mocha Mint 25 Count Tea Bag - A,Tea,governed,high,yes,3.0,240,2.417,7.25,99.3,1.655,33.1,
2025-03-26,2025-03,Assembly,,43340L,Org Dandelion Coconut 10 Ct Tea Bag Loose - A,Tea,governed,high,,1.0,0,0.6,0.6,,,,
2025-03-26,2025-03,Assembly,,45021,ORG Chaga Ashwagandha 25 Ct Tea Bag,Tea,governed,high,yes,2.0,240,2.333,4.667,102.9,1.714,51.4,
2025-03-26,2025-03,Assembly,,45021A,AMZN ORG Chaga Ashwagandha 25 Ct Tea Bag,Tea,inferred,,yes,3.0,312,2.167,6.5,144.0,2.4,48.0,
2025-03-26,2025-03,Assembly,,45051,ORG Turkey Tail Astragalus 25 Ct Tea Bag - G,Tea,governed,high,yes,1.0,240,2.683,2.683,89.4,1.491,89.4,
2025-03-26,2025-03,Assembly,,46001L,Prebiotic Super Tea Bag Sampler Box,Sampler,governed,high,yes,2.0,98,3.083,6.167,31.8,0.53,15.9,
2025-03-26,2025-03,Assembly,,49020A,Sampler Gift Box (VP/DVP/MVP/PVP),Sampler,inferred,,yes,2.0,160,7.333,14.667,21.8,0.364,10.9,
2025-03-26,2025-03,Assembly,,53098,Dandelion Packet Sampler Pack,Sampler,inferred,,yes,4.0,142,0.333,1.333,426.0,7.1,106.5,
2025-03-26,2025-03,Assembly,,55092A,AMZN Mushroom 6 Packet Sampler,Sampler,inferred,,yes,2.0,72,5.0,10.0,14.4,0.24,7.2,
2025-03-26,2025-03,Assembly,,80043,DO NOT MAKE ORG Blood Orange 11OZ Bag 3PK - GA,Bag/Other,inferred,,yes,1.0,80,0.733,0.733,109.1,1.818,109.1,
2025-03-26,2025-03,Assembly,,80070A,AMZN Org Java 11OZ Bag/Box of 24 - GA,Bag/Other,inferred,,yes,2.0,432,1.117,2.233,386.9,6.448,193.4,
2025-03-26,2025-03,Assembly,,80130A,AMZN Org Maca Chocolate 11OZ Bag/Box of 24 - G,Bag/Other,inferred,,yes,2.0,240,1.933,3.867,124.1,2.069,62.1,
2025-03-26,2025-03,Assembly,,83013,DO NOT MAKE  ORG Dandelion Vanilla Nut 10OZ Bag 3PK  - A,Bag/Other,inferred,,yes,,80,0.833,,96.0,1.6,,
2025-03-26,2025-03,Assembly,,83113,ORG Dandelion Dark Roast 10OZ Bag 3PK ,Bag/Other,inferred,,yes,2.0,160,1.967,3.933,81.4,1.356,40.7,
2025-03-26,2025-03,Assembly,,83310A,AMZN Org Dandelion Mocha Mint 10OZ Bag/Box of 24 - A,Bag/Other,inferred,,yes,3.0,240,0.167,0.5,1440.0,24.0,480.0,
2025-03-26,2025-03,Assembly,,85013,DO NOT MAKE ORG Reishi Eleuthero 10OZ Bag 3PK  - G,Bag/Other,inferred,,yes,2.0,80,1.45,2.9,55.2,0.92,27.6,
2025-03-26,2025-03,Maisa 1,,Clean,Standard Clean,Tea,inferred,,,3.0,0,0.833,2.5,,,,
2025-03-27,2025-03,AMS,handpack,10006A,WWB AMZN Organic Lemon Balm (6 Oz) ,Bag/Other,inferred,,,1.0,0,3.417,3.417,,,,
2025-03-27,2025-03,AMS,handpack,10015,"ORG Schisandra, 1 lb Bag",Bag/Other,inferred,,yes,2.0,204,3.333,6.667,61.2,1.02,30.6,
2025-03-27,2025-03,AMS,handpack,10021A,AMZN - WWB - Date Sugar - 1 Lb,Bag/Other,inferred,,yes,2.0,204,1.417,2.833,144.0,2.4,72.0,
2025-03-27,2025-03,AMS,handpack,10202,ORG Peppermint 1 Lb Bag,Bag/Other,inferred,,yes,4.0,300,5.333,21.333,56.2,0.938,14.1,
2025-03-27,2025-03,Assembly,,40001A,AMZN Labeled Herbal Tea Sampler Box/Variety Pack,Bundle,inferred,,yes,2.0,35,0.833,1.667,42.0,0.7,21.0,
2025-03-27,2025-03,Assembly,,40001A,AMZN Labeled Herbal Tea Sampler Box/Variety Pack,Bundle,inferred,,yes,2.0,35,0.833,1.667,42.0,0.7,21.0,
2025-03-27,2025-03,Assembly,,40013,ORG Vanila Nut 25CT Tea Bag 3PK - GA,Tea,inferred,,yes,3.0,132,3.833,11.5,34.4,0.574,11.5,
2025-03-27,2025-03,Assembly,,40031,ORG Almond Amaretto 25CT Tea Bag - GA,Tea,governed,high,yes,2.0,480,6.6,13.2,72.7,1.212,36.4,
2025-03-27,2025-03,Assembly,,40131,ORG Mexican Chocolate 25CT Tea Bag - G,Tea,governed,high,yes,3.0,384,3.667,11.0,104.7,1.745,34.9,
2025-03-27,2025-03,Assembly,,43313,DO NOT MAKE ORG Dandelion Mocha Mint 25CT Tea Bag 3PK - A,Tea,inferred,,yes,3.0,168,0.9,2.7,186.7,3.111,62.2,
2025-03-27,2025-03,Assembly,,45031,ORG Lion's Mane Rhodiola 25 Ct Tea Bag - G,Tea,inferred,,yes,2.0,168,2.167,4.333,77.5,1.292,38.8,
2025-03-27,2025-03,Assembly,,45051,ORG Turkey Tail Astragalus 25 Ct Tea Bag - G,Tea,governed,high,yes,4.0,600,4.683,18.733,128.1,2.135,32.0,
2025-03-27,2025-03,Assembly,,45053,DO NOT MAKE ORG Turkey Tail Astragalus 25CT Tea Bag 3PK - G,Tea,inferred,,yes,1.0,60,1.183,1.183,50.7,0.845,50.7,
2025-03-27,2025-03,Assembly,,46011,ORG Dark Chocolate 25 Ct Tea Bag,Tea,governed,high,yes,2.0,240,3.017,6.033,79.6,1.326,39.8,
2025-03-27,2025-03,Assembly,,49020,Sampler Box Gift Box,Sampler,governed,high,yes,1.0,70,2.367,2.367,29.6,0.493,29.6,
2025-03-27,2025-03,Assembly,,49020A,Sampler Gift Box (VP/DVP/MVP/PVP),Sampler,inferred,,yes,2.0,132,4.333,8.667,30.5,0.508,15.2,
2025-03-27,2025-03,Assembly,,50091,Teeccino Nut Flavor Sampler,Sampler,governed,high,yes,2.0,50,0.767,1.533,65.2,1.087,32.6,
2025-03-27,2025-03,Assembly,,55092A,AMZN Mushroom 6 Packet Sampler,Sampler,inferred,,,2.0,0,1.167,2.333,,,,
2025-03-27,2025-03,Assembly,,83083,DO NOT MAKE ORG Dandelion Mocha 10OZ Bag 3PK  - A,Bag/Other,inferred,,yes,2.0,80,12.45,24.9,6.4,0.107,3.2,
2025-03-27,2025-03,Assembly,,86010L,ORG Dark Chocolate 10 Oz Bag/Box of 24,Bag/Other,inferred,,yes,2.0,72,0.283,0.567,254.1,4.235,127.1,
2025-03-31,2025-03,AMS,handpack,10006A,WWB AMZN Organic Lemon Balm (6 Oz) ,Bag/Other,inferred,,yes,2.0,202,10.25,20.5,19.7,0.328,9.9,
2025-03-31,2025-03,AMS,handpack,10021A,AMZN - WWB - Date Sugar - 1 Lb,Bag/Other,inferred,,yes,1.0,96,1.117,1.117,86.0,1.433,86.0,
2025-03-31,2025-03,AMS,handpack,10071A,DO NOT MAKE AMZN - WWB - ORG Roasted Barley - 1 Lb - G,Bag/Other,inferred,,yes,1.0,84,8.0,8.0,10.5,0.175,10.5,
2025-03-31,2025-03,Assembly,,40001A,AMZN Labeled Herbal Tea Sampler Box/Variety Pack,Bundle,inferred,,yes,2.0,1120,10.167,20.333,110.2,1.836,55.1,
2025-03-31,2025-03,Assembly,,40001A,AMZN Labeled Herbal Tea Sampler Box/Variety Pack,Bundle,inferred,,yes,2.0,1120,10.167,20.333,110.2,1.836,55.1,
2025-03-31,2025-03,Assembly,,43321,Dandelion Red Chai 25 Count Tea Bag,Tea,governed,high,yes,2.0,240,3.75,7.5,64.0,1.067,32.0,
2025-03-31,2025-03,Assembly,,45010,ORG Reishi Eleuthero 10 Ct Tea Bag/6 Count Case - G,Tea,inferred,,yes,2.0,720,4.133,8.267,174.2,2.903,87.1,
2025-04-01,2025-04,AMS,handpack,10006A,WWB AMZN Organic Lemon Balm (6 Oz) ,Bag/Other,inferred,,yes,2.0,518,10.167,20.333,51.0,0.849,25.5,
2025-04-01,2025-04,AMS,handpack,10059A,AMZN ORG French Chicory 2 X 1 Lb Bag,Bag/Other,inferred,,yes,3.0,408,3.667,11.0,111.3,1.855,37.1,
2025-04-01,2025-04,AMS,handpack,10071A,DO NOT MAKE AMZN - WWB - ORG Roasted Barley - 1 Lb - G,Bag/Other,inferred,,yes,1.0,516,8.75,8.75,59.0,0.983,59.0,
2025-04-01,2025-04,Assembly,,40001A,AMZN Labeled Herbal Tea Sampler Box/Variety Pack,Bundle,inferred,,yes,2.0,177,8.433,16.867,21.0,0.35,10.5,
2025-04-01,2025-04,Assembly,,40001A,AMZN Labeled Herbal Tea Sampler Box/Variety Pack,Bundle,inferred,,yes,2.0,177,8.433,16.867,21.0,0.35,10.5,
2025-04-01,2025-04,Assembly,,45041,ORG Cordyceps Schisandra 25 Ct Tea Bag,Tea,governed,high,yes,,105,3.967,,26.5,0.441,,
2025-04-01,2025-04,Assembly,,46021A,AMZN ORG Macadamia Nut 25 Ct Tea Bag - X002LGV6NH - GA,Tea,inferred,,yes,,264,6.15,,42.9,0.715,,
2025-04-01,2025-04,Maisa 1,,48003,WWB ORG Lemon Balm 25ct Tea Bag 2.25g,Tea,inferred,,yes,3.0,1464,10.0,30.0,146.4,2.44,48.8,
2025-04-02,2025-04,AMS,handpack,10005A,WWB AMZN Organic Chia (1lb),Bag/Other,inferred,,yes,2.0,401,4.833,9.667,83.0,1.383,41.5,
2025-04-02,2025-04,AMS,handpack,10006A,WWB AMZN Organic Lemon Balm (6 Oz) ,Bag/Other,inferred,,yes,5.0,1320,8.067,40.333,163.6,2.727,32.7,
2025-04-02,2025-04,Assembly,,40097,Teecino Tea Bag 12 Flavor Sampler,Sampler,governed,high,yes,1.0,90,4.417,4.417,20.4,0.34,20.4,
2025-04-02,2025-04,Assembly,,42040,ORG Snickerdoodle 10ct/6pk Tea Bag - GA,Tea,inferred,,yes,,96,1.417,,67.8,1.129,,
2025-04-02,2025-04,Assembly,,45041,ORG Cordyceps Schisandra 25 Ct Tea Bag,Tea,governed,high,yes,,135,3.183,,42.4,0.707,,
2025-04-02,2025-04,Assembly,,50096,Top Six Packet Sampler pack,Sampler,inferred,,yes,1.0,232,9.767,9.767,23.8,0.396,23.8,
2025-04-02,2025-04,Assembly,,50096,Top Six Packet Sampler pack,Sampler,inferred,,yes,1.0,98,4.833,4.833,20.3,0.338,20.3,
2025-04-02,2025-04,Maisa 1,,48003,WWB ORG Lemon Balm 25ct Tea Bag 2.25g,Tea,inferred,,yes,3.0,140,0.733,2.2,190.9,3.182,63.6,
2025-04-02,2025-04,Maisa 1,,TB8003,ORG Lemon Balm Tea Bag 2.25g,Tea bag (intermediate),item-code,,yes,3.0,1270,0.433,1.3,2930.8,48.846,976.9,
2025-04-02,2025-04,Maisa 2+3,,TB311,ORG Dandelion Dark Roast Tea Bag,Tea bag (intermediate),item-code,,yes,2.0,17000,6.617,13.233,2569.3,42.821,1284.6,
2025-04-03,2025-04,AMS,handpack,10012,"ORG Lemon Grass, 7 Oz Bag",Bag/Other,inferred,,yes,2.0,624,8.333,16.667,74.9,1.248,37.4,
2025-04-03,2025-04,Assembly,,53091,AMZN Dandelion 6 Packet Sampler - X002V5663N,Sampler,inferred,,yes,1.0,180,3.283,3.283,54.8,0.914,54.8,
2025-04-03,2025-04,Assembly,,80013,ORG Vanilla Nut 11oz Bag 3PK - GA,Bag/Other,inferred,,yes,1.0,160,1.717,1.717,93.2,1.553,93.2,
2025-04-03,2025-04,Assembly,,80043,DO NOT MAKE ORG Blood Orange 11OZ Bag 3PK - GA,Bag/Other,inferred,,yes,1.0,160,2.467,2.467,64.9,1.081,64.9,
2025-04-03,2025-04,Assembly,,83340A,AMZN Org Dandelion Coconut 10OZ Bag/Box of 24 - A,Bag/Other,inferred,,yes,1.0,192,1.467,1.467,130.9,2.182,130.9,
2025-04-03,2025-04,Maisa 1,,43110,ORG Dandelion Dark Roast 10ct/6pk Tea Bag,Tea,inferred,,yes,3.0,1380,5.967,17.9,231.3,3.855,77.1,
2025-04-03,2025-04,Maisa 1,,43110A,AMZN Org Dandelion Dark Roast 10 Ct Tea Bag Loose,Tea,inferred,,yes,3.0,720,2.75,8.25,261.8,4.364,87.3,
2025-04-03,2025-04,Maisa 1,,Clean,Standard Clean,Tea,inferred,,,3.0,0,0.65,1.95,,,,
2025-04-03,2025-04,Maisa 2+3,,43111,ORG Dandelion Dark Roast 25CT Tea Bag,Tea,governed,high,yes,5.0,1800,8.133,40.667,221.3,3.689,44.3,
2025-04-03,2025-04,Maisa 2+3,,43113,ORG Dandelion Dark Roast 25CT Tea Bag 3PK,Tea,inferred,,yes,5.0,120,1.2,6.0,100.0,1.667,20.0,
2025-04-03,2025-04,Maisa 2+3,,TB311,ORG Dandelion Dark Roast Tea Bag,Tea bag (intermediate),item-code,,yes,2.0,1500,0.333,0.667,4500.0,75.0,2250.0,
2025-04-04,2025-04,AMS,handpack,10005A,WWB AMZN Organic Chia (1lb),Bag/Other,inferred,,yes,2.0,607,10.167,20.333,59.7,0.995,29.9,
2025-04-07,2025-04,AMS,handpack,10005A,WWB AMZN Organic Chia (1lb),Bag/Other,inferred,,yes,2.0,378,6.833,13.667,55.3,0.922,27.7,
2025-04-07,2025-04,Assembly,,42040,ORG Snickerdoodle 10ct/6pk Tea Bag - GA,Tea,inferred,,yes,1.0,150,2.0,2.0,75.0,1.25,75.0,
2025-04-07,2025-04,Assembly,,42080,ORG Irish Cream 10ct/6pk Tea Bag - G,Tea,inferred,,yes,2.0,132,1.483,2.967,89.0,1.483,44.5,
2025-04-07,2025-04,Assembly,,80023,DO NOT MAKE ORG Chocolate Mint 11oz Bag 3PK - GA,Bag/Other,inferred,,yes,2.0,160,1.0,2.0,160.0,2.667,80.0,
2025-04-07,2025-04,Maisa 1,,40051,Org English Toffee 25-Ct Tea Bag - GA,Tea,inferred,,yes,3.0,545,2.917,8.75,186.9,3.114,62.3,
2025-04-07,2025-04,Maisa 1,,40110,ORG French Roast 10 Count Tea Bag - G,Tea,inferred,,yes,3.0,1920,4.417,13.25,434.7,7.245,144.9,
2025-04-07,2025-04,Maisa 1,,48002,WWB ORG Roasted Barley 25ct Tea Bag - G,Tea,inferred,,yes,3.0,192,1.5,4.5,128.0,2.133,42.7,
2025-04-07,2025-04,Maisa 1,,Clean,Standard Clean,Tea,inferred,,,3.0,0,0.5,1.5,,,,
2025-04-07,2025-04,Maisa 1,,Clean,Standard Clean,Tea,inferred,,,3.0,0,0.5,1.5,,,,
2025-04-07,2025-04,Maisa 1,,Clean,Standard Clean,Tea,inferred,,,3.0,0,1.0,3.0,,,,
2025-04-07,2025-04,Maisa 2+3,,43110,ORG Dandelion Dark Roast 10ct/6pk Tea Bag,Tea,inferred,,yes,5.0,5706,9.0,45.0,634.0,10.567,126.8,
2025-04-07,2025-04,Maisa 2+3,,43113,ORG Dandelion Dark Roast 25CT Tea Bag 3PK,Tea,inferred,,yes,5.0,120,1.083,5.417,110.8,1.846,22.2,
2025-04-07,2025-04,WeighRight,,55020,Chaga Ashwagandha 30g Trial Size Packet,Bag/Other,inferred,,yes,3.0,926,1.75,5.25,529.1,8.819,176.4,
2025-04-07,2025-04,WeighRight,,80050L,ORG English Toffee 11oz Bag/Box of 24 - GA,Bag/Other,inferred,,yes,3.0,600,2.417,7.25,248.3,4.138,82.8,
2025-04-07,2025-04,WeighRight,,85020L,ORG Chaga Ashwagandha 10 Oz Bag/Box of 24,Bag/Other,inferred,,yes,3.0,1800,3.967,11.9,453.8,7.563,151.3,
2025-04-07,2025-04,WeighRight,,85023,DO NOT MAKE  ORG Chaga Ashwagandha 10OZ Bag 3PK ,Bag/Other,inferred,,yes,3.0,80,1.0,3.0,80.0,1.333,26.7,
2025-04-07,2025-04,WeighRight,,Clean,Standard Clean,Bag/Other,inferred,,,3.0,0,0.333,1.0,,,,
2025-04-08,2025-04,AMS,handpack,10005A,WWB AMZN Organic Chia (1lb),Bag/Other,inferred,,,2.0,0,10.167,20.333,,,,
2025-04-08,2025-04,AMS,handpack,10012,"ORG Lemon Grass, 7 Oz Bag",Bag/Other,inferred,,yes,1.0,109,10.0,10.0,10.9,0.182,10.9,
2025-04-08,2025-04,Assembly,,46001L,Prebiotic Super Tea Bag Sampler Box,Sampler,governed,high,yes,2.0,432,4.75,9.5,90.9,1.516,45.5,
2025-04-08,2025-04,Assembly,,TGB311,ORG Dandelion Dark Roast Tea Bag Goody Bag,Tea,inferred,,yes,1.0,500,1.5,1.5,333.3,5.556,333.3,
2025-04-08,2025-04,Assembly,,TGB322,Dandelion Caramel Nut Tea Bag Goody Bag - A,Tea,inferred,,yes,1.0,500,1.517,1.517,329.7,5.495,329.7,
2025-04-08,2025-04,Assembly,,TGB502,Chaga Ashwaganda Tea Goody Bag,Bag/Other,inferred,,yes,1.0,500,1.7,1.7,294.1,4.902,294.1,
2025-04-08,2025-04,Assembly,,TGB601,ORG Dark Chocolate Tea Bag Goody Bag,Tea,inferred,,yes,1.0,500,1.117,1.117,447.8,7.463,447.8,
2025-04-08,2025-04,Maisa 1,,40110,ORG French Roast 10 Count Tea Bag - G,Tea,inferred,,yes,3.0,2220,5.117,15.35,433.9,7.231,144.6,
2025-04-08,2025-04,Maisa 1,,40110L,Org French Roast 10 Ct Tea Bag Loose - G,Tea,governed,high,yes,3.0,1116,2.417,7.25,461.8,7.697,153.9,
2025-04-08,2025-04,Maisa 1,,40111,ORG French Roast 25CT Tea Bag - G,Tea,governed,high,yes,3.0,360,2.0,6.0,180.0,3.0,60.0,
2025-04-08,2025-04,Maisa 1,,40111F,ORG French Roast DL 25CT Tea Bag AMZN (24pk) - G,Tea,inferred,,yes,3.0,120,0.55,1.65,218.2,3.636,72.7,
2025-04-08,2025-04,Maisa 2+3,,43110,ORG Dandelion Dark Roast 10ct/6pk Tea Bag,Tea,inferred,,yes,5.0,6054,9.867,49.333,613.6,10.226,122.7,
2025-04-08,2025-04,Maisa 2+3,,Clean,Standard Clean,Tea,inferred,,,5.0,0,0.5,2.5,,,,
2025-04-08,2025-04,WeighRight,,85020,ORG Chaga Ashwagandha 10 Oz Bag/6 Count Case,Bag/Other,inferred,,yes,3.0,1380,2.883,8.65,478.6,7.977,159.5,
2025-04-08,2025-04,WeighRight,,86010,ORG Dark Chocolate 10 Oz Bag/6 Count Case,Bag/Other,inferred,,yes,3.0,936,2.1,6.3,445.7,7.429,148.6,
2025-04-08,2025-04,WeighRight,,86010L,ORG Dark Chocolate 10 Oz Bag/Box of 24,Bag/Other,inferred,,yes,3.0,1560,3.733,11.2,417.9,6.964,139.3,
2025-04-08,2025-04,WeighRight,,86013,DO NOT MAKE ORG Dark Chocolate 10OZ Bag 3PK ,Bag/Other,inferred,,yes,3.0,80,0.717,2.15,111.6,1.86,37.2,
2025-04-08,2025-04,WeighRight,,Clean,Standard Clean,Bag/Other,inferred,,,3.0,0,0.6,1.8,,,,
2025-04-09,2025-04,AMS,handpack,10012,"ORG Lemon Grass, 7 Oz Bag",Bag/Other,inferred,,yes,2.0,300,10.0,20.0,30.0,0.5,15.0,
2025-04-09,2025-04,AMS,handpack,10059A,AMZN ORG French Chicory 2 X 1 Lb Bag,Bag/Other,inferred,,yes,3.0,552,2.417,7.25,228.4,3.807,76.1,
2025-04-09,2025-04,Assembly,,85050L,ORG Turkey Tail Astragalus 10 Oz Bag/Box of 24 - G,Bag/Other,inferred,,yes,1.0,288,13.35,13.35,21.6,0.36,21.6,
2025-04-09,2025-04,Maisa 1,,40111,ORG French Roast 25CT Tea Bag - G,Tea,governed,high,yes,3.0,1440,7.95,23.85,181.1,3.019,60.4,
2025-04-09,2025-04,Maisa 1,,TB110,ORG French Roast Tea Bag Loose - G,Tea bag (intermediate),item-code,,yes,3.0,10500,2.133,6.4,4921.9,82.031,1640.6,
2025-04-09,2025-04,Maisa 2+3,,45020,ORG Chaga Ashwagandha 10 Ct Tea Bag/6 Count Case,Tea,inferred,,yes,5.0,2760,4.25,21.25,649.4,10.824,129.9,
2025-04-09,2025-04,Maisa 2+3,,45020F,Chaga Ashwagandha Dual Language 10 cnt TB,Tea,inferred,,yes,5.0,1380,1.717,8.583,803.9,13.398,160.8,
2025-04-09,2025-04,Maisa 2+3,,45021,ORG Chaga Ashwagandha 25 Ct Tea Bag,Tea,governed,high,yes,5.0,1176,4.033,20.167,291.6,4.86,58.3,
2025-04-09,2025-04,WeighRight,,60110,ORG French Roast 5 Lb Bag - G,Bag/Other,inferred,,yes,3.0,32,0.167,0.5,192.0,3.2,64.0,
2025-04-09,2025-04,WeighRight,,80110,ORG French Roast 11OZ Bag/6 Count Case - G,Bag/Other,inferred,,yes,3.0,684,4.283,12.85,159.7,2.661,53.2,
2025-04-09,2025-04,WeighRight,,83110L,ORG Dandelion Dark Roast 10 oz Bag/Box of 24,APG,governed,high,yes,3.0,871,1.933,5.8,450.5,7.509,150.2,
2025-04-09,2025-04,WeighRight,,83113,ORG Dandelion Dark Roast 10OZ Bag 3PK ,Bag/Other,inferred,,yes,3.0,192,1.333,4.0,144.0,2.4,48.0,
2025-04-09,2025-04,WeighRight,,86010,ORG Dark Chocolate 10 Oz Bag/6 Count Case,Bag/Other,inferred,,yes,3.0,432,1.017,3.05,424.9,7.082,141.6,
2025-04-09,2025-04,WeighRight,,Clean,Standard Clean,Bag/Other,inferred,,,3.0,0,0.667,2.0,,,,
2025-04-09,2025-04,WeighRight,,Clean,Standard Clean,Bag/Other,inferred,,,3.0,0,0.7,2.1,,,,
2025-04-10,2025-04,AMS,handpack,10006A,WWB AMZN Organic Lemon Balm (6 Oz) ,Bag/Other,inferred,,,2.0,0,6.75,13.5,,,,
2025-04-10,2025-04,AMS,handpack,10012,"ORG Lemon Grass, 7 Oz Bag",Bag/Other,inferred,,yes,1.0,95,2.833,2.833,33.5,0.559,33.5,
2025-04-10,2025-04,AMS,handpack,10021A,AMZN - WWB - Date Sugar - 1 Lb,Bag/Other,inferred,,,1.0,0,7.967,7.967,,,,
2025-04-10,2025-04,AMS,handpack,10201A,DO NOT MAKE AMZN - WWB - ORG Peppermint Leaf - 4 Oz Bag,Bag/Other,inferred,,,1.0,0,10.083,10.083,,,,
2025-04-10,2025-04,Maisa 1,,Clean,Standard Clean,Tea,inferred,,,3.0,0,0.667,2.0,,,,
2025-04-10,2025-04,Maisa 1,,NTB0110,French Roast Tagless 6g Tea Bag - G,Tea bag (intermediate),item-code,,yes,3.0,15860,3.467,10.4,4575.0,76.25,1525.0,
2025-04-10,2025-04,Maisa 1,,TB110,ORG French Roast Tea Bag Loose - G,Tea bag (intermediate),item-code,,yes,3.0,17500,5.033,15.1,3476.8,57.947,1158.9,
2025-04-10,2025-04,Maisa 1,,TB204,ORG Snickerdoodle Tea Bag - GA,Tea bag (intermediate),item-code,,yes,3.0,3000,0.917,2.75,3272.7,54.545,1090.9,
2025-04-10,2025-04,Maisa 2+3,,45010,ORG Reishi Eleuthero 10 Ct Tea Bag/6 Count Case - G,Tea,inferred,,yes,5.0,4068,5.583,27.917,728.6,12.143,145.7,
2025-04-10,2025-04,Maisa 2+3,,45021,ORG Chaga Ashwagandha 25 Ct Tea Bag,Tea,governed,high,yes,5.0,576,2.6,13.0,221.5,3.692,44.3,
2025-04-10,2025-04,Maisa 2+3,,Clean,Standard Clean,Tea,inferred,,,5.0,0,0.517,2.583,,,,
2025-04-10,2025-04,Maisa 2+3,,TB502,ORG Chaga Ashwagandha Loose Tea Bag,Tea bag (intermediate),item-code,,yes,4.0,5310,1.05,4.2,5057.1,84.286,1264.3,
2025-04-10,2025-04,WeighRight,,50110,ORG French Roast 30g Trial Size Packet - G,Bag/Other,inferred,,yes,3.0,998,2.25,6.75,443.6,7.393,147.9,
2025-04-10,2025-04,WeighRight,,80110,ORG French Roast 11OZ Bag/6 Count Case - G,Bag/Other,inferred,,yes,3.0,4836,6.883,20.65,702.6,11.709,234.2,
2025-04-10,2025-04,WeighRight,,Clean,Standard Clean,Bag/Other,inferred,,,3.0,0,0.667,2.0,,,,
2025-04-14,2025-04,AMS,handpack,10006A,WWB AMZN Organic Lemon Balm (6 Oz) ,Bag/Other,inferred,,,2.0,0,10.133,20.267,,,,
2025-04-14,2025-04,AMS,handpack,10021A,AMZN - WWB - Date Sugar - 1 Lb,Bag/Other,inferred,,,1.0,0,1.5,1.5,,,,
2025-04-14,2025-04,Assembly,,12251L,Holiday Tea Bag Sampler Box ,Sampler,inferred,,yes,3.0,160,2.0,6.0,80.0,1.333,26.7,
2025-04-14,2025-04,Assembly,,GDB060,ORG Hazelnut Packet Goody Bag - GA,Bag/Other,inferred,,yes,1.0,25,0.25,0.25,100.0,1.667,100.0,
2025-04-14,2025-04,Assembly,,GDB070,ORG Java Packet Goody Bag - GA,Bag/Other,inferred,,yes,1.0,25,0.167,0.167,150.0,2.5,150.0,
2025-04-14,2025-04,Assembly,,GDB080,ORG Mocha Packet Goody Bag,Bag/Other,inferred,,yes,1.0,25,0.083,0.083,300.0,5.0,300.0,
2025-04-14,2025-04,Assembly,,GDB110,ORG French Roast Packet Goody Bag - G,Bag/Other,inferred,,yes,1.0,25,0.25,0.25,100.0,1.667,100.0,
2025-04-14,2025-04,Assembly,,TGB060,ORG Hazelnut Tea Bag Goody Bag - GA,Tea,inferred,,yes,1.0,25,0.25,0.25,100.0,1.667,100.0,
2025-04-14,2025-04,Assembly,,TGB204,ORG Snickerdoodle Tea Bag Goody Bag - GA,Tea,inferred,,yes,1.0,50,0.5,0.5,100.0,1.667,100.0,
2025-04-14,2025-04,Assembly,,TGB208,ORG Irish Cream Tea Bag Goody Bag - G,Tea,inferred,,yes,1.0,25,0.25,0.25,100.0,1.667,100.0,
2025-04-14,2025-04,Assembly,,TGB311,ORG Dandelion Dark Roast Tea Bag Goody Bag,Tea,inferred,,yes,1.0,25,0.25,0.25,100.0,1.667,100.0,
2025-04-14,2025-04,Assembly,,TGB322,Dandelion Caramel Nut Tea Bag Goody Bag - A,Tea,inferred,,yes,1.0,25,0.25,0.25,100.0,1.667,100.0,
2025-04-14,2025-04,Assembly,,TGB331,ORG Dandelion Mocha Mint Tea Bag Goody Bag - A,Tea,inferred,,yes,1.0,25,0.25,0.25,100.0,1.667,100.0,
2025-04-14,2025-04,Assembly,,TGB502,Chaga Ashwaganda Tea Goody Bag,Bag/Other,inferred,,yes,1.0,50,0.5,0.5,100.0,1.667,100.0,
2025-04-14,2025-04,Assembly,,TGB503,Lion's Mane Rhodiola Tea Goody Bag - G,Bag/Other,inferred,,yes,1.0,50,0.5,0.5,100.0,1.667,100.0,
2025-04-14,2025-04,Assembly,,TGB601,ORG Dark Chocolate Tea Bag Goody Bag,Tea,inferred,,yes,1.0,25,0.25,0.25,100.0,1.667,100.0,
2025-04-14,2025-04,Maisa 1,,42040,ORG Snickerdoodle 10ct/6pk Tea Bag - GA,Tea,inferred,,yes,3.0,2760,7.133,21.4,386.9,6.449,129.0,
2025-04-14,2025-04,Maisa 1,,42041,Snickerdoodle 25CT Tea Bag - GA,Tea,governed,high,yes,3.0,264,1.85,5.55,142.7,2.378,47.6,
2025-04-14,2025-04,Maisa 1,,TB204,ORG Snickerdoodle Tea Bag - GA,Tea bag (intermediate),item-code,,yes,3.0,5000,1.017,3.05,4918.0,81.967,1639.3,
2025-04-14,2025-04,Maisa 2+3,,45010,ORG Reishi Eleuthero 10 Ct Tea Bag/6 Count Case - G,Tea,inferred,,yes,5.0,72,0.15,0.75,480.0,8.0,96.0,
2025-04-14,2025-04,Maisa 2+3,,45010F,Reishi Eleuthero Dual Language 10 cnt TB - G,Tea,inferred,,yes,5.0,1380,1.733,8.667,796.2,13.269,159.2,
2025-04-14,2025-04,Maisa 2+3,,45011,ORG Reishi Eleuthero 25 Ct Tea Bag - G,Tea,governed,high,yes,3.0,600,3.867,11.6,155.2,2.586,51.7,
2025-04-14,2025-04,Maisa 2+3,,46011,ORG Dark Chocolate 25 Ct Tea Bag,Tea,governed,high,yes,3.0,456,2.417,7.25,188.7,3.145,62.9,
2025-04-14,2025-04,Maisa 2+3,,Clean,Standard Clean,Tea,inferred,,,2.0,0,0.7,1.4,,,,
2025-04-14,2025-04,Maisa 2+3,,CleanG,Clean + Gluten Test,Tea,inferred,,,5.0,0,0.9,4.5,,,,
2025-04-14,2025-04,Maisa 2+3,,NTB3110,Dandelion Dark Roast Tagless 6g Tea Bag,Tea bag (intermediate),item-code,,yes,2.0,5217,1.167,2.333,4471.7,74.529,2235.9,
2025-04-14,2025-04,Maisa 2+3,,NTB3110,Dandelion Dark Roast Tagless 6g Tea Bag,Tea bag (intermediate),item-code,,yes,2.0,14400,3.5,7.0,4114.3,68.571,2057.1,
2025-04-14,2025-04,Maisa 2+3,,TB501,ORG Reishi Eleuthero Loose Tea Bag - G,Tea bag (intermediate),item-code,,yes,2.0,22000,5.15,10.3,4271.8,71.197,2135.9,
2025-04-14,2025-04,WeighRight,,10071A,DO NOT MAKE AMZN - WWB - ORG Roasted Barley - 1 Lb - G,Bag/Other,inferred,,yes,3.0,444,1.517,4.55,292.7,4.879,97.6,
2025-04-14,2025-04,WeighRight,,55010,Reishi Eleuthero 30g Trial Size Packet - G,APG,governed,high,yes,3.0,1080,3.067,9.2,352.2,5.87,117.4,
2025-04-14,2025-04,WeighRight,,55070,ORG Miraculous Mushrooms A+P 30g Trial Size Packet,Bag/Other,inferred,,yes,3.0,1080,2.233,6.7,483.6,8.06,161.2,
2025-04-14,2025-04,WeighRight,,85010L,ORG Reishi Eleuthero 10 Oz Bag/Box of 24 - G,APG,governed,high,yes,3.0,105,0.45,1.35,233.3,3.889,77.8,
2025-04-14,2025-04,WeighRight,,85070L,ORG Miraculous Mushrooms A&P 10oz Bag/Box of 24,Bag/Other,inferred,,yes,3.0,600,1.333,4.0,450.0,7.5,150.0,
2025-04-14,2025-04,WeighRight,,85070L,ORG Miraculous Mushrooms A&P 10oz Bag/Box of 24,Bag/Other,inferred,,yes,3.0,79,0.267,0.8,296.2,4.937,98.7,
2025-04-14,2025-04,WeighRight,,Clean,Standard Clean,Bag/Other,inferred,,,3.0,0,0.617,1.85,,,,
2025-04-14,2025-04,WeighRight,,Clean,Standard Clean,Bag/Other,inferred,,,3.0,0,0.367,1.1,,,,
2025-04-14,2025-04,WeighRight,,CleanG,Clean + Gluten Test,Bag/Other,inferred,,,3.0,0,0.5,1.5,,,,
2025-04-15,2025-04,AMS,handpack,10021A,AMZN - WWB - Date Sugar - 1 Lb,Bag/Other,inferred,,,1.0,0,1.5,1.5,,,,
2025-04-15,2025-04,AMS,handpack,10201A,DO NOT MAKE AMZN - WWB - ORG Peppermint Leaf - 4 Oz Bag,Bag/Other,inferred,,,1.0,0,7.283,7.283,,,,
2025-04-15,2025-04,Assembly,,12251L,Holiday Tea Bag Sampler Box ,Sampler,inferred,,yes,3.0,162,2.0,6.0,81.0,1.35,27.0,
2025-04-15,2025-04,Assembly,,40116,French Roast Tagless Tea Bag - 50 Ct - G,Tea,governed,high,yes,2.0,34,2.333,4.667,14.6,0.243,7.3,
2025-04-15,2025-04,Assembly,,43116,Dandelion DarkRoast Tagless Tea Bag - 50 Ct,Tea,governed,high,yes,2.0,224,9.667,19.333,23.2,0.386,11.6,
2025-04-15,2025-04,Assembly,,43320L,Org Dandelion Red Chai 10 Ct Tea Bag Loose,Tea,governed,high,yes,2.0,288,3.6,7.2,80.0,1.333,40.0,
2025-04-15,2025-04,Assembly,,80023,DO NOT MAKE ORG Chocolate Mint 11oz Bag 3PK - GA,Bag/Other,inferred,,yes,1.0,80,13.467,13.467,5.9,0.099,5.9,
2025-04-15,2025-04,Assembly,,83010A,AMZN Org Dandelion Vanilla Nut 10OZ Bag/Box of 24 - A,Bag/Other,inferred,,yes,1.0,120,0.817,0.817,146.9,2.449,146.9,
2025-04-15,2025-04,Assembly,,85053,DO NOT MAKE ORG Turkey Tail Astragalus 10OZ Bag 3PK - G,Bag/Other,inferred,,yes,1.0,96,1.5,1.5,64.0,1.067,64.0,
2025-04-15,2025-04,Maisa 1,,42041,Snickerdoodle 25CT Tea Bag - GA,Tea,governed,high,yes,3.0,264,1.483,4.45,178.0,2.966,59.3,
2025-04-15,2025-04,Maisa 1,,42080,ORG Irish Cream 10ct/6pk Tea Bag - G,Tea,inferred,,yes,3.0,1380,3.483,10.45,396.2,6.603,132.1,
2025-04-15,2025-04,Maisa 1,,42080L,ORG Irish Cream 10ct Loose - G,Tea,inferred,,yes,3.0,360,0.883,2.65,407.5,6.792,135.8,
2025-04-15,2025-04,Maisa 1,,48003,WWB ORG Lemon Balm 25ct Tea Bag 2.25g,Tea,inferred,,yes,3.0,120,1.5,4.5,80.0,1.333,26.7,
2025-04-15,2025-04,Maisa 1,,CleanA,Clean + Almond Test,Tea,inferred,,,3.0,0,0.667,2.0,,,,
2025-04-15,2025-04,Maisa 1,,CleanG,Clean + Gluten Test,Tea,inferred,,,3.0,0,13.75,41.25,,,,
2025-04-15,2025-04,Maisa 1,,TB208,ORG Irish Cream Tea Bag - G,Tea bag (intermediate),item-code,,yes,3.0,2500,0.967,2.9,2586.2,43.103,862.1,
2025-04-15,2025-04,Maisa 2+3,,46010,ORG Dark Chocolate 10 Ct Tea Bag/6 Count Case,Tea,inferred,,yes,5.0,5412,7.0,35.0,773.1,12.886,154.6,
2025-04-15,2025-04,Maisa 2+3,,46011,ORG Dark Chocolate 25 Ct Tea Bag,Tea,governed,high,yes,5.0,744,3.083,15.417,241.3,4.022,48.3,
2025-04-16,2025-04,Assembly,,40116,French Roast Tagless Tea Bag - 50 Ct - G,Tea,governed,high,yes,2.0,290,4.833,9.667,60.0,1.0,30.0,
2025-04-16,2025-04,Assembly,,43116,Dandelion DarkRoast Tagless Tea Bag - 50 Ct,Tea,governed,high,yes,2.0,220,6.283,12.567,35.0,0.584,17.5,
2025-04-16,2025-04,Assembly,,50096,Top Six Packet Sampler pack,Sampler,inferred,,yes,2.0,26,5.5,11.0,4.7,0.079,2.4,
2025-04-16,2025-04,Assembly,,80080L,Org Mocha 11OZ Bag/Box of 24 - GA,Bag/Other,inferred,,yes,1.0,240,1.083,1.083,221.5,3.692,221.5,
2025-04-16,2025-04,Assembly,,80110L,Org French Roast 11oz Bag/Box of 24 - G,Bag/Other,inferred,,yes,1.0,240,1.55,1.55,154.8,2.581,154.8,
2025-04-16,2025-04,Maisa 1,,48003,WWB ORG Lemon Balm 25ct Tea Bag 2.25g,Tea,inferred,,yes,3.0,1344,10.067,30.2,133.5,2.225,44.5,
2025-04-16,2025-04,Maisa 2+3,,43220,ORG Dandelion Caramel Nut 10ct/6pk Tea Bag - A,Tea,inferred,,yes,5.0,6270,8.083,40.417,775.7,12.928,155.1,
2025-04-16,2025-04,Maisa 2+3,,46010,ORG Dark Chocolate 10 Ct Tea Bag/6 Count Case,Tea,inferred,,yes,5.0,612,1.167,5.833,524.6,8.743,104.9,
2025-04-16,2025-04,Maisa 2+3,,Clean,Standard Clean,Tea,inferred,,,5.0,0,0.833,4.167,,,,
2025-04-16,2025-04,WeighRight,,50060,ORG Hazelnut 30g Trial Size Packet - GA,Bag/Other,inferred,,yes,3.0,1080,3.017,9.05,358.0,5.967,119.3,
2025-04-16,2025-04,WeighRight,,52040,ORG Snickerdoodle 30g Trial Size Packet - GA,APG,governed,high,yes,3.0,1080,2.417,7.25,446.9,7.448,149.0,
2025-04-16,2025-04,WeighRight,,60060,ORG Hazelnut 5 Lb Bag - GA,Bag/Other,inferred,,yes,3.0,40,0.283,0.85,141.2,2.353,47.1,
2025-04-16,2025-04,WeighRight,,80060,ORG Hazelnut 11OZ Bag/6 Count Case - GA,Bag/Other,inferred,,yes,3.0,774,1.667,5.0,464.4,7.74,154.8,
2025-04-16,2025-04,WeighRight,,82080L,ORG Irish Cream 11 Oz Bag/Box of 24 - G,Bag/Other,inferred,,yes,3.0,720,1.533,4.6,469.6,7.826,156.5,
2025-04-16,2025-04,WeighRight,,Clean,Standard Clean,Bag/Other,inferred,,,3.0,0,0.5,1.5,,,,
2025-04-16,2025-04,WeighRight,,Clean,Standard Clean,Bag/Other,inferred,,,3.0,0,0.417,1.25,,,,
2025-04-17,2025-04,Assembly,,49020,Sampler Box Gift Box,Sampler,governed,high,yes,,8,1.0,,8.0,0.133,,
2025-04-17,2025-04,Assembly,,49020A,Sampler Gift Box (VP/DVP/MVP/PVP),Sampler,inferred,,yes,2.0,100,7.75,15.5,12.9,0.215,6.5,
2025-04-17,2025-04,Maisa 1,,40060F,Hazelnut Dual Language 10 cnt TB - GA,Tea,inferred,,yes,3.0,900,2.533,7.6,355.3,5.921,118.4,
2025-04-17,2025-04,Maisa 1,,48003,WWB ORG Lemon Balm 25ct Tea Bag 2.25g,Tea,inferred,,yes,3.0,34,0.133,0.4,255.0,4.25,85.0,
2025-04-17,2025-04,Maisa 1,,Clean,Standard Clean,Tea,inferred,,,3.0,0,0.667,2.0,,,,
2025-04-17,2025-04,Maisa 1,,Clean,Standard Clean,Tea,inferred,,,3.0,0,0.467,1.4,,,,
2025-04-17,2025-04,Maisa 1,,TB010,ORG Vanilla Nut Tea Bag Loose - GA,Tea bag (intermediate),item-code,,yes,3.0,22000,6.0,18.0,3666.7,61.111,1222.2,
2025-04-17,2025-04,Maisa 2+3,,43220,ORG Dandelion Caramel Nut 10ct/6pk Tea Bag - A,Tea,inferred,,yes,5.0,7530,8.717,43.583,863.9,14.398,172.8,
2025-04-17,2025-04,Maisa 2+3,,43221,ORG Dandelion Caramel Nut 25CT Tea Bag - A,Tea,governed,high,yes,5.0,360,1.117,5.583,322.4,5.373,64.5,
2025-04-17,2025-04,WeighRight,,60010,ORG Vanilla Nut 5 Lb Bag - GA,Bag/Other,inferred,,yes,3.0,40,0.233,0.7,171.4,2.857,57.1,
2025-04-17,2025-04,WeighRight,,62020,DO NOT MAKE ORG Caramel Nut 5 Lb Bag - GA,Bag/Other,inferred,,yes,3.0,28,0.35,1.05,80.0,1.333,26.7,
2025-04-17,2025-04,WeighRight,,80010L,Org Vanilla Nut 11OZ Bag/Box of 24 - GA,Bag/Other,inferred,,yes,3.0,168,0.767,2.3,219.1,3.652,73.0,
2025-04-17,2025-04,WeighRight,,80060,ORG Hazelnut 11OZ Bag/6 Count Case - GA,Bag/Other,inferred,,yes,3.0,606,4.133,12.4,146.6,2.444,48.9,
2025-04-17,2025-04,WeighRight,,80060L,Org Hazelnut 11OZ Bag/Box of 24 - GA,Bag/Other,inferred,,yes,3.0,1200,2.333,7.0,514.3,8.571,171.4,
2025-04-17,2025-04,WeighRight,,82020L,ORG Caramel Nut 11oz Bag/Box of 24 - GA,Bag/Other,inferred,,yes,3.0,600,1.383,4.15,433.7,7.229,144.6,
2025-04-17,2025-04,WeighRight,,Clean,Standard Clean,Bag/Other,inferred,,,3.0,0,0.45,1.35,,,,
2025-04-17,2025-04,WeighRight,,Clean,Standard Clean,Bag/Other,inferred,,,3.0,0,0.45,1.35,,,,
2025-04-21,2025-04,Assembly,,12251L,Holiday Tea Bag Sampler Box ,Sampler,inferred,,yes,2.0,1000,12.367,24.733,80.9,1.348,40.4,
2025-04-21,2025-04,Assembly,,50094,DO NOT MAKE Teeccino Intro Sampler,Sampler,governed,high,yes,1.0,90,2.767,2.767,32.5,0.542,32.5,
2025-04-21,2025-04,Maisa 1,,40030L,ORG Almond Amaretto 10ct Tea Bag Individual Unit- GA,Tea,governed,high,yes,3.0,432,1.25,3.75,345.6,5.76,115.2,
2025-04-21,2025-04,Maisa 1,,40033,DO NOT MAKE - ORG Almond Amaretto 25CT Tea Bag 3PK - GA,Tea,inferred,,yes,3.0,60,1.0,3.0,60.0,1.0,20.0,
2025-04-21,2025-04,Maisa 1,,40060F,Hazelnut Dual Language 10 cnt TB - GA,Tea,inferred,,yes,3.0,924,2.267,6.8,407.6,6.794,135.9,
2025-04-21,2025-04,Maisa 1,,40060F,Hazelnut Dual Language 10 cnt TB - GA,Tea,inferred,,yes,3.0,828,2.283,6.85,362.6,6.044,120.9,
2025-04-21,2025-04,Maisa 1,,Clean,Standard Clean,Tea,inferred,,,3.0,0,0.75,2.25,,,,
2025-04-21,2025-04,Maisa 1,,Clean,Standard Clean,Tea,inferred,,,3.0,0,0.9,2.7,,,,
2025-04-21,2025-04,Maisa 1,,CleanGA,Clean + Gluten + Almond Tests,Tea,inferred,,,3.0,0,0.983,2.95,,,,
2025-04-21,2025-04,Maisa 1,,TB333,ORG Dandelion Turmeric Tea Bag,Tea bag (intermediate),item-code,,yes,3.0,11000,2.65,7.95,4150.9,69.182,1383.6,
2025-04-21,2025-04,Maisa 2+3,,40011A,ORG 25 CT Vanilla Nut AMZN - GA,Tea,inferred,,yes,5.0,360,1.483,7.417,242.7,4.045,48.5,
2025-04-21,2025-04,Maisa 2+3,,43221,ORG Dandelion Caramel Nut 25CT Tea Bag - A,Tea,governed,high,yes,5.0,1440,4.433,22.167,324.8,5.414,65.0,
2025-04-21,2025-04,Maisa 2+3,,43221F,ORG Dandelion Caramel Nut DL 25CT Tea Bag AMZN (24pk) - A,Tea,inferred,,yes,5.0,432,1.933,9.667,223.4,3.724,44.7,
2025-04-21,2025-04,Maisa 2+3,,Clean,Standard Clean,Tea,inferred,,,5.0,0,0.05,0.25,,,,
2025-04-21,2025-04,Maisa 2+3,,TB322,ORG Dandelion Caramel Nut Tea Bag - A,Tea bag (intermediate),item-code,,yes,4.0,28320,4.183,16.733,6769.7,112.829,1692.4,
2025-04-21,2025-04,WeighRight,,80010,ORG Vanilla Nut 11oz Bag/6 Count Case - GA,Bag/Other,inferred,,yes,3.0,1380,4.167,12.5,331.2,5.52,110.4,
2025-04-21,2025-04,WeighRight,,80010L,Org Vanilla Nut 11OZ Bag/Box of 24 - GA,Bag/Other,inferred,,yes,3.0,1032,1.333,4.0,774.0,12.9,258.0,
2025-04-21,2025-04,WeighRight,,80030,ORG Almond Amaretto 11OZ Bag/6 Count Case - GA,Bag/Other,inferred,,yes,3.0,1380,2.867,8.6,481.4,8.023,160.5,
2025-04-21,2025-04,WeighRight,,80030A,AMZN Org Almond Amaretto 11OZ Bag/Box of 24 - GA,Bag/Other,inferred,,yes,3.0,864,2.0,6.0,432.0,7.2,144.0,
2025-04-21,2025-04,WeighRight,,80030L,ORG Almond Amaretto 11OZ Bag/Box of 24 - GA,Bag/Other,inferred,,yes,3.0,360,1.067,3.2,337.5,5.625,112.5,
2025-04-21,2025-04,WeighRight,,Clean,Standard Clean,Bag/Other,inferred,,,3.0,0,0.4,1.2,,,,
2025-04-22,2025-04,AMS,handpack,10302A,WWB Organic Cinnamon Powder 1lb - AMZN Label,Bag/Other,inferred,,yes,2.0,84,1.0,2.0,84.0,1.4,42.0,
2025-04-22,2025-04,Assembly,,12251L,Holiday Tea Bag Sampler Box ,Sampler,inferred,,yes,1.0,118,3.167,3.167,37.3,0.621,37.3,
2025-04-22,2025-04,Assembly,,42111A,DO NOT MAKE AMZN ORG French Vanilla 25CT Tea Bag - G,Tea,inferred,,yes,1.0,120,0.5,0.5,240.0,4.0,240.0,
2025-04-22,2025-04,Assembly,,50091,Teeccino Nut Flavor Sampler,Sampler,governed,high,yes,1.0,125,5.75,5.75,21.7,0.362,21.7,
2025-04-22,2025-04,Assembly,,53091,AMZN Dandelion 6 Packet Sampler - X002V5663N,Sampler,inferred,,yes,1.0,150,4.917,4.917,30.5,0.508,30.5,
2025-04-22,2025-04,Assembly,,80110L,Org French Roast 11oz Bag/Box of 24 - G,Bag/Other,inferred,,yes,1.0,15,1.1,1.1,13.6,0.227,13.6,
2025-04-22,2025-04,Maisa 1,,43330F,Dandelion Turmeric Dual Language 10 cnt TB,Tea,inferred,,yes,3.0,1380,4.5,13.5,306.7,5.111,102.2,
2025-04-22,2025-04,Maisa 1,,45030,ORG Lion's Mane Rhodiola 10 Ct Tea Bag/6 Count Case - G,Tea,inferred,,yes,3.0,1656,4.917,14.75,336.8,5.614,112.3,
2025-04-22,2025-04,Maisa 1,,Clean,Standard Clean,Tea,inferred,,,3.0,0,1.117,3.35,,,,
2025-04-22,2025-04,Maisa 1,,TB333,ORG Dandelion Turmeric Tea Bag,Tea bag (intermediate),item-code,,yes,3.0,7000,1.517,4.55,4615.4,76.923,1538.5,
2025-04-22,2025-04,Maisa 2+3,,40010,ORG Vanilla Nut 10ct/6pk Tea Bag - GA,Tea,inferred,,yes,5.0,8280,9.783,48.917,846.3,14.106,169.3,
2025-04-22,2025-04,Maisa 2+3,,40011,ORG Vanila Nut 25CT Tea Bag - GA,Tea,governed,high,yes,5.0,432,1.5,7.5,288.0,4.8,57.6,
2025-04-22,2025-04,Maisa 2+3,,40011A,ORG 25 CT Vanilla Nut AMZN - GA,Tea,inferred,,yes,5.0,72,0.217,1.083,332.3,5.538,66.5,
2025-04-22,2025-04,Maisa 2+3,,Clean,Standard Clean,Tea,inferred,,,5.0,0,0.833,4.167,,,,
2025-04-22,2025-04,Maisa 2+3,,TB060,ORG Hazelnut Tea Bag Loose - GA,Tea bag (intermediate),item-code,,yes,4.0,15000,1.717,6.867,8737.9,145.631,2184.5,
2025-04-22,2025-04,WeighRight,,10035,Chicory 5 Lb Bag,Bag/Other,inferred,,yes,3.0,239,1.75,5.25,136.6,2.276,45.5,
2025-04-22,2025-04,WeighRight,,55070,ORG Miraculous Mushrooms A+P 30g Trial Size Packet,Bag/Other,inferred,,yes,3.0,923,2.0,6.0,461.5,7.692,153.8,
2025-04-22,2025-04,WeighRight,,56010,Dark Chocolate 30g Trial Size Packet,Bag/Other,inferred,,yes,3.0,1080,2.133,6.4,506.2,8.437,168.7,
2025-04-22,2025-04,WeighRight,,66010,ORG Dark Chocolate 5 Lb Bag,Bag/Other,inferred,,yes,3.0,48,0.35,1.05,137.1,2.286,45.7,
2025-04-22,2025-04,WeighRight,,80030L,ORG Almond Amaretto 11OZ Bag/Box of 24 - GA,Bag/Other,inferred,,yes,3.0,72,0.4,1.2,180.0,3.0,60.0,
2025-04-22,2025-04,WeighRight,,82060L,ORG Maple Pecan 11OZ Bag/Box of 24 - GA,Bag/Other,inferred,,yes,3.0,960,1.833,5.5,523.6,8.727,174.5,
2025-04-22,2025-04,WeighRight,,86013,DO NOT MAKE ORG Dark Chocolate 10OZ Bag 3PK ,Bag/Other,inferred,,yes,3.0,80,0.833,2.5,96.0,1.6,32.0,
2025-04-22,2025-04,WeighRight,,Clean,Standard Clean,Bag/Other,inferred,,,3.0,0,0.6,1.8,,,,
2025-04-22,2025-04,WeighRight,,Clean,Standard Clean,Bag/Other,inferred,,,3.0,0,0.767,2.3,,,,
2025-04-22,2025-04,WeighRight,,Clean,Standard Clean,Bag/Other,inferred,,,3.0,0,0.667,2.0,,,,
2025-04-22,2025-04,WeighRight,,Clean,Standard Clean,Bag/Other,inferred,,,3.0,0,0.333,1.0,,,,
2025-04-22,2025-04,WeighRight,,CleanGA,Clean + Gluten + Almond Tests,Bag/Other,inferred,,,3.0,0,0.7,2.1,,,,
2025-04-23,2025-04,AMS,handpack,10302A,WWB Organic Cinnamon Powder 1lb - AMZN Label,Bag/Other,inferred,,yes,2.0,276,10.517,21.033,26.2,0.437,13.1,
2025-04-23,2025-04,Assembly,,40001A,AMZN Labeled Herbal Tea Sampler Box/Variety Pack,Bundle,inferred,,yes,4.0,259,2.0,8.0,129.5,2.158,32.4,
2025-04-23,2025-04,Assembly,,42121,ORG Chocolate Raspberry 25CT Tea Bag - G,Tea,governed,high,yes,1.0,120,6.2,6.2,19.4,0.323,19.4,
2025-04-23,2025-04,Assembly,,45001,Mushroom Adaptogen TB Sampler Box - 6 Count Case - G,Sampler,inferred,,yes,1.0,120,1.0,1.0,120.0,2.0,120.0,
2025-04-23,2025-04,Assembly,,80033,ORG Almond Amaretto 11OZ Bag 3PK - GA,Bag/Other,inferred,,yes,1.0,80,0.5,0.5,160.0,2.667,160.0,
2025-04-23,2025-04,Maisa 1,,45030,ORG Lion's Mane Rhodiola 10 Ct Tea Bag/6 Count Case - G,Tea,inferred,,yes,3.0,2484,6.7,20.1,370.7,6.179,123.6,
2025-04-23,2025-04,Maisa 1,,45030F,Lion's Mane Rhodiola Dual Language 10 cnt TB - G,Tea,inferred,,yes,3.0,1380,4.817,14.45,286.5,4.775,95.5,
2025-04-23,2025-04,Maisa 1,,45031,ORG Lion's Mane Rhodiola 25 Ct Tea Bag - G,Tea,inferred,,yes,3.0,72,0.567,1.7,127.1,2.118,42.4,
2025-04-23,2025-04,Maisa 2+3,,40060L,Org Hazelnut 10 Ct Tea Bag Loose - GA,Tea,governed,high,yes,5.0,1032,1.383,6.917,746.0,12.434,149.2,
2025-04-23,2025-04,Maisa 2+3,,40061A,ORG 25 CT Hazelnut AMZN - GA,Tea,inferred,,yes,5.0,864,2.867,14.333,301.4,5.023,60.3,
2025-04-23,2025-04,Maisa 2+3,,45071,ORG Miraculous Mushroom A&P 25 Ct Tea Bag,Tea,inferred,,yes,5.0,432,1.217,6.083,355.1,5.918,71.0,
2025-04-23,2025-04,Maisa 2+3,,47010,75147 TJ ORG Roasted Herbal Cofee (12 Pack) - G,Tea,inferred,,yes,5.0,2232,2.917,14.583,765.3,12.754,153.1,
2025-04-23,2025-04,Maisa 2+3,,CLeanGA,Clean + Gluten + Allergen Tests,Tea,inferred,,,5.0,0,0.533,2.667,,,,
2025-04-23,2025-04,Maisa 2+3,,Clean,Standard Clean,Tea,inferred,,,5.0,0,0.483,2.417,,,,
2025-04-23,2025-04,Maisa 2+3,,TB507,ORG Miraculous Mushroom A&P Loose Tea Bag,Tea bag (intermediate),item-code,,yes,4.0,6830,0.9,3.6,7588.9,126.481,1897.2,
2025-04-23,2025-04,WeighRight,,55030,Lion's Mane Rhodiola 30g Trial Size Packet - G,APG,governed,high,yes,3.0,540,0.967,2.9,558.6,9.31,186.2,
2025-04-23,2025-04,WeighRight,,55050,Turkey Tail Astragalus 30g Trial Size Packet - G,Bag/Other,inferred,,yes,3.0,1080,2.15,6.45,502.3,8.372,167.4,
2025-04-23,2025-04,WeighRight,,65050,ORG Turkey Tail Astragalus 5 Lb Bag - G,Bag/Other,inferred,,yes,3.0,40,0.35,1.05,114.3,1.905,38.1,
2025-04-23,2025-04,WeighRight,,83330L,ORG Dandelion Turmeric 10 Oz Bag/Box of 24,APG,governed,high,yes,3.0,429,1.017,3.05,422.0,7.033,140.7,
2025-04-23,2025-04,WeighRight,,85050L,ORG Turkey Tail Astragalus 10 Oz Bag/Box of 24 - G,Bag/Other,inferred,,yes,3.0,1800,5.167,15.5,348.4,5.806,116.1,
2025-04-23,2025-04,WeighRight,,85053,DO NOT MAKE ORG Turkey Tail Astragalus 10OZ Bag 3PK - G,Bag/Other,inferred,,yes,3.0,80,0.933,2.8,85.7,1.429,28.6,
2025-04-23,2025-04,WeighRight,,Clean,Standard Clean,Bag/Other,inferred,,,3.0,0,0.6,1.8,,,,
2025-04-23,2025-04,WeighRight,,Clean,Standard Clean,Bag/Other,inferred,,,3.0,0,0.783,2.35,,,,
2025-04-24,2025-04,AMS,handpack,10001A,Sage 2 Oz Bags AMZN,Bag/Other,inferred,,yes,1.0,540,11.333,11.333,47.6,0.794,47.6,
2025-04-24,2025-04,AMS,handpack,10009A,AMZN ORG Chia 2 X 1 Lb Bag,Bag/Other,inferred,,,1.0,0,5.65,5.65,,,,
2025-04-24,2025-04,AMS,handpack,10009A,AMZN ORG Chia 2 X 1 Lb Bag,Bag/Other,inferred,,,1.0,0,8.7,8.7,,,,
2025-04-24,2025-04,AMS,handpack,10012,"ORG Lemon Grass, 7 Oz Bag",Bag/Other,inferred,,yes,1.0,380,4.333,4.333,87.7,1.462,87.7,
2025-04-24,2025-04,AMS,handpack,10101A,AMZN - WWB - ORG Medium Roasted Carob Flour - 1 Lb Bag,Bag/Other,inferred,,yes,1.0,90,2.35,2.35,38.3,0.638,38.3,
2025-04-24,2025-04,Assembly,,40001A,AMZN Labeled Herbal Tea Sampler Box/Variety Pack,Bundle,inferred,,yes,4.0,259,2.0,8.0,129.5,2.158,32.4,
2025-04-24,2025-04,Assembly,,50093,Wellness Packet Sampler Pack,Sampler,governed,high,yes,2.0,21,0.633,1.267,33.2,0.553,16.6,
2025-04-24,2025-04,Maisa 1,,45031,ORG Lion's Mane Rhodiola 25 Ct Tea Bag - G,Tea,inferred,,yes,3.0,1128,8.017,24.05,140.7,2.345,46.9,
2025-04-24,2025-04,Maisa 1,,TB503,ORG Lion's Mane Rhodiola Loose Tea Bag - G,Tea bag (intermediate),item-code,,yes,3.0,17000,4.15,12.45,4096.4,68.273,1365.5,
2025-04-24,2025-04,Maisa 2+3,,47010,75147 TJ ORG Roasted Herbal Cofee (12 Pack) - G,Tea,inferred,,yes,5.0,8760,11.833,59.167,740.3,12.338,148.1,
2025-04-24,2025-04,WeighRight,,55030,Lion's Mane Rhodiola 30g Trial Size Packet - G,APG,governed,high,yes,3.0,540,0.917,2.75,589.1,9.818,196.4,
2025-04-24,2025-04,WeighRight,,60120,DO NOT MAKE ORG Maya Chai 5 Lb Bag - G,Bag/Other,inferred,,yes,3.0,10,0.25,0.75,40.0,0.667,13.3,
2025-04-24,2025-04,WeighRight,,80120L,DO NOT MAKE ORG Maya Chai 11oz Bag/Box of 24 - G,Bag/Other,inferred,,yes,3.0,240,0.7,2.1,342.9,5.714,114.3,
2025-04-24,2025-04,WeighRight,,80130A,AMZN Org Maca Chocolate 11OZ Bag/Box of 24 - G,Bag/Other,inferred,,yes,3.0,10,0.817,2.45,12.2,0.204,4.1,
2025-04-24,2025-04,WeighRight,,83220L,Dandelion Caramel Nut 10 Oz Bag/Box of 24 - A,Bag/Other,inferred,,yes,3.0,1577,3.417,10.25,461.6,7.693,153.9,
2025-04-24,2025-04,WeighRight,,83340L,ORG Dandelion Coconut 10 Oz Bag/Box of 24 - A,APG,governed,high,yes,3.0,528,1.333,4.0,396.0,6.6,132.0,
2025-04-24,2025-04,WeighRight,,85030L,ORG Lion's Mane Rhodiola 10 Oz Bag/Box of 24 - G,APG,governed,high,yes,3.0,816,2.183,6.55,373.7,6.229,124.6,
2025-04-24,2025-04,WeighRight,,Clean,Standard Clean,Bag/Other,inferred,,,3.0,0,0.75,2.25,,,,
2025-04-24,2025-04,WeighRight,,Clean,Standard Clean,Bag/Other,inferred,,,3.0,0,0.533,1.6,,,,
2025-04-24,2025-04,WeighRight,,CleanA,Clean + Almond Test,Bag/Other,inferred,,,3.0,0,0.5,1.5,,,,
2025-04-24,2025-04,WeighRight,,CleanG,Clean + Gluten Test,Bag/Other,inferred,,,3.0,0,0.65,1.95,,,,
2025-04-28,2025-04,AMS,handpack,10101A,AMZN - WWB - ORG Medium Roasted Carob Flour - 1 Lb Bag,Bag/Other,inferred,,yes,1.0,202,10.167,10.167,19.9,0.331,19.9,
2025-04-28,2025-04,AMS,handpack,10402A,AMZN- WWB-ORG Rama Tulsi - 8 OZ Bag,Bag/Other,inferred,,yes,1.0,66,4.333,4.333,15.2,0.254,15.2,
2025-04-28,2025-04,Assembly,,40012,ORG Vanilla Nut Tea Bag Demo Tray - GA,Tea,inferred,,yes,1.0,2,0.983,0.983,2.0,0.034,2.0,
2025-04-28,2025-04,Assembly,,40062,ORG Hazelnut Tea Bag Demo Tray,Tea,inferred,,yes,1.0,2,1.317,1.317,1.5,0.025,1.5,
2025-04-28,2025-04,Assembly,,43112,ORG Dandelion Dark Roast Tea Bag Demo Tray,Tea,inferred,,yes,1.0,1,0.967,0.967,1.0,0.017,1.0,
2025-04-28,2025-04,Assembly,,45012,Reishi Eleuthero TB Demo Tray - G,Tea,inferred,,yes,1.0,2,0.933,0.933,2.1,0.036,2.1,
2025-04-28,2025-04,Assembly,,45022,Chaga Ashwaganda TB Demo Tray,Tea,inferred,,yes,1.0,2,1.167,1.167,1.7,0.029,1.7,
2025-04-28,2025-04,Assembly,,45032,ORG Lion's Mane Rhodiola Tea Bag Demo Tray - G,Tea,inferred,,yes,1.0,2,22.917,22.917,0.1,0.001,0.1,
2025-04-28,2025-04,Assembly,,45052,Turkey Tail Astragalus TB Demo Tray - G,Tea,inferred,,yes,1.0,50,0.917,0.917,54.5,0.909,54.5,
2025-04-28,2025-04,Assembly,,50092,Teeccino Chocolate Flavor Sampler,Sampler,governed,high,yes,1.0,250,9.133,9.133,27.4,0.456,27.4,
2025-04-28,2025-04,Assembly,,GDB010,ORG Vanilla Nut Packet Goody Bag - GA,Bag/Other,inferred,,yes,1.0,50,1.333,1.333,37.5,0.625,37.5,
2025-04-28,2025-04,Assembly,,GDB060,ORG Hazelnut Packet Goody Bag - GA,Bag/Other,inferred,,yes,1.0,50,0.817,0.817,61.2,1.02,61.2,
2025-04-28,2025-04,Assembly,,GDB080,ORG Mocha Packet Goody Bag,Bag/Other,inferred,,yes,1.0,50,0.583,0.583,85.7,1.429,85.7,
2025-04-28,2025-04,Assembly,,GDB110,ORG French Roast Packet Goody Bag - G,Bag/Other,inferred,,yes,1.0,50,0.683,0.683,73.2,1.22,73.2,
2025-04-28,2025-04,Assembly,,GDB501,ORG Reishi Eleuthero Packet Goody Bag - G,Bag/Other,inferred,,yes,1.0,50,1.267,1.267,39.5,0.658,39.5,
2025-04-28,2025-04,Assembly,,GDB502,ORG Chaga Ashwaganda Packet Goody Bag,Bag/Other,inferred,,yes,1.0,50,1.317,1.317,38.0,0.633,38.0,
2025-04-28,2025-04,Assembly,,GDB505,ORG Turkey Tail Astragalus Packet Goody BAg - G,Bag/Other,inferred,,yes,1.0,50,1.9,1.9,26.3,0.439,26.3,
2025-04-28,2025-04,Assembly,,GDB601,ORG Dark Chocolate Packet Goody Bag,Bag/Other,inferred,,yes,1.0,50,0.833,0.833,60.0,1.0,60.0,
2025-04-28,2025-04,Maisa 1,,43340F,Dandelion Coconut Dual Language 10 cnt TB - A,Tea,inferred,,yes,3.0,1380,3.45,10.35,400.0,6.667,133.3,
2025-04-28,2025-04,Maisa 1,,43341,Dandelion Coconut 25 Count Tea Bag - A,Tea,governed,high,yes,3.0,816,5.367,16.1,152.0,2.534,50.7,
2025-04-28,2025-04,Maisa 1,,CleanG,Clean + Gluten Test,Tea,inferred,,,3.0,0,0.583,1.75,,,,
2025-04-28,2025-04,Maisa 1,,TB334,ORG Dandelion Coconut Tea Bag - A,Tea bag (intermediate),item-code,,yes,3.0,500,1.417,4.25,352.9,5.882,117.6,
2025-04-28,2025-04,Maisa 1,,TB503,ORG Lion's Mane Rhodiola Loose Tea Bag - G,Tea bag (intermediate),item-code,,yes,3.0,1974,0.667,2.0,2961.0,49.35,987.0,
2025-04-28,2025-04,Maisa 2+3,,40132,ORG Maca Chocolate 25CT Tea Bag - G,Tea,governed,high,yes,5.0,672,2.833,14.167,237.2,3.953,47.4,
2025-04-28,2025-04,Maisa 2+3,,47010,75147 TJ ORG Roasted Herbal Cofee (12 Pack) - G,Tea,inferred,,yes,5.0,5568,6.283,31.417,886.2,14.769,177.2,
2025-04-28,2025-04,Maisa 2+3,,Clean,Standard Clean,Tea,inferred,,,5.0,0,0.65,3.25,,,,
2025-04-28,2025-04,Maisa 2+3,,CleanGA,Clean + Gluten + Almond Tests,Tea,inferred,,,2.0,0,0.5,1.0,,,,
2025-04-28,2025-04,Maisa 2+3,,TB130,ORG Maca Chocolate Tea Bag - G,Tea bag (intermediate),item-code,,yes,2.0,13990,2.933,5.867,4769.3,79.489,2384.7,
2025-04-28,2025-04,Maisa 2+3,,TB130,ORG Maca Chocolate Tea Bag - G,Tea bag (intermediate),item-code,,yes,2.0,500,0.217,0.433,2307.7,38.462,1153.8,
2025-04-28,2025-04,WeighRight,,60070,ORG Java 5 Lb Bag - GA,Bag/Other,inferred,,yes,3.0,8,0.35,1.05,22.9,0.381,7.6,
2025-04-28,2025-04,WeighRight,,65050,ORG Turkey Tail Astragalus 5 Lb Bag - G,Bag/Other,inferred,,yes,3.0,60,1.217,3.65,49.3,0.822,16.4,
2025-04-28,2025-04,WeighRight,,80080L,Org Mocha 11OZ Bag/Box of 24 - GA,Bag/Other,inferred,,yes,3.0,1800,4.283,12.85,420.2,7.004,140.1,
2025-04-28,2025-04,WeighRight,,80083,ORG Mocha 11OZ Bag 3PK  - GA,Bag/Other,inferred,,yes,3.0,32,0.2,0.6,160.0,2.667,53.3,
2025-04-28,2025-04,WeighRight,,80130L,Org Maca Chocoate 11oz Bag/Box of 24 - G,Bag/Other,inferred,,yes,3.0,600,1.45,4.35,413.8,6.897,137.9,
2025-04-28,2025-04,WeighRight,,82130L,ORG Mexican Chocolate 11OZ Bag/Box of 24 - G,APG,governed,high,yes,3.0,717,1.667,5.0,430.2,7.17,143.4,
2025-04-28,2025-04,WeighRight,,Clean,Standard Clean,Bag/Other,inferred,,,3.0,0,0.45,1.35,,,,
2025-04-28,2025-04,WeighRight,,Clean,Standard Clean,Bag/Other,inferred,,,3.0,0,0.367,1.1,,,,
2025-04-28,2025-04,WeighRight,,Clean,Standard Clean,Bag/Other,inferred,,,3.0,0,0.083,0.25,,,,
2025-04-29,2025-04,AMS,handpack,10101A,AMZN - WWB - ORG Medium Roasted Carob Flour - 1 Lb Bag,Bag/Other,inferred,,yes,2.0,518,9.833,19.667,52.7,0.878,26.3,
2025-04-29,2025-04,AMS,handpack,10402A,AMZN- WWB-ORG Rama Tulsi - 8 OZ Bag,Bag/Other,inferred,,yes,1.0,370,10.167,10.167,36.4,0.607,36.4,
2025-04-29,2025-04,Assembly,,40001A,AMZN Labeled Herbal Tea Sampler Box/Variety Pack,Bundle,inferred,,yes,4.0,259,2.0,8.0,129.5,2.158,32.4,
2025-04-29,2025-04,Assembly,,43222,ORG Dandelion Caramel Nut Tea Bag Demo Tray - A,Tea,inferred,,yes,1.0,1,0.917,0.917,1.1,0.018,1.1,
2025-04-29,2025-04,Assembly,,43312,ORG Dandelion Mocha Mint Tea Bag Demo Tray - A,Tea,inferred,,yes,1.0,2,0.483,0.483,4.1,0.069,4.1,
2025-04-29,2025-04,Assembly,,TGB322,Dandelion Caramel Nut Tea Bag Goody Bag - A,Tea,inferred,,yes,1.0,200,0.367,0.367,545.5,9.091,545.5,
2025-04-29,2025-04,Assembly,,TGB333,ORG Dandelion Turmeric Tea Bag Goody Bag,Tea,inferred,,yes,1.0,400,1.0,1.0,400.0,6.667,400.0,
2025-04-29,2025-04,Assembly,,TGB506,ORG Tremella Tulsi Tea Bag Goody Bag,Tea,inferred,,yes,1.0,700,2.25,2.25,311.1,5.185,311.1,
2025-04-29,2025-04,Assembly,,TGB601,ORG Dark Chocolate Tea Bag Goody Bag,Tea,inferred,,yes,1.0,100,0.367,0.367,272.7,4.545,272.7,
2025-04-29,2025-04,Assembly,,TGB602,ORG Macadamia Nut Tea Bag Goody Bag,Tea,inferred,,yes,1.0,40,0.517,0.517,77.4,1.29,77.4,
2025-04-29,2025-04,Maisa 1,,42080,ORG Irish Cream 10ct/6pk Tea Bag - G,Tea,inferred,,yes,3.0,1380,3.667,11.0,376.4,6.273,125.5,
2025-04-29,2025-04,Maisa 1,,42081,ORG Irish Cream 25Ct Tea Bag Box - G,Tea,inferred,,yes,3.0,158,0.833,2.5,189.6,3.16,63.2,
2025-04-29,2025-04,Maisa 1,,43310,ORG Dandelion Mocha Mint 10CT Tea Bag - A,Tea,inferred,,yes,3.0,1062,2.617,7.85,405.9,6.764,135.3,
2025-04-29,2025-04,Maisa 1,,Clean,Standard Clean,Tea,inferred,,,3.0,0,0.5,1.5,,,,
2025-04-29,2025-04,Maisa 1,,CleanG,Clean + Gluten Test,Tea,inferred,,,3.0,0,0.617,1.85,,,,
2025-04-29,2025-04,Maisa 1,,TB331,ORG Dandelion Mocha Mint Tea Bag - A,Tea bag (intermediate),item-code,,yes,3.0,1000,0.267,0.8,3750.0,62.5,1250.0,
2025-04-29,2025-04,Maisa 1,,TB334,ORG Dandelion Coconut Tea Bag - A,Tea bag (intermediate),item-code,,yes,3.0,7250,1.583,4.75,4578.9,76.316,1526.3,
2025-04-29,2025-04,Maisa 2+3,,40081,ORG Mocha 25CT Tea Bag - GA,Tea,governed,high,yes,3.0,432,2.85,8.55,151.6,2.526,50.5,
2025-04-29,2025-04,Maisa 2+3,,42021,DO NOT MAKE - ORG Caramel Nut 25CT Tea Bag - GA,Tea,governed,high,yes,3.0,384,2.0,6.0,192.0,3.2,64.0,
2025-04-29,2025-04,Maisa 2+3,,Clean,Standard Clean,Tea,inferred,,,5.0,0,0.4,2.0,,,,
2025-04-29,2025-04,Maisa 2+3,,Clean,Standard Clean,Tea,inferred,,,5.0,0,0.5,2.5,,,,
2025-04-29,2025-04,Maisa 2+3,,Clean,Standard Clean,Tea,inferred,,,3.0,0,0.5,1.5,,,,
2025-04-29,2025-04,Maisa 2+3,,NTB0080,Mocha Tagless 6g Tea Bag - GA,Tea bag (intermediate),item-code,,yes,2.0,22800,4.75,9.5,4800.0,80.0,2400.0,
2025-04-29,2025-04,Maisa 2+3,,NTB3110,Dandelion Dark Roast Tagless 6g Tea Bag,Tea bag (intermediate),item-code,,yes,5.0,18000,3.833,19.167,4695.7,78.261,939.1,
2025-04-29,2025-04,Maisa 2+3,,TB202,ORG Caramel Nut Tea Bag - GA,Tea bag (intermediate),item-code,,yes,4.0,1069,0.5,2.0,2138.0,35.633,534.5,
2025-04-29,2025-04,WeighRight,,80070A,AMZN Org Java 11OZ Bag/Box of 24 - GA,Bag/Other,inferred,,yes,3.0,576,1.2,3.6,480.0,8.0,160.0,
2025-04-29,2025-04,WeighRight,,80070L,Org Java 11OZ Bag/Box of 24 - GA,Bag/Other,inferred,,yes,3.0,816,1.783,5.35,457.6,7.626,152.5,
2025-04-29,2025-04,WeighRight,,80073,ORG Java 11OZ Bag 3PK - GA,Bag/Other,inferred,,yes,3.0,48,0.467,1.4,102.9,1.714,34.3,
2025-04-29,2025-04,WeighRight,,80080,ORG Mocha 11OZ Bag/6 Count Case - GA,Bag/Other,inferred,,yes,3.0,2760,5.633,16.9,489.9,8.166,163.3,
2025-04-29,2025-04,WeighRight,,80083,ORG Mocha 11OZ Bag 3PK  - GA,Bag/Other,inferred,,yes,3.0,80,0.567,1.7,141.2,2.353,47.1,
2025-04-29,2025-04,WeighRight,,Clean,Standard Clean,Bag/Other,inferred,,,3.0,0,0.55,1.65,,,,
2025-04-30,2025-04,AMS,handpack,10101A,AMZN - WWB - ORG Medium Roasted Carob Flour - 1 Lb Bag,Bag/Other,inferred,,yes,1.0,390,3.033,3.033,128.6,2.143,128.6,
2025-04-30,2025-04,AMS,handpack,10402A,AMZN- WWB-ORG Rama Tulsi - 8 OZ Bag,Bag/Other,inferred,,yes,1.0,44,1.833,1.833,24.0,0.4,24.0,
2025-04-30,2025-04,AMS,handpack,10402A,AMZN- WWB-ORG Rama Tulsi - 8 OZ Bag,Bag/Other,inferred,,yes,1.0,22,7.833,7.833,2.8,0.047,2.8,
2025-04-30,2025-04,Assembly,,40001A,AMZN Labeled Herbal Tea Sampler Box/Variety Pack,Bundle,inferred,,yes,4.0,259,2.0,8.0,129.5,2.158,32.4,
2025-04-30,2025-04,Assembly,,43112,ORG Dandelion Dark Roast Tea Bag Demo Tray,Tea,inferred,,yes,1.0,2,0.333,0.333,6.0,0.1,6.0,
2025-04-30,2025-04,Assembly,,43312,ORG Dandelion Mocha Mint Tea Bag Demo Tray - A,Tea,inferred,,yes,1.0,1,0.3,0.3,3.3,0.056,3.3,
2025-04-30,2025-04,Assembly,,TGB601,ORG Dark Chocolate Tea Bag Goody Bag,Tea,inferred,,yes,1.0,150,1.45,1.45,103.4,1.724,103.4,
2025-04-30,2025-04,Maisa 1,,43310,ORG Dandelion Mocha Mint 10CT Tea Bag - A,Tea,inferred,,yes,3.0,3930,10.083,30.25,389.8,6.496,129.9,
2025-04-30,2025-04,Maisa 2+3,,45020,ORG Chaga Ashwagandha 10 Ct Tea Bag/6 Count Case,Tea,inferred,,yes,5.0,7530,9.883,49.417,761.9,12.698,152.4,
2025-04-30,2025-04,Maisa 2+3,,TB502,ORG Chaga Ashwagandha Loose Tea Bag,Tea bag (intermediate),item-code,,yes,4.0,2000,0.2,0.8,10000.0,166.667,2500.0,
2025-04-30,2025-04,WeighRight,,50070,ORG Java 30g Trial Size Packet - GA,Bag/Other,inferred,,yes,3.0,1080,1.833,5.5,589.1,9.818,196.4,
2025-04-30,2025-04,WeighRight,,60070,ORG Java 5 Lb Bag - GA,Bag/Other,inferred,,yes,3.0,24,0.133,0.4,180.0,3.0,60.0,
2025-04-30,2025-04,WeighRight,,65020,ORG Chaga Ashwagandha 5 Lb Bag,Bag/Other,inferred,,yes,3.0,20,0.167,0.5,120.0,2.0,40.0,
2025-04-30,2025-04,WeighRight,,80073,ORG Java 11OZ Bag 3PK - GA,Bag/Other,inferred,,yes,3.0,272,1.533,4.6,177.4,2.957,59.1,
2025-04-30,2025-04,WeighRight,,85020,ORG Chaga Ashwagandha 10 Oz Bag/6 Count Case,Bag/Other,inferred,,yes,3.0,834,2.083,6.25,400.3,6.672,133.4,
2025-04-30,2025-04,WeighRight,,85070L,ORG Miraculous Mushrooms A&P 10oz Bag/Box of 24,Bag/Other,inferred,,yes,3.0,1152,2.667,8.0,432.0,7.2,144.0,
2025-04-30,2025-04,WeighRight,,85070L,ORG Miraculous Mushrooms A&P 10oz Bag/Box of 24,Bag/Other,inferred,,yes,3.0,24,0.083,0.25,288.0,4.8,96.0,
2025-04-30,2025-04,WeighRight,,Clean,Standard Clean,Bag/Other,inferred,,,3.0,0,1.083,3.25,,,,
2025-04-30,2025-04,WeighRight,,Clean,Standard Clean,Bag/Other,inferred,,,3.0,0,0.25,0.75,,,,
2025-05-01,2025-05,AMS,handpack,10101A,AMZN - WWB - ORG Medium Roasted Carob Flour - 1 Lb Bag,Bag/Other,inferred,,yes,1.0,232,7.333,7.333,31.6,0.527,31.6,
2025-05-01,2025-05,AMS,handpack,10402A,AMZN- WWB-ORG Rama Tulsi - 8 OZ Bag,Bag/Other,inferred,,yes,1.0,218,3.867,3.867,56.4,0.94,56.4,
2025-05-01,2025-05,AMS,handpack,10402A,AMZN- WWB-ORG Rama Tulsi - 8 OZ Bag,Bag/Other,inferred,,yes,1.0,336,6.3,6.3,53.3,0.889,53.3,
2025-05-01,2025-05,Assembly,,40001A,AMZN Labeled Herbal Tea Sampler Box/Variety Pack,Bundle,inferred,,yes,4.0,259,2.0,8.0,129.5,2.158,32.4,
2025-05-01,2025-05,Assembly,,43116,Dandelion DarkRoast Tagless Tea Bag - 50 Ct,Tea,governed,high,yes,1.0,320,8.0,8.0,40.0,0.667,40.0,
2025-05-01,2025-05,Assembly,,45001,Mushroom Adaptogen TB Sampler Box - 6 Count Case - G,Sampler,inferred,,yes,1.0,60,0.883,0.883,67.9,1.132,67.9,
2025-05-01,2025-05,Maisa 1,,43310,ORG Dandelion Mocha Mint 10CT Tea Bag - A,Tea,inferred,,yes,3.0,3288,9.667,29.0,340.1,5.669,113.4,
2025-05-01,2025-05,Maisa 1,,43311,Dandelion Mocha Mint 25 Count Tea Bag - A,Tea,governed,high,yes,3.0,24,0.167,0.5,144.0,2.4,48.0,
2025-05-01,2025-05,Maisa 2+3,,40013,ORG Vanila Nut 25CT Tea Bag 3PK - GA,Tea,inferred,,yes,5.0,120,0.817,4.083,146.9,2.449,29.4,
2025-05-01,2025-05,Maisa 2+3,,45020,ORG Chaga Ashwagandha 10 Ct Tea Bag/6 Count Case,Tea,inferred,,yes,5.0,750,0.933,4.667,803.6,13.393,160.7,
2025-05-01,2025-05,Maisa 2+3,,45060,DO NOT MAKE ORG Tremella Tulsi 10 Ct Tea Bag/6 Count Case,Tea,inferred,,yes,3.0,1278,1.417,4.25,902.1,15.035,300.7,
2025-05-01,2025-05,Maisa 2+3,,45071,ORG Miraculous Mushroom A&P 25 Ct Tea Bag,Tea,inferred,,yes,5.0,600,1.8,9.0,333.3,5.556,66.7,
2025-05-01,2025-05,Maisa 2+3,,46010L,ORG Dark Chocolate 10 Ct Tea Bag/36 Count Box,Tea,governed,high,,5.0,1106,,,,,,
2025-05-01,2025-05,Maisa 2+3,,46011,ORG Dark Chocolate 25 Ct Tea Bag,Tea,governed,high,yes,5.0,480,1.533,7.667,313.0,5.217,62.6,
2025-05-01,2025-05,Maisa 2+3,,Clean,Standard Clean,Tea,inferred,,,5.0,0,0.5,2.5,,,,
2025-05-01,2025-05,Maisa 2+3,,Clean,Standard Clean,Tea,inferred,,,5.0,0,0.533,2.667,,,,
2025-05-01,2025-05,Maisa 2+3,,Clean,Standard Clean,Tea,inferred,,,5.0,0,0.567,2.833,,,,
2025-05-01,2025-05,Maisa 2+3,,CleanGA,Clean + Gluten + Almond Tests,Tea,inferred,,,5.0,0,0.433,2.167,,,,
2025-05-01,2025-05,Maisa 2+3,,TB507,ORG Miraculous Mushroom A&P Loose Tea Bag,Tea bag (intermediate),item-code,,yes,4.0,3429,0.383,1.533,8945.2,149.087,2236.3,
2025-05-01,2025-05,WeighRight,,55020,Chaga Ashwagandha 30g Trial Size Packet,Bag/Other,inferred,,yes,3.0,500,1.083,3.25,461.5,7.692,153.8,
2025-05-01,2025-05,WeighRight,,83110A,AMZN ORG Dandelion Dark Roast 10 oz Bag/Box of 24,Bag/Other,inferred,,yes,3.0,48,0.167,0.5,288.0,4.8,96.0,
2025-05-01,2025-05,WeighRight,,83110L,ORG Dandelion Dark Roast 10 oz Bag/Box of 24,APG,governed,high,yes,3.0,907,2.167,6.5,418.6,6.977,139.5,
2025-05-01,2025-05,WeighRight,,83113,ORG Dandelion Dark Roast 10OZ Bag 3PK ,Bag/Other,inferred,,yes,3.0,128,1.3,3.9,98.5,1.641,32.8,
2025-05-01,2025-05,WeighRight,,85020,ORG Chaga Ashwagandha 10 Oz Bag/6 Count Case,Bag/Other,inferred,,yes,3.0,1926,4.833,14.5,398.5,6.641,132.8,
2025-05-01,2025-05,WeighRight,,Clean,Standard Clean,Bag/Other,inferred,,,3.0,0,0.417,1.25,,,,
2025-05-02,2025-05,AMS,handpack,10101A,AMZN - WWB - ORG Medium Roasted Carob Flour - 1 Lb Bag,Bag/Other,inferred,,yes,1.0,361,10.167,10.167,35.5,0.592,35.5,
2025-05-02,2025-05,AMS,handpack,10402A,AMZN- WWB-ORG Rama Tulsi - 8 OZ Bag,Bag/Other,inferred,,yes,1.0,336,10.167,10.167,33.0,0.551,33.0,
2025-05-02,2025-05,Assembly,,42111,ORG French Vanilla 25CT Tea Bag - G,Tea,governed,high,yes,1.0,120,5.0,5.0,24.0,0.4,24.0,
2025-05-02,2025-05,Assembly,,43116,Dandelion DarkRoast Tagless Tea Bag - 50 Ct,Tea,governed,high,yes,1.0,40,1.367,1.367,29.3,0.488,29.3,
2025-05-02,2025-05,Assembly,,83080A,AMZN Org Dandelion Mocha 10OZ Bag/Box of 24 - A,Bag/Other,inferred,,yes,1.0,120,1.117,1.117,107.5,1.791,107.5,
2025-05-02,2025-05,Maisa 2+3,,40110,ORG French Roast 10 Count Tea Bag - G,Tea,inferred,,yes,5.0,2490,2.167,10.833,1149.2,19.154,229.8,
2025-05-02,2025-05,Maisa 2+3,,45060,DO NOT MAKE ORG Tremella Tulsi 10 Ct Tea Bag/6 Count Case,Tea,inferred,,yes,5.0,4242,5.1,25.5,831.8,13.863,166.4,
2025-05-02,2025-05,Maisa 2+3,,Clean,Standard Clean,Tea,inferred,,,5.0,0,1.333,6.667,,,,
2025-05-02,2025-05,Maisa 2+3,,TB506,ORG Tremella Tulsi Loose Tea Bag,Tea bag (intermediate),item-code,,yes,4.0,6810,1.483,5.933,4591.0,76.517,1147.8,
2025-05-02,2025-05,WeighRight,,63110,ORG Dandelion Dark Roast 5 Lb Bag,APG,governed,high,yes,3.0,32,0.45,1.35,71.1,1.185,23.7,
2025-05-02,2025-05,WeighRight,,80110A,AMZN Org French Roast 11OZ Bag/Box of 24 - G,Bag/Other,inferred,,yes,3.0,1200,2.833,8.5,423.5,7.059,141.2,
2025-05-02,2025-05,WeighRight,,80110L,Org French Roast 11oz Bag/Box of 24 - G,Bag/Other,inferred,,yes,3.0,1800,4.0,12.0,450.0,7.5,150.0,
2025-05-02,2025-05,WeighRight,,83110A,AMZN ORG Dandelion Dark Roast 10 oz Bag/Box of 24,Bag/Other,inferred,,yes,3.0,312,0.833,2.5,374.4,6.24,124.8,
2025-05-02,2025-05,WeighRight,,83110L,ORG Dandelion Dark Roast 10 oz Bag/Box of 24,APG,governed,high,yes,3.0,1032,2.167,6.5,476.3,7.938,158.8,
2025-05-02,2025-05,WeighRight,,83116,Dandelion Dark Roast 500g APG Bag,APG,governed,high,yes,3.0,432,1.35,4.05,320.0,5.333,106.7,
2025-05-02,2025-05,WeighRight,,Clean,Standard Clean,Bag/Other,inferred,,,3.0,0,0.55,1.65,,,,
2025-05-05,2025-05,AMS,handpack,10059A,AMZN ORG French Chicory 2 X 1 Lb Bag,Bag/Other,inferred,,yes,2.0,312,5.333,10.667,58.5,0.975,29.2,
2025-05-05,2025-05,AMS,handpack,10101A,AMZN - WWB - ORG Medium Roasted Carob Flour - 1 Lb Bag,Bag/Other,inferred,,yes,1.0,354,10.167,10.167,34.8,0.58,34.8,
2025-05-05,2025-05,AMS,handpack,10104,WWB - ORG Dark Roasted Carob Flour - 1 Lb Bag,Bag/Other,inferred,,yes,1.0,15,2.75,2.75,5.5,0.091,5.5,
2025-05-05,2025-05,AMS,handpack,10104,WWB - ORG Dark Roasted Carob Flour - 1 Lb Bag,Bag/Other,inferred,,yes,1.0,15,2.75,2.75,5.5,0.091,5.5,
2025-05-05,2025-05,AMS,handpack,10402A,AMZN- WWB-ORG Rama Tulsi - 8 OZ Bag,Bag/Other,inferred,,yes,1.0,191,6.833,6.833,28.0,0.466,28.0,
2025-05-05,2025-05,Assembly,,40134,DO NOT MAKE - ORG Maca Chocolate 10CT Tea Bag 4PK - G,Tea,inferred,,yes,1.0,160,3.667,3.667,43.6,0.727,43.6,
2025-05-05,2025-05,Assembly,,53091,AMZN Dandelion 6 Packet Sampler - X002V5663N,Sampler,inferred,,yes,1.0,90,2.0,2.0,45.0,0.75,45.0,
2025-05-05,2025-05,Maisa 1,,40021,ORG Chocolate Mint 25CT Tea Bag - GA,Tea,governed,high,yes,3.0,295,1.6,4.8,184.4,3.073,61.5,
2025-05-05,2025-05,Maisa 1,,43311,Dandelion Mocha Mint 25 Count Tea Bag - A,Tea,governed,high,yes,3.0,664,5.467,16.4,121.5,2.024,40.5,
2025-05-05,2025-05,Maisa 1,,Clean,Standard Clean,Tea,inferred,,,3.0,0,0.633,1.9,,,,
2025-05-05,2025-05,Maisa 1,,CleanA,Clean + Almond Test,Tea,inferred,,,3.0,0,0.633,1.9,,,,
2025-05-05,2025-05,Maisa 1,,TB331,ORG Dandelion Mocha Mint Tea Bag - A,Tea bag (intermediate),item-code,,yes,3.0,6765,1.917,5.75,3529.6,58.826,1176.5,
2025-05-05,2025-05,Maisa 2+3,,40063,ORG Hazelnut 25CT Tea Bag 3PK - GA,Tea,inferred,,yes,3.0,168,2.8,8.4,60.0,1.0,20.0,
2025-05-05,2025-05,Maisa 2+3,,40110,ORG French Roast 10 Count Tea Bag - G,Tea,inferred,,yes,5.0,1650,1.967,9.833,839.0,13.983,167.8,
2025-05-05,2025-05,Maisa 2+3,,Clean,Standard Clean,Tea,inferred,,,5.0,0,0.2,1.0,,,,
2025-05-05,2025-05,Maisa 2+3,,NTB0110,French Roast Tagless 6g Tea Bag - G,Tea bag (intermediate),item-code,,yes,2.0,28000,4.583,9.167,6109.1,101.818,3054.5,
2025-05-05,2025-05,Maisa 2+3,,TB060,ORG Hazelnut Tea Bag Loose - GA,Tea bag (intermediate),item-code,,yes,2.0,5000,2.25,4.5,2222.2,37.037,1111.1,
2025-05-05,2025-05,Maisa 2+3,,TB110,ORG French Roast Tea Bag Loose - G,Tea bag (intermediate),item-code,,yes,2.0,22000,4.5,9.0,4888.9,81.481,2444.4,
2025-05-05,2025-05,WeighRight,,50060,ORG Hazelnut 30g Trial Size Packet - GA,Bag/Other,inferred,,yes,3.0,2160,4.167,12.5,518.4,8.64,172.8,
2025-05-05,2025-05,WeighRight,,60110,ORG French Roast 5 Lb Bag - G,Bag/Other,inferred,,yes,3.0,60,0.817,2.45,73.5,1.224,24.5,
2025-05-05,2025-05,WeighRight,,63340,ORG Dandelion Coconut 5 Lb Bag - A,APG,governed,high,yes,3.0,32,0.4,1.2,80.0,1.333,26.7,
2025-05-05,2025-05,WeighRight,,80020A,AMZN Org Chocolate Mint11OZ Bag/Box of 24 - GA,Bag/Other,inferred,,yes,3.0,240,0.6,1.8,400.0,6.667,133.3,
2025-05-05,2025-05,WeighRight,,80020L,ORG Chocolate Mint 11OZ Bag/Box of 24 - GA,Bag/Other,inferred,,yes,3.0,480,1.083,3.25,443.1,7.385,147.7,
2025-05-05,2025-05,WeighRight,,80110L,Org French Roast 11oz Bag/Box of 24 - G,Bag/Other,inferred,,yes,3.0,216,0.45,1.35,480.0,8.0,160.0,
2025-05-05,2025-05,WeighRight,,80113,ORG French Roast 11OZ Bag 3PK - G,Bag/Other,inferred,,yes,3.0,256,1.567,4.7,163.4,2.723,54.5,
2025-05-05,2025-05,WeighRight,,Clean,Standard Clean,Bag/Other,inferred,,,3.0,0,0.417,1.25,,,,
2025-05-05,2025-05,WeighRight,,Clean,Standard Clean,Bag/Other,inferred,,,3.0,0,0.183,0.55,,,,
2025-05-05,2025-05,WeighRight,,Clean,Standard Clean,Bag/Other,inferred,,,3.0,0,0.483,1.45,,,,
2025-05-06,2025-05,AMS,handpack,10005A,WWB AMZN Organic Chia (1lb),Bag/Other,inferred,,yes,1.0,10,0.567,0.567,17.6,0.294,17.6,
2025-05-06,2025-05,AMS,handpack,10005A,WWB AMZN Organic Chia (1lb),Bag/Other,inferred,,yes,1.0,10,0.567,0.567,17.6,0.294,17.6,
2025-05-06,2025-05,AMS,handpack,10008,"Org Rooibos, 8 Oz Bag",Bag/Other,inferred,,yes,1.0,240,3.3,3.3,72.7,1.212,72.7,
2025-05-06,2025-05,AMS,handpack,10013,"ORG Hibisicus, 8 Oz Bag",Bag/Other,inferred,,yes,1.0,240,7.333,7.333,32.7,0.545,32.7,
2025-05-06,2025-05,AMS,handpack,10059A,AMZN ORG French Chicory 2 X 1 Lb Bag,Bag/Other,inferred,,yes,1.0,24,0.767,0.767,31.3,0.522,31.3,
2025-05-06,2025-05,AMS,handpack,10101A,AMZN - WWB - ORG Medium Roasted Carob Flour - 1 Lb Bag,Bag/Other,inferred,,yes,1.0,253,8.183,8.183,30.9,0.515,30.9,
2025-05-06,2025-05,AMS,handpack,10102,WWB - ORG Medium Roasted Carob 1 Lb x 2,Bag/Other,inferred,,yes,1.0,87,1.983,1.983,43.9,0.731,43.9,
2025-05-06,2025-05,AMS,handpack,10104,WWB - ORG Dark Roasted Carob Flour - 1 Lb Bag,Bag/Other,inferred,,yes,1.0,345,8.75,8.75,39.4,0.657,39.4,
2025-05-06,2025-05,AMS,handpack,10104,WWB - ORG Dark Roasted Carob Flour - 1 Lb Bag,Bag/Other,inferred,,yes,1.0,345,8.75,8.75,39.4,0.657,39.4,
2025-05-06,2025-05,AMS,handpack,10302A,WWB Organic Cinnamon Powder 1lb - AMZN Label,Bag/Other,inferred,,yes,1.0,19,0.583,0.583,32.6,0.543,32.6,
2025-05-06,2025-05,Assembly,,40001A,AMZN Labeled Herbal Tea Sampler Box/Variety Pack,Bundle,inferred,,yes,4.0,259,2.333,9.333,111.0,1.85,27.7,
2025-05-06,2025-05,Maisa 1,,40121,DO NOT MAKE ORG Maya Chai 25CT Tea Bag - G,Tea,governed,high,yes,3.0,120,0.6,1.8,200.0,3.333,66.7,
2025-05-06,2025-05,Maisa 1,,43340,ORG Dandelion Coconut 10CT Tea Bag - A,Tea,inferred,,yes,3.0,1332,2.983,8.95,446.5,7.441,148.8,
2025-05-06,2025-05,Maisa 1,,43340F,Dandelion Coconut Dual Language 10 cnt TB - A,Tea,inferred,,yes,3.0,234,0.55,1.65,425.5,7.091,141.8,
2025-05-06,2025-05,Maisa 1,,Clean,Standard Clean,Tea,inferred,,,3.0,0,0.617,1.85,,,,
2025-05-06,2025-05,Maisa 1,,CleanG,Clean + Gluten Test,Tea,inferred,,,3.0,0,0.55,1.65,,,,
2025-05-06,2025-05,Maisa 1,,TB120,DO NOT MAKE ORG Maya Chai Tea Bag - G,Tea bag (intermediate),item-code,,yes,3.0,9305,2.267,6.8,4105.1,68.419,1368.4,
2025-05-06,2025-05,Maisa 1,,TB505,ORG Turkey Tail Astragalus Loose Tea Bag - G,Tea bag (intermediate),item-code,,yes,3.0,9920,2.217,6.65,4475.2,74.586,1491.7,
2025-05-06,2025-05,Maisa 2+3,,43110F,Dandelion Dark Roast Dual Language 10ct/6pk Tea Bag,Tea,inferred,,yes,5.0,420,0.767,3.833,547.8,9.13,109.6,
2025-05-06,2025-05,Maisa 2+3,,43111,ORG Dandelion Dark Roast 25CT Tea Bag,Tea,governed,high,yes,5.0,2208,9.233,46.167,239.1,3.986,47.8,
2025-05-06,2025-05,Maisa 2+3,,CLEANGA,Clean + Gluten + Allergen Tests,Tea,inferred,,,5.0,0,19.75,98.75,,,,
2025-05-06,2025-05,Maisa 2+3,,TB060,ORG Hazelnut Tea Bag Loose - GA,Tea bag (intermediate),item-code,,yes,2.0,17000,4.25,8.5,4000.0,66.667,2000.0,
2025-05-06,2025-05,WeighRight,,60060,ORG Hazelnut 5 Lb Bag - GA,Bag/Other,inferred,,yes,3.0,100,1.117,3.35,89.6,1.493,29.9,
2025-05-06,2025-05,WeighRight,,62120,ORG Chocolate Raspberry 5 Lb Bag - G,APG,governed,high,yes,3.0,20,0.183,0.55,109.1,1.818,36.4,
2025-05-06,2025-05,WeighRight,,80060A,AMZN Org Hazelnut 11OZ Bag/Box of 24 - GA,Bag/Other,inferred,,yes,3.0,1200,3.2,9.6,375.0,6.25,125.0,
2025-05-06,2025-05,WeighRight,,80060L,Org Hazelnut 11OZ Bag/Box of 24 - GA,Bag/Other,inferred,,yes,3.0,912,1.9,5.7,480.0,8.0,160.0,
2025-05-06,2025-05,WeighRight,,80063,ORG Hazelnut 11OZ Bag 3PK  - GA,Bag/Other,inferred,,yes,3.0,240,1.617,4.85,148.5,2.474,49.5,
2025-05-06,2025-05,WeighRight,,80089A,AMZN ORG Raspberry Mocha 11OZ Bag/Box of 24 - GA,Bag/Other,inferred,,yes,3.0,24,0.167,0.5,144.0,2.4,48.0,
2025-05-06,2025-05,WeighRight,,82120L,ORG Chocolate Raspberry 11OZ Bag/Box of 24 - G,Bag/Other,inferred,,yes,3.0,216,0.9,2.7,240.0,4.0,80.0,
2025-05-06,2025-05,WeighRight,,Clean,Standard Clean,Bag/Other,inferred,,,3.0,0,0.5,1.5,,,,
2025-05-06,2025-05,WeighRight,,CleanA,Clean + Almond Test,Bag/Other,inferred,,,3.0,0,0.667,2.0,,,,
2025-05-07,2025-05,AMS,handpack,10005A,WWB AMZN Organic Chia (1lb),Bag/Other,inferred,,yes,1.0,301,10.167,10.167,29.6,0.493,29.6,
2025-05-07,2025-05,AMS,handpack,10005A,WWB AMZN Organic Chia (1lb),Bag/Other,inferred,,yes,1.0,301,10.167,10.167,29.6,0.493,29.6,
2025-05-07,2025-05,AMS,handpack,10005A,WWB AMZN Organic Chia (1lb),Bag/Other,inferred,,yes,1.0,109,2.25,2.25,48.4,0.807,48.4,
2025-05-07,2025-05,AMS,handpack,10005A,WWB AMZN Organic Chia (1lb),Bag/Other,inferred,,yes,1.0,109,2.25,2.25,48.4,0.807,48.4,
2025-05-07,2025-05,AMS,handpack,10012,"ORG Lemon Grass, 7 Oz Bag",Bag/Other,inferred,,yes,1.0,127,5.017,5.017,25.3,0.422,25.3,
2025-05-07,2025-05,AMS,handpack,10102,WWB - ORG Medium Roasted Carob 1 Lb x 2,Bag/Other,inferred,,yes,1.0,321,8.417,8.417,38.1,0.636,38.1,
2025-05-07,2025-05,AMS,handpack,10302A,WWB Organic Cinnamon Powder 1lb - AMZN Label,Bag/Other,inferred,,yes,1.0,471,10.0,10.0,47.1,0.785,47.1,
2025-05-07,2025-05,Assembly,,12251L,Holiday Tea Bag Sampler Box ,Sampler,inferred,,,1.0,0,0.6,0.6,,,,
2025-05-07,2025-05,Assembly,,40001A,AMZN Labeled Herbal Tea Sampler Box/Variety Pack,Bundle,inferred,,yes,4.0,354,2.0,8.0,177.0,2.95,44.2,
2025-05-07,2025-05,Assembly,,42099,Teeccino Herbal Tea Holiday Display,Bag/Other,inferred,,yes,1.0,3,0.483,0.483,6.2,0.103,6.2,
2025-05-07,2025-05,Maisa 1,,43340,ORG Dandelion Coconut 10CT Tea Bag - A,Tea,inferred,,yes,3.0,4188,9.367,28.1,447.1,7.452,149.0,
2025-05-07,2025-05,Maisa 1,,TB334,ORG Dandelion Coconut Tea Bag - A,Tea bag (intermediate),item-code,,yes,3.0,4950,1.0,3.0,4950.0,82.5,1650.0,
2025-05-07,2025-05,Maisa 2+3,,43110F,Dandelion Dark Roast Dual Language 10ct/6pk Tea Bag,Tea,inferred,,yes,5.0,5646,20.433,102.167,276.3,4.605,55.3,
2025-05-07,2025-05,WeighRight,,50070,ORG Java 30g Trial Size Packet - GA,Bag/Other,inferred,,yes,3.0,1722,3.083,9.25,558.5,9.308,186.2,
2025-05-07,2025-05,WeighRight,,60070,ORG Java 5 Lb Bag - GA,Bag/Other,inferred,,yes,3.0,64,1.0,3.0,64.0,1.067,21.3,
2025-05-07,2025-05,WeighRight,,60080,ORG Mocha 5 Lb Bag - GA,Bag/Other,inferred,,yes,3.0,30,0.4,1.2,75.0,1.25,25.0,
2025-05-07,2025-05,WeighRight,,63110,ORG Dandelion Dark Roast 5 Lb Bag,APG,governed,high,yes,3.0,100,1.0,3.0,100.0,1.667,33.3,
2025-05-07,2025-05,WeighRight,,80070A,AMZN Org Java 11OZ Bag/Box of 24 - GA,Bag/Other,inferred,,yes,3.0,288,0.5,1.5,576.0,9.6,192.0,
2025-05-07,2025-05,WeighRight,,80089A,AMZN ORG Raspberry Mocha 11OZ Bag/Box of 24 - GA,Bag/Other,inferred,,yes,3.0,1176,2.667,8.0,441.0,7.35,147.0,
2025-05-07,2025-05,WeighRight,,Clean,Standard Clean,Bag/Other,inferred,,,3.0,0,0.417,1.25,,,,
2025-05-07,2025-05,WeighRight,,Clean,Standard Clean,Bag/Other,inferred,,,3.0,0,0.217,0.65,,,,
2025-05-07,2025-05,WeighRight,,Clean,Standard Clean,Bag/Other,inferred,,,3.0,0,0.2,0.6,,,,
2025-05-07,2025-05,WeighRight,,CleanGA,Clean + Gluten + Almond Tests,Bag/Other,inferred,,,3.0,0,0.55,1.65,,,,
2025-05-08,2025-05,AMS,handpack,10012,"ORG Lemon Grass, 7 Oz Bag",Bag/Other,inferred,,yes,1.0,264,10.167,10.167,26.0,0.433,26.0,
2025-05-08,2025-05,AMS,handpack,10302A,WWB Organic Cinnamon Powder 1lb - AMZN Label,Bag/Other,inferred,,yes,1.0,169,5.35,5.35,31.6,0.526,31.6,
2025-05-08,2025-05,Assembly,,40112,ORG French Roast Tea Bag Demo Tray - G,Tea,inferred,,yes,1.0,1,1.083,1.083,0.9,0.015,0.9,
2025-05-08,2025-05,Assembly,,43001L,Dandelion Tea Sampler Box - Loose - G,Sampler,governed,high,yes,1.0,684,2.583,2.583,264.8,4.413,264.8,
2025-05-08,2025-05,Assembly,,43112,ORG Dandelion Dark Roast Tea Bag Demo Tray,Tea,inferred,,yes,1.0,2,0.833,0.833,2.4,0.04,2.4,
2025-05-08,2025-05,Assembly,,43312,ORG Dandelion Mocha Mint Tea Bag Demo Tray - A,Tea,inferred,,yes,1.0,2,0.917,0.917,2.2,0.036,2.2,
2025-05-08,2025-05,Assembly,,45001,Mushroom Adaptogen TB Sampler Box - 6 Count Case - G,Sampler,inferred,,yes,1.0,20,0.783,0.783,25.5,0.426,25.5,
2025-05-08,2025-05,Assembly,,GDB010,ORG Vanilla Nut Packet Goody Bag - GA,Bag/Other,inferred,,,,50,,,,,,
2025-05-08,2025-05,Assembly,,GDB060,ORG Hazelnut Packet Goody Bag - GA,Bag/Other,inferred,,yes,1.0,50,0.933,0.933,53.6,0.893,53.6,
2025-05-08,2025-05,Assembly,,GDB110,ORG French Roast Packet Goody Bag - G,Bag/Other,inferred,,yes,1.0,50,1.167,1.167,42.9,0.714,42.9,
2025-05-08,2025-05,Maisa 1,,42061,ORG Maple Pecan 25CT Tea Bag - GA,Tea,governed,high,yes,3.0,672,4.217,12.65,159.4,2.656,53.1,
2025-05-08,2025-05,Maisa 1,,43371,ORG Blueberry Vanilla 25-Ct Tea Bag,Tea,inferred,,yes,3.0,720,4.333,13.0,166.2,2.769,55.4,
2025-05-08,2025-05,Maisa 1,,CLeanA,Clean + Allergen Tests,Tea,inferred,,,3.0,0,0.833,2.5,,,,
2025-05-08,2025-05,Maisa 1,,Clean,Standard Clean,Tea,inferred,,,3.0,0,0.617,1.85,,,,
2025-05-08,2025-05,Maisa 2+3,,43110,ORG Dandelion Dark Roast 10ct/6pk Tea Bag,Tea,inferred,,yes,5.0,5214,8.533,42.667,611.0,10.184,122.2,
2025-05-08,2025-05,WeighRight,,10035,Chicory 5 Lb Bag,Bag/Other,inferred,,yes,3.0,320,2.333,7.0,137.1,2.286,45.7,
2025-05-08,2025-05,WeighRight,,80010,ORG Vanilla Nut 11oz Bag/6 Count Case - GA,Bag/Other,inferred,,yes,3.0,654,2.25,6.75,290.7,4.844,96.9,
2025-05-08,2025-05,WeighRight,,80010A,AMZN Org Vanilla Nut 11OZ Bag/Box of 24 - GA,Bag/Other,inferred,,yes,3.0,1200,3.333,10.0,360.0,6.0,120.0,
2025-05-08,2025-05,WeighRight,,80010L,Org Vanilla Nut 11OZ Bag/Box of 24 - GA,Bag/Other,inferred,,yes,3.0,480,1.333,4.0,360.0,6.0,120.0,
2025-05-08,2025-05,WeighRight,,Clean,Standard Clean,Bag/Other,inferred,,,3.0,0,0.733,2.2,,,,
2025-05-09,2025-05,AMS,handpack,10012,"ORG Lemon Grass, 7 Oz Bag",Bag/Other,inferred,,yes,1.0,198,6.417,6.417,30.9,0.514,30.9,
2025-05-09,2025-05,Assembly,,40001,Herbal Tea Sampler Box - 6 Count Case,Sampler,inferred,,yes,2.0,82,4.417,8.833,18.6,0.309,9.3,
2025-05-09,2025-05,Assembly,,40062,ORG Hazelnut Tea Bag Demo Tray,Tea,inferred,,yes,1.0,1,0.5,0.5,2.0,0.033,2.0,
2025-05-09,2025-05,Assembly,,40137,ORG Maca Chocolate Tea Bag Demo Tray,Tea,inferred,,yes,1.0,1,0.583,0.583,1.7,0.029,1.7,
2025-05-09,2025-05,Assembly,,42099,Teeccino Herbal Tea Holiday Display,Bag/Other,inferred,,yes,1.0,1,0.167,0.167,6.0,0.1,6.0,
2025-05-09,2025-05,Assembly,,49999,Teeccino Herbal Tea Shipper,Bag/Other,inferred,,yes,1.0,1,0.583,0.583,1.7,0.029,1.7,
2025-05-09,2025-05,Assembly,,GDB501,ORG Reishi Eleuthero Packet Goody Bag - G,Bag/Other,inferred,,yes,1.0,25,12.75,12.75,2.0,0.033,2.0,
2025-05-09,2025-05,Assembly,,GDB505,ORG Turkey Tail Astragalus Packet Goody BAg - G,Bag/Other,inferred,,yes,1.0,25,1.167,1.167,21.4,0.357,21.4,
2025-05-09,2025-05,Maisa 1,,40060,ORG Hazelnut 10ct/6pk Tea Bag - GA,Tea,inferred,,yes,3.0,846,1.65,4.95,512.7,8.545,170.9,
2025-05-09,2025-05,Maisa 1,,42061,ORG Maple Pecan 25CT Tea Bag - GA,Tea,governed,high,yes,3.0,144,0.8,2.4,180.0,3.0,60.0,
2025-05-09,2025-05,Maisa 1,,Clean,Standard Clean,Tea,inferred,,,3.0,0,0.633,1.9,,,,
2025-05-09,2025-05,Maisa 1,,TB060,ORG Hazelnut Tea Bag Loose - GA,Tea bag (intermediate),item-code,,yes,3.0,22000,4.917,14.75,4474.6,74.576,1491.5,
2025-05-09,2025-05,Maisa 1,,TB206,ORG Maple Pecan Tea Bag - GA,Tea bag (intermediate),item-code,,yes,3.0,3870,1.067,3.2,3628.1,60.469,1209.4,
2025-05-09,2025-05,Maisa 2+3,,43110,ORG Dandelion Dark Roast 10ct/6pk Tea Bag,Tea,inferred,,yes,3.0,756,1.983,5.95,381.2,6.353,127.1,
2025-05-09,2025-05,WeighRight,,80010,ORG Vanilla Nut 11oz Bag/6 Count Case - GA,Bag/Other,inferred,,yes,3.0,2106,4.4,13.2,478.6,7.977,159.5,
2025-05-09,2025-05,WeighRight,,80013,ORG Vanilla Nut 11oz Bag 3PK - GA,Bag/Other,inferred,,yes,3.0,384,2.217,6.65,173.2,2.887,57.7,
2025-05-09,2025-05,WeighRight,,86010,ORG Dark Chocolate 10 Oz Bag/6 Count Case,Bag/Other,inferred,,yes,3.0,1272,2.767,8.3,459.8,7.663,153.3,
2025-05-09,2025-05,WeighRight,,CleanGA,Clean + Gluten + Almond Tests,Bag/Other,inferred,,,3.0,0,0.55,1.65,,,,
2025-05-12,2025-05,AMS,handpack,10012,"ORG Lemon Grass, 7 Oz Bag",Bag/Other,inferred,,yes,1.0,203,8.6,8.6,23.6,0.393,23.6,
2025-05-12,2025-05,Assembly,,40001,Herbal Tea Sampler Box - 6 Count Case,Sampler,inferred,,yes,1.0,74,7.917,7.917,9.3,0.156,9.3,
2025-05-12,2025-05,Assembly,,43112,ORG Dandelion Dark Roast Tea Bag Demo Tray,Tea,inferred,,,1.0,0,0.5,0.5,,,,
2025-05-12,2025-05,Assembly,,43222,ORG Dandelion Caramel Nut Tea Bag Demo Tray - A,Tea,inferred,,,1.0,0,1.2,1.2,,,,
2025-05-12,2025-05,Assembly,,46012,ORG Dark Chocolate Tea Bag Demo Tray,Tea,inferred,,,1.0,0,0.533,0.533,,,,
2025-05-12,2025-05,Maisa 1,,40060,ORG Hazelnut 10ct/6pk Tea Bag - GA,Tea,inferred,,yes,3.0,3750,9.733,29.2,385.3,6.421,128.4,
2025-05-12,2025-05,Maisa 1,,Clean,Standard Clean,Tea,inferred,,,3.0,0,0.6,1.8,,,,
2025-05-12,2025-05,Maisa 2+3,,43110,ORG Dandelion Dark Roast 10ct/6pk Tea Bag,Tea,inferred,,yes,3.0,1908,4.733,14.2,403.1,6.718,134.4,
2025-05-12,2025-05,Maisa 2+3,,46010,ORG Dark Chocolate 10 Ct Tea Bag/6 Count Case,Tea,inferred,,yes,3.0,2478,5.7,17.1,434.7,7.246,144.9,
2025-05-12,2025-05,Maisa 2+3,,Clean,Standard Clean,Tea,inferred,,,5.0,0,23.567,117.833,,,,
2025-05-12,2025-05,Maisa 2+3,,TB601,ORG Dark Chocolate Loose Tea Bag,Tea bag (intermediate),item-code,,yes,2.0,8000,1.767,3.533,4528.3,75.472,2264.2,
2025-05-12,2025-05,WeighRight,,80030,ORG Almond Amaretto 11OZ Bag/6 Count Case - GA,Bag/Other,inferred,,yes,3.0,1380,4.45,13.35,310.1,5.169,103.4,
2025-05-12,2025-05,WeighRight,,80030A,AMZN Org Almond Amaretto 11OZ Bag/Box of 24 - GA,Bag/Other,inferred,,yes,3.0,816,1.1,3.3,741.8,12.364,247.3,
2025-05-12,2025-05,WeighRight,,80030L,ORG Almond Amaretto 11OZ Bag/Box of 24 - GA,Bag/Other,inferred,,yes,3.0,216,0.567,1.7,381.2,6.353,127.1,
2025-05-12,2025-05,WeighRight,,80033,ORG Almond Amaretto 11OZ Bag 3PK - GA,Bag/Other,inferred,,yes,3.0,160,0.983,2.95,162.7,2.712,54.2,
2025-05-12,2025-05,WeighRight,,86010,ORG Dark Chocolate 10 Oz Bag/6 Count Case,Bag/Other,inferred,,yes,3.0,108,0.483,1.45,223.4,3.724,74.5,
2025-05-12,2025-05,WeighRight,,86010L,ORG Dark Chocolate 10 Oz Bag/Box of 24,Bag/Other,inferred,,,3.0,0,1.917,5.75,,,,
2025-05-12,2025-05,WeighRight,,Clean,Standard Clean,Bag/Other,inferred,,,3.0,0,0.567,1.7,,,,
2025-05-13,2025-05,AMS,handpack,10012,"ORG Lemon Grass, 7 Oz Bag",Bag/Other,inferred,,yes,1.0,245,9.833,9.833,24.9,0.415,24.9,
2025-05-13,2025-05,Assembly,,40001,Herbal Tea Sampler Box - 6 Count Case,Sampler,inferred,,yes,1.0,74,7.917,7.917,9.3,0.156,9.3,
2025-05-13,2025-05,Assembly,,45022,Chaga Ashwaganda TB Demo Tray,Tea,inferred,,,1.0,0,0.5,0.5,,,,
2025-05-13,2025-05,Assembly,,50096,Top Six Packet Sampler pack,Sampler,inferred,,yes,1.0,32,2.417,2.417,13.2,0.221,13.2,
2025-05-13,2025-05,Maisa 1,,40051,Org English Toffee 25-Ct Tea Bag - GA,Tea,inferred,,yes,3.0,192,1.117,3.35,171.9,2.866,57.3,
2025-05-13,2025-05,Maisa 1,,42040,ORG Snickerdoodle 10ct/6pk Tea Bag - GA,Tea,inferred,,yes,3.0,2760,6.217,18.65,444.0,7.399,148.0,
2025-05-13,2025-05,Maisa 1,,42040L,ORG Snickerdoodle 10ct Loose - GA,Tea,governed,high,yes,3.0,216,0.4,1.2,540.0,9.0,180.0,
2025-05-13,2025-05,Maisa 1,,42041,Snickerdoodle 25CT Tea Bag - GA,Tea,governed,high,yes,3.0,288,1.8,5.4,160.0,2.667,53.3,
2025-05-13,2025-05,Maisa 1,,Clean,Standard Clean,Tea,inferred,,,3.0,0,0.467,1.4,,,,
2025-05-13,2025-05,Maisa 2+3,,45050,ORG Turkey Tail Astragalus 10 Ct Tea Bag/6 Count Case - G,Tea,inferred,,yes,5.0,2868,6.25,31.25,458.9,7.648,91.8,
2025-05-13,2025-05,Maisa 2+3,,46010,ORG Dark Chocolate 10 Ct Tea Bag/6 Count Case,Tea,inferred,,yes,5.0,2058,2.95,14.75,697.6,11.627,139.5,
2025-05-13,2025-05,Maisa 2+3,,Clean,Standard Clean,Tea,inferred,,,5.0,0,1.133,5.667,,,,
2025-05-13,2025-05,Maisa 2+3,,Clean,Standard Clean,Tea,inferred,,,5.0,0,1.217,6.083,,,,
2025-05-13,2025-05,Maisa 2+3,,TB504,ORG Cordyceps Schisandra Loose Tea Bag,Tea bag (intermediate),item-code,,yes,2.0,1640,0.333,0.667,4920.0,82.0,2460.0,
2025-05-13,2025-05,WeighRight,,55040,Cordyceps Schisandra 30g Trial Size Packet,APG,governed,high,yes,2.0,1800,2.917,5.833,617.1,10.286,308.6,
2025-05-13,2025-05,WeighRight,,60030,ORG Almond Amaretto 5 Lb Bag - GA,Bag/Other,inferred,,yes,3.0,95,0.9,2.7,105.6,1.759,35.2,
2025-05-13,2025-05,WeighRight,,80030L,ORG Almond Amaretto 11OZ Bag/Box of 24 - GA,Bag/Other,inferred,,yes,3.0,744,1.7,5.1,437.6,7.294,145.9,
2025-05-13,2025-05,WeighRight,,80050L,ORG English Toffee 11oz Bag/Box of 24 - GA,Bag/Other,inferred,,yes,3.0,1008,2.1,6.3,480.0,8.0,160.0,
2025-05-13,2025-05,WeighRight,,85040L,ORG Cordyceps Schisandra 10 Oz Bag/Box of 24,APG,governed,high,yes,2.0,432,1.033,2.067,418.1,6.968,209.0,
2025-05-13,2025-05,WeighRight,,Clean,Standard Clean,Bag/Other,inferred,,,3.0,0,0.583,1.75,,,,
2025-05-13,2025-05,WeighRight,,Clean,Standard Clean,Bag/Other,inferred,,,3.0,0,0.667,2.0,,,,
2025-05-13,2025-05,WeighRight,,CleanGA,Clean + Gluten + Almond Tests,Bag/Other,inferred,,,3.0,0,0.467,1.4,,,,
2025-05-14,2025-05,AMS,handpack,10012,"ORG Lemon Grass, 7 Oz Bag",Bag/Other,inferred,,yes,1.0,163,9.583,9.583,17.0,0.283,17.0,
2025-05-14,2025-05,Assembly,,40001,Herbal Tea Sampler Box - 6 Count Case,Sampler,inferred,,yes,1.0,74,4.583,4.583,16.1,0.269,16.1,
2025-05-14,2025-05,Assembly,,50096,Top Six Packet Sampler pack,Sampler,inferred,,,1.0,0,8.017,8.017,,,,
2025-05-14,2025-05,Maisa 1,,40051,Org English Toffee 25-Ct Tea Bag - GA,Tea,inferred,,yes,3.0,705,3.583,10.75,196.7,3.279,65.6,
2025-05-14,2025-05,Maisa 1,,45071,ORG Miraculous Mushroom A&P 25 Ct Tea Bag,Tea,inferred,,yes,3.0,24,0.05,0.15,480.0,8.0,160.0,
2025-05-14,2025-05,Maisa 1,,48004,WWB ORG French Chicory 25ct Tea Bag,Tea,inferred,,yes,3.0,432,4.25,12.75,101.6,1.694,33.9,
2025-05-14,2025-05,Maisa 1,,Clean,Standard Clean,Tea,inferred,,,3.0,0,1.75,5.25,,,,
2025-05-14,2025-05,Maisa 1,,Clean,Standard Clean,Tea,inferred,,,3.0,0,0.75,2.25,,,,
2025-05-14,2025-05,Maisa 2+3,,43221,ORG Dandelion Caramel Nut 25CT Tea Bag - A,Tea,governed,high,yes,3.0,48,0.333,1.0,144.0,2.4,48.0,
2025-05-14,2025-05,Maisa 2+3,,45050,ORG Turkey Tail Astragalus 10 Ct Tea Bag/6 Count Case - G,Tea,inferred,,yes,5.0,2502,3.233,16.167,773.8,12.897,154.8,
2025-05-14,2025-05,Maisa 2+3,,45051,ORG Turkey Tail Astragalus 25 Ct Tea Bag - G,Tea,governed,high,yes,5.0,912,2.867,14.333,318.1,5.302,63.6,
2025-05-14,2025-05,Maisa 2+3,,Clean,Standard Clean,Tea,inferred,,,5.0,0,0.833,4.167,,,,
2025-05-14,2025-05,Maisa 2+3,,NTB3220,Dandelion Caramel Nut Tagless 6g Tea Bag - A,Tea bag (intermediate),item-code,,yes,2.0,1200,0.5,1.0,2400.0,40.0,1200.0,
2025-05-14,2025-05,Maisa 2+3,,TB505,ORG Turkey Tail Astragalus Loose Tea Bag - G,Tea bag (intermediate),item-code,,yes,4.0,15000,2.733,10.933,5487.8,91.463,1372.0,
2025-05-14,2025-05,WeighRight,,50110,ORG French Roast 30g Trial Size Packet - G,Bag/Other,inferred,,yes,3.0,30,0.3,0.9,100.0,1.667,33.3,
2025-05-14,2025-05,WeighRight,,80110A,AMZN Org French Roast 11OZ Bag/Box of 24 - G,Bag/Other,inferred,,yes,3.0,1728,4.917,14.75,351.5,5.858,117.2,
2025-05-14,2025-05,WeighRight,,80140L,ORG Original 10oz Bag/Box of 24 - G,APG,governed,high,yes,3.0,384,0.917,2.75,418.9,6.982,139.6,
2025-05-14,2025-05,WeighRight,,85050L,ORG Turkey Tail Astragalus 10 Oz Bag/Box of 24 - G,Bag/Other,inferred,,yes,3.0,1200,2.667,8.0,450.0,7.5,150.0,
2025-05-14,2025-05,WeighRight,,Clean,Standard Clean,Bag/Other,inferred,,,3.0,0,0.517,1.55,,,,
2025-05-14,2025-05,WeighRight,,Clean,Standard Clean,Bag/Other,inferred,,,3.0,0,0.733,2.2,,,,
2025-05-15,2025-05,AMS,handpack,10044,AMZN- WWB-ORG Hibiscus - 1 Lb Bag,Bag/Other,inferred,,yes,1.0,320,10.0,10.0,32.0,0.533,32.0,
2025-05-15,2025-05,AMS,handpack,10045,AMZN- WWB-ORG Rooibos - 1 Lb Bag,Bag/Other,inferred,,yes,1.0,210,10.0,10.0,21.0,0.35,21.0,
2025-05-15,2025-05,Assembly,,40001,Herbal Tea Sampler Box - 6 Count Case,Sampler,inferred,,yes,1.0,64,2.0,2.0,32.0,0.533,32.0,
2025-05-15,2025-05,Assembly,,43111F,ORG Dandelion Dark Roast DL 25CT Tea Bag AMZN (24pk),Tea,inferred,,yes,1.0,89,2.967,2.967,30.0,0.5,30.0,
2025-05-15,2025-05,Maisa 1,,45071,ORG Miraculous Mushroom A&P 25 Ct Tea Bag,Tea,inferred,,yes,3.0,888,4.733,14.2,187.6,3.127,62.5,
2025-05-15,2025-05,Maisa 1,,Clean,Standard Clean,Tea,inferred,,,3.0,0,0.683,2.05,,,,
2025-05-15,2025-05,Maisa 1,,CleanA,Clean + Almond Test,Tea,inferred,,,3.0,0,0.25,0.75,,,,
2025-05-15,2025-05,Maisa 1,,TB010,ORG Vanilla Nut Tea Bag Loose - GA,Tea bag (intermediate),item-code,,yes,3.0,21928,4.667,14.0,4698.9,78.314,1566.3,
2025-05-15,2025-05,Maisa 2+3,,43220,ORG Dandelion Caramel Nut 10ct/6pk Tea Bag - A,Tea,inferred,,yes,5.0,576,1.533,7.667,375.7,6.261,75.1,
2025-05-15,2025-05,Maisa 2+3,,43221,ORG Dandelion Caramel Nut 25CT Tea Bag - A,Tea,governed,high,yes,5.0,2160,8.533,42.667,253.1,4.219,50.6,
2025-05-15,2025-05,Maisa 2+3,,NTB3220,Dandelion Caramel Nut Tagless 6g Tea Bag - A,Tea bag (intermediate),item-code,,yes,2.0,21600,3.883,7.767,5562.2,92.704,2781.1,
2025-05-15,2025-05,WeighRight,,50110,ORG French Roast 30g Trial Size Packet - G,Bag/Other,inferred,,yes,3.0,1050,1.817,5.45,578.0,9.633,192.7,
2025-05-15,2025-05,WeighRight,,60110,ORG French Roast 5 Lb Bag - G,Bag/Other,inferred,,yes,3.0,120,1.367,4.1,87.8,1.463,29.3,
2025-05-15,2025-05,WeighRight,,80110,ORG French Roast 11OZ Bag/6 Count Case - G,Bag/Other,inferred,,yes,3.0,894,1.75,5.25,510.9,8.514,170.3,
2025-05-15,2025-05,WeighRight,,80110L,Org French Roast 11oz Bag/Box of 24 - G,Bag/Other,inferred,,yes,3.0,2400,4.933,14.8,486.5,8.108,162.2,
2025-05-19,2025-05,AMS,handpack,10006A,WWB AMZN Organic Lemon Balm (6 Oz) ,Bag/Other,inferred,,yes,1.0,120,3.5,3.5,34.3,0.571,34.3,
2025-05-19,2025-05,AMS,handpack,10044,AMZN- WWB-ORG Hibiscus - 1 Lb Bag,Bag/Other,inferred,,yes,1.0,100,1.25,1.25,80.0,1.333,80.0,
2025-05-19,2025-05,AMS,handpack,10045,AMZN- WWB-ORG Rooibos - 1 Lb Bag,Bag/Other,inferred,,yes,1.0,210,6.567,6.567,32.0,0.533,32.0,
2025-05-19,2025-05,Assembly,,40001,Herbal Tea Sampler Box - 6 Count Case,Sampler,inferred,,yes,1.0,92,4.067,4.067,22.6,0.377,22.6,
2025-05-19,2025-05,Assembly,,40097,Teecino Tea Bag 12 Flavor Sampler,Sampler,governed,high,yes,1.0,240,6.717,6.717,35.7,0.596,35.7,
2025-05-19,2025-05,Assembly,,43111F,ORG Dandelion Dark Roast DL 25CT Tea Bag AMZN (24pk),Tea,inferred,,yes,1.0,151,4.267,4.267,35.4,0.59,35.4,
2025-05-19,2025-05,Assembly,,45001,Mushroom Adaptogen TB Sampler Box - 6 Count Case - G,Sampler,inferred,,yes,1.0,69,2.583,2.583,26.7,0.445,26.7,
2025-05-19,2025-05,Maisa 1,,45030,ORG Lion's Mane Rhodiola 10 Ct Tea Bag/6 Count Case - G,Tea,inferred,,yes,3.0,3744,9.717,29.15,385.3,6.422,128.4,
2025-05-19,2025-05,Maisa 2+3,,43220,ORG Dandelion Caramel Nut 10ct/6pk Tea Bag - A,Tea,inferred,,yes,5.0,8616,10.1,50.5,853.1,14.218,170.6,
2025-05-19,2025-05,Spack,,Clean,Standard Clean,Bag/Other,inferred,,,3.0,0,2.7,8.1,,,,
2025-05-19,2025-05,WeighRight,,10071,AMZN - WWB - ORG Roasted Barley - 1 Lb - G,Bag/Other,inferred,,yes,3.0,600,1.95,5.85,307.7,5.128,102.6,
2025-05-19,2025-05,WeighRight,,80040L,ORG Blood Orange 11OZ Bag/Box of 24 - GA,Bag/Other,inferred,,yes,3.0,624,1.667,5.0,374.4,6.24,124.8,
2025-05-19,2025-05,WeighRight,,80110,ORG French Roast 11OZ Bag/6 Count Case - G,Bag/Other,inferred,,yes,3.0,2358,5.217,15.65,452.0,7.534,150.7,
2025-05-19,2025-05,WeighRight,,Clean,Standard Clean,Bag/Other,inferred,,,3.0,0,0.667,2.0,,,,
2025-05-19,2025-05,WeighRight,,Clean,Standard Clean,Bag/Other,inferred,,,3.0,0,0.55,1.65,,,,
2025-05-20,2025-05,AMS,handpack,10006A,WWB AMZN Organic Lemon Balm (6 Oz) ,Bag/Other,inferred,,yes,1.0,360,9.833,9.833,36.6,0.61,36.6,
2025-05-20,2025-05,Assembly,,45001,Mushroom Adaptogen TB Sampler Box - 6 Count Case - G,Sampler,inferred,,yes,2.0,46,2.25,4.5,20.4,0.341,10.2,
2025-05-20,2025-05,Assembly,,55092,Mushroom 6 Packet Sampler,Sampler,governed,high,yes,1.0,150,7.35,7.35,20.4,0.34,20.4,
2025-05-20,2025-05,Maisa 1,,45030,ORG Lion's Mane Rhodiola 10 Ct Tea Bag/6 Count Case - G,Tea,inferred,,yes,3.0,936,3.25,9.75,288.0,4.8,96.0,
2025-05-20,2025-05,Maisa 1,,Clean,Standard Clean,Tea,inferred,,,3.0,0,0.75,2.25,,,,
2025-05-20,2025-05,Maisa 1,,TB503,ORG Lion's Mane Rhodiola Loose Tea Bag - G,Tea bag (intermediate),item-code,,yes,3.0,22000,6.333,19.0,3473.7,57.895,1157.9,
2025-05-20,2025-05,Maisa 2+3,,43220,ORG Dandelion Caramel Nut 10ct/6pk Tea Bag - A,Tea,inferred,,yes,5.0,4608,5.367,26.833,858.6,14.311,171.7,
2025-05-20,2025-05,Maisa 2+3,,43220F,Dandelion Caramel Nut Dual Language 10 cnt TB - A,Tea,inferred,,yes,5.0,1062,2.183,10.917,486.4,8.107,97.3,
2025-05-20,2025-05,Maisa 2+3,,43221F,ORG Dandelion Caramel Nut DL 25CT Tea Bag AMZN (24pk) - A,Tea,inferred,,yes,5.0,480,2.283,11.417,210.2,3.504,42.0,
2025-05-20,2025-05,Maisa 2+3,,Clean,Standard Clean,Tea,inferred,,,5.0,0,0.5,2.5,,,,
2025-05-20,2025-05,Maisa 2+3,,CleanA,Clean + Almond Test,Tea,inferred,,,5.0,0,0.5,2.5,,,,
2025-05-20,2025-05,Maisa 2+3,,TB504,ORG Cordyceps Schisandra Loose Tea Bag,Tea bag (intermediate),item-code,,yes,2.0,15433,3.033,6.067,5087.8,84.797,2543.9,
2025-05-20,2025-05,WeighRight,,55010,Reishi Eleuthero 30g Trial Size Packet - G,APG,governed,high,yes,3.0,1080,1.15,3.45,939.1,15.652,313.0,
2025-05-20,2025-05,WeighRight,,55020,Chaga Ashwagandha 30g Trial Size Packet,Bag/Other,inferred,,yes,3.0,1080,1.783,5.35,605.6,10.093,201.9,
2025-05-20,2025-05,WeighRight,,65010,ORG Reishi Eleuthero 5 Lb Bag - G,APG,governed,high,yes,3.0,32,0.283,0.85,112.9,1.882,37.6,
2025-05-20,2025-05,WeighRight,,65020,ORG Chaga Ashwagandha 5 Lb Bag,Bag/Other,inferred,,yes,3.0,60,0.583,1.75,102.9,1.714,34.3,
2025-05-20,2025-05,WeighRight,,80040L,ORG Blood Orange 11OZ Bag/Box of 24 - GA,Bag/Other,inferred,,yes,3.0,248,0.667,2.0,372.0,6.2,124.0,
2025-05-20,2025-05,WeighRight,,85010L,ORG Reishi Eleuthero 10 Oz Bag/Box of 24 - G,APG,governed,high,yes,3.0,336,1.85,5.55,181.6,3.027,60.5,
2025-05-20,2025-05,WeighRight,,85070L,ORG Miraculous Mushrooms A&P 10oz Bag/Box of 24,Bag/Other,inferred,,yes,3.0,1109,2.35,7.05,471.9,7.865,157.3,
2025-05-20,2025-05,WeighRight,,Clean,Standard Clean,Bag/Other,inferred,,,3.0,0,0.517,1.55,,,,
2025-05-20,2025-05,WeighRight,,Clean,Standard Clean,Bag/Other,inferred,,,3.0,0,0.383,1.15,,,,
2025-05-20,2025-05,WeighRight,,CleanGA,Clean + Gluten + Almond Tests,Bag/Other,inferred,,,3.0,0,0.45,1.35,,,,
2025-05-21,2025-05,AMS,handpack,10006A,WWB AMZN Organic Lemon Balm (6 Oz) ,Bag/Other,inferred,,yes,1.0,30,4.683,4.683,6.4,0.107,6.4,
2025-05-21,2025-05,Assembly,,40004,DO NOT MAKE - HZ/VN 10 Count 4 Pack,Bag/Other,inferred,,yes,1.0,112,2.083,2.083,53.8,0.896,53.8,
2025-05-21,2025-05,Assembly,,42021,DO NOT MAKE - ORG Caramel Nut 25CT Tea Bag - GA,Tea,governed,high,yes,1.0,192,3.45,3.45,55.7,0.928,55.7,
2025-05-21,2025-05,Assembly,,45001,Mushroom Adaptogen TB Sampler Box - 6 Count Case - G,Sampler,inferred,,yes,2.0,65,7.483,14.967,8.7,0.145,4.3,
2025-05-21,2025-05,Assembly,,49011,DO NOT MAKE 25 Count Variety Pack (CM/CH/PDC),Bundle,inferred,,yes,1.0,96,2.567,2.567,37.4,0.623,37.4,
2025-05-21,2025-05,Assembly,,55092,Mushroom 6 Packet Sampler,Sampler,governed,high,yes,1.0,330,4.833,4.833,68.3,1.138,68.3,
2025-05-21,2025-05,Assembly,,89002,HZ/JV/MO 11 Oz Variety Pack,Bundle,inferred,,yes,1.0,160,4.617,4.617,34.7,0.578,34.7,
2025-05-21,2025-05,Maisa 1,,47010,75147 TJ ORG Roasted Herbal Cofee (12 Pack) - G,Tea,inferred,,yes,3.0,4140,10.017,30.05,413.3,6.889,137.8,
2025-05-21,2025-05,Maisa 2+3,,47010,75147 TJ ORG Roasted Herbal Cofee (12 Pack) - G,Tea,inferred,,yes,5.0,7368,9.967,49.833,739.3,12.321,147.9,
2025-05-21,2025-05,WeighRight,,52020,Caramel Nut 30g Trial Size Packet - GA,Bag/Other,inferred,,yes,3.0,1080,2.017,6.05,535.5,8.926,178.5,
2025-05-21,2025-05,WeighRight,,53010,Dandelion Vanilla Nut 30g Trial Size Packet - A,Bag/Other,inferred,,yes,3.0,690,1.25,3.75,552.0,9.2,184.0,
2025-05-21,2025-05,WeighRight,,62020,DO NOT MAKE ORG Caramel Nut 5 Lb Bag - GA,Bag/Other,inferred,,yes,3.0,30,0.35,1.05,85.7,1.429,28.6,
2025-05-21,2025-05,WeighRight,,63220,ORG Dandelion Caramel Nut 5 Lb Bag - A,Bag/Other,inferred,,yes,3.0,40,0.733,2.2,54.5,0.909,18.2,
2025-05-21,2025-05,WeighRight,,82020L,ORG Caramel Nut 11oz Bag/Box of 24 - GA,Bag/Other,inferred,,yes,3.0,288,0.75,2.25,384.0,6.4,128.0,
2025-05-21,2025-05,WeighRight,,83220L,Dandelion Caramel Nut 10 Oz Bag/Box of 24 - A,Bag/Other,inferred,,yes,3.0,984,2.45,7.35,401.6,6.694,133.9,
2025-05-21,2025-05,WeighRight,,85010L,ORG Reishi Eleuthero 10 Oz Bag/Box of 24 - G,APG,governed,high,yes,3.0,480,1.2,3.6,400.0,6.667,133.3,
2025-05-21,2025-05,WeighRight,,Clean,Standard Clean,Bag/Other,inferred,,,3.0,0,0.517,1.55,,,,
2025-05-21,2025-05,WeighRight,,Clean,Standard Clean,Bag/Other,inferred,,,3.0,0,0.483,1.45,,,,
2025-05-21,2025-05,WeighRight,,CleanG,Clean + Gluten Test,Bag/Other,inferred,,,3.0,0,0.417,1.25,,,,
2025-05-22,2025-05,Assembly,,45001,Mushroom Adaptogen TB Sampler Box - 6 Count Case - G,Sampler,inferred,,yes,1.0,61,5.0,5.0,12.2,0.203,12.2,
2025-05-22,2025-05,Assembly,,50093,Wellness Packet Sampler Pack,Sampler,governed,high,yes,2.0,126,5.917,11.833,21.3,0.355,10.6,
2025-05-22,2025-05,Assembly,,50093,Wellness Packet Sampler Pack,Sampler,governed,high,yes,1.0,36,1.583,1.583,22.7,0.379,22.7,
2025-05-22,2025-05,Assembly,,50097,Teeccino 30g Packet 10 Flavor Sampler,Sampler,governed,high,yes,1.0,180,7.767,7.767,23.2,0.386,23.2,
2025-05-22,2025-05,Maisa 1,,45030F,Lion's Mane Rhodiola Dual Language 10 cnt TB - G,Tea,inferred,,yes,3.0,1308,4.25,12.75,307.8,5.129,102.6,
2025-05-22,2025-05,Maisa 1,,47010,75147 TJ ORG Roasted Herbal Cofee (12 Pack) - G,Tea,inferred,,yes,3.0,1380,3.95,11.85,349.4,5.823,116.5,
2025-05-22,2025-05,Maisa 1,,Clean,Standard Clean,Tea,inferred,,,3.0,0,1.533,4.6,,,,
2025-05-22,2025-05,Maisa 2+3,,45020,ORG Chaga Ashwagandha 10 Ct Tea Bag/6 Count Case,Tea,inferred,,yes,3.0,582,0.633,1.9,918.9,15.316,306.3,
2025-05-22,2025-05,Maisa 2+3,,45020F,Chaga Ashwagandha Dual Language 10 cnt TB,Tea,inferred,,yes,3.0,2760,3.733,11.2,739.3,12.321,246.4,
2025-05-22,2025-05,Maisa 2+3,,47010,75147 TJ ORG Roasted Herbal Cofee (12 Pack) - G,Tea,inferred,,yes,5.0,3672,4.25,21.25,864.0,14.4,172.8,
2025-05-22,2025-05,Maisa 2+3,,Clean,Standard Clean,Tea,inferred,,,5.0,0,0.5,2.5,,,,
2025-05-22,2025-05,WeighRight,,53010,Dandelion Vanilla Nut 30g Trial Size Packet - A,Bag/Other,inferred,,yes,3.0,1470,2.55,7.65,576.5,9.608,192.2,
2025-05-22,2025-05,WeighRight,,53080,Dandelion Mocha 30g Trial Size Packet - A,Bag/Other,inferred,,yes,3.0,900,1.867,5.6,482.1,8.036,160.7,
2025-05-22,2025-05,WeighRight,,60020,ORG Chocolate Mint 5 Lb Bag - GA,Bag/Other,inferred,,yes,3.0,20,0.183,0.55,109.1,1.818,36.4,
2025-05-22,2025-05,WeighRight,,63080,ORG Dandelion Mocha 5 Lb Bag - A,Bag/Other,inferred,,yes,3.0,20,0.183,0.55,109.1,1.818,36.4,
2025-05-22,2025-05,WeighRight,,80020L,ORG Chocolate Mint 11OZ Bag/Box of 24 - GA,Bag/Other,inferred,,yes,3.0,432,1.467,4.4,294.5,4.909,98.2,
2025-05-22,2025-05,WeighRight,,83010L,ORG Dandelion Vanilla Nut 10 Oz Bag/Box of 24 - A,Bag/Other,inferred,,yes,3.0,648,2.617,7.85,247.6,4.127,82.5,
2025-05-22,2025-05,WeighRight,,Clean,Standard Clean,Bag/Other,inferred,,,3.0,0,0.667,2.0,,,,
2025-05-22,2025-05,WeighRight,,Clean,Standard Clean,Bag/Other,inferred,,,3.0,0,0.05,0.15,,,,
2025-05-26,2025-05,Assembly,,46001L,Prebiotic Super Tea Bag Sampler Box,Sampler,governed,high,yes,1.0,288,10.5,10.5,27.4,0.457,27.4,
2025-05-27,2025-05,Assembly,,40081F,ORG Mocha DL 25CT Tea Bag AMZN (24pk) - GA,Tea,inferred,,yes,1.0,120,5.267,5.267,22.8,0.38,22.8,
2025-05-27,2025-05,Assembly,,40131,ORG Mexican Chocolate 25CT Tea Bag - G,Tea,governed,high,yes,1.0,104,2.583,2.583,40.3,0.671,40.3,
2025-05-27,2025-05,Assembly,,45001,Mushroom Adaptogen TB Sampler Box - 6 Count Case - G,Sampler,inferred,,yes,1.0,58,8.383,8.383,6.9,0.115,6.9,
2025-05-27,2025-05,Assembly,,45001,Mushroom Adaptogen TB Sampler Box - 6 Count Case - G,Sampler,inferred,,yes,1.0,46,1.75,1.75,26.3,0.438,26.3,
2025-05-27,2025-05,Assembly,,GDB060,ORG Hazelnut Packet Goody Bag - GA,Bag/Other,inferred,,yes,1.0,360,1.267,1.267,284.2,4.737,284.2,
2025-05-27,2025-05,Assembly,,GDB080,ORG Mocha Packet Goody Bag,Bag/Other,inferred,,yes,1.0,180,0.417,0.417,432.0,7.2,432.0,
2025-05-27,2025-05,Assembly,,GDB505,ORG Turkey Tail Astragalus Packet Goody BAg - G,Bag/Other,inferred,,yes,1.0,180,0.5,0.5,360.0,6.0,360.0,
2025-05-27,2025-05,Assembly,,GDB601,ORG Dark Chocolate Packet Goody Bag,Bag/Other,inferred,,yes,1.0,360,1.6,1.6,225.0,3.75,225.0,
2025-05-27,2025-05,Assembly,,TGB322,Dandelion Caramel Nut Tea Bag Goody Bag - A,Tea,inferred,,yes,1.0,500,1.0,1.0,500.0,8.333,500.0,
2025-05-27,2025-05,Assembly,,TGB334,ORG Dandelion Coconut Tea Bag Goody Bag - A,Tea,inferred,,yes,1.0,500,0.867,0.867,576.9,9.615,576.9,
2025-05-27,2025-05,Assembly,,TGB502,Chaga Ashwaganda Tea Goody Bag,Bag/Other,inferred,,yes,1.0,500,1.65,1.65,303.0,5.051,303.0,
2025-05-27,2025-05,Maisa 1,,45030,ORG Lion's Mane Rhodiola 10 Ct Tea Bag/6 Count Case - G,Tea,inferred,,yes,3.0,2838,6.55,19.65,433.3,7.221,144.4,
2025-05-27,2025-05,Maisa 1,,45030F,Lion's Mane Rhodiola Dual Language 10 cnt TB - G,Tea,inferred,,yes,3.0,1452,3.45,10.35,420.9,7.014,140.3,
2025-05-27,2025-05,Maisa 2+3,,45020,ORG Chaga Ashwagandha 10 Ct Tea Bag/6 Count Case,Tea,inferred,,yes,3.0,5670,10.0,30.0,567.0,9.45,189.0,
2025-05-27,2025-05,Maisa 2+3,,Clean,Standard Clean,Tea,inferred,,,5.0,0,0.733,3.667,,,,
2025-05-27,2025-05,Maisa 2+3,,Clean,Standard Clean,Tea,inferred,,,2.0,0,0.633,1.267,,,,
2025-05-27,2025-05,Maisa 2+3,,TB130,ORG Maca Chocolate Tea Bag - G,Tea bag (intermediate),item-code,,yes,2.0,3500,1.7,3.4,2058.8,34.314,1029.4,
2025-05-27,2025-05,Maisa 2+3,,TB504,ORG Cordyceps Schisandra Loose Tea Bag,Tea bag (intermediate),item-code,,yes,2.0,9755,2.683,5.367,3635.4,60.59,1817.7,
2025-05-27,2025-05,WeighRight,,50060,ORG Hazelnut 30g Trial Size Packet - GA,Bag/Other,inferred,,yes,3.0,1080,1.95,5.85,553.8,9.231,184.6,
2025-05-27,2025-05,WeighRight,,60060,ORG Hazelnut 5 Lb Bag - GA,Bag/Other,inferred,,yes,3.0,80,0.45,1.35,177.8,2.963,59.3,
2025-05-27,2025-05,WeighRight,,80020L,ORG Chocolate Mint 11OZ Bag/Box of 24 - GA,Bag/Other,inferred,,yes,3.0,535,0.183,0.55,2918.2,48.636,972.7,
2025-05-27,2025-05,WeighRight,,80060,ORG Hazelnut 11OZ Bag/6 Count Case - GA,Bag/Other,inferred,,yes,3.0,2550,5.717,17.15,446.1,7.434,148.7,
2025-05-27,2025-05,WeighRight,,80063,ORG Hazelnut 11OZ Bag 3PK  - GA,Bag/Other,inferred,,yes,3.0,112,1.2,3.6,93.3,1.556,31.1,
2025-05-27,2025-05,WeighRight,,Cleanga,Clean + Gluten + Allergen Tests,Bag/Other,inferred,,,3.0,0,0.517,1.55,,,,
2025-05-28,2025-05,AMS,handpack,10016,Organic Turmeric Powder - 1 Lb Bag,Bag/Other,inferred,,yes,1.0,300,8.6,8.6,34.9,0.581,34.9,
2025-05-28,2025-05,AMS,handpack,10027,Organic Licorice C/S - 8 Oz Bag,Bag/Other,inferred,,yes,1.0,70,3.767,3.767,18.6,0.31,18.6,
2025-05-28,2025-05,AMS,handpack,10033,Powdered Fine Date Sugar - 1 Lb Bag,Bag/Other,inferred,,yes,1.0,240,2.583,2.583,92.9,1.548,92.9,
2025-05-28,2025-05,Assembly,,40131,ORG Mexican Chocolate 25CT Tea Bag - G,Tea,governed,high,yes,1.0,40,1.417,1.417,28.2,0.471,28.2,
2025-05-28,2025-05,Assembly,,45001,Mushroom Adaptogen TB Sampler Box - 6 Count Case - G,Sampler,inferred,,yes,1.0,94,8.333,8.333,11.3,0.188,11.3,
2025-05-28,2025-05,Maisa 1,,42021,DO NOT MAKE - ORG Caramel Nut 25CT Tea Bag - GA,Tea,governed,high,yes,3.0,504,3.233,9.7,155.9,2.598,52.0,
2025-05-28,2025-05,Maisa 1,,45030,ORG Lion's Mane Rhodiola 10 Ct Tea Bag/6 Count Case - G,Tea,inferred,,yes,3.0,2502,5.917,17.75,422.9,7.048,141.0,
2025-05-28,2025-05,Maisa 1,,Clean,Standard Clean,Tea,inferred,,,3.0,0,0.75,2.25,,,,
2025-05-28,2025-05,Maisa 1,,TB202,ORG Caramel Nut Tea Bag - GA,Tea bag (intermediate),item-code,,yes,3.0,1000,0.183,0.55,5454.5,90.909,1818.2,
2025-05-28,2025-05,Maisa 2+3,,45010,ORG Reishi Eleuthero 10 Ct Tea Bag/6 Count Case - G,Tea,inferred,,yes,3.0,750,2.55,7.65,294.1,4.902,98.0,
2025-05-28,2025-05,Maisa 2+3,,45020,ORG Chaga Ashwagandha 10 Ct Tea Bag/6 Count Case,Tea,inferred,,yes,3.0,2028,6.233,18.7,325.3,5.422,108.4,
2025-05-28,2025-05,Maisa 2+3,,45020L,ORG Chaga Ashwagandha 10-Ct Tea Bag,Tea,governed,high,yes,3.0,900,1.933,5.8,465.5,7.759,155.2,
2025-05-28,2025-05,Maisa 2+3,,Clean,Standard Clean,Tea,inferred,,,2.0,0,0.767,1.533,,,,
2025-05-28,2025-05,Maisa 2+3,,TB130,ORG Maca Chocolate Tea Bag - G,Tea bag (intermediate),item-code,,yes,2.0,18500,4.3,8.6,4302.3,71.705,2151.2,
2025-05-28,2025-05,Maisa 2+3,,TB501,ORG Reishi Eleuthero Loose Tea Bag - G,Tea bag (intermediate),item-code,,yes,2.0,8000,2.467,4.933,3243.2,54.054,1621.6,
2025-05-28,2025-05,Maisa 2+3,,TB502,ORG Chaga Ashwagandha Loose Tea Bag,Tea bag (intermediate),item-code,,yes,3.0,10000,1.95,5.85,5128.2,85.47,1709.4,
2025-05-28,2025-05,WeighRight,,80010L,Org Vanilla Nut 11OZ Bag/Box of 24 - GA,Bag/Other,inferred,,yes,3.0,1080,2.1,6.3,514.3,8.571,171.4,
2025-05-28,2025-05,WeighRight,,80030L,ORG Almond Amaretto 11OZ Bag/Box of 24 - GA,Bag/Other,inferred,,yes,3.0,960,2.267,6.8,423.5,7.059,141.2,
2025-05-28,2025-05,WeighRight,,80033,ORG Almond Amaretto 11OZ Bag 3PK - GA,Bag/Other,inferred,,yes,3.0,160,1.217,3.65,131.5,2.192,43.8,
2025-05-28,2025-05,WeighRight,,80060,ORG Hazelnut 11OZ Bag/6 Count Case - GA,Bag/Other,inferred,,yes,3.0,210,0.517,1.55,406.5,6.774,135.5,
2025-05-28,2025-05,WeighRight,,80060L,Org Hazelnut 11OZ Bag/Box of 24 - GA,Bag/Other,inferred,,yes,3.0,1200,2.883,8.65,416.2,6.936,138.7,
2025-05-28,2025-05,WeighRight,,Clean,Standard Clean,Bag/Other,inferred,,,3.0,0,0.517,1.55,,,,
2025-05-28,2025-05,WeighRight,,Clean,Standard Clean,Bag/Other,inferred,,,3.0,0,0.567,1.7,,,,
2025-05-29,2025-05,AMS,handpack,10027,Organic Licorice C/S - 8 Oz Bag,Bag/Other,inferred,,yes,2.0,254,22.717,45.433,11.2,0.186,5.6,
2025-05-29,2025-05,AMS,handpack,10033,Powdered Fine Date Sugar - 1 Lb Bag,Bag/Other,inferred,,yes,1.0,240,2.25,2.25,106.7,1.778,106.7,
2025-05-29,2025-05,Assembly,,40001,Herbal Tea Sampler Box - 6 Count Case,Sampler,inferred,,yes,2.0,107,4.667,9.333,22.9,0.382,11.5,
2025-05-29,2025-05,Assembly,,45001,Mushroom Adaptogen TB Sampler Box - 6 Count Case - G,Sampler,inferred,,yes,1.0,90,5.0,5.0,18.0,0.3,18.0,
2025-05-29,2025-05,Assembly,,45001L,Mushroom Adapt Tea Bag Sampler Box,Sampler,governed,high,yes,3.0,1404,10.5,31.5,133.7,2.229,44.6,
2025-05-29,2025-05,Maisa 1,,40061F,ORG Hazelnut DL 25CT Tea Bag AMZN (24pk) - GA,Tea,inferred,,yes,3.0,120,1.033,3.1,116.1,1.935,38.7,
2025-05-29,2025-05,Maisa 1,,40081F,ORG Mocha DL 25CT Tea Bag AMZN (24pk) - GA,Tea,inferred,,yes,3.0,168,1.333,4.0,126.0,2.1,42.0,
2025-05-29,2025-05,Maisa 1,,40141,ORG Original 25ct Tea Bag - G,Tea,governed,high,yes,3.0,432,2.367,7.1,182.5,3.042,60.8,
2025-05-29,2025-05,Maisa 1,,Clean,Standard Clean,Tea,inferred,,,3.0,0,0.65,1.95,,,,
2025-05-29,2025-05,Maisa 1,,Clean,Standard Clean,Tea,inferred,,,3.0,0,0.517,1.55,,,,
2025-05-29,2025-05,Maisa 1,,Clean,Standard Clean,Tea,inferred,,,3.0,0,0.75,2.25,,,,
2025-05-29,2025-05,Maisa 1,,CleanG,Clean + Gluten Test,Tea,inferred,,,3.0,0,0.8,2.4,,,,
2025-05-29,2025-05,Maisa 1,,CleanGA,Clean + Gluten + Almond Tests,Tea,inferred,,,3.0,0,0.667,2.0,,,,
2025-05-29,2025-05,Maisa 1,,TB202,ORG Caramel Nut Tea Bag - GA,Tea bag (intermediate),item-code,,yes,3.0,7000,1.467,4.4,4772.7,79.545,1590.9,
2025-05-29,2025-05,Maisa 1,,TB506,ORG Tremella Tulsi Loose Tea Bag,Tea bag (intermediate),item-code,,yes,3.0,3293,0.75,2.25,4390.7,73.178,1463.6,
2025-05-29,2025-05,Maisa 2+3,,40130,ORG Maca Chocolate 10ct/6pk Tea Bag - G,Tea,inferred,,yes,5.0,4140,5.583,27.917,741.5,12.358,148.3,
2025-05-29,2025-05,Maisa 2+3,,43310,ORG Dandelion Mocha Mint 10CT Tea Bag - A,Tea,inferred,,yes,5.0,1800,2.0,10.0,900.0,15.0,180.0,
2025-05-29,2025-05,Maisa 2+3,,43310F,Dandelion Mocha Mint Dual Language 10 cnt TB - A,Tea,inferred,,yes,5.0,480,0.5,2.5,960.0,16.0,192.0,
2025-05-29,2025-05,Maisa 2+3,,45010,ORG Reishi Eleuthero 10 Ct Tea Bag/6 Count Case - G,Tea,inferred,,yes,3.0,294,1.25,3.75,235.2,3.92,78.4,
2025-05-29,2025-05,Maisa 2+3,,Clean,Standard Clean,Tea,inferred,,,2.0,0,23.417,46.833,,,,
2025-05-29,2025-05,Maisa 2+3,,Clean,Standard Clean,Tea,inferred,,,5.0,0,0.833,4.167,,,,
2025-05-29,2025-05,WeighRight,,60010,ORG Vanilla Nut 5 Lb Bag - GA,Bag/Other,inferred,,yes,3.0,80,0.8,2.4,100.0,1.667,33.3,
2025-05-29,2025-05,WeighRight,,80010L,Org Vanilla Nut 11OZ Bag/Box of 24 - GA,Bag/Other,inferred,,yes,3.0,120,0.317,0.95,378.9,6.316,126.3,
2025-05-29,2025-05,WeighRight,,80070,ORG Java 11OZ Bag/6 Count Case - GA,Bag/Other,inferred,,yes,3.0,876,2.15,6.45,407.4,6.791,135.8,
2025-05-29,2025-05,WeighRight,,80070L,Org Java 11OZ Bag/Box of 24 - GA,Bag/Other,inferred,,yes,3.0,2208,5.95,17.85,371.1,6.185,123.7,
2025-05-29,2025-05,WeighRight,,Clean,Standard Clean,Bag/Other,inferred,,,3.0,0,0.433,1.3,,,,
2025-06-02,2025-06,Assembly,,40001,Herbal Tea Sampler Box - 6 Count Case,Sampler,inferred,,yes,1.0,87,4.833,4.833,18.0,0.3,18.0,
2025-06-02,2025-06,Maisa 1,,40011A,ORG 25 CT Vanilla Nut AMZN - GA,Tea,inferred,,yes,3.0,192,1.55,4.65,123.9,2.065,41.3,
2025-06-02,2025-06,Maisa 1,,40013,ORG Vanila Nut 25CT Tea Bag 3PK - GA,Tea,inferred,,yes,3.0,120,2.033,6.1,59.0,0.984,19.7,
2025-06-02,2025-06,Maisa 1,,40021,ORG Chocolate Mint 25CT Tea Bag - GA,Tea,governed,high,yes,3.0,240,1.217,3.65,197.3,3.288,65.8,
2025-06-02,2025-06,Maisa 1,,43081,ORG Dandelion Mocha 25CT Tea Bag - A,Tea,governed,high,yes,3.0,424,2.417,7.25,175.4,2.924,58.5,
2025-06-02,2025-06,Maisa 1,,Clean,Standard Clean,Tea,inferred,,,3.0,0,0.583,1.75,,,,
2025-06-02,2025-06,Maisa 1,,Clean,Standard Clean,Tea,inferred,,,3.0,0,0.417,1.25,,,,
2025-06-02,2025-06,Maisa 1,,TB020,ORG Chocolate Mint Tea Bag - GA,Tea bag (intermediate),item-code,,yes,3.0,4000,0.967,2.9,4137.9,68.966,1379.3,
2025-06-02,2025-06,Maisa 1,,TB308,ORG Dandelion Mocha Tea Bag - A,Tea bag (intermediate),item-code,,yes,3.0,3000,0.783,2.35,3829.8,63.83,1276.6,
2025-06-02,2025-06,Maisa 2+3,,43310,ORG Dandelion Mocha Mint 10CT Tea Bag - A,Tea,inferred,,yes,3.0,2340,6.8,20.4,344.1,5.735,114.7,
2025-06-02,2025-06,Maisa 2+3,,TB331,ORG Dandelion Mocha Mint Tea Bag - A,Tea bag (intermediate),item-code,,yes,2.0,13500,3.15,6.3,4285.7,71.429,2142.9,
2025-06-02,2025-06,Spack,,10039A,AMZN Roasted French Chicory 2 X 1 Lb Bag,Bag/Other,inferred,,yes,4.0,24,1.7,6.8,14.1,0.235,3.5,
2025-06-02,2025-06,Spack,,10051,ORG Roasted Chicory Root - 1 Lb Bag,Bag/Other,inferred,,yes,4.0,1488,4.85,19.4,306.8,5.113,76.7,
2025-06-02,2025-06,Spack,,10059A,AMZN ORG French Chicory 2 X 1 Lb Bag,Bag/Other,inferred,,yes,4.0,192,1.317,5.267,145.8,2.43,36.5,
2025-06-02,2025-06,WeighRight,,60070,ORG Java 5 Lb Bag - GA,Bag/Other,inferred,,yes,3.0,80,0.933,2.8,85.7,1.429,28.6,
2025-06-02,2025-06,WeighRight,,60080,ORG Mocha 5 Lb Bag - GA,Bag/Other,inferred,,yes,3.0,60,0.367,1.1,163.6,2.727,54.5,
2025-06-02,2025-06,WeighRight,,80070,ORG Java 11OZ Bag/6 Count Case - GA,Bag/Other,inferred,,yes,3.0,504,1.083,3.25,465.2,7.754,155.1,
2025-06-02,2025-06,WeighRight,,80073,ORG Java 11OZ Bag 3PK - GA,Bag/Other,inferred,,yes,3.0,208,1.317,3.95,158.0,2.633,52.7,
2025-06-02,2025-06,WeighRight,,80080L,Org Mocha 11OZ Bag/Box of 24 - GA,Bag/Other,inferred,,yes,3.0,840,2.383,7.15,352.4,5.874,117.5,
2025-06-02,2025-06,WeighRight,,80083,ORG Mocha 11OZ Bag 3PK  - GA,Bag/Other,inferred,,yes,3.0,224,1.683,5.05,133.1,2.218,44.4,
2025-06-02,2025-06,WeighRight,,83110L,ORG Dandelion Dark Roast 10 oz Bag/Box of 24,APG,governed,high,yes,3.0,242,1.667,5.0,145.2,2.42,48.4,
2025-06-02,2025-06,WeighRight,,Clean,Standard Clean,Bag/Other,inferred,,,3.0,0,0.167,0.5,,,,
2025-06-02,2025-06,WeighRight,,Clean,Standard Clean,Bag/Other,inferred,,,3.0,0,0.55,1.65,,,,
2025-06-02,2025-06,WeighRight,,CleanGA,Clean + Gluten + Almond Tests,Bag/Other,inferred,,,3.0,0,0.5,1.5,,,,
2025-06-03,2025-06,AMS,handpack,10013,"ORG Hibisicus, 8 Oz Bag",Bag/Other,inferred,,yes,2.0,12,0.133,0.267,90.0,1.5,45.0,
2025-06-03,2025-06,AMS,handpack,10022,ORG Raw Dandelion1 Lb Bag,Bag/Other,inferred,,yes,2.0,792,7.983,15.967,99.2,1.653,49.6,
2025-06-03,2025-06,AMS,handpack,10024,ORG Lavender 4 Oz Bag - 79523910024,Bag/Other,inferred,,yes,2.0,480,8.25,16.5,58.2,0.97,29.1,
2025-06-03,2025-06,Maisa 1,,40010,ORG Vanilla Nut 10ct/6pk Tea Bag - GA,Tea,inferred,,yes,3.0,3792,8.433,25.3,449.6,7.494,149.9,
2025-06-03,2025-06,Maisa 1,,40011A,ORG 25 CT Vanilla Nut AMZN - GA,Tea,inferred,,yes,3.0,240,1.45,4.35,165.5,2.759,55.2,
2025-06-03,2025-06,Maisa 2+3,,42040,ORG Snickerdoodle 10ct/6pk Tea Bag - GA,Tea,inferred,,yes,5.0,1908,2.25,11.25,848.0,14.133,169.6,
2025-06-03,2025-06,Maisa 2+3,,Clean,Standard Clean,Tea,inferred,,,3.0,0,0.733,2.2,,,,
2025-06-03,2025-06,Maisa 2+3,,CleanA,Clean + Almond Test,Tea,inferred,,,2.0,0,0.583,1.167,,,,
2025-06-03,2025-06,Maisa 2+3,,NTB3110,Dandelion Dark Roast Tagless 6g Tea Bag,Tea bag (intermediate),item-code,,yes,2.0,16800,3.267,6.533,5142.9,85.714,2571.4,
2025-06-03,2025-06,Maisa 2+3,,TB331,ORG Dandelion Mocha Mint Tea Bag - A,Tea bag (intermediate),item-code,,yes,2.0,15830,3.25,6.5,4870.8,81.179,2435.4,
2025-06-03,2025-06,Spack,,10031,Roasted Chicory Root - 1 Lb Bag,Bag/Other,inferred,,yes,4.0,804,1.633,6.533,492.2,8.204,123.1,
2025-06-03,2025-06,Spack,,10039A,AMZN Roasted French Chicory 2 X 1 Lb Bag,Bag/Other,inferred,,yes,4.0,708,2.6,10.4,272.3,4.538,68.1,
2025-06-03,2025-06,Spack,,Clean,Standard Clean,Bag/Other,inferred,,,,0,2.367,,,,,
2025-06-03,2025-06,WeighRight,,80080L,Org Mocha 11OZ Bag/Box of 24 - GA,Bag/Other,inferred,,yes,3.0,360,1.083,3.25,332.3,5.538,110.8,
2025-06-03,2025-06,WeighRight,,CleanGA,Clean + Gluten + Almond Tests,Bag/Other,inferred,,,3.0,0,0.75,2.25,,,,
2025-06-04,2025-06,AMS,handpack,10006A,WWB AMZN Organic Lemon Balm (6 Oz) ,Bag/Other,inferred,,yes,1.0,210,3.583,3.583,58.6,0.977,58.6,
2025-06-04,2025-06,AMS,handpack,10008,"Org Rooibos, 8 Oz Bag",Bag/Other,inferred,,yes,2.0,168,1.967,3.933,85.4,1.424,42.7,
2025-06-04,2025-06,AMS,handpack,10012,"ORG Lemon Grass, 7 Oz Bag",Bag/Other,inferred,,yes,1.0,360,4.833,4.833,74.5,1.241,74.5,
2025-06-04,2025-06,AMS,handpack,10013,"ORG Hibisicus, 8 Oz Bag",Bag/Other,inferred,,yes,2.0,348,2.933,5.867,118.6,1.977,59.3,
2025-06-04,2025-06,Assembly,,43001L,Dandelion Tea Sampler Box - Loose - G,Sampler,governed,high,yes,1.0,1368,4.167,4.167,328.3,5.472,328.3,
2025-06-04,2025-06,Assembly,,43116,Dandelion DarkRoast Tagless Tea Bag - 50 Ct,Tea,governed,high,yes,2.0,336,7.6,15.2,44.2,0.737,22.1,
2025-06-04,2025-06,Maisa 1,,40010,ORG Vanilla Nut 10ct/6pk Tea Bag - GA,Tea,inferred,,yes,3.0,1728,3.55,10.65,486.8,8.113,162.3,
2025-06-04,2025-06,Maisa 1,,CLEANGA,Clean + Gluten + Allergen Tests,Tea,inferred,,,3.0,0,0.583,1.75,,,,
2025-06-04,2025-06,Maisa 1,,TB332,ORG Dandelion Red Chai Tea Bag,Tea bag (intermediate),item-code,,yes,3.0,26000,5.833,17.5,4457.1,74.286,1485.7,
2025-06-04,2025-06,Maisa 2+3,,42040,ORG Snickerdoodle 10ct/6pk Tea Bag - GA,Tea,inferred,,yes,5.0,852,1.05,5.25,811.4,13.524,162.3,
2025-06-04,2025-06,Maisa 2+3,,47010,75147 TJ ORG Roasted Herbal Cofee (12 Pack) - G,Tea,inferred,,yes,5.0,6096,7.117,35.583,856.6,14.276,171.3,
2025-06-04,2025-06,Maisa 2+3,,CleanA,Clean + Almond Test,Tea,inferred,,,5.0,0,0.817,4.083,,,,
2025-06-04,2025-06,Maisa 2+3,,TB204,ORG Snickerdoodle Tea Bag - GA,Tea bag (intermediate),item-code,,yes,5.0,10485,1.0,5.0,10485.0,174.75,2097.0,
2025-06-05,2025-06,AMS,handpack,10006A,WWB AMZN Organic Lemon Balm (6 Oz) ,Bag/Other,inferred,,yes,2.0,450,5.833,11.667,77.1,1.286,38.6,
2025-06-05,2025-06,AMS,handpack,10006A,WWB AMZN Organic Lemon Balm (6 Oz) ,Bag/Other,inferred,,yes,3.0,600,4.333,13.0,138.5,2.308,46.2,
2025-06-05,2025-06,AMS,handpack,10012,"ORG Lemon Grass, 7 Oz Bag",Bag/Other,inferred,,yes,1.0,630,5.9,5.9,106.8,1.78,106.8,
2025-06-05,2025-06,Assembly,,40001,Herbal Tea Sampler Box - 6 Count Case,Sampler,inferred,,yes,1.0,100,10.167,10.167,9.8,0.164,9.8,
2025-06-05,2025-06,Assembly,,46011,ORG Dark Chocolate 25 Ct Tea Bag,Tea,governed,high,yes,1.0,96,2.4,2.4,40.0,0.667,40.0,
2025-06-05,2025-06,Maisa 1,,42080,ORG Irish Cream 10ct/6pk Tea Bag - G,Tea,inferred,,yes,3.0,2760,6.783,20.35,406.9,6.781,135.6,
2025-06-05,2025-06,Maisa 1,,42081,ORG Irish Cream 25Ct Tea Bag Box - G,Tea,inferred,,yes,3.0,231,1.533,4.6,150.7,2.511,50.2,
2025-06-05,2025-06,Maisa 1,,Clean,Standard Clean,Tea,inferred,,,3.0,0,0.4,1.2,,,,
2025-06-05,2025-06,Maisa 1,,CleanG,Clean + Gluten Test,Tea,inferred,,,3.0,0,0.533,1.6,,,,
2025-06-05,2025-06,Maisa 1,,TB332,ORG Dandelion Red Chai Tea Bag,Tea bag (intermediate),item-code,,yes,3.0,4000,0.833,2.5,4800.0,80.0,1600.0,
2025-06-05,2025-06,Maisa 2+3,,47010,75147 TJ ORG Roasted Herbal Cofee (12 Pack) - G,Tea,inferred,,yes,5.0,7692,9.817,49.083,783.6,13.059,156.7,
2025-06-09,2025-06,AMS,handpack,10006A,WWB AMZN Organic Lemon Balm (6 Oz) ,Bag/Other,inferred,,yes,4.0,960,10.167,40.667,94.4,1.574,23.6,
2025-06-09,2025-06,AMS,handpack,30003,Instant Chicory - 8 Oz Bag,Instant,inferred,,yes,2.0,324,6.717,13.433,48.2,0.804,24.1,
2025-06-09,2025-06,AMS,handpack,30004,Instant Barley - 6 Oz Bag - G,Instant,inferred,,yes,2.0,312,5.317,10.633,58.7,0.978,29.3,
2025-06-09,2025-06,Assembly,,40001,Herbal Tea Sampler Box - 6 Count Case,Sampler,inferred,,yes,1.0,51,4.783,4.783,10.7,0.178,10.7,
2025-06-09,2025-06,Assembly,,46011,ORG Dark Chocolate 25 Ct Tea Bag,Tea,governed,high,yes,1.0,192,7.117,7.117,27.0,0.45,27.0,
2025-06-09,2025-06,Assembly,,TGB601,ORG Dark Chocolate Tea Bag Goody Bag,Tea,inferred,,yes,1.0,853,2.667,2.667,319.9,5.331,319.9,
2025-06-09,2025-06,Maisa 1,,43340L,Org Dandelion Coconut 10 Ct Tea Bag Loose - A,Tea,governed,high,yes,3.0,360,0.767,2.3,469.6,7.826,156.5,
2025-06-09,2025-06,Maisa 1,,43341,Dandelion Coconut 25 Count Tea Bag - A,Tea,governed,high,yes,3.0,408,2.367,7.1,172.4,2.873,57.5,
2025-06-09,2025-06,Maisa 1,,CLeanG,Clean + Gluten Test,Tea,inferred,,,3.0,0,0.617,1.85,,,,
2025-06-09,2025-06,Maisa 1,,Clean,Standard Clean,Tea,inferred,,,3.0,0,0.517,1.55,,,,
2025-06-09,2025-06,Maisa 1,,NTB0010,Vanilla Nut Tagless 6g Tea Bag - GA,Tea bag (intermediate),item-code,,yes,3.0,19200,3.833,11.5,5008.7,83.478,1669.6,
2025-06-09,2025-06,Maisa 1,,NTB0060,Hazelnut Tagless 6g Tea Bag - GA,Tea bag (intermediate),item-code,,yes,3.0,7200,1.983,5.95,3630.3,60.504,1210.1,
2025-06-09,2025-06,Maisa 2+3,,47010,75147 TJ ORG Roasted Herbal Cofee (12 Pack) - G,Tea,inferred,,yes,5.0,2772,4.05,20.25,684.4,11.407,136.9,
2025-06-09,2025-06,Maisa 2+3,,Go to Assembly,,Tea,inferred,,,5.0,0,10.5,52.5,,,,
2025-06-09,2025-06,WeighRight,,80116A,French Roast 500g APG Bag - G,APG,inferred,,yes,2.0,252,1.033,2.067,243.9,4.065,121.9,
2025-06-09,2025-06,WeighRight,,83350L,ORG Passion Fruit Peach 10 Oz Bag/Box of 24,APG,governed,high,yes,2.0,559,2.2,4.4,254.1,4.235,127.0,
2025-06-09,2025-06,WeighRight,,Clean,Standard Clean,Bag/Other,inferred,,,2.0,0,0.467,0.933,,,,
2025-06-10,2025-06,AMS,handpack,30003,Instant Chicory - 8 Oz Bag,Instant,inferred,,yes,2.0,336,4.383,8.767,76.7,1.278,38.3,
2025-06-10,2025-06,AMS,handpack,30004,Instant Barley - 6 Oz Bag - G,Instant,inferred,,yes,2.0,132,3.167,6.333,41.7,0.695,20.8,
2025-06-10,2025-06,Assembly,,40001,Herbal Tea Sampler Box - 6 Count Case,Sampler,inferred,,yes,1.0,230,8.167,8.167,28.2,0.469,28.2,
2025-06-10,2025-06,Assembly,,40016,Vanilla Nut Tagless Tea Bag - 50 Ct - GA,Tea,governed,high,yes,2.0,60,0.783,1.567,76.6,1.277,38.3,
2025-06-10,2025-06,Assembly,,40086,Mocha Tagless Tea Bag - 50 Ct - GA,Tea,governed,high,yes,1.0,461,5.367,5.367,85.9,1.432,85.9,
2025-06-10,2025-06,Assembly,,40116,French Roast Tagless Tea Bag - 50 Ct - G,Tea,governed,high,yes,2.0,66,0.917,1.833,72.0,1.2,36.0,
2025-06-10,2025-06,Assembly,,43226,Dandelion Caramel Nut Tagless Tea Bag - 50 Ct - A,Tea,governed,high,yes,2.0,457,4.767,9.533,95.9,1.598,47.9,
2025-06-10,2025-06,Assembly,,50097,Teeccino 30g Packet 10 Flavor Sampler,Sampler,governed,high,yes,1.0,25,1.583,1.583,15.8,0.263,15.8,
2025-06-10,2025-06,Assembly,,TGB507,ORG Miraculous Mushroom AP Tea Bag Goody Bag,Tea,inferred,,yes,1.0,1000,1.367,1.367,731.7,12.195,731.7,
2025-06-10,2025-06,Assembly,,TGB601,ORG Dark Chocolate Tea Bag Goody Bag,Tea,inferred,,yes,1.0,147,1.167,1.167,126.0,2.1,126.0,
2025-06-10,2025-06,Maisa 1,,40060F,Hazelnut Dual Language 10 cnt TB - GA,Tea,inferred,,yes,3.0,1380,3.583,10.75,385.1,6.419,128.4,
2025-06-10,2025-06,Maisa 1,,40061,ORG Hazelnut 25CT Tea Bag - GA,Tea,governed,high,yes,3.0,696,4.167,12.5,167.0,2.784,55.7,
2025-06-10,2025-06,Maisa 1,,NTB0060,Hazelnut Tagless 6g Tea Bag - GA,Tea bag (intermediate),item-code,,yes,3.0,12000,2.283,6.85,5255.5,87.591,1751.8,
2025-06-10,2025-06,Maisa 2+3,,Go to Assembly,,Tea,inferred,,,5.0,0,10.5,52.5,,,,
2025-06-10,2025-06,WeighRight,,50110,ORG French Roast 30g Trial Size Packet - G,Bag/Other,inferred,,yes,3.0,1080,2.5,7.5,432.0,7.2,144.0,
2025-06-10,2025-06,WeighRight,,55020,Chaga Ashwagandha 30g Trial Size Packet,Bag/Other,inferred,,yes,3.0,1080,2.283,6.85,473.0,7.883,157.7,
2025-06-10,2025-06,WeighRight,,80116A,French Roast 500g APG Bag - G,APG,inferred,,yes,3.0,168,0.583,1.75,288.0,4.8,96.0,
2025-06-10,2025-06,WeighRight,,85020L,ORG Chaga Ashwagandha 10 Oz Bag/Box of 24,Bag/Other,inferred,,yes,3.0,1656,4.133,12.4,400.6,6.677,133.5,
2025-06-10,2025-06,WeighRight,,CleanG,Clean + Gluten Test,Bag/Other,inferred,,,3.0,0,0.5,1.5,,,,
2025-06-11,2025-06,AMS,handpack,10013,"ORG Hibisicus, 8 Oz Bag",Bag/Other,inferred,,yes,1.0,192,6.667,6.667,28.8,0.48,28.8,
2025-06-11,2025-06,AMS,handpack,10013,"ORG Hibisicus, 8 Oz Bag",Bag/Other,inferred,,yes,1.0,192,6.667,6.667,28.8,0.48,28.8,
2025-06-11,2025-06,Assembly,,40016,Vanilla Nut Tagless Tea Bag - 50 Ct - GA,Tea,governed,high,yes,1.0,396,3.417,3.417,115.9,1.932,115.9,
2025-06-11,2025-06,Assembly,,40060F,Hazelnut Dual Language 10 cnt TB - GA,Tea,inferred,,yes,2.0,1380,5.833,11.667,236.6,3.943,118.3,
2025-06-11,2025-06,Assembly,,40066,Hazelnut Tagless Tea Bag - 50 Ct - GA,Tea,governed,high,yes,1.0,462,6.367,6.367,72.6,1.209,72.6,
2025-06-11,2025-06,Assembly,,40066,Hazelnut Tagless Tea Bag - 50 Ct - GA,Tea,governed,high,yes,1.0,462,6.367,6.367,72.6,1.209,72.6,
2025-06-11,2025-06,Assembly,,40116,French Roast Tagless Tea Bag - 50 Ct - G,Tea,governed,high,yes,1.0,405,3.833,3.833,105.7,1.761,105.7,
2025-06-11,2025-06,Assembly,,43110F,Dandelion Dark Roast Dual Language 10ct/6pk Tea Bag,Tea,inferred,,yes,1.0,480,5.5,5.5,87.3,1.455,87.3,
2025-06-11,2025-06,Assembly,,45001,Mushroom Adaptogen TB Sampler Box - 6 Count Case - G,Sampler,inferred,,yes,1.0,82,4.7,4.7,17.4,0.291,17.4,
2025-06-11,2025-06,Assembly,,50097,Teeccino 30g Packet 10 Flavor Sampler,Sampler,governed,high,yes,1.0,155,6.5,6.5,23.8,0.397,23.8,
2025-06-11,2025-06,Assembly,,GDB501,ORG Reishi Eleuthero Packet Goody Bag - G,Bag/Other,inferred,,yes,1.0,180,0.917,0.917,196.4,3.273,196.4,
2025-06-11,2025-06,Maisa 1,,40061,ORG Hazelnut 25CT Tea Bag - GA,Tea,governed,high,yes,3.0,120,0.767,2.3,156.5,2.609,52.2,
2025-06-11,2025-06,Maisa 1,,40081,ORG Mocha 25CT Tea Bag - GA,Tea,governed,high,yes,3.0,408,2.6,7.8,156.9,2.615,52.3,
2025-06-11,2025-06,Maisa 1,,45030,ORG Lion's Mane Rhodiola 10 Ct Tea Bag/6 Count Case - G,Tea,inferred,,yes,3.0,822,1.833,5.5,448.4,7.473,149.5,
2025-06-11,2025-06,Maisa 1,,Clean,Standard Clean,Tea,inferred,,,3.0,0,0.567,1.7,,,,
2025-06-11,2025-06,Maisa 1,,Clean,Standard Clean,Tea,inferred,,,3.0,0,0.983,2.95,,,,
2025-06-11,2025-06,Maisa 1,,Clean,Standard Clean,Tea,inferred,,,3.0,0,1.333,4.0,,,,
2025-06-11,2025-06,Maisa 1,,TB030,ORG Almond Amaretto Tea Bag - GA,Tea bag (intermediate),item-code,,yes,3.0,8000,1.917,5.75,4173.9,69.565,1391.3,
2025-06-11,2025-06,Maisa 2+3,,Go to Assembly,,Tea,inferred,,,5.0,0,10.5,52.5,,,,
2025-06-11,2025-06,WeighRight,,60120,DO NOT MAKE ORG Maya Chai 5 Lb Bag - G,Bag/Other,inferred,,yes,3.0,17,0.317,0.95,53.7,0.895,17.9,
2025-06-11,2025-06,WeighRight,,60130,ORG MACA Chocolate 5 Lb Bag - G,Bag/Other,inferred,,yes,3.0,32,0.35,1.05,91.4,1.524,30.5,
2025-06-11,2025-06,WeighRight,,80120L,DO NOT MAKE ORG Maya Chai 11oz Bag/Box of 24 - G,Bag/Other,inferred,,yes,3.0,240,0.7,2.1,342.9,5.714,114.3,
2025-06-11,2025-06,WeighRight,,80130L,Org Maca Chocoate 11oz Bag/Box of 24 - G,Bag/Other,inferred,,yes,3.0,1056,2.417,7.25,437.0,7.283,145.7,
2025-06-11,2025-06,WeighRight,,83320L,ORG Dandelion Red Chai 10 Oz Bag/Box of 24,APG,governed,high,yes,3.0,240,0.7,2.1,342.9,5.714,114.3,
2025-06-11,2025-06,WeighRight,,83340L,ORG Dandelion Coconut 10 Oz Bag/Box of 24 - A,APG,governed,high,yes,3.0,415,1.083,3.25,383.1,6.385,127.7,
2025-06-11,2025-06,WeighRight,,85020L,ORG Chaga Ashwagandha 10 Oz Bag/Box of 24,Bag/Other,inferred,,yes,3.0,144,0.4,1.2,360.0,6.0,120.0,
2025-06-11,2025-06,WeighRight,,Clean,Standard Clean,Bag/Other,inferred,,,3.0,0,0.483,1.45,,,,
2025-06-11,2025-06,WeighRight,,Clean,Standard Clean,Bag/Other,inferred,,,3.0,0,0.5,1.5,,,,
2025-06-11,2025-06,WeighRight,,Clean,Standard Clean,Bag/Other,inferred,,,3.0,0,0.65,1.95,,,,
2025-06-11,2025-06,WeighRight,,CleanA,Clean + Almond Test,Bag/Other,inferred,,,3.0,0,1.167,3.5,,,,
2025-06-12,2025-06,AMS,handpack,10302A,WWB Organic Cinnamon Powder 1lb - AMZN Label,Bag/Other,inferred,,yes,1.0,60,1.617,1.617,37.1,0.619,37.1,
2025-06-12,2025-06,Assembly,,30005,,Bag/Other,inferred,,yes,1.0,483,2.367,2.367,204.1,3.401,204.1,
2025-06-12,2025-06,Assembly,,40097,Teecino Tea Bag 12 Flavor Sampler,Sampler,governed,high,yes,1.0,120,7.667,7.667,15.7,0.261,15.7,
2025-06-12,2025-06,Assembly,,40112,ORG French Roast Tea Bag Demo Tray - G,Tea,inferred,,,1.0,2,,,,,,
2025-06-12,2025-06,Assembly,,43112,ORG Dandelion Dark Roast Tea Bag Demo Tray,Tea,inferred,,,1.0,8,,,,,,
2025-06-12,2025-06,Assembly,,43312,ORG Dandelion Mocha Mint Tea Bag Demo Tray - A,Tea,inferred,,,1.0,8,,,,,,
2025-06-12,2025-06,Assembly,,45001,Mushroom Adaptogen TB Sampler Box - 6 Count Case - G,Sampler,inferred,,yes,1.0,57,7.85,7.85,7.3,0.121,7.3,
2025-06-12,2025-06,Assembly,,GDB010,ORG Vanilla Nut Packet Goody Bag - GA,Bag/Other,inferred,,yes,1.0,180,2.617,2.617,68.8,1.146,68.8,
2025-06-12,2025-06,Assembly,,GDB060,ORG Hazelnut Packet Goody Bag - GA,Bag/Other,inferred,,yes,1.0,180,3.25,3.25,55.4,0.923,55.4,
2025-06-12,2025-06,Assembly,,GDB080,ORG Mocha Packet Goody Bag,Bag/Other,inferred,,yes,1.0,180,1.583,1.583,113.7,1.895,113.7,
2025-06-12,2025-06,Assembly,,GDB110,ORG French Roast Packet Goody Bag - G,Bag/Other,inferred,,,1.0,180,,,,,,
2025-06-12,2025-06,Assembly,,GDB505,ORG Turkey Tail Astragalus Packet Goody BAg - G,Bag/Other,inferred,,yes,1.0,180,1.667,1.667,108.0,1.8,108.0,
2025-06-12,2025-06,Assembly,,GDB601,ORG Dark Chocolate Packet Goody Bag,Bag/Other,inferred,,yes,1.0,180,2.0,2.0,90.0,1.5,90.0,
2025-06-12,2025-06,Assembly,,TGB110,ORG French Roast Tea Bag Goody Bag - G,Tea,inferred,,yes,1.0,1000,5.1,5.1,196.1,3.268,196.1,
2025-06-12,2025-06,Maisa 1,,45030,ORG Lion's Mane Rhodiola 10 Ct Tea Bag/6 Count Case - G,Tea,inferred,,yes,3.0,3318,10.183,30.55,325.8,5.43,108.6,
2025-06-12,2025-06,Maisa 2+3,,Go to Assembly,,Tea,inferred,,,5.0,0,10.5,52.5,,,,
2025-06-12,2025-06,WeighRight,,50130,ORG MACA Chocolate 30g Trial Size Packet - G,Bag/Other,inferred,,yes,3.0,1800,4.233,12.7,425.2,7.087,141.7,
2025-06-12,2025-06,WeighRight,,55010,Reishi Eleuthero 30g Trial Size Packet - G,APG,governed,high,yes,3.0,1080,1.967,5.9,549.2,9.153,183.1,
2025-06-12,2025-06,WeighRight,,60130,ORG MACA Chocolate 5 Lb Bag - G,Bag/Other,inferred,,yes,3.0,7,0.25,0.75,28.0,0.467,9.3,
2025-06-12,2025-06,WeighRight,,80116A,French Roast 500g APG Bag - G,APG,inferred,,yes,3.0,576,2.233,6.7,257.9,4.299,86.0,
2025-06-12,2025-06,WeighRight,,80130L,Org Maca Chocoate 11oz Bag/Box of 24 - G,Bag/Other,inferred,,yes,3.0,144,0.35,1.05,411.4,6.857,137.1,
2025-06-12,2025-06,WeighRight,,Clean,Standard Clean,Bag/Other,inferred,,,3.0,0,0.55,1.65,,,,
2025-06-12,2025-06,WeighRight,,Clean,Standard Clean,Bag/Other,inferred,,,3.0,0,0.55,1.65,,,,
2025-06-16,2025-06,AMS,handpack,10302A,WWB Organic Cinnamon Powder 1lb - AMZN Label,Bag/Other,inferred,,yes,2.0,180,6.05,12.1,29.8,0.496,14.9,
2025-06-16,2025-06,Assembly,,43001L,Dandelion Tea Sampler Box - Loose - G,Sampler,governed,high,yes,2.0,270,4.517,9.033,59.8,0.996,29.9,
2025-06-16,2025-06,Assembly,,45001,Mushroom Adaptogen TB Sampler Box - 6 Count Case - G,Sampler,inferred,,yes,1.0,91,6.583,6.583,13.8,0.23,13.8,
2025-06-16,2025-06,Assembly,,TGB010,ORG Vanilla Nut Tea Bag Goody Bag - GA,Tea,inferred,,yes,1.0,500,2.25,2.25,222.2,3.704,222.2,
2025-06-16,2025-06,Maisa 1,,45010,ORG Reishi Eleuthero 10 Ct Tea Bag/6 Count Case - G,Tea,inferred,,yes,3.0,1188,7.1,21.3,167.3,2.789,55.8,
2025-06-16,2025-06,Maisa 1,,45010F,Reishi Eleuthero Dual Language 10 cnt TB - G,Tea,inferred,,yes,3.0,720,2.317,6.95,310.8,5.18,103.6,
2025-06-16,2025-06,Maisa 1,,Clean,Standard Clean,Tea,inferred,,,3.0,0,0.6,1.8,,,,
2025-06-16,2025-06,Maisa 1,,Go to Assembly,,Tea,inferred,,,3.0,0,6.0,18.0,,,,
2025-06-16,2025-06,Maisa 2+3,,46010,ORG Dark Chocolate 10 Ct Tea Bag/6 Count Case,Tea,inferred,,yes,5.0,3966,5.583,27.917,710.3,11.839,142.1,
2025-06-16,2025-06,Maisa 2+3,,46011,ORG Dark Chocolate 25 Ct Tea Bag,Tea,governed,high,yes,5.0,744,4.183,20.917,177.8,2.964,35.6,
2025-06-16,2025-06,Maisa 2+3,,Clean,Standard Clean,Tea,inferred,,,2.0,0,1.067,2.133,,,,
2025-06-16,2025-06,Maisa 2+3,,TB502,ORG Chaga Ashwagandha Loose Tea Bag,Tea bag (intermediate),item-code,,yes,2.0,4000,0.783,1.567,5106.4,85.106,2553.2,
2025-06-16,2025-06,WeighRight,,60010,ORG Vanilla Nut 5 Lb Bag - GA,Bag/Other,inferred,,yes,3.0,19,0.3,0.9,63.3,1.056,21.1,
2025-06-16,2025-06,WeighRight,,80016,Vanilla Nut 500g APG Bag - GA,APG,inferred,,yes,3.0,360,1.717,5.15,209.7,3.495,69.9,
2025-06-16,2025-06,WeighRight,,80066A,Hazelnut 500g APG Bag - GA,APG,inferred,,yes,3.0,430,1.833,5.5,234.5,3.909,78.2,
2025-06-16,2025-06,WeighRight,,80086,Mocha 500g APG Bag - GA,APG,inferred,,yes,3.0,432,2.167,6.5,199.4,3.323,66.5,
2025-06-16,2025-06,WeighRight,,80116A,French Roast 500g APG Bag - G,APG,inferred,,yes,3.0,144,0.683,2.05,210.7,3.512,70.2,
2025-06-16,2025-06,WeighRight,,83226A,Dandelion Caramel Nut 500g APG Bag - A,APG,inferred,,yes,3.0,432,1.567,4.7,275.7,4.596,91.9,
2025-06-16,2025-06,WeighRight,,Clean,Standard Clean,Bag/Other,inferred,,,3.0,0,0.45,1.35,,,,
2025-06-16,2025-06,WeighRight,,Clean,Standard Clean,Bag/Other,inferred,,,3.0,0,0.4,1.2,,,,
2025-06-16,2025-06,WeighRight,,Clean,Standard Clean,Bag/Other,inferred,,,3.0,0,0.333,1.0,,,,
2025-06-16,2025-06,WeighRight,,CleanG,Clean + Gluten Test,Bag/Other,inferred,,,3.0,0,0.567,1.7,,,,
2025-06-17,2025-06,Assembly,,42121,ORG Chocolate Raspberry 25CT Tea Bag - G,Tea,governed,high,,1.0,0,,,,,,
2025-06-17,2025-06,Assembly,,42121,ORG Chocolate Raspberry 25CT Tea Bag - G,Tea,governed,high,,1.0,39,,,,,,
2025-06-17,2025-06,Maisa 1,,45010,ORG Reishi Eleuthero 10 Ct Tea Bag/6 Count Case - G,Tea,inferred,,yes,3.0,1014,2.417,7.25,419.6,6.993,139.9,
2025-06-17,2025-06,Maisa 1,,Go to spack,,Tea,inferred,,,3.0,0,6.0,18.0,,,,
2025-06-17,2025-06,Maisa 2+3,,43220F,Dandelion Caramel Nut Dual Language 10 cnt TB - A,Tea,inferred,,yes,5.0,648,0.217,1.083,2990.8,49.846,598.2,
2025-06-17,2025-06,Maisa 2+3,,43221F,ORG Dandelion Caramel Nut DL 25CT Tea Bag AMZN (24pk) - A,Tea,inferred,,yes,5.0,144,0.45,2.25,320.0,5.333,64.0,
2025-06-17,2025-06,Maisa 2+3,,45021,ORG Chaga Ashwagandha 25 Ct Tea Bag,Tea,governed,high,yes,5.0,816,3.45,17.25,236.5,3.942,47.3,
2025-06-17,2025-06,Maisa 2+3,,46011,ORG Dark Chocolate 25 Ct Tea Bag,Tea,governed,high,yes,3.0,192,1.433,4.3,134.0,2.233,44.7,
2025-06-17,2025-06,Maisa 2+3,,Clean,Standard Clean,Tea,inferred,,,5.0,0,0.833,4.167,,,,
2025-06-17,2025-06,Maisa 2+3,,TB502,ORG Chaga Ashwagandha Loose Tea Bag,Tea bag (intermediate),item-code,,yes,2.0,18000,5.133,10.267,3506.5,58.442,1753.2,
2025-06-17,2025-06,Maisa 2+3,,TB601,ORG Dark Chocolate Loose Tea Bag,Tea bag (intermediate),item-code,,yes,2.0,13000,4.317,8.633,3011.6,50.193,1505.8,
2025-06-17,2025-06,Spack,,10031,Roasted Chicory Root - 1 Lb Bag,Bag/Other,inferred,,yes,5.0,2623,5.15,25.75,509.3,8.489,101.9,
2025-06-17,2025-06,Spack,,10039A,AMZN Roasted French Chicory 2 X 1 Lb Bag,Bag/Other,inferred,,yes,5.0,288,1.017,5.083,283.3,4.721,56.7,
2025-06-17,2025-06,Spack,,Clean,Standard Clean,Bag/Other,inferred,,,5.0,0,1.833,9.167,,,,
2025-06-17,2025-06,WeighRight,,20061,ORG Hazelnut 300G Dual Language Bag - 6Ct Case - GA,Bag/Other,inferred,,yes,3.0,2952,1.917,5.75,1540.2,25.67,513.4,
2025-06-17,2025-06,WeighRight,,80066A,Hazelnut 500g APG Bag - GA,APG,inferred,,yes,3.0,170,0.317,0.95,536.8,8.947,178.9,
2025-06-17,2025-06,WeighRight,,82020L,ORG Caramel Nut 11oz Bag/Box of 24 - GA,Bag/Other,inferred,,yes,3.0,146,0.483,1.45,302.1,5.034,100.7,
2025-06-17,2025-06,WeighRight,,82020L,ORG Caramel Nut 11oz Bag/Box of 24 - GA,Bag/Other,inferred,,yes,3.0,272,1.0,3.0,272.0,4.533,90.7,
2025-06-17,2025-06,WeighRight,,Clean,Standard Clean,Bag/Other,inferred,,,3.0,0,0.6,1.8,,,,
2025-06-17,2025-06,WeighRight,,Clean,Standard Clean,Bag/Other,inferred,,,3.0,0,0.5,1.5,,,,
2025-06-17,2025-06,WeighRight,,Go to Spack,Spack,Bag/Other,inferred,,,3.0,0,6.0,18.0,,,,
2025-06-18,2025-06,Assembly,,40062,ORG Hazelnut Tea Bag Demo Tray,Tea,inferred,,,1.0,0,,,,,,
2025-06-18,2025-06,Assembly,,40137,ORG Maca Chocolate Tea Bag Demo Tray,Tea,inferred,,,1.0,3,,,,,,
2025-06-18,2025-06,Assembly,,43001L,Dandelion Tea Sampler Box - Loose - G,Sampler,governed,high,yes,3.0,1489,7.867,23.6,189.3,3.155,63.1,
2025-06-18,2025-06,Assembly,,TGB110,ORG French Roast Tea Bag Goody Bag - G,Tea,inferred,,,1.0,500,,,,,,
2025-06-18,2025-06,Assembly,,TGB311,ORG Dandelion Dark Roast Tea Bag Goody Bag,Tea,inferred,,,1.0,500,,,,,,
2025-06-18,2025-06,Maisa 1,,45010,ORG Reishi Eleuthero 10 Ct Tea Bag/6 Count Case - G,Tea,inferred,,yes,3.0,1746,1.583,4.75,1102.7,18.379,367.6,
2025-06-18,2025-06,Maisa 1,,Clean,Standard Clean,Tea,inferred,,,3.0,0,0.5,1.5,,,,
2025-06-18,2025-06,Maisa 1,,Go to Spack,Spack,Tea,inferred,,,3.0,0,7.0,21.0,,,,
2025-06-18,2025-06,Maisa 2+3,,43220,ORG Dandelion Caramel Nut 10ct/6pk Tea Bag - A,Tea,inferred,,yes,5.0,5616,9.083,45.417,618.3,10.305,123.7,
2025-06-18,2025-06,Maisa 2+3,,43220F,Dandelion Caramel Nut Dual Language 10 cnt TB - A,Tea,inferred,,yes,5.0,72,0.833,4.167,86.4,1.44,17.3,
2025-06-18,2025-06,WeighRight,,80030A,AMZN Org Almond Amaretto 11OZ Bag/Box of 24 - GA,Bag/Other,inferred,,yes,3.0,720,3.117,9.35,231.0,3.85,77.0,
2025-06-18,2025-06,WeighRight,,Clean,Standard Clean,Bag/Other,inferred,,,3.0,0,0.333,1.0,,,,
2025-06-18,2025-06,WeighRight,,Clean,Standard Clean,Bag/Other,inferred,,,3.0,0,1.0,3.0,,,,
2025-06-18,2025-06,WeighRight,,Go to Spack,Spack,Bag/Other,inferred,,,3.0,0,4.5,13.5,,,,
2025-06-19,2025-06,AMS,handpack,10101A,AMZN - WWB - ORG Medium Roasted Carob Flour - 1 Lb Bag,Bag/Other,inferred,,yes,3.0,372,7.0,21.0,53.1,0.886,17.7,
2025-06-19,2025-06,Assembly,,12251,Holiday Tea Bag Sampler Box - 6 Count Case,Sampler,inferred,,yes,4.0,151,4.383,17.533,34.4,0.574,8.6,
2025-06-19,2025-06,Assembly,,12251L,Holiday Tea Bag Sampler Box ,Sampler,inferred,,yes,4.0,360,1.717,6.867,209.7,3.495,52.4,
2025-06-19,2025-06,Assembly,,40132,ORG Maca Chocolate 25CT Tea Bag - G,Tea,governed,high,yes,1.0,102,1.45,1.45,70.3,1.172,70.3,
2025-06-19,2025-06,Assembly,,43001L,Dandelion Tea Sampler Box - Loose - G,Sampler,governed,high,yes,3.0,257,2.8,8.4,91.8,1.53,30.6,
2025-06-19,2025-06,Assembly,,49999,Teeccino Herbal Tea Shipper,Bag/Other,inferred,,yes,1.0,3,1.717,1.717,1.7,0.029,1.7,
2025-06-19,2025-06,Maisa 1,,Assembly,,Tea,inferred,,,3.0,0,10.25,30.75,,,,
2025-06-19,2025-06,Maisa 1,,Go to Spack,Spack,Tea,inferred,,,3.0,0,10.25,30.75,,,,
2025-06-19,2025-06,Maisa 2+3,,40011A,ORG 25 CT Vanilla Nut AMZN - GA,Tea,inferred,,yes,5.0,816,2.517,12.583,324.2,5.404,64.8,
2025-06-19,2025-06,Maisa 2+3,,40011F,ORG Vanilla Nut DL 25CT Tea Bag AMZN (24pk) - GA,Tea,inferred,,yes,5.0,96,0.267,1.333,360.0,6.0,72.0,
2025-06-19,2025-06,Maisa 2+3,,43220,ORG Dandelion Caramel Nut 10ct/6pk Tea Bag - A,Tea,inferred,,yes,5.0,2664,3.633,18.167,733.2,12.22,146.6,
2025-06-19,2025-06,Maisa 2+3,,Clean,Standard Clean,Tea,inferred,,,5.0,0,1.3,6.5,,,,
2025-06-19,2025-06,Maisa 2+3,,CleanGA,Clean + Gluten + Almond Tests,Tea,inferred,,,5.0,0,0.833,4.167,,,,
2025-06-19,2025-06,Maisa 2+3,,NTB3110,Dandelion Dark Roast Tagless 6g Tea Bag,Tea bag (intermediate),item-code,,yes,2.0,4800,1.583,3.167,3031.6,50.526,1515.8,
2025-06-19,2025-06,Maisa 2+3,,TB311,ORG Dandelion Dark Roast Tea Bag,Tea bag (intermediate),item-code,,yes,2.0,5000,1.383,2.767,3614.5,60.241,1807.2,
2025-06-19,2025-06,WeighRight,,50020,Chocolate Mint 30g Trial Size Packet - GA,Bag/Other,inferred,,yes,3.0,1440,3.133,9.4,459.6,7.66,153.2,
2025-06-19,2025-06,WeighRight,,56010,Dark Chocolate 30g Trial Size Packet,Bag/Other,inferred,,yes,3.0,1080,3.0,9.0,360.0,6.0,120.0,
2025-06-19,2025-06,WeighRight,,60020,ORG Chocolate Mint 5 Lb Bag - GA,Bag/Other,inferred,,,3.0,0,0.4,1.2,,,,
2025-06-19,2025-06,WeighRight,,80020A,AMZN Org Chocolate Mint11OZ Bag/Box of 24 - GA,Bag/Other,inferred,,yes,3.0,360,0.783,2.35,459.6,7.66,153.2,
2025-06-19,2025-06,WeighRight,,86010L,ORG Dark Chocolate 10 Oz Bag/Box of 24,Bag/Other,inferred,,yes,3.0,720,2.05,6.15,351.2,5.854,117.1,
2025-06-19,2025-06,WeighRight,,CleanGA,Clean + Gluten + Almond Tests,Bag/Other,inferred,,,3.0,0,0.8,2.4,,,,
2025-06-23,2025-06,AMS,handpack,10001A,Sage 2 Oz Bags AMZN,Bag/Other,inferred,,yes,1.0,70,4.583,4.583,15.3,0.255,15.3,
2025-06-23,2025-06,AMS,handpack,10101A,AMZN - WWB - ORG Medium Roasted Carob Flour - 1 Lb Bag,Bag/Other,inferred,,yes,1.0,120,5.833,5.833,20.6,0.343,20.6,
2025-06-23,2025-06,Assembly,,12251,Holiday Tea Bag Sampler Box - 6 Count Case,Sampler,inferred,,yes,3.0,49,8.25,24.75,5.9,0.099,2.0,
2025-06-23,2025-06,Assembly,,40132,ORG Maca Chocolate 25CT Tea Bag - G,Tea,governed,high,yes,1.0,258,10.167,10.167,25.4,0.423,25.4,
2025-06-23,2025-06,Maisa 1,,Go to Assembly,,Tea,inferred,,,3.0,0,10.25,30.75,,,,
2025-06-23,2025-06,Maisa 2+3,,43110,ORG Dandelion Dark Roast 10ct/6pk Tea Bag,Tea,inferred,,yes,5.0,1752,3.217,16.083,544.7,9.078,108.9,
2025-06-23,2025-06,Maisa 2+3,,43110F,Dandelion Dark Roast Dual Language 10ct/6pk Tea Bag,Tea,inferred,,yes,5.0,720,2.367,11.833,304.2,5.07,60.8,
2025-06-23,2025-06,Maisa 2+3,,43114,DO NOT MAKE - ORG Dandelion Dark Roast 10CT Tea Bag 4PK (with DCO/DMM Goody Bag),Tea,inferred,,yes,5.0,80,0.45,2.25,177.8,2.963,35.6,
2025-06-23,2025-06,Maisa 2+3,,NTB3110,Dandelion Dark Roast Tagless 6g Tea Bag,Tea bag (intermediate),item-code,,yes,2.0,20400,5.1,10.2,4000.0,66.667,2000.0,
2025-06-23,2025-06,Maisa 2+3,,TB311,ORG Dandelion Dark Roast Tea Bag,Tea bag (intermediate),item-code,,yes,2.0,13000,3.8,7.6,3421.1,57.018,1710.5,
2025-06-23,2025-06,WeighRight,,50140,ORG Original 30g Trial Size Packet - G,APG,governed,high,yes,3.0,900,1.517,4.55,593.4,9.89,197.8,
2025-06-23,2025-06,WeighRight,,66010,ORG Dark Chocolate 5 Lb Bag,Bag/Other,inferred,,yes,3.0,32,0.3,0.9,106.7,1.778,35.6,
2025-06-23,2025-06,WeighRight,,80060L,Org Hazelnut 11OZ Bag/Box of 24 - GA,Bag/Other,inferred,,yes,3.0,192,0.783,2.35,245.1,4.085,81.7,
2025-06-23,2025-06,WeighRight,,80066A,Hazelnut 500g APG Bag - GA,APG,inferred,,yes,3.0,600,2.217,6.65,270.7,4.511,90.2,
2025-06-23,2025-06,WeighRight,,80140L,ORG Original 10oz Bag/Box of 24 - G,APG,governed,high,yes,3.0,781,2.55,7.65,306.3,5.105,102.1,
2025-06-23,2025-06,WeighRight,,86010L,ORG Dark Chocolate 10 Oz Bag/Box of 24,Bag/Other,inferred,,yes,3.0,480,1.033,3.1,464.5,7.742,154.8,
2025-06-23,2025-06,WeighRight,,Clean,Standard Clean,Bag/Other,inferred,,,3.0,0,0.933,2.8,,,,
2025-06-23,2025-06,WeighRight,,Clean,Standard Clean,Bag/Other,inferred,,,3.0,0,0.833,2.5,,,,
2025-06-24,2025-06,AMS,handpack,10001A,Sage 2 Oz Bags AMZN,Bag/Other,inferred,,yes,1.0,240,9.833,9.833,24.4,0.407,24.4,
2025-06-24,2025-06,AMS,handpack,10012,"ORG Lemon Grass, 7 Oz Bag",Bag/Other,inferred,,yes,3.0,30,0.417,1.25,72.0,1.2,24.0,
2025-06-24,2025-06,AMS,handpack,10101A,AMZN - WWB - ORG Medium Roasted Carob Flour - 1 Lb Bag,Bag/Other,inferred,,yes,3.0,492,9.667,29.0,50.9,0.848,17.0,
2025-06-24,2025-06,Assembly,,30005,,Bag/Other,inferred,,yes,3.0,161,1.583,4.75,101.7,1.695,33.9,
2025-06-24,2025-06,Assembly,,50097,Teeccino 30g Packet 10 Flavor Sampler,Sampler,governed,high,yes,1.0,90,7.767,7.767,11.6,0.193,11.6,
2025-06-24,2025-06,Maisa 1,,Go to Assembly,,Tea,inferred,,,3.0,0,10.25,30.75,,,,
2025-06-24,2025-06,Maisa 2+3,,43110,ORG Dandelion Dark Roast 10ct/6pk Tea Bag,Tea,inferred,,yes,5.0,5148,9.833,49.167,523.5,8.725,104.7,
2025-06-24,2025-06,Maisa 2+3,,Clean,Standard Clean,Tea,inferred,,,3.0,0,0.75,2.25,,,,
2025-06-24,2025-06,Maisa 2+3,,TB504,ORG Cordyceps Schisandra Loose Tea Bag,Tea bag (intermediate),item-code,,yes,3.0,1000,0.183,0.55,5454.5,90.909,1818.2,
2025-06-24,2025-06,WeighRight,,80060L,Org Hazelnut 11OZ Bag/Box of 24 - GA,Bag/Other,inferred,,yes,3.0,1008,2.567,7.7,392.7,6.545,130.9,
2025-06-24,2025-06,WeighRight,,80070L,Org Java 11OZ Bag/Box of 24 - GA,Bag/Other,inferred,,yes,3.0,96,0.35,1.05,274.3,4.571,91.4,
2025-06-24,2025-06,WeighRight,,80080,ORG Mocha 11OZ Bag/6 Count Case - GA,Bag/Other,inferred,,yes,3.0,1380,3.533,10.6,390.6,6.509,130.2,
2025-06-24,2025-06,WeighRight,,80080L,Org Mocha 11OZ Bag/Box of 24 - GA,Bag/Other,inferred,,yes,3.0,1123,2.8,8.4,401.1,6.685,133.7,
2025-06-24,2025-06,WeighRight,,Clean,Standard Clean,Bag/Other,inferred,,,3.0,0,0.417,1.25,,,,
2025-06-24,2025-06,WeighRight,,Clean,Standard Clean,Bag/Other,inferred,,,3.0,0,0.5,1.5,,,,
2025-06-25,2025-06,AMS,handpack,10001A,Sage 2 Oz Bags AMZN,Bag/Other,inferred,,yes,1.0,290,7.533,7.533,38.5,0.642,38.5,
2025-06-25,2025-06,AMS,handpack,10006A,WWB AMZN Organic Lemon Balm (6 Oz) ,Bag/Other,inferred,,yes,1.0,504,3.917,3.917,128.7,2.145,128.7,
2025-06-25,2025-06,AMS,handpack,10012,"ORG Lemon Grass, 7 Oz Bag",Bag/Other,inferred,,yes,3.0,750,5.867,17.6,127.8,2.131,42.6,
2025-06-25,2025-06,Assembly,,42099,Teeccino Herbal Tea Holiday Display,Bag/Other,inferred,,yes,1.0,4,0.833,0.833,4.8,0.08,4.8,
2025-06-25,2025-06,Assembly,,50097,Teeccino 30g Packet 10 Flavor Sampler,Sampler,governed,high,yes,1.0,90,2.683,2.683,33.5,0.559,33.5,
2025-06-25,2025-06,Assembly,,83110L,ORG Dandelion Dark Roast 10 oz Bag/Box of 24,APG,governed,high,yes,1.0,432,5.917,5.917,73.0,1.217,73.0,
2025-06-25,2025-06,Maisa 1,,Go to Assembly,,Tea,inferred,,,3.0,0,10.25,30.75,,,,
2025-06-25,2025-06,Maisa 2+3,,43110,ORG Dandelion Dark Roast 10ct/6pk Tea Bag,Tea,inferred,,yes,3.0,1380,3.55,10.65,388.7,6.479,129.6,
2025-06-25,2025-06,Maisa 2+3,,43330F,Dandelion Turmeric Dual Language 10 cnt TB,Tea,inferred,,yes,5.0,2136,2.9,14.5,736.6,12.276,147.3,
2025-06-25,2025-06,Maisa 2+3,,45041,ORG Cordyceps Schisandra 25 Ct Tea Bag,Tea,governed,high,yes,2.0,275,1.783,3.567,154.2,2.57,77.1,
2025-06-25,2025-06,Maisa 2+3,,45060,DO NOT MAKE ORG Tremella Tulsi 10 Ct Tea Bag/6 Count Case,Tea,inferred,,yes,5.0,1080,0.25,1.25,4320.0,72.0,864.0,
2025-06-25,2025-06,Maisa 2+3,,Clean,Standard Clean,Tea,inferred,,,2.0,0,0.7,1.4,,,,
2025-06-25,2025-06,Maisa 2+3,,Clean,Standard Clean,Tea,inferred,,,5.0,0,0.933,4.667,,,,
2025-06-25,2025-06,Maisa 2+3,,Clean,Standard Clean,Tea,inferred,,,5.0,0,0.583,2.917,,,,
2025-06-25,2025-06,Maisa 2+3,,TB332,ORG Dandelion Red Chai Tea Bag,Tea bag (intermediate),item-code,,yes,2.0,5000,1.867,3.733,2678.6,44.643,1339.3,
2025-06-25,2025-06,Maisa 2+3,,TB333,ORG Dandelion Turmeric Tea Bag,Tea bag (intermediate),item-code,,yes,2.0,5000,1.4,2.8,3571.4,59.524,1785.7,
2025-06-25,2025-06,Maisa 2+3,,TB333,ORG Dandelion Turmeric Tea Bag,Tea bag (intermediate),item-code,,yes,4.0,1500,0.267,1.067,5625.0,93.75,1406.3,
2025-06-25,2025-06,Maisa 2+3,,TB504,ORG Cordyceps Schisandra Loose Tea Bag,Tea bag (intermediate),item-code,,yes,3.0,5500,1.017,3.05,5409.8,90.164,1803.3,
2025-06-25,2025-06,WeighRight,,50030,Almond Amaretto 30g Trial Size Packet - GA,Bag/Other,inferred,,yes,3.0,837,1.933,5.8,432.9,7.216,144.3,
2025-06-25,2025-06,WeighRight,,80033,ORG Almond Amaretto 11OZ Bag 3PK - GA,Bag/Other,inferred,,yes,3.0,160,0.967,2.9,165.5,2.759,55.2,
2025-06-25,2025-06,WeighRight,,80070L,Org Java 11OZ Bag/Box of 24 - GA,Bag/Other,inferred,,yes,3.0,2112,4.983,14.95,423.8,7.064,141.3,
2025-06-25,2025-06,WeighRight,,80089A,AMZN ORG Raspberry Mocha 11OZ Bag/Box of 24 - GA,Bag/Other,inferred,,yes,3.0,240,12.75,38.25,18.8,0.314,6.3,
2025-06-25,2025-06,WeighRight,,Clean,Standard Clean,Bag/Other,inferred,,,3.0,0,0.483,1.45,,,,
2025-06-25,2025-06,WeighRight,,Clean,Standard Clean,Bag/Other,inferred,,,3.0,0,0.783,2.35,,,,
2025-06-25,2025-06,WeighRight,,CleanA,Clean + Almond Test,Bag/Other,inferred,,,3.0,0,0.417,1.25,,,,
2025-06-26,2025-06,AMS,handpack,10006A,WWB AMZN Organic Lemon Balm (6 Oz) ,Bag/Other,inferred,,yes,1.0,336,3.917,3.917,85.8,1.43,85.8,
2025-06-26,2025-06,AMS,handpack,31008L,ORG Instant French Roast Latte 224g Bag,Instant,governed,high,yes,1.0,667,8.5,8.5,78.5,1.308,78.5,
2025-06-26,2025-06,Assembly,,40071,ORG Java 25CT Tea Bag - GA,Tea,governed,high,yes,2.0,48,1.333,2.667,36.0,0.6,18.0,
2025-06-26,2025-06,Assembly,,83110L,ORG Dandelion Dark Roast 10 oz Bag/Box of 24,APG,governed,high,yes,1.0,288,0.867,0.867,332.3,5.538,332.3,
2025-06-26,2025-06,Maisa 1,,Go to Assembly,,Tea,inferred,,,3.0,0,10.25,30.75,,,,
2025-06-26,2025-06,Maisa 2+3,,43340F,Dandelion Coconut Dual Language 10 cnt TB - A,Tea,inferred,,yes,5.0,1104,1.0,5.0,1104.0,18.4,220.8,
2025-06-26,2025-06,Maisa 2+3,,45060,DO NOT MAKE ORG Tremella Tulsi 10 Ct Tea Bag/6 Count Case,Tea,inferred,,yes,5.0,786,3.333,16.667,235.8,3.93,47.2,
2025-06-26,2025-06,Maisa 2+3,,Clean,Standard Clean,Tea,inferred,,,5.0,0,0.833,4.167,,,,
2025-06-26,2025-06,Maisa 2+3,,TB506,ORG Tremella Tulsi Loose Tea Bag,Tea bag (intermediate),item-code,,yes,4.0,5370,1.5,6.0,3580.0,59.667,895.0,
2025-06-26,2025-06,WeighRight,,55050,Turkey Tail Astragalus 30g Trial Size Packet - G,Bag/Other,inferred,,yes,3.0,1870,3.617,10.85,517.1,8.618,172.4,
2025-06-26,2025-06,WeighRight,,85030L,ORG Lion's Mane Rhodiola 10 Oz Bag/Box of 24 - G,APG,governed,high,yes,3.0,706,1.833,5.5,385.1,6.418,128.4,
2025-06-26,2025-06,WeighRight,,85050L,ORG Turkey Tail Astragalus 10 Oz Bag/Box of 24 - G,Bag/Other,inferred,,yes,3.0,432,1.0,3.0,432.0,7.2,144.0,
2025-06-26,2025-06,WeighRight,,Clean,Standard Clean,Bag/Other,inferred,,,3.0,0,1.0,3.0,,,,
2025-06-26,2025-06,WeighRight,,Clean,Standard Clean,Bag/Other,inferred,,,3.0,0,0.717,2.15,,,,
2025-06-30,2025-06,Assembly,,80040A,AMZN Org Blood Orange 11OZ Bag/Box of 24 - GA,Bag/Other,inferred,,yes,1.0,120,1.483,1.483,80.9,1.348,80.9,
2025-06-30,2025-06,Assembly,,80080A,AMZN Org Mocha 11OZ Bag/Box of 24 - GA,Bag/Other,inferred,,yes,1.0,312,1.633,1.633,191.0,3.184,191.0,
2025-06-30,2025-06,Assembly,,GDB010,ORG Vanilla Nut Packet Goody Bag - GA,Bag/Other,inferred,,yes,1.0,180,1.033,1.033,174.2,2.903,174.2,
2025-06-30,2025-06,Assembly,,GDB070,ORG Java Packet Goody Bag - GA,Bag/Other,inferred,,yes,1.0,41,23.9,23.9,1.7,0.029,1.7,
2025-06-30,2025-06,Assembly,,TGB060,ORG Hazelnut Tea Bag Goody Bag - GA,Tea,inferred,,yes,1.0,500,4.767,4.767,104.9,1.748,104.9,
2025-06-30,2025-06,Assembly,,TGB331,ORG Dandelion Mocha Mint Tea Bag Goody Bag - A,Tea,inferred,,yes,1.0,500,0.35,0.35,1428.6,23.81,1428.6,
2025-06-30,2025-06,Assembly,,TGB601,ORG Dark Chocolate Tea Bag Goody Bag,Tea,inferred,,yes,1.0,500,2.483,2.483,201.3,3.356,201.3,
2025-06-30,2025-06,Maisa 1,,Go to Assembly,,Tea,inferred,,,3.0,0,10.25,30.75,,,,
2025-06-30,2025-06,Maisa 2+3,,40110F,French Roast Dual Language 10ct/6pk TB - G,Tea,inferred,,yes,5.0,138,0.467,2.333,295.7,4.929,59.1,
2025-06-30,2025-06,Maisa 2+3,,40111F,ORG French Roast DL 25CT Tea Bag AMZN (24pk) - G,Tea,inferred,,yes,5.0,120,0.283,1.417,423.5,7.059,84.7,
2025-06-30,2025-06,Maisa 2+3,,43340,ORG Dandelion Coconut 10CT Tea Bag - A,Tea,inferred,,yes,5.0,1380,2.167,10.833,636.9,10.615,127.4,
2025-06-30,2025-06,Maisa 2+3,,43340F,Dandelion Coconut Dual Language 10 cnt TB - A,Tea,inferred,,yes,5.0,1026,1.417,7.083,724.2,12.071,144.8,
2025-06-30,2025-06,Maisa 2+3,,43341,Dandelion Coconut 25 Count Tea Bag - A,Tea,governed,high,yes,5.0,432,3.1,15.5,139.4,2.323,27.9,
2025-06-30,2025-06,Maisa 2+3,,CleanA,Clean + Almond Test,Tea,inferred,,,5.0,0,1.083,5.417,,,,
2025-06-30,2025-06,Maisa 2+3,,TB334,ORG Dandelion Coconut Tea Bag - A,Tea bag (intermediate),item-code,,yes,4.0,10000,1.533,6.133,6521.7,108.696,1630.4,
2025-06-30,2025-06,Spack,,10031,Roasted Chicory Root - 1 Lb Bag,Bag/Other,inferred,,yes,5.0,694,1.167,5.833,594.9,9.914,119.0,
2025-06-30,2025-06,Spack,,10051,ORG Roasted Chicory Root - 1 Lb Bag,Bag/Other,inferred,,yes,5.0,2885,5.833,29.167,494.6,8.243,98.9,
2025-06-30,2025-06,Spack,,Clean,Standard Clean,Bag/Other,inferred,,,5.0,0,5.0,25.0,,,,
2025-06-30,2025-06,WeighRight,,55010,Reishi Eleuthero 30g Trial Size Packet - G,APG,governed,high,yes,3.0,1260,1.3,3.9,969.2,16.154,323.1,
2025-07-01,2025-07,AMS,handpack,10071,AMZN - WWB - ORG Roasted Barley - 1 Lb - G,Bag/Other,inferred,,yes,2.0,144,7.5,15.0,19.2,0.32,9.6,
2025-07-01,2025-07,AMS,handpack,30008L,ORG Instant French Roast 100g Bag - G,Instant,governed,high,yes,6.0,1078,14.417,86.5,74.8,1.246,12.5,
2025-07-01,2025-07,Assembly,,40001A,AMZN Labeled Herbal Tea Sampler Box/Variety Pack,Bundle,inferred,,yes,4.0,420,2.0,8.0,210.0,3.5,52.5,
2025-07-01,2025-07,Assembly,,49020,Sampler Box Gift Box,Sampler,governed,high,yes,1.0,10,1.583,1.583,6.3,0.105,6.3,
2025-07-01,2025-07,Assembly,,86020L,ORG Macadamia Nut 10 Oz Bag/Box of 24 - GA,APG,governed,high,yes,1.0,240,1.467,1.467,163.6,2.727,163.6,
2025-07-01,2025-07,Maisa 1,,Go to Assembly,,Tea,inferred,,,3.0,0,10.25,30.75,,,,
2025-07-01,2025-07,Maisa 2+3,,40110,ORG French Roast 10 Count Tea Bag - G,Tea,inferred,,yes,5.0,1554,3.85,19.25,403.6,6.727,80.7,
2025-07-01,2025-07,Maisa 2+3,,40110F,French Roast Dual Language 10ct/6pk TB - G,Tea,inferred,,yes,5.0,3942,5.7,28.5,691.6,11.526,138.3,
2025-07-02,2025-07,AMS,handpack,10071,AMZN - WWB - ORG Roasted Barley - 1 Lb - G,Bag/Other,inferred,,yes,2.0,276,9.833,19.667,28.1,0.468,14.0,
2025-07-02,2025-07,Assembly,,40001A,AMZN Labeled Herbal Tea Sampler Box/Variety Pack,Bundle,inferred,,yes,4.0,420,2.0,8.0,210.0,3.5,52.5,
2025-07-02,2025-07,Assembly,,53091,AMZN Dandelion 6 Packet Sampler - X002V5663N,Sampler,inferred,,yes,3.0,180,4.667,14.0,38.6,0.643,12.9,
2025-07-02,2025-07,Maisa 1,,Go to Assembly,,Tea,inferred,,,3.0,0,10.25,30.75,,,,
2025-07-02,2025-07,Maisa 2+3,,40071,ORG Java 25CT Tea Bag - GA,Tea,governed,high,yes,5.0,480,1.283,6.417,374.0,6.234,74.8,
2025-07-02,2025-07,Maisa 2+3,,40110,ORG French Roast 10 Count Tea Bag - G,Tea,inferred,,yes,5.0,2586,1.3,6.5,1989.2,33.154,397.8,
2025-07-02,2025-07,Maisa 2+3,,42121,ORG Chocolate Raspberry 25CT Tea Bag - G,Tea,governed,high,yes,5.0,432,1.1,5.5,392.7,6.545,78.5,
2025-07-02,2025-07,Maisa 2+3,,45020,ORG Chaga Ashwagandha 10 Ct Tea Bag/6 Count Case,Tea,inferred,,yes,5.0,1980,3.35,16.75,591.0,9.851,118.2,
2025-07-02,2025-07,Maisa 2+3,,Clean,Standard Clean,Tea,inferred,,,5.0,0,0.783,3.917,,,,
2025-07-02,2025-07,Maisa 2+3,,CleanA,Clean + Almond Test,Tea,inferred,,,5.0,0,1.033,5.167,,,,
2025-07-02,2025-07,Maisa 2+3,,CleanG,Clean + Gluten Test,Tea,inferred,,,5.0,0,0.417,2.083,,,,
2025-07-02,2025-07,Maisa 2+3,,TB212,ORG Chocolate Raspberry Tea Bag - G,Tea bag (intermediate),item-code,,yes,4.0,4000,0.467,1.867,8571.4,142.857,2142.9,
2025-07-02,2025-07,WeighRight,,55010,Reishi Eleuthero 30g Trial Size Packet - G,APG,governed,high,yes,3.0,720,1.033,3.1,696.8,11.613,232.3,
2025-07-02,2025-07,WeighRight,,80110,ORG French Roast 11OZ Bag/6 Count Case - G,Bag/Other,inferred,,yes,3.0,462,1.283,3.85,360.0,6.0,120.0,
2025-07-02,2025-07,WeighRight,,80110L,Org French Roast 11oz Bag/Box of 24 - G,Bag/Other,inferred,,yes,3.0,1800,4.217,12.65,426.9,7.115,142.3,
2025-07-02,2025-07,WeighRight,,85010L,ORG Reishi Eleuthero 10 Oz Bag/Box of 24 - G,APG,governed,high,yes,3.0,528,1.7,5.1,310.6,5.176,103.5,
2025-07-02,2025-07,WeighRight,,Clean,Standard Clean,Bag/Other,inferred,,,3.0,0,1.15,3.45,,,,
2025-07-03,2025-07,AMS,handpack,10071,AMZN - WWB - ORG Roasted Barley - 1 Lb - G,Bag/Other,inferred,,yes,2.0,276,9.583,19.167,28.8,0.48,14.4,
2025-07-03,2025-07,Assembly,,40001A,AMZN Labeled Herbal Tea Sampler Box/Variety Pack,Bundle,inferred,,yes,4.0,564,2.75,11.0,205.1,3.418,51.3,
2025-07-03,2025-07,Assembly,,42099,Teeccino Herbal Tea Holiday Display,Bag/Other,inferred,,yes,2.0,24,8.083,16.167,3.0,0.049,1.5,
2025-07-03,2025-07,Assembly,,53091,AMZN Dandelion 6 Packet Sampler - X002V5663N,Sampler,inferred,,yes,3.0,300,0.8,2.4,375.0,6.25,125.0,
2025-07-03,2025-07,Assembly,,90060,Health Practitioner Gift Box,Bag/Other,inferred,,yes,1.0,24,1.3,1.3,18.5,0.308,18.5,
2025-07-03,2025-07,Maisa 1,,Go to Assembly,,Tea,inferred,,,3.0,0,10.25,30.75,,,,
2025-07-03,2025-07,Maisa 2+3,,40110F,French Roast Dual Language 10ct/6pk TB - G,Tea,inferred,,yes,5.0,2526,3.417,17.083,739.3,12.322,147.9,
2025-07-03,2025-07,Maisa 2+3,,45020,ORG Chaga Ashwagandha 10 Ct Tea Bag/6 Count Case,Tea,inferred,,yes,5.0,3540,5.283,26.417,670.0,11.167,134.0,
2025-07-03,2025-07,Maisa 2+3,,45020F,Chaga Ashwagandha Dual Language 10 cnt TB,Tea,inferred,,yes,5.0,498,0.467,2.333,1067.1,17.786,213.4,
2025-07-03,2025-07,Maisa 2+3,,Clean,Standard Clean,Tea,inferred,,,5.0,0,0.75,3.75,,,,
2025-07-03,2025-07,WeighRight,,80110,ORG French Roast 11OZ Bag/6 Count Case - G,Bag/Other,inferred,,yes,3.0,918,4.0,12.0,229.5,3.825,76.5,
2025-07-07,2025-07,AMS,handpack,10402A,AMZN- WWB-ORG Rama Tulsi - 8 OZ Bag,Bag/Other,inferred,,yes,2.0,144,4.25,8.5,33.9,0.565,16.9,
2025-07-07,2025-07,AMS,handpack,10402A,AMZN- WWB-ORG Rama Tulsi - 8 OZ Bag,Bag/Other,inferred,,yes,2.0,144,4.25,8.5,33.9,0.565,16.9,
2025-07-07,2025-07,Assembly,,40021A,AMZN ORG Chocolate Mint 25-Ct Tea Bag - GA,Tea,inferred,,yes,2.0,216,3.6,7.2,60.0,1.0,30.0,
2025-07-07,2025-07,Maisa 1,,Go to Assembly,,Tea,inferred,,,3.0,0,10.25,30.75,,,,
2025-07-07,2025-07,Maisa 2+3,,40110F,French Roast Dual Language 10ct/6pk TB - G,Tea,inferred,,yes,5.0,1980,2.25,11.25,880.0,14.667,176.0,
2025-07-07,2025-07,Maisa 2+3,,Clean,Standard Clean,Tea,inferred,,,5.0,0,0.917,4.583,,,,
2025-07-07,2025-07,WeighRight,,20111,ORG French Roast 300G Dual Language Bag - 6Ct Case - G,Bag/Other,inferred,,yes,3.0,1380,4.017,12.05,343.6,5.726,114.5,
2025-07-07,2025-07,WeighRight,,60110,ORG French Roast 5 Lb Bag - G,Bag/Other,inferred,,yes,3.0,73,0.633,1.9,115.3,1.921,38.4,
2025-07-07,2025-07,WeighRight,,80070A,AMZN Org Java 11OZ Bag/Box of 24 - GA,Bag/Other,inferred,,yes,3.0,552,1.25,3.75,441.6,7.36,147.2,
2025-07-07,2025-07,WeighRight,,80070L,Org Java 11OZ Bag/Box of 24 - GA,Bag/Other,inferred,,yes,3.0,96,0.333,1.0,288.0,4.8,96.0,
2025-07-07,2025-07,WeighRight,,80110,ORG French Roast 11OZ Bag/6 Count Case - G,Bag/Other,inferred,,yes,3.0,1380,3.267,9.8,422.4,7.041,140.8,
2025-07-07,2025-07,WeighRight,,Clean,Standard Clean,Bag/Other,inferred,,,3.0,0,0.55,1.65,,,,
2025-07-08,2025-07,Assembly,,45001L,Mushroom Adapt Tea Bag Sampler Box,Sampler,governed,high,yes,4.0,606,2.0,8.0,303.0,5.05,75.8,
2025-07-08,2025-07,Assembly,,45032,ORG Lion's Mane Rhodiola Tea Bag Demo Tray - G,Tea,inferred,,yes,1.0,2,0.267,0.267,7.5,0.125,7.5,
2025-07-08,2025-07,Maisa 1,,Go to Assembly,,Tea,inferred,,,3.0,0,10.25,30.75,,,,
2025-07-08,2025-07,Maisa 2+3,,40010,ORG Vanilla Nut 10ct/6pk Tea Bag - GA,Tea,inferred,,yes,5.0,2514,3.5,17.5,718.3,11.971,143.7,
2025-07-08,2025-07,Maisa 2+3,,40011F,ORG Vanilla Nut DL 25CT Tea Bag AMZN (24pk) - GA,Tea,inferred,,yes,5.0,96,0.233,1.167,411.4,6.857,82.3,
2025-07-08,2025-07,Maisa 2+3,,40131,ORG Mexican Chocolate 25CT Tea Bag - G,Tea,governed,high,yes,5.0,326,0.75,3.75,434.7,7.244,86.9,
2025-07-08,2025-07,Maisa 2+3,,45010,ORG Reishi Eleuthero 10 Ct Tea Bag/6 Count Case - G,Tea,inferred,,yes,5.0,2760,3.583,17.917,770.2,12.837,154.0,
2025-07-08,2025-07,Maisa 2+3,,Clean,Standard Clean,Tea,inferred,,,5.0,0,1.083,5.417,,,,
2025-07-08,2025-07,Maisa 2+3,,Clean,Standard Clean,Tea,inferred,,,5.0,0,0.6,3.0,,,,
2025-07-08,2025-07,Maisa 2+3,,TB501,ORG Reishi Eleuthero Loose Tea Bag - G,Tea bag (intermediate),item-code,,yes,4.0,1193,0.333,1.333,3579.0,59.65,894.7,
2025-07-08,2025-07,WeighRight,,80010A,AMZN Org Vanilla Nut 11OZ Bag/Box of 24 - GA,Bag/Other,inferred,,yes,3.0,816,1.25,3.75,652.8,10.88,217.6,
2025-07-08,2025-07,WeighRight,,80060,ORG Hazelnut 11OZ Bag/6 Count Case - GA,Bag/Other,inferred,,yes,3.0,2760,7.233,21.7,381.6,6.359,127.2,
2025-07-08,2025-07,WeighRight,,80070A,AMZN Org Java 11OZ Bag/Box of 24 - GA,Bag/Other,inferred,,yes,3.0,336,0.6,1.8,560.0,9.333,186.7,
2025-07-08,2025-07,WeighRight,,Clean,Standard Clean,Bag/Other,inferred,,,3.0,0,0.55,1.65,,,,
2025-07-08,2025-07,WeighRight,,Clean,Standard Clean,Bag/Other,inferred,,,3.0,0,0.683,2.05,,,,
2025-07-09,2025-07,Assembly,,45001L,Mushroom Adapt Tea Bag Sampler Box,Sampler,governed,high,yes,4.0,438,2.417,9.667,181.2,3.021,45.3,
2025-07-09,2025-07,Maisa 1,,Go to Assembly,,Tea,inferred,,,3.0,0,10.25,30.75,,,,
2025-07-09,2025-07,WeighRight,,Clean,Standard Clean,Bag/Other,inferred,,,3.0,0,0.333,1.0,,,,
2025-07-10,2025-07,AMS,handpack,10041A,DO NOT MAKE AMZN - WWB - ORG Roasted Almond Meal - 1 Lb - A,Bag/Other,inferred,,yes,1.0,3,0.167,0.167,18.0,0.3,18.0,
2025-07-10,2025-07,Assembly,,45001L,Mushroom Adapt Tea Bag Sampler Box,Sampler,governed,high,yes,4.0,413,2.0,8.0,206.5,3.442,51.6,
2025-07-10,2025-07,Maisa 1,,Go to Assembly,,Tea,inferred,,,3.0,0,10.25,30.75,,,,
2025-07-14,2025-07,Assembly,,49020,Sampler Box Gift Box,Sampler,governed,high,yes,2.0,20,0.667,1.333,30.0,0.5,15.0,
2025-07-14,2025-07,Assembly,,49020A,Sampler Gift Box (VP/DVP/MVP/PVP),Sampler,inferred,,yes,1.0,40,1.667,1.667,24.0,0.4,24.0,
2025-07-14,2025-07,Maisa 1,,40130,ORG Maca Chocolate 10ct/6pk Tea Bag - G,Tea,inferred,,yes,3.0,1074,3.883,11.65,276.6,4.609,92.2,
2025-07-14,2025-07,Maisa 2+3,,40010,ORG Vanilla Nut 10ct/6pk Tea Bag - GA,Tea,inferred,,yes,5.0,1626,2.933,14.667,554.3,9.239,110.9,
2025-07-14,2025-07,Maisa 2+3,,43220,ORG Dandelion Caramel Nut 10ct/6pk Tea Bag - A,Tea,inferred,,yes,5.0,432,1.283,6.417,336.6,5.61,67.3,
2025-07-14,2025-07,Maisa 2+3,,43223,ORG Dandelion Caramel Nut 25CT Tea Bag 3PK - A,Tea,inferred,,yes,3.0,72,1.333,4.0,54.0,0.9,18.0,
2025-07-14,2025-07,Maisa 2+3,,Clean,Standard Clean,Tea,inferred,,,5.0,0,0.767,3.833,,,,
2025-07-14,2025-07,Maisa 2+3,,Clean,Standard Clean,Tea,inferred,,,5.0,0,0.633,3.167,,,,
2025-07-14,2025-07,Maisa 2+3,,TB332,ORG Dandelion Red Chai Tea Bag,Tea bag (intermediate),item-code,,yes,2.0,9639,2.3,4.6,4190.9,69.848,2095.4,
2025-07-15,2025-07,Assembly,,45001L,Mushroom Adapt Tea Bag Sampler Box,Sampler,governed,high,yes,2.0,559,2.25,4.5,248.4,4.141,124.2,
2025-07-15,2025-07,Assembly,,46001L,Prebiotic Super Tea Bag Sampler Box,Sampler,governed,high,yes,2.0,144,1.167,2.333,123.4,2.057,61.7,
2025-07-15,2025-07,Maisa 1,,40130,ORG Maca Chocolate 10ct/6pk Tea Bag - G,Tea,inferred,,yes,3.0,306,0.583,1.75,524.6,8.743,174.9,
2025-07-15,2025-07,Maisa 1,,40132,ORG Maca Chocolate 25CT Tea Bag - G,Tea,governed,high,yes,3.0,600,4.217,12.65,142.3,2.372,47.4,
2025-07-15,2025-07,Maisa 1,,TB130,ORG Maca Chocolate Tea Bag - G,Tea bag (intermediate),item-code,,yes,3.0,12500,5.283,15.85,2365.9,39.432,788.6,
2025-07-15,2025-07,Maisa 2+3,,43220,ORG Dandelion Caramel Nut 10ct/6pk Tea Bag - A,Tea,inferred,,yes,5.0,7398,1.117,5.583,6625.1,110.418,1325.0,
2025-07-15,2025-07,WeighRight,,53220,Dandelion Caramel Nut 30g Trial Size Packet - A,Bag/Other,inferred,,yes,3.0,71,0.217,0.65,327.7,5.462,109.2,
2025-07-15,2025-07,WeighRight,,53340,Dandelion Coconut 30g Trial Size Packet - A,APG,governed,high,yes,3.0,1080,2.717,8.15,397.5,6.626,132.5,
2025-07-15,2025-07,WeighRight,,62120,ORG Chocolate Raspberry 5 Lb Bag - G,APG,governed,high,yes,3.0,22,0.583,1.75,37.7,0.629,12.6,
2025-07-15,2025-07,WeighRight,,63340,ORG Dandelion Coconut 5 Lb Bag - A,APG,governed,high,yes,3.0,20,0.167,0.5,120.0,2.0,40.0,
2025-07-15,2025-07,WeighRight,,86010,ORG Dark Chocolate 10 Oz Bag/6 Count Case,Bag/Other,inferred,,yes,3.0,1380,4.35,13.05,317.2,5.287,105.7,
2025-07-15,2025-07,WeighRight,,86010L,ORG Dark Chocolate 10 Oz Bag/Box of 24,Bag/Other,inferred,,yes,3.0,216,0.767,2.3,281.7,4.696,93.9,
2025-07-15,2025-07,WeighRight,,Clean,Standard Clean,Bag/Other,inferred,,,3.0,0,0.583,1.75,,,,
2025-07-15,2025-07,WeighRight,,Clean,Standard Clean,Bag/Other,inferred,,,3.0,0,0.45,1.35,,,,
2025-07-15,2025-07,WeighRight,,CleanGA,Clean + Gluten + Almond Tests,Bag/Other,inferred,,,3.0,0,0.467,1.4,,,,
2025-07-16,2025-07,AMS,handpack,10006A,WWB AMZN Organic Lemon Balm (6 Oz) ,Bag/Other,inferred,,yes,4.0,300,2.167,8.667,138.5,2.308,34.6,
2025-07-16,2025-07,AMS,handpack,10024,ORG Lavender 4 Oz Bag - 79523910024,Bag/Other,inferred,,yes,2.0,252,6.7,13.4,37.6,0.627,18.8,
2025-07-16,2025-07,Assembly,,50095,Teeccino Holiday Flavor Sampler,Sampler,inferred,,yes,2.0,30,4.583,9.167,6.5,0.109,3.3,
2025-07-16,2025-07,Maisa 1,,Clean,Standard Clean,Tea,inferred,,,3.0,0,0.25,0.75,,,,
2025-07-16,2025-07,Maisa 1,,CleanA,Clean + Almond Test,Tea,inferred,,,3.0,0,0.667,2.0,,,,
2025-07-16,2025-07,Maisa 1,,TB130,ORG Maca Chocolate Tea Bag - G,Tea bag (intermediate),item-code,,yes,3.0,5500,1.35,4.05,4074.1,67.901,1358.0,
2025-07-16,2025-07,Maisa 1,,TB505,ORG Turkey Tail Astragalus Loose Tea Bag - G,Tea bag (intermediate),item-code,,yes,2.0,5500,4.517,9.033,1217.7,20.295,608.9,
2025-07-16,2025-07,Maisa 2+3,,43220,ORG Dandelion Caramel Nut 10ct/6pk Tea Bag - A,Tea,inferred,,yes,5.0,450,1.117,5.583,403.0,6.716,80.6,
2025-07-16,2025-07,Maisa 2+3,,43220L,Org Dandelion Caramel Nut 10 Ct Tea Bag Loose - A,Tea,governed,high,yes,3.0,360,0.883,2.65,407.5,6.792,135.8,
2025-07-16,2025-07,Maisa 2+3,,43311,Dandelion Mocha Mint 25 Count Tea Bag - A,Tea,governed,high,yes,5.0,522,3.35,16.75,155.8,2.597,31.2,
2025-07-16,2025-07,Maisa 2+3,,45050,ORG Turkey Tail Astragalus 10 Ct Tea Bag/6 Count Case - G,Tea,inferred,,yes,5.0,228,0.55,2.75,414.5,6.909,82.9,
2025-07-16,2025-07,Maisa 2+3,,Clean,Standard Clean,Tea,inferred,,,5.0,0,0.667,3.333,,,,
2025-07-16,2025-07,Maisa 2+3,,Clean,Standard Clean,Tea,inferred,,,5.0,0,0.8,4.0,,,,
2025-07-16,2025-07,Maisa 2+3,,Clean,Standard Clean,Tea,inferred,,,5.0,0,0.7,3.5,,,,
2025-07-16,2025-07,Maisa 2+3,,CleanGA,Clean + Gluten + Almond Tests,Tea,inferred,,,5.0,0,1.45,7.25,,,,
2025-07-16,2025-07,Maisa 2+3,,NTB3220,Dandelion Caramel Nut Tagless 6g Tea Bag - A,Tea bag (intermediate),item-code,,yes,2.0,26400,5.35,10.7,4934.6,82.243,2467.3,
2025-07-16,2025-07,Maisa 2+3,,TB334,ORG Dandelion Coconut Tea Bag - A,Tea bag (intermediate),item-code,,yes,4.0,5140,2.2,8.8,2336.4,38.939,584.1,
2025-07-16,2025-07,Maisa 2+3,,TB506,ORG Tremella Tulsi Loose Tea Bag,Tea bag (intermediate),item-code,,yes,4.0,5000,1.95,7.8,2564.1,42.735,641.0,
2025-07-16,2025-07,WeighRight,,53220,Dandelion Caramel Nut 30g Trial Size Packet - A,Bag/Other,inferred,,yes,3.0,1009,1.683,5.05,599.4,9.99,199.8,
2025-07-16,2025-07,WeighRight,,55060,Tremella Tulsi 30g Trial Size Packet,APG,governed,high,yes,2.0,540,1.983,3.967,272.3,4.538,136.1,
2025-07-16,2025-07,WeighRight,,82060L,ORG Maple Pecan 11OZ Bag/Box of 24 - GA,Bag/Other,inferred,,yes,3.0,671,1.517,4.55,442.4,7.374,147.5,
2025-07-16,2025-07,WeighRight,,83220,ORG Dandelion Caramel Nut 10 Oz Bag/6 Count Case - A,Bag/Other,inferred,,yes,3.0,480,1.417,4.25,338.8,5.647,112.9,
2025-07-16,2025-07,WeighRight,,Clean,Standard Clean,Bag/Other,inferred,,,3.0,0,0.833,2.5,,,,
2025-07-16,2025-07,WeighRight,,Clean,Standard Clean,Bag/Other,inferred,,,2.0,0,0.583,1.167,,,,
2025-07-16,2025-07,WeighRight,,CleanGA,Clean + Gluten + Almond Tests,Bag/Other,inferred,,,3.0,0,0.583,1.75,,,,
2025-07-17,2025-07,AMS,handpack,10006A,WWB AMZN Organic Lemon Balm (6 Oz) ,Bag/Other,inferred,,yes,2.0,480,10.35,20.7,46.4,0.773,23.2,
2025-07-17,2025-07,AMS,handpack,10012,"ORG Lemon Grass, 7 Oz Bag",Bag/Other,inferred,,yes,5.0,720,4.667,23.333,154.3,2.571,30.9,
2025-07-17,2025-07,AMS,handpack,10024,ORG Lavender 4 Oz Bag - 79523910024,Bag/Other,inferred,,yes,2.0,168,2.167,4.333,77.5,1.292,38.8,
2025-07-17,2025-07,Assembly,,12251,Holiday Tea Bag Sampler Box - 6 Count Case,Sampler,inferred,,yes,1.0,6,0.5,0.5,12.0,0.2,12.0,
2025-07-17,2025-07,Assembly,,49020A,Sampler Gift Box (VP/DVP/MVP/PVP),Sampler,inferred,,yes,1.0,40,0.867,0.867,46.2,0.769,46.2,
2025-07-17,2025-07,Assembly,,50095,Teeccino Holiday Flavor Sampler,Sampler,inferred,,,2.0,0,1.883,3.767,,,,
2025-07-17,2025-07,Assembly,,55092A,AMZN Mushroom 6 Packet Sampler,Sampler,inferred,,yes,1.0,120,2.35,2.35,51.1,0.851,51.1,
2025-07-17,2025-07,Assembly,,TGB507,ORG Miraculous Mushroom AP Tea Bag Goody Bag,Tea,inferred,,yes,1.0,50,0.5,0.5,100.0,1.667,100.0,
2025-07-17,2025-07,Maisa 1,,40030,ORG Almond Amaretto 10ct/6pk Tea Bag - GA,Tea,inferred,,yes,3.0,1380,3.117,9.35,442.8,7.38,147.6,
2025-07-17,2025-07,Maisa 1,,40030L,ORG Almond Amaretto 10ct Tea Bag Individual Unit- GA,Tea,governed,high,yes,3.0,540,1.917,5.75,281.7,4.696,93.9,
2025-07-17,2025-07,Maisa 1,,40031,ORG Almond Amaretto 25CT Tea Bag - GA,Tea,governed,high,yes,3.0,110,0.717,2.15,153.5,2.558,51.2,
2025-07-17,2025-07,Maisa 1,,CleanGA,Clean + Gluten + Almond Tests,Tea,inferred,,,3.0,0,1.033,3.1,,,,
2025-07-17,2025-07,Maisa 2+3,,43370,ORG Dandelion Blueberry Vanilla 10ct/6pk Tea Bag,Tea,inferred,,yes,5.0,300,0.333,1.667,900.0,15.0,180.0,
2025-07-17,2025-07,Maisa 2+3,,45050,ORG Turkey Tail Astragalus 10 Ct Tea Bag/6 Count Case - G,Tea,inferred,,yes,5.0,2550,3.117,15.583,818.2,13.636,163.6,
2025-07-17,2025-07,Maisa 2+3,,CLEANGA,Clean + Gluten + Allergen Tests,Tea,inferred,,,5.0,0,0.783,3.917,,,,
2025-07-17,2025-07,Maisa 2+3,,Clean,Standard Clean,Tea,inferred,,,5.0,0,0.583,2.917,,,,
2025-07-17,2025-07,Maisa 2+3,,TB205,ORG Gingerbread Tea Bag - GA,Tea bag (intermediate),item-code,,yes,4.0,43220,5.267,21.067,8206.3,136.772,2051.6,
2025-07-17,2025-07,WeighRight,,85070,ORG Miraculous Mushrooms A&P 6Ct/10Oz APG Bag,APG,inferred,,yes,2.0,1380,3.983,7.967,346.4,5.774,173.2,
2025-07-17,2025-07,WeighRight,,Clean,Standard Clean,Bag/Other,inferred,,,2.0,0,0.55,1.1,,,,
2025-07-21,2025-07,AMS,handpack,10006A,WWB AMZN Organic Lemon Balm (6 Oz) ,Bag/Other,inferred,,yes,5.0,480,3.733,18.667,128.6,2.143,25.7,
2025-07-21,2025-07,AMS,handpack,10012,"ORG Lemon Grass, 7 Oz Bag",Bag/Other,inferred,,yes,3.0,525,10.167,30.5,51.6,0.861,17.2,
2025-07-21,2025-07,Assembly,,12251L,Holiday Tea Bag Sampler Box ,Sampler,inferred,,yes,2.0,305,1.733,3.467,176.0,2.933,88.0,
2025-07-21,2025-07,Assembly,,40112,ORG French Roast Tea Bag Demo Tray - G,Tea,inferred,,yes,1.0,1,0.083,0.083,12.0,0.2,12.0,
2025-07-21,2025-07,Assembly,,45032,ORG Lion's Mane Rhodiola Tea Bag Demo Tray - G,Tea,inferred,,yes,1.0,1,0.383,0.383,2.6,0.043,2.6,
2025-07-21,2025-07,Assembly,,49020A,Sampler Gift Box (VP/DVP/MVP/PVP),Sampler,inferred,,yes,1.0,40,2.417,2.417,16.6,0.276,16.6,
2025-07-21,2025-07,Maisa 1,,45070,ORG Miraculous Mushrooms A&P 10Ct/6Pk Tea Bag,Tea,inferred,,yes,3.0,1380,3.317,9.95,416.1,6.935,138.7,
2025-07-21,2025-07,Maisa 1,,45070L,Org Miraculous Mushroom A&P 10Ct Tea Bag Loose,Tea,inferred,,yes,3.0,625,1.583,4.75,394.7,6.579,131.6,
2025-07-21,2025-07,Maisa 1,,48004,WWB ORG French Chicory 25ct Tea Bag,Tea,inferred,,yes,3.0,178,1.95,5.85,91.3,1.521,30.4,
2025-07-21,2025-07,Maisa 1,,CLEAN,Standard Clean,Tea,inferred,,,3.0,0,2.05,6.15,,,,
2025-07-21,2025-07,Maisa 2+3,,43370,ORG Dandelion Blueberry Vanilla 10ct/6pk Tea Bag,Tea,inferred,,yes,3.0,1080,2.217,6.65,487.2,8.12,162.4,
2025-07-21,2025-07,Maisa 2+3,,43370L,Org Dandelion Blueberry Vanilla 10Ct Tea Bag Loose,Tea,inferred,,yes,3.0,360,0.617,1.85,583.8,9.73,194.6,
2025-07-21,2025-07,Maisa 2+3,,46010,ORG Dark Chocolate 10 Ct Tea Bag/6 Count Case,Tea,inferred,,yes,3.0,2760,6.167,18.5,447.6,7.459,149.2,
2025-07-21,2025-07,Maisa 2+3,,CLEAN,Standard Clean,Tea,inferred,,,3.0,0,1.0,3.0,,,,
2025-07-21,2025-07,WeighRight,,50110,ORG French Roast 30g Trial Size Packet - G,Bag/Other,inferred,,yes,3.0,1800,3.083,9.25,583.8,9.73,194.6,
2025-07-21,2025-07,WeighRight,,80110,ORG French Roast 11OZ Bag/6 Count Case - G,Bag/Other,inferred,,yes,3.0,36,0.25,0.75,144.0,2.4,48.0,
2025-07-21,2025-07,WeighRight,,82130A,AMZN Org Mexican Chocolate 11OZ Bag/Box of 24 - G,Bag/Other,inferred,,yes,3.0,120,0.3,0.9,400.0,6.667,133.3,
2025-07-21,2025-07,WeighRight,,82130L,ORG Mexican Chocolate 11OZ Bag/Box of 24 - G,APG,governed,high,yes,3.0,301,0.9,2.7,334.4,5.574,111.5,
2025-07-21,2025-07,WeighRight,,83370L,ORG Blueberry Vanilla 10 Oz Bag/Box of 24,Bag/Other,inferred,,yes,3.0,203,0.567,1.7,358.2,5.971,119.4,
2025-07-21,2025-07,WeighRight,,Clean,Standard Clean,Bag/Other,inferred,,,3.0,0,0.8,2.4,,,,
2025-07-21,2025-07,WeighRight,,Clean,Standard Clean,Bag/Other,inferred,,,3.0,0,0.5,1.5,,,,
2025-07-22,2025-07,Assembly,,12251,Holiday Tea Bag Sampler Box - 6 Count Case,Sampler,inferred,,yes,4.0,107,2.5,10.0,42.8,0.713,10.7,
2025-07-22,2025-07,Assembly,,12251L,Holiday Tea Bag Sampler Box ,Sampler,inferred,,yes,2.0,387,5.0,10.0,77.4,1.29,38.7,
2025-07-22,2025-07,Assembly,,42099,Teeccino Herbal Tea Holiday Display,Bag/Other,inferred,,yes,2.0,7,1.0,2.0,7.0,0.117,3.5,
2025-07-22,2025-07,Assembly,,49999,Teeccino Herbal Tea Shipper,Bag/Other,inferred,,,1.0,0,3.45,3.45,,,,
2025-07-22,2025-07,Assembly,,83080L,ORG Dandelion Mocha 10 Oz Bag/Box of 24 - A,Bag/Other,inferred,,yes,1.0,24,0.283,0.283,84.7,1.412,84.7,
2025-07-22,2025-07,Maisa 1,,43361A,AMZN ORG Holiday Egg Nog 25ct Tea Bag - X003ZS6OJL,Tea,inferred,,yes,3.0,288,1.867,5.6,154.3,2.571,51.4,
2025-07-22,2025-07,Maisa 1,,48004,WWB ORG French Chicory 25ct Tea Bag,Tea,inferred,,yes,3.0,259,0.517,1.55,501.3,8.355,167.1,
2025-07-22,2025-07,Maisa 1,,Clean,Standard Clean,Tea,inferred,,,3.0,0,0.667,2.0,,,,
2025-07-22,2025-07,Maisa 1,,Clean,Standard Clean,Tea,inferred,,,3.0,0,1.0,3.0,,,,
2025-07-22,2025-07,Maisa 1,,TB336,ORG Holiday Egg Nog Tea Bag,Tea bag (intermediate),item-code,,yes,3.0,6700,2.0,6.0,3350.0,55.833,1116.7,
2025-07-22,2025-07,Maisa 2+3,,46010,ORG Dark Chocolate 10 Ct Tea Bag/6 Count Case,Tea,inferred,,yes,3.0,1380,3.117,9.35,442.8,7.38,147.6,
2025-07-22,2025-07,Maisa 2+3,,46011,ORG Dark Chocolate 25 Ct Tea Bag,Tea,governed,high,yes,3.0,480,3.467,10.4,138.5,2.308,46.2,
2025-07-22,2025-07,Maisa 2+3,,TB204,ORG Snickerdoodle Tea Bag - GA,Tea bag (intermediate),item-code,,yes,4.0,17000,3.5,14.0,4857.1,80.952,1214.3,
2025-07-22,2025-07,WeighRight,,80066A,Hazelnut 500g APG Bag - GA,APG,inferred,,yes,3.0,228,0.8,2.4,285.0,4.75,95.0,
2025-07-22,2025-07,WeighRight,,80110,ORG French Roast 11OZ Bag/6 Count Case - G,Bag/Other,inferred,,yes,3.0,2724,5.417,16.25,502.9,8.382,167.6,
2025-07-22,2025-07,WeighRight,,80130,ORG MACA Chocolate 11OZ Bag/6 Count Case - G,Bag/Other,inferred,,yes,3.0,684,1.633,4.9,418.8,6.98,139.6,
2025-07-22,2025-07,WeighRight,,80130A,AMZN Org Maca Chocolate 11OZ Bag/Box of 24 - G,Bag/Other,inferred,,yes,3.0,432,0.817,2.45,529.0,8.816,176.3,
2025-07-22,2025-07,WeighRight,,Clean,Standard Clean,Bag/Other,inferred,,,3.0,0,1.117,3.35,,,,
2025-07-22,2025-07,WeighRight,,Clean,Standard Clean,Bag/Other,inferred,,,3.0,0,0.467,1.4,,,,
2025-07-23,2025-07,AMS,handpack,10022,ORG Raw Dandelion1 Lb Bag,Bag/Other,inferred,,yes,2.0,490,10.25,20.5,47.8,0.797,23.9,
2025-07-23,2025-07,Assembly,,12251,Holiday Tea Bag Sampler Box - 6 Count Case,Sampler,inferred,,yes,4.0,98,2.0,8.0,49.0,0.817,12.2,
2025-07-23,2025-07,Assembly,,12251L,Holiday Tea Bag Sampler Box ,Sampler,inferred,,yes,2.0,388,5.0,10.0,77.6,1.293,38.8,
2025-07-23,2025-07,Maisa 2+3,,46011,ORG Dark Chocolate 25 Ct Tea Bag,Tea,governed,high,yes,3.0,720,5.083,15.25,141.6,2.361,47.2,
2025-07-23,2025-07,Maisa 2+3,,CLEAN,Standard Clean,Tea,inferred,,,5.0,0,0.617,3.083,,,,
2025-07-23,2025-07,Maisa 2+3,,Clean,Standard Clean,Tea,inferred,,,5.0,0,0.5,2.5,,,,
2025-07-23,2025-07,Maisa 2+3,,TB204,ORG Snickerdoodle Tea Bag - GA,Tea bag (intermediate),item-code,,yes,4.0,13000,3.167,12.667,4105.3,68.421,1026.3,
2025-07-23,2025-07,Maisa 2+3,,TB601,ORG Dark Chocolate Loose Tea Bag,Tea bag (intermediate),item-code,,yes,2.0,1370,0.5,1.0,2740.0,45.667,1370.0,
2025-07-23,2025-07,WeighRight,,10071,AMZN - WWB - ORG Roasted Barley - 1 Lb - G,Bag/Other,inferred,,yes,3.0,720,2.183,6.55,329.8,5.496,109.9,
2025-07-23,2025-07,WeighRight,,80066A,Hazelnut 500g APG Bag - GA,APG,inferred,,yes,3.0,372,1.283,3.85,289.9,4.831,96.6,
2025-07-23,2025-07,WeighRight,,82070A,AMZN ORG Candy Cane 11 Oz Bag/Box of 24 - X003DNN71V - G,Bag/Other,inferred,,yes,3.0,360,1.183,3.55,304.2,5.07,101.4,
2025-07-23,2025-07,WeighRight,,82070L,ORG Candy Cane 11 Oz Bag/Box of 24 - G,APG,governed,high,yes,3.0,144,0.283,0.85,508.2,8.471,169.4,
2025-07-23,2025-07,WeighRight,,83110L,ORG Dandelion Dark Roast 10 oz Bag/Box of 24,APG,governed,high,yes,3.0,512,1.833,5.5,279.3,4.655,93.1,
2025-07-23,2025-07,WeighRight,,83360A,AMZN ORG Holiday Egg Nog 10oz Bag,Bag/Other,inferred,,yes,3.0,168,0.617,1.85,272.4,4.541,90.8,
2025-07-23,2025-07,WeighRight,,83360L,ORG Holiday Egg Nog 10oz Bag/Box of 24,APG,governed,high,yes,3.0,240,0.65,1.95,369.2,6.154,123.1,
2025-07-23,2025-07,WeighRight,,Clean,Standard Clean,Bag/Other,inferred,,,3.0,0,23.783,71.35,,,,
2025-07-23,2025-07,WeighRight,,Clean,Standard Clean,Bag/Other,inferred,,,3.0,0,0.617,1.85,,,,
2025-07-23,2025-07,WeighRight,,Clean,Standard Clean,Bag/Other,inferred,,,3.0,0,0.483,1.45,,,,
2025-07-23,2025-07,WeighRight,,CleanGA,Clean + Gluten + Almond Tests,Bag/Other,inferred,,,3.0,0,0.5,1.5,,,,
2025-07-24,2025-07,AMS,handpack,10022,ORG Raw Dandelion1 Lb Bag,Bag/Other,inferred,,yes,2.0,109,1.533,3.067,71.1,1.185,35.5,
2025-07-24,2025-07,AMS,handpack,10101A,AMZN - WWB - ORG Medium Roasted Carob Flour - 1 Lb Bag,Bag/Other,inferred,,yes,3.0,216,2.667,8.0,81.0,1.35,27.0,
2025-07-24,2025-07,Assembly,,12251,Holiday Tea Bag Sampler Box - 6 Count Case,Sampler,inferred,,yes,5.0,68,3.35,16.75,20.3,0.338,4.1,
2025-07-24,2025-07,Assembly,,12251,Holiday Tea Bag Sampler Box - 6 Count Case,Sampler,inferred,,yes,4.0,70,2.25,9.0,31.1,0.519,7.8,
2025-07-24,2025-07,Assembly,,TGB331,ORG Dandelion Mocha Mint Tea Bag Goody Bag - A,Tea,inferred,,yes,1.0,25,0.383,0.383,65.2,1.087,65.2,
2025-07-24,2025-07,Assembly,,TGB505,Turkey Tail Astragalus Tea Goody Bag - G,Bag/Other,inferred,,yes,1.0,25,0.167,0.167,150.0,2.5,150.0,
2025-07-24,2025-07,Maisa 2+3,,42011,ORG Pumpkin Spice 25CT Tea Bag - GA,Tea,governed,high,yes,3.0,864,5.267,15.8,164.1,2.734,54.7,
2025-07-24,2025-07,Maisa 2+3,,42071,ORG Candy Cane 25ct Tea Bag - G,Tea,governed,high,yes,3.0,240,2.167,6.5,110.8,1.846,36.9,
2025-07-24,2025-07,Maisa 2+3,,CleanG,Clean + Gluten Test,Tea,inferred,,,5.0,0,0.833,4.167,,,,
2025-07-24,2025-07,Maisa 2+3,,TB010,ORG Vanilla Nut Tea Bag Loose - GA,Tea bag (intermediate),item-code,,yes,2.0,7000,1.483,2.967,4719.1,78.652,2359.6,
2025-07-24,2025-07,Maisa 2+3,,TB201,ORG Pumpkin Spice Tea Bag - GA,Tea bag (intermediate),item-code,,yes,2.0,10000,2.383,4.767,4195.8,69.93,2097.9,
2025-07-24,2025-07,Maisa 2+3,,TB207,ORG Candy Cane Tea Bag - G,Tea bag (intermediate),item-code,,yes,2.0,10000,5.217,10.433,1916.9,31.949,958.5,
2025-07-24,2025-07,WeighRight,,55050,Turkey Tail Astragalus 30g Trial Size Packet - G,Bag/Other,inferred,,yes,3.0,997,1.8,5.4,553.9,9.231,184.6,
2025-07-24,2025-07,WeighRight,,62070,ORG Candy Cane 5 Lb Bag  - G,APG,governed,high,yes,3.0,28,0.517,1.55,54.2,0.903,18.1,
2025-07-24,2025-07,WeighRight,,82070L,ORG Candy Cane 11 Oz Bag/Box of 24 - G,APG,governed,high,yes,3.0,288,0.683,2.05,421.5,7.024,140.5,
2025-07-24,2025-07,WeighRight,,85050L,ORG Turkey Tail Astragalus 10 Oz Bag/Box of 24 - G,Bag/Other,inferred,,yes,3.0,1200,3.067,9.2,391.3,6.522,130.4,
2025-07-24,2025-07,WeighRight,,Clean,Standard Clean,Bag/Other,inferred,,,3.0,0,0.467,1.4,,,,
2025-07-24,2025-07,WeighRight,,Clean,Standard Clean,Bag/Other,inferred,,,3.0,0,0.55,1.65,,,,
2025-07-24,2025-07,WeighRight,,Go to Assembly,,Bag/Other,inferred,,,3.0,0,10.5,31.5,,,,
2025-07-28,2025-07,AMS,handpack,10101A,AMZN - WWB - ORG Medium Roasted Carob Flour - 1 Lb Bag,Bag/Other,inferred,,yes,3.0,332,3.833,11.5,86.6,1.443,28.9,
2025-07-28,2025-07,AMS,handpack,30007L,ORG Instant Miraculous Mushrooms AP 100g Bag,Instant,governed,high,yes,3.0,742,4.333,13.0,171.2,2.854,57.1,
2025-07-28,2025-07,AMS,handpack,31007L,ORG Instant Miraculous Mushrooms AP Latte 224g Bag,Instant,governed,high,yes,3.0,144,0.917,2.75,157.1,2.618,52.4,
2025-07-28,2025-07,Assembly,,12251,Holiday Tea Bag Sampler Box - 6 Count Case,Sampler,inferred,,yes,5.0,275,10.167,50.833,27.0,0.451,5.4,
2025-07-28,2025-07,Maisa 2+3,,40011,ORG Vanila Nut 25CT Tea Bag - GA,Tea,governed,high,yes,3.0,444,2.483,7.45,178.8,2.98,59.6,
2025-07-28,2025-07,Maisa 2+3,,42071,ORG Candy Cane 25ct Tea Bag - G,Tea,governed,high,yes,3.0,304,3.033,9.1,100.2,1.67,33.4,
2025-07-28,2025-07,Maisa 2+3,,42080,ORG Irish Cream 10ct/6pk Tea Bag - G,Tea,inferred,,yes,3.0,1380,3.0,9.0,460.0,7.667,153.3,
2025-07-28,2025-07,Maisa 2+3,,42081,ORG Irish Cream 25Ct Tea Bag Box - G,Tea,inferred,,yes,3.0,240,1.317,3.95,182.3,3.038,60.8,
2025-07-28,2025-07,Maisa 2+3,,Clean,Standard Clean,Tea,inferred,,,3.0,0,0.983,2.95,,,,
2025-07-28,2025-07,Maisa 2+3,,Clean,Standard Clean,Tea,inferred,,,5.0,0,0.6,3.0,,,,
2025-07-28,2025-07,Maisa 2+3,,Clean,Standard Clean,Tea,inferred,,,3.0,0,0.667,2.0,,,,
2025-07-28,2025-07,Maisa 2+3,,CleanA,Clean + Almond Test,Tea,inferred,,,5.0,0,0.567,2.833,,,,
2025-07-28,2025-07,Maisa 2+3,,NTB0110,French Roast Tagless 6g Tea Bag - G,Tea bag (intermediate),item-code,,yes,2.0,28000,5.6,11.2,5000.0,83.333,2500.0,
2025-07-28,2025-07,Maisa 2+3,,TB010,ORG Vanilla Nut Tea Bag Loose - GA,Tea bag (intermediate),item-code,,yes,2.0,3000,0.533,1.067,5625.0,93.75,2812.5,
2025-07-28,2025-07,Maisa 2+3,,TB110,ORG French Roast Tea Bag Loose - G,Tea bag (intermediate),item-code,,yes,2.0,3500,0.667,1.333,5250.0,87.5,2625.0,
2025-07-28,2025-07,Maisa 2+3,,TB505,ORG Turkey Tail Astragalus Loose Tea Bag - G,Tea bag (intermediate),item-code,,yes,2.0,1000,0.267,0.533,3750.0,62.5,1875.0,
2025-07-28,2025-07,WeighRight,,Go to Assembly,,Bag/Other,inferred,,,3.0,0,10.5,31.5,,,,
2025-07-29,2025-07,AMS,handpack,10101A,AMZN - WWB - ORG Medium Roasted Carob Flour - 1 Lb Bag,Bag/Other,inferred,,yes,4.0,403,9.583,38.333,42.1,0.701,10.5,
2025-07-29,2025-07,AMS,handpack,31005L,ORG GF Instant Dandelion Latte 224g Bag,Instant,governed,high,yes,3.0,595,3.917,11.75,151.9,2.532,50.6,
2025-07-29,2025-07,AMS,handpack,31007L,ORG Instant Miraculous Mushrooms AP Latte 224g Bag,Instant,governed,high,yes,3.0,432,3.167,9.5,136.4,2.274,45.5,
2025-07-29,2025-07,AMS,handpack,31008L,ORG Instant French Roast Latte 224g Bag,Instant,governed,high,yes,3.0,144,1.033,3.1,139.4,2.323,46.5,
2025-07-29,2025-07,Assembly,,12251,Holiday Tea Bag Sampler Box - 6 Count Case,Sampler,inferred,,yes,4.0,115,7.583,30.333,15.2,0.253,3.8,
2025-07-29,2025-07,Assembly,,45001,Mushroom Adaptogen TB Sampler Box - 6 Count Case - G,Sampler,inferred,,yes,4.0,80,2.25,9.0,35.6,0.593,8.9,
2025-07-29,2025-07,Maisa 2+3,,40010,ORG Vanilla Nut 10ct/6pk Tea Bag - GA,Tea,inferred,,yes,5.0,264,0.367,1.833,720.0,12.0,144.0,
2025-07-29,2025-07,Maisa 2+3,,40060,ORG Hazelnut 10ct/6pk Tea Bag - GA,Tea,inferred,,yes,5.0,1380,1.8,9.0,766.7,12.778,153.3,
2025-07-29,2025-07,Maisa 2+3,,40061A,ORG 25 CT Hazelnut AMZN - GA,Tea,inferred,,yes,5.0,672,2.2,11.0,305.5,5.091,61.1,
2025-07-29,2025-07,Maisa 2+3,,40061F,ORG Hazelnut DL 25CT Tea Bag AMZN (24pk) - GA,Tea,inferred,,yes,5.0,120,0.45,2.25,266.7,4.444,53.3,
2025-07-29,2025-07,Maisa 2+3,,Clean,Standard Clean,Tea,inferred,,,5.0,0,0.433,2.167,,,,
2025-07-29,2025-07,Maisa 2+3,,Clean,Standard Clean,Tea,inferred,,,5.0,0,0.667,3.333,,,,
2025-07-29,2025-07,Maisa 2+3,,Clean,Standard Clean,Tea,inferred,,,2.0,0,0.35,0.7,,,,
2025-07-29,2025-07,Maisa 2+3,,TB020,ORG Chocolate Mint Tea Bag - GA,Tea bag (intermediate),item-code,,yes,2.0,5000,1.067,2.133,4687.5,78.125,2343.8,
2025-07-29,2025-07,Maisa 2+3,,TB060,ORG Hazelnut Tea Bag Loose - GA,Tea bag (intermediate),item-code,,yes,2.0,6600,1.267,2.533,5210.5,86.842,2605.3,
2025-07-29,2025-07,Maisa 2+3,,TB505,ORG Turkey Tail Astragalus Loose Tea Bag - G,Tea bag (intermediate),item-code,,yes,4.0,11745,1.4,5.6,8389.3,139.821,2097.3,
2025-07-29,2025-07,WeighRight,,Go to Assembly,,Bag/Other,inferred,,,3.0,0,10.5,31.5,,,,
2025-07-30,2025-07,AMS,handpack,10101A,AMZN - WWB - ORG Medium Roasted Carob Flour - 1 Lb Bag,Bag/Other,inferred,,yes,2.0,249,3.833,7.667,65.0,1.083,32.5,
2025-07-30,2025-07,AMS,handpack,30008L,ORG Instant French Roast 100g Bag - G,Instant,governed,high,yes,2.0,510,4.533,9.067,112.5,1.875,56.2,
2025-07-30,2025-07,AMS,handpack,30010L,ORG Instant Hazelnut 100g Bag - G,Instant,governed,high,yes,3.0,210,1.567,4.7,134.0,2.234,44.7,
2025-07-30,2025-07,AMS,handpack,30012L,ORG GF Dandelion Blend 100g Bag,Bag/Other,inferred,,yes,3.0,720,4.867,14.6,147.9,2.466,49.3,
2025-07-30,2025-07,AMS,handpack,31008L,ORG Instant French Roast Latte 224g Bag,Instant,governed,high,yes,3.0,456,3.167,9.5,144.0,2.4,48.0,
2025-07-30,2025-07,Assembly,,45001,Mushroom Adaptogen TB Sampler Box - 6 Count Case - G,Sampler,inferred,,yes,4.0,66,1.75,7.0,37.7,0.629,9.4,
2025-07-30,2025-07,Assembly,,50096,Top Six Packet Sampler pack,Sampler,inferred,,yes,2.0,360,8.333,16.667,43.2,0.72,21.6,
2025-07-30,2025-07,Maisa 2+3,,40010,ORG Vanilla Nut 10ct/6pk Tea Bag - GA,Tea,inferred,,yes,5.0,3876,4.483,22.417,864.5,14.409,172.9,
2025-07-30,2025-07,Maisa 2+3,,43220,ORG Dandelion Caramel Nut 10ct/6pk Tea Bag - A,Tea,inferred,,yes,5.0,1398,1.733,8.667,806.5,13.442,161.3,
2025-07-30,2025-07,Maisa 2+3,,45020F,Chaga Ashwagandha Dual Language 10 cnt TB,Tea,inferred,,yes,5.0,144,0.133,0.667,1080.0,18.0,216.0,
2025-07-30,2025-07,Maisa 2+3,,Clean,Standard Clean,Tea,inferred,,,2.0,0,0.733,1.467,,,,
2025-07-30,2025-07,Maisa 2+3,,Clean,Standard Clean,Tea,inferred,,,5.0,0,0.9,4.5,,,,
2025-07-30,2025-07,Maisa 2+3,,CleanA,Clean + Almond Test,Tea,inferred,,,5.0,0,0.7,3.5,,,,
2025-07-30,2025-07,Maisa 2+3,,CleanG,Clean + Gluten Test,Tea,inferred,,,5.0,0,0.733,3.667,,,,
2025-07-30,2025-07,Maisa 2+3,,TB301,ORG Dandelion Vanilla Nut Tea Bag - A,Tea bag (intermediate),item-code,,yes,2.0,5000,1.45,2.9,3448.3,57.471,1724.1,
2025-07-30,2025-07,Maisa 2+3,,TB331,ORG Dandelion Mocha Mint Tea Bag - A,Tea bag (intermediate),item-code,,yes,2.0,5000,1.583,3.167,3157.9,52.632,1578.9,
2025-07-30,2025-07,WeighRight,,Go to Assembly,,Bag/Other,inferred,,,3.0,0,10.5,31.5,,,,
2025-07-31,2025-07,AMS,handpack,10001A,Sage 2 Oz Bags AMZN,Bag/Other,inferred,,yes,3.0,90,1.567,4.7,57.4,0.957,19.1,
2025-07-31,2025-07,AMS,handpack,10008,"Org Rooibos, 8 Oz Bag",Bag/Other,inferred,,yes,2.0,360,4.85,9.7,74.2,1.237,37.1,
2025-07-31,2025-07,AMS,handpack,10013,"ORG Hibisicus, 8 Oz Bag",Bag/Other,inferred,,yes,2.0,144,4.167,8.333,34.6,0.576,17.3,
2025-07-31,2025-07,AMS,handpack,10019,ORG Astragalus 8 Oz Bag,Bag/Other,inferred,,yes,3.0,144,1.667,5.0,86.4,1.44,28.8,
2025-07-31,2025-07,AMS,handpack,10024,ORG Lavender 4 Oz Bag - 79523910024,Bag/Other,inferred,,yes,2.0,264,6.283,12.567,42.0,0.7,21.0,
2025-07-31,2025-07,AMS,handpack,10042,ORG Burdock 1 Lb Bag,Bag/Other,inferred,,yes,2.0,24,1.917,3.833,12.5,0.209,6.3,
2025-07-31,2025-07,AMS,handpack,30008L,ORG Instant French Roast 100g Bag - G,Instant,governed,high,yes,3.0,235,1.333,4.0,176.3,2.938,58.8,
2025-07-31,2025-07,AMS,handpack,30009L,ORG Instant Vanilla Nut 100g Bag - G,Instant,governed,high,yes,3.0,730,4.8,14.4,152.1,2.535,50.7,
2025-07-31,2025-07,AMS,handpack,30010L,ORG Instant Hazelnut 100g Bag - G,Instant,governed,high,yes,3.0,530,2.35,7.05,225.5,3.759,75.2,
2025-07-31,2025-07,AMS,handpack,30011L,ORG Instant Mocha 100g Bag - G,Instant,inferred,,yes,3.0,738,4.017,12.05,183.7,3.062,61.2,
2025-07-31,2025-07,Assembly,,42099,Teeccino Herbal Tea Holiday Display,Bag/Other,inferred,,yes,1.0,1,0.233,0.233,4.3,0.071,4.3,
2025-07-31,2025-07,Assembly,,49999,Teeccino Herbal Tea Shipper,Bag/Other,inferred,,yes,1.0,1,0.3,0.3,3.3,0.056,3.3,
2025-07-31,2025-07,Assembly,,50096,Top Six Packet Sampler pack,Sampler,inferred,,yes,2.0,60,1.25,2.5,48.0,0.8,24.0,
2025-07-31,2025-07,Maisa 2+3,,45020F,Chaga Ashwagandha Dual Language 10 cnt TB,Tea,inferred,,yes,5.0,1728,2.433,12.167,710.1,11.836,142.0,
2025-07-31,2025-07,Maisa 2+3,,Clean,Standard Clean,Tea,inferred,,,5.0,0,0.833,4.167,,,,
2025-07-31,2025-07,WeighRight,,Go to Assembly,,Bag/Other,inferred,,,3.0,0,10.5,31.5,,,,
2025-08-04,2025-08,AMS,handpack,10001A,Sage 2 Oz Bags AMZN,Bag/Other,inferred,,yes,3.0,522,10.167,30.5,51.3,0.856,17.1,
2025-08-04,2025-08,AMS,handpack,10042,ORG Burdock 1 Lb Bag,Bag/Other,inferred,,yes,2.0,200,3.667,7.333,54.5,0.909,27.3,
2025-08-04,2025-08,Assembly,,48002,WWB ORG Roasted Barley 25ct Tea Bag - G,Tea,inferred,,yes,1.0,120,2.85,2.85,42.1,0.702,42.1,
2025-08-04,2025-08,Assembly,,TGB507,ORG Miraculous Mushroom AP Tea Bag Goody Bag,Tea,inferred,,yes,1.0,500,1.933,1.933,258.6,4.31,258.6,
2025-08-04,2025-08,Maisa 1,,Go to Assembly,,Tea,inferred,,,3.0,0,10.5,31.5,,,,
2025-08-04,2025-08,Maisa 2+3,,Go to assembly,,Tea,inferred,,,5.0,0,10.5,52.5,,,,
2025-08-04,2025-08,Spack,,10039A,AMZN Roasted French Chicory 2 X 1 Lb Bag,Bag/Other,inferred,,yes,4.0,34,2.733,10.933,12.4,0.207,3.1,
2025-08-04,2025-08,Spack,,10051,ORG Roasted Chicory Root - 1 Lb Bag,Bag/Other,inferred,,yes,5.0,2532,5.217,26.083,485.4,8.089,97.1,
2025-08-04,2025-08,Spack,,10059A,AMZN ORG French Chicory 2 X 1 Lb Bag,Bag/Other,inferred,,yes,5.0,480,1.833,9.167,261.8,4.364,52.4,
2025-08-04,2025-08,WeighRight,,63010,ORG Dandelion Vanilla Nut 5 Lb Bag - A,Bag/Other,inferred,,yes,3.0,14,0.467,1.4,30.0,0.5,10.0,
2025-08-04,2025-08,WeighRight,,63310,ORG Dandelion Mocha Mint 5 Lb Bag - A,Bag/Other,inferred,,yes,3.0,20,0.233,0.7,85.7,1.429,28.6,
2025-08-04,2025-08,WeighRight,,80020L,ORG Chocolate Mint 11OZ Bag/Box of 24 - GA,Bag/Other,inferred,,yes,3.0,168,0.367,1.1,458.2,7.636,152.7,
2025-08-04,2025-08,WeighRight,,83010L,ORG Dandelion Vanilla Nut 10 Oz Bag/Box of 24 - A,Bag/Other,inferred,,yes,3.0,456,1.1,3.3,414.5,6.909,138.2,
2025-08-04,2025-08,WeighRight,,83080L,ORG Dandelion Mocha 10 Oz Bag/Box of 24 - A,Bag/Other,inferred,,yes,3.0,432,1.2,3.6,360.0,6.0,120.0,
2025-08-04,2025-08,WeighRight,,83310L,ORG Dandelion Mocha Mint 10 Oz Bag/Box of 24 - A,Bag/Other,inferred,,yes,3.0,280,0.583,1.75,480.0,8.0,160.0,
2025-08-04,2025-08,WeighRight,,Clean,Standard Clean,Bag/Other,inferred,,,3.0,0,0.5,1.5,,,,
2025-08-04,2025-08,WeighRight,,Clean,Standard Clean,Bag/Other,inferred,,,3.0,0,0.433,1.3,,,,
2025-08-04,2025-08,WeighRight,,Clean,Standard Clean,Bag/Other,inferred,,,3.0,0,0.4,1.2,,,,
2025-08-04,2025-08,WeighRight,,Clean,Standard Clean,Bag/Other,inferred,,,3.0,0,0.7,2.1,,,,
2025-08-05,2025-08,AMS,handpack,10001A,Sage 2 Oz Bags AMZN,Bag/Other,inferred,,yes,3.0,172,2.85,8.55,60.4,1.006,20.1,
2025-08-05,2025-08,AMS,handpack,31009L,ORG Instant Vanilla Nut Latte 224g Bag,Instant,governed,high,yes,3.0,594,4.083,12.25,145.5,2.424,48.5,
2025-08-05,2025-08,AMS,handpack,31010L,ORG Instant Hazelnut Latte 224g Bag,Instant,governed,high,yes,3.0,408,2.467,7.4,165.4,2.757,55.1,
2025-08-05,2025-08,AMS,handpack,31011L,ORG Instant Mocha Latte 224g Bag,Instant,inferred,,yes,3.0,76,0.75,2.25,101.3,1.689,33.8,
2025-08-05,2025-08,Assembly,,43224,DO NOT MAKE ORG Dandelion Caramel Nut 10CT Tea Bag 4PK X0019VIU9N,Tea,inferred,,yes,1.0,192,8.333,8.333,23.0,0.384,23.0,
2025-08-05,2025-08,Assembly,,45001,Mushroom Adaptogen TB Sampler Box - 6 Count Case - G,Sampler,inferred,,yes,3.0,61,2.0,6.0,30.5,0.508,10.2,
2025-08-05,2025-08,Maisa 1,,Go to Assembly,,Tea,inferred,,,3.0,0,10.5,31.5,,,,
2025-08-05,2025-08,Maisa 2+3,,Go to assembly,,Tea,inferred,,,5.0,0,10.5,52.5,,,,
2025-08-05,2025-08,Spack,,10031,Roasted Chicory Root - 1 Lb Bag,Bag/Other,inferred,,yes,4.0,4296,8.417,33.667,510.4,8.507,127.6,
2025-08-05,2025-08,Spack,,10039A,AMZN Roasted French Chicory 2 X 1 Lb Bag,Bag/Other,inferred,,yes,4.0,826,1.2,4.8,688.3,11.472,172.1,
2025-08-05,2025-08,WeighRight,,10031,Roasted Chicory Root - 1 Lb Bag,Bag/Other,inferred,,yes,3.0,3168,4.55,13.65,696.3,11.604,232.1,
2025-08-05,2025-08,WeighRight,,80020L,ORG Chocolate Mint 11OZ Bag/Box of 24 - GA,Bag/Other,inferred,,yes,3.0,463,1.167,3.5,396.9,6.614,132.3,
2025-08-05,2025-08,WeighRight,,Clean,Standard Clean,Bag/Other,inferred,,,3.0,0,0.5,1.5,,,,
2025-08-05,2025-08,WeighRight,,Clean,Standard Clean,Bag/Other,inferred,,,3.0,0,0.75,2.25,,,,
2025-08-06,2025-08,AMS,handpack,10006A,WWB AMZN Organic Lemon Balm (6 Oz) ,Bag/Other,inferred,,yes,3.0,210,2.283,6.85,92.0,1.533,30.7,
2025-08-06,2025-08,AMS,handpack,10008,"Org Rooibos, 8 Oz Bag",Bag/Other,inferred,,yes,3.0,504,4.867,14.6,103.6,1.726,34.5,
2025-08-06,2025-08,AMS,handpack,10402A,AMZN- WWB-ORG Rama Tulsi - 8 OZ Bag,Bag/Other,inferred,,yes,3.0,240,4.917,14.75,48.8,0.814,16.3,
2025-08-06,2025-08,AMS,handpack,31010L,ORG Instant Hazelnut Latte 224g Bag,Instant,governed,high,yes,3.0,184,1.0,3.0,184.0,3.067,61.3,
2025-08-06,2025-08,AMS,handpack,31011L,ORG Instant Mocha Latte 224g Bag,Instant,inferred,,yes,3.0,500,1.9,5.7,263.2,4.386,87.7,
2025-08-06,2025-08,Assembly,,45001,Mushroom Adaptogen TB Sampler Box - 6 Count Case - G,Sampler,inferred,,yes,3.0,70,2.333,7.0,30.0,0.5,10.0,
2025-08-06,2025-08,Assembly,,50097,Teeccino 30g Packet 10 Flavor Sampler,Sampler,governed,high,yes,1.0,90,4.867,4.867,18.5,0.308,18.5,
2025-08-06,2025-08,Assembly,,80012A,AMZN Vanilla Nut 11Oz Bag 2PK - GA,Bag/Other,inferred,,yes,1.0,32,5.533,5.533,5.8,0.096,5.8,
2025-08-06,2025-08,Assembly,,80012A,AMZN Vanilla Nut 11Oz Bag 2PK - GA,Bag/Other,inferred,,yes,1.0,32,4.517,4.517,7.1,0.118,7.1,
2025-08-06,2025-08,Assembly,,80080,ORG Mocha 11OZ Bag/6 Count Case - GA,Bag/Other,inferred,,yes,1.0,360,1.467,1.467,245.5,4.091,245.5,
2025-08-06,2025-08,Assembly,,80112A,AMZN French Roast 11Oz Bag 2PK - G,Bag/Other,inferred,,yes,1.0,144,7.683,7.683,18.7,0.312,18.7,
2025-08-06,2025-08,Assembly,,80112A,AMZN French Roast 11Oz Bag 2PK - G,Bag/Other,inferred,,yes,1.0,144,1.85,1.85,77.8,1.297,77.8,
2025-08-06,2025-08,Assembly,,TGB337,ORG Blueberry Vanilla Tea Bag Goody Bag,Tea,inferred,,yes,,500,1.5,,333.3,5.556,,
2025-08-06,2025-08,Maisa 1,,Go to Assembly,,Tea,inferred,,,3.0,0,10.5,31.5,,,,
2025-08-06,2025-08,Maisa 2+3,,Go to assembly,,Tea,inferred,,,5.0,0,10.5,52.5,,,,
2025-08-06,2025-08,Spack,,Clean,Standard Clean,Bag/Other,inferred,,,5.0,0,5.0,25.0,,,,
2025-08-06,2025-08,WeighRight,,20061,ORG Hazelnut 300G Dual Language Bag - 6Ct Case - GA,Bag/Other,inferred,,yes,3.0,900,2.0,6.0,450.0,7.5,150.0,
2025-08-06,2025-08,WeighRight,,50060,ORG Hazelnut 30g Trial Size Packet - GA,Bag/Other,inferred,,yes,3.0,360,1.05,3.15,342.9,5.714,114.3,
2025-08-06,2025-08,WeighRight,,80060A,AMZN Org Hazelnut 11OZ Bag/Box of 24 - GA,Bag/Other,inferred,,yes,3.0,720,2.067,6.2,348.4,5.806,116.1,
2025-08-06,2025-08,WeighRight,,80070A,AMZN Org Java 11OZ Bag/Box of 24 - GA,Bag/Other,inferred,,yes,3.0,474,1.367,4.1,346.8,5.78,115.6,
2025-08-07,2025-08,Assembly,,40097,Teecino Tea Bag 12 Flavor Sampler,Sampler,governed,high,yes,1.0,60,3.817,3.817,15.7,0.262,15.7,
2025-08-07,2025-08,Assembly,,43001L,Dandelion Tea Sampler Box - Loose - G,Sampler,governed,high,yes,2.0,490,5.0,10.0,98.0,1.633,49.0,
2025-08-07,2025-08,Assembly,,45001,Mushroom Adaptogen TB Sampler Box - 6 Count Case - G,Sampler,inferred,,yes,7.0,202,6.833,47.833,29.6,0.493,4.2,
2025-08-07,2025-08,Assembly,,49999,Teeccino Herbal Tea Shipper,Bag/Other,inferred,,,1.0,0,1.4,1.4,,,,
2025-08-07,2025-08,Assembly,,50092,Teeccino Chocolate Flavor Sampler,Sampler,governed,high,yes,1.0,50,1.983,1.983,25.2,0.42,25.2,
2025-08-07,2025-08,Maisa 1,,Go to Assembly,,Tea,inferred,,,3.0,0,10.5,31.5,,,,
2025-08-07,2025-08,Maisa 2+3,,43110,ORG Dandelion Dark Roast 10ct/6pk Tea Bag,Tea,inferred,,yes,3.0,420,1.767,5.3,237.7,3.962,79.2,
2025-08-07,2025-08,Maisa 2+3,,43110F,Dandelion Dark Roast Dual Language 10ct/6pk Tea Bag,Tea,inferred,,yes,3.0,1380,3.15,9.45,438.1,7.302,146.0,
2025-08-07,2025-08,Maisa 2+3,,43111,ORG Dandelion Dark Roast 25CT Tea Bag,Tea,governed,high,yes,5.0,816,3.75,18.75,217.6,3.627,43.5,
2025-08-07,2025-08,Maisa 2+3,,43113,ORG Dandelion Dark Roast 25CT Tea Bag 3PK,Tea,inferred,,yes,5.0,120,1.167,5.833,102.9,1.714,20.6,
2025-08-07,2025-08,Maisa 2+3,,Go to assembly,,Tea,inferred,,,5.0,0,10.5,52.5,,,,
2025-08-07,2025-08,WeighRight,,50060,ORG Hazelnut 30g Trial Size Packet - GA,Bag/Other,inferred,,yes,3.0,720,0.933,2.8,771.4,12.857,257.1,
2025-08-07,2025-08,WeighRight,,80010,ORG Vanilla Nut 11oz Bag/6 Count Case - GA,Bag/Other,inferred,,yes,3.0,1380,2.917,8.75,473.1,7.886,157.7,
2025-08-07,2025-08,WeighRight,,80010L,Org Vanilla Nut 11OZ Bag/Box of 24 - GA,Bag/Other,inferred,,yes,3.0,600,1.133,3.4,529.4,8.824,176.5,
2025-08-07,2025-08,WeighRight,,80013,ORG Vanilla Nut 11oz Bag 3PK - GA,Bag/Other,inferred,,yes,3.0,240,1.45,4.35,165.5,2.759,55.2,
2025-08-07,2025-08,WeighRight,,80060L,Org Hazelnut 11OZ Bag/Box of 24 - GA,Bag/Other,inferred,,yes,3.0,1196,2.4,7.2,498.3,8.306,166.1,
2025-08-07,2025-08,WeighRight,,Clean,Standard Clean,Bag/Other,inferred,,,3.0,0,0.583,1.75,,,,
2025-08-07,2025-08,WeighRight,,Clean,Standard Clean,Bag/Other,inferred,,,3.0,0,0.767,2.3,,,,
2025-08-08,2025-08,Assembly,,40001,Herbal Tea Sampler Box - 6 Count Case,Sampler,inferred,,yes,3.0,102,3.0,9.0,34.0,0.567,11.3,
2025-08-11,2025-08,AMS,handpack,10043,"ORG Star Anise, 6Oz Bag",Bag/Other,inferred,,yes,2.0,104,3.617,7.233,28.8,0.479,14.4,
2025-08-11,2025-08,Assembly,,12250,Advent Calendar,Accessory,governed,,yes,2.0,73,7.833,15.667,9.3,0.155,4.7,
2025-08-11,2025-08,Assembly,,40001,Herbal Tea Sampler Box - 6 Count Case,Sampler,inferred,,yes,3.0,128,6.417,19.25,19.9,0.332,6.6,
2025-08-11,2025-08,Assembly,,42099,Teeccino Herbal Tea Holiday Display,Bag/Other,inferred,,yes,1.0,2,0.867,0.867,2.3,0.038,2.3,
2025-08-11,2025-08,Assembly,,43001L,Dandelion Tea Sampler Box - Loose - G,Sampler,governed,high,yes,2.0,806,10.167,20.333,79.3,1.321,39.6,
2025-08-11,2025-08,Assembly,,TB603,ORG Mango Lemon Balm Loose Tea Bag - G,Tea bag (intermediate),item-code,,,,0,1.5,,,,,
2025-08-11,2025-08,Maisa 2+3,,43110,ORG Dandelion Dark Roast 10ct/6pk Tea Bag,Tea,inferred,,yes,3.0,3900,9.967,29.9,391.3,6.522,130.4,
2025-08-11,2025-08,WeighRight,,55020,Chaga Ashwagandha 30g Trial Size Packet,Bag/Other,inferred,,yes,3.0,1080,1.717,5.15,629.1,10.485,209.7,
2025-08-11,2025-08,WeighRight,,63110,ORG Dandelion Dark Roast 5 Lb Bag,APG,governed,high,yes,3.0,28,0.217,0.65,129.2,2.154,43.1,
2025-08-11,2025-08,WeighRight,,83110,ORG Dandelion Dark Roast 10 Oz Bag/6 Count Case,Bag/Other,inferred,,yes,3.0,240,0.567,1.7,423.5,7.059,141.2,
2025-08-11,2025-08,WeighRight,,83110L,ORG Dandelion Dark Roast 10 oz Bag/Box of 24,APG,governed,high,yes,3.0,1392,3.05,9.15,456.4,7.607,152.1,
2025-08-11,2025-08,WeighRight,,85020,ORG Chaga Ashwagandha 10 Oz Bag/6 Count Case,Bag/Other,inferred,,yes,3.0,1380,2.483,7.45,555.7,9.262,185.2,
2025-08-11,2025-08,WeighRight,,85020L,ORG Chaga Ashwagandha 10 Oz Bag/Box of 24,Bag/Other,inferred,,yes,3.0,600,1.05,3.15,571.4,9.524,190.5,
2025-08-11,2025-08,WeighRight,,Clean,Standard Clean,Bag/Other,inferred,,,3.0,0,0.5,1.5,,,,
2025-08-11,2025-08,WeighRight,,Clean,Standard Clean,Bag/Other,inferred,,,3.0,0,0.3,0.9,,,,
2025-08-12,2025-08,AMS,handpack,10006A,WWB AMZN Organic Lemon Balm (6 Oz) ,Bag/Other,inferred,,,2.0,0,2.533,5.067,,,,
2025-08-12,2025-08,AMS,handpack,10043,"ORG Star Anise, 6Oz Bag",Bag/Other,inferred,,yes,2.0,424,5.517,11.033,76.9,1.281,38.4,
2025-08-12,2025-08,Assembly,,12250,Advent Calendar,Accessory,governed,,yes,2.0,68,7.583,15.167,9.0,0.149,4.5,
2025-08-12,2025-08,Assembly,,29001,ORG FR/MO/VN 300g Variety Pack,Bundle,inferred,,,1.0,0,1.8,1.8,,,,
2025-08-12,2025-08,Assembly,,42099,Teeccino Herbal Tea Holiday Display,Bag/Other,inferred,,yes,1.0,15,7.083,7.083,2.1,0.035,2.1,
2025-08-12,2025-08,Maisa 2+3,,40111,ORG French Roast 25CT Tea Bag - G,Tea,governed,high,yes,3.0,144,0.7,2.1,205.7,3.429,68.6,
2025-08-12,2025-08,Maisa 2+3,,42080,ORG Irish Cream 10ct/6pk Tea Bag - G,Tea,inferred,,yes,3.0,1290,3.2,9.6,403.1,6.719,134.4,
2025-08-12,2025-08,Maisa 2+3,,43110,ORG Dandelion Dark Roast 10ct/6pk Tea Bag,Tea,inferred,,yes,3.0,1488,2.983,8.95,498.8,8.313,166.3,
2025-08-12,2025-08,Maisa 2+3,,Clean,Standard Clean,Tea,inferred,,,3.0,0,0.933,2.8,,,,
2025-08-12,2025-08,Maisa 2+3,,Clean,Standard Clean,Tea,inferred,,,2.0,0,0.533,1.067,,,,
2025-08-12,2025-08,Maisa 2+3,,TB110,ORG French Roast Tea Bag Loose - G,Tea bag (intermediate),item-code,,yes,2.0,8000,1.65,3.3,4848.5,80.808,2424.2,
2025-08-12,2025-08,WeighRight,,10031,Roasted Chicory Root - 1 Lb Bag,Bag/Other,inferred,,yes,3.0,5030,9.333,28.0,538.9,8.982,179.6,
2025-08-12,2025-08,WeighRight,,Clean,Standard Clean,Bag/Other,inferred,,,3.0,0,0.667,2.0,,,,
2025-08-13,2025-08,AMS,handpack,10006A,WWB AMZN Organic Lemon Balm (6 Oz) ,Bag/Other,inferred,,,2.0,0,3.833,7.667,,,,
2025-08-13,2025-08,Assembly,,12250,Advent Calendar,Accessory,governed,,,2.0,0,8.9,17.8,,,,
2025-08-13,2025-08,Maisa 2+3,,40111,ORG French Roast 25CT Tea Bag - G,Tea,governed,high,yes,3.0,672,3.633,10.9,185.0,3.083,61.7,
2025-08-13,2025-08,Maisa 2+3,,45010,ORG Reishi Eleuthero 10 Ct Tea Bag/6 Count Case - G,Tea,inferred,,yes,3.0,1380,5.017,15.05,275.1,4.585,91.7,
2025-08-13,2025-08,Maisa 2+3,,Clean,Standard Clean,Tea,inferred,,,3.0,0,0.5,1.5,,,,
2025-08-13,2025-08,Maisa 2+3,,CleanG,Clean + Gluten Test,Tea,inferred,,,3.0,0,0.533,1.6,,,,
2025-08-13,2025-08,Maisa 2+3,,TB501,ORG Reishi Eleuthero Loose Tea Bag - G,Tea bag (intermediate),item-code,,yes,3.0,2000,0.6,1.8,3333.3,55.556,1111.1,
2025-08-13,2025-08,WeighRight,,60110,ORG French Roast 5 Lb Bag - G,Bag/Other,inferred,,yes,3.0,73,0.55,1.65,132.7,2.212,44.2,
2025-08-13,2025-08,WeighRight,,80110,ORG French Roast 11OZ Bag/6 Count Case - G,Bag/Other,inferred,,yes,3.0,2760,6.15,18.45,448.8,7.48,149.6,
2025-08-13,2025-08,WeighRight,,80110A,AMZN Org French Roast 11OZ Bag/Box of 24 - G,Bag/Other,inferred,,yes,3.0,1200,2.0,6.0,600.0,10.0,200.0,
2025-08-13,2025-08,WeighRight,,80113,ORG French Roast 11OZ Bag 3PK - G,Bag/Other,inferred,,yes,3.0,240,1.167,3.5,205.7,3.429,68.6,
2025-08-13,2025-08,WeighRight,,Clean,Standard Clean,Bag/Other,inferred,,,3.0,0,0.367,1.1,,,,
2025-08-14,2025-08,AMS,handpack,10024,ORG Lavender 4 Oz Bag - 79523910024,Bag/Other,inferred,,yes,1.0,264,2.083,2.083,126.7,2.112,126.7,
2025-08-14,2025-08,AMS,handpack,10401A,AMZN-WWB-ORG Krishna Tulsi- 8OZ Bag,Bag/Other,inferred,,yes,3.0,240,3.433,10.3,69.9,1.165,23.3,
2025-08-14,2025-08,AMS,handpack,10402A,AMZN- WWB-ORG Rama Tulsi - 8 OZ Bag,Bag/Other,inferred,,yes,3.0,240,5.5,16.5,43.6,0.727,14.5,
2025-08-14,2025-08,Assembly,,12250,Advent Calendar,Accessory,governed,,,2.0,0,8.267,16.533,,,,
2025-08-14,2025-08,Assembly,,TGB010,ORG Vanilla Nut Tea Bag Goody Bag - GA,Tea,inferred,,yes,1.0,500,3.25,3.25,153.8,2.564,153.8,
2025-08-14,2025-08,Assembly,,TGB311,ORG Dandelion Dark Roast Tea Bag Goody Bag,Tea,inferred,,yes,1.0,413,2.333,2.333,177.0,2.95,177.0,
2025-08-14,2025-08,Assembly,,TGB502,Chaga Ashwaganda Tea Goody Bag,Bag/Other,inferred,,yes,1.0,500,3.717,3.717,134.5,2.242,134.5,
2025-08-14,2025-08,WeighRight,,50080,ORG Mocha 30g Trial Size Packet - GA,Bag/Other,inferred,,yes,3.0,1620,2.75,8.25,589.1,9.818,196.4,
2025-08-14,2025-08,WeighRight,,65010,ORG Reishi Eleuthero 5 Lb Bag - G,APG,governed,high,yes,3.0,12,0.083,0.25,144.0,2.4,48.0,
2025-08-14,2025-08,WeighRight,,80080,ORG Mocha 11OZ Bag/6 Count Case - GA,Bag/Other,inferred,,yes,3.0,1380,1.85,5.55,745.9,12.432,248.6,
2025-08-14,2025-08,WeighRight,,80080A,AMZN Org Mocha 11OZ Bag/Box of 24 - GA,Bag/Other,inferred,,yes,3.0,432,0.667,2.0,648.0,10.8,216.0,
2025-08-14,2025-08,WeighRight,,80080L,Org Mocha 11OZ Bag/Box of 24 - GA,Bag/Other,inferred,,yes,3.0,768,1.5,4.5,512.0,8.533,170.7,
2025-08-14,2025-08,WeighRight,,85010L,ORG Reishi Eleuthero 10 Oz Bag/Box of 24 - G,APG,governed,high,,3.0,0,1.267,3.8,,,,
2025-08-14,2025-08,WeighRight,,Clean,Standard Clean,Bag/Other,inferred,,,3.0,0,0.833,2.5,,,,
2025-08-18,2025-08,AMS,handpack,10013,"ORG Hibisicus, 8 Oz Bag",Bag/Other,inferred,,yes,2.0,360,3.767,7.533,95.6,1.593,47.8,
2025-08-18,2025-08,AMS,handpack,10024,ORG Lavender 4 Oz Bag - 79523910024,Bag/Other,inferred,,yes,1.0,336,3.517,3.517,95.5,1.592,95.5,
2025-08-18,2025-08,AMS,handpack,10402A,AMZN- WWB-ORG Rama Tulsi - 8 OZ Bag,Bag/Other,inferred,,yes,3.0,120,1.7,5.1,70.6,1.176,23.5,
2025-08-18,2025-08,Assembly,,12250,Advent Calendar,Accessory,governed,,,2.0,0,5.0,10.0,,,,
2025-08-18,2025-08,Assembly,,40012,ORG Vanilla Nut Tea Bag Demo Tray - GA,Tea,inferred,,yes,1.0,2,0.3,0.3,6.7,0.111,6.7,
2025-08-18,2025-08,Assembly,,40062,ORG Hazelnut Tea Bag Demo Tray,Tea,inferred,,yes,1.0,1,0.267,0.267,3.7,0.062,3.7,
2025-08-18,2025-08,Assembly,,40112,ORG French Roast Tea Bag Demo Tray - G,Tea,inferred,,yes,1.0,1,0.2,0.2,5.0,0.083,5.0,
2025-08-18,2025-08,Assembly,,42071,ORG Candy Cane 25ct Tea Bag - G,Tea,governed,high,yes,1.0,8000,3.083,3.083,2594.6,43.243,2594.6,
2025-08-18,2025-08,Assembly,,43112,ORG Dandelion Dark Roast Tea Bag Demo Tray,Tea,inferred,,yes,1.0,2,0.433,0.433,4.6,0.077,4.6,
2025-08-18,2025-08,Assembly,,43222,ORG Dandelion Caramel Nut Tea Bag Demo Tray - A,Tea,inferred,,yes,1.0,2,0.417,0.417,4.8,0.08,4.8,
2025-08-18,2025-08,Assembly,,43312,ORG Dandelion Mocha Mint Tea Bag Demo Tray - A,Tea,inferred,,yes,1.0,1,0.35,0.35,2.9,0.048,2.9,
2025-08-18,2025-08,Assembly,,43341,Dandelion Coconut 25 Count Tea Bag - A,Tea,governed,high,yes,1.0,36,2.2,2.2,16.4,0.273,16.4,
2025-08-18,2025-08,Assembly,,43342,ORG Dandelion Coconut Tea Bag Demo Tray - A,Tea,inferred,,yes,1.0,1,0.183,0.183,5.5,0.091,5.5,
2025-08-18,2025-08,Assembly,,45012,Reishi Eleuthero TB Demo Tray - G,Tea,inferred,,,1.0,0,0.6,0.6,,,,
2025-08-18,2025-08,Assembly,,45022,Chaga Ashwaganda TB Demo Tray,Tea,inferred,,yes,,2,0.917,,2.2,0.036,,
2025-08-18,2025-08,Assembly,,45032,ORG Lion's Mane Rhodiola Tea Bag Demo Tray - G,Tea,inferred,,yes,1.0,2,0.383,0.383,5.2,0.087,5.2,
2025-08-18,2025-08,Assembly,,45052,Turkey Tail Astragalus TB Demo Tray - G,Tea,inferred,,yes,1.0,2,0.617,0.617,3.2,0.054,3.2,
2025-08-18,2025-08,Assembly,,GDB110,ORG French Roast Packet Goody Bag - G,Bag/Other,inferred,,yes,1.0,1,0.817,0.817,1.2,0.02,1.2,
2025-08-18,2025-08,Assembly,,TGB110,ORG French Roast Tea Bag Goody Bag - G,Tea,inferred,,yes,1.0,180,0.883,0.883,203.8,3.396,203.8,
2025-08-18,2025-08,Assembly,,TGB311,ORG Dandelion Dark Roast Tea Bag Goody Bag,Tea,inferred,,yes,1.0,87,0.3,0.3,290.0,4.833,290.0,
2025-08-18,2025-08,Maisa 1,,43110,ORG Dandelion Dark Roast 10ct/6pk Tea Bag,Tea,inferred,,yes,3.0,1506,9.5,28.5,158.5,2.642,52.8,
2025-08-18,2025-08,Maisa 1,,43110L,Org Dandelion Dark Roast 10 Ct Tea Bag Loose,Tea,governed,high,yes,3.0,432,1.3,3.9,332.3,5.538,110.8,
2025-08-18,2025-08,Maisa 1,,Clean,Standard Clean,Tea,inferred,,,3.0,0,0.867,2.6,,,,
2025-08-18,2025-08,WeighRight,,50070,ORG Java 30g Trial Size Packet - GA,Bag/Other,inferred,,yes,3.0,1080,1.833,5.5,589.1,9.818,196.4,
2025-08-18,2025-08,WeighRight,,50080,ORG Mocha 30g Trial Size Packet - GA,Bag/Other,inferred,,yes,3.0,1298,2.7,8.1,480.7,8.012,160.2,
2025-08-18,2025-08,WeighRight,,80010A,AMZN Org Vanilla Nut 11OZ Bag/Box of 24 - GA,Bag/Other,inferred,,yes,3.0,960,1.8,5.4,533.3,8.889,177.8,
2025-08-18,2025-08,WeighRight,,80070,ORG Java 11OZ Bag/6 Count Case - GA,Bag/Other,inferred,,yes,3.0,720,1.317,3.95,546.8,9.114,182.3,
2025-08-18,2025-08,WeighRight,,86010L,ORG Dark Chocolate 10 Oz Bag/Box of 24,Bag/Other,inferred,,yes,3.0,312,0.683,2.05,456.6,7.61,152.2,
2025-08-18,2025-08,WeighRight,,Clean,Standard Clean,Bag/Other,inferred,,,3.0,0,0.467,1.4,,,,
2025-08-18,2025-08,WeighRight,,Clean,Standard Clean,Bag/Other,inferred,,,3.0,0,0.517,1.55,,,,
2025-08-18,2025-08,WeighRight,,CleanGA,Clean + Gluten + Almond Tests,Bag/Other,inferred,,,3.0,0,0.867,2.6,,,,
2025-08-19,2025-08,AMS,handpack,10009A,AMZN ORG Chia 2 X 1 Lb Bag,Bag/Other,inferred,,yes,1.0,120,1.917,1.917,62.6,1.043,62.6,
2025-08-19,2025-08,AMS,handpack,10015,"ORG Schisandra, 1 lb Bag",Bag/Other,inferred,,yes,2.0,24,3.583,7.167,6.7,0.112,3.3,
2025-08-19,2025-08,AMS,handpack,10101A,AMZN - WWB - ORG Medium Roasted Carob Flour - 1 Lb Bag,Bag/Other,inferred,,yes,3.0,504,10.167,30.5,49.6,0.826,16.5,
2025-08-19,2025-08,Assembly,,12251L,Holiday Tea Bag Sampler Box ,Sampler,inferred,,yes,1.0,576,6.667,6.667,86.4,1.44,86.4,
2025-08-19,2025-08,Assembly,,42071,ORG Candy Cane 25ct Tea Bag - G,Tea,governed,high,yes,1.0,3400,1.383,1.383,2457.8,40.964,2457.8,
2025-08-19,2025-08,Assembly,,42099,Teeccino Herbal Tea Holiday Display,Bag/Other,inferred,,yes,2.0,12,2.333,4.667,5.1,0.086,2.6,
2025-08-19,2025-08,Assembly,,43331,DO NOT MAKE Dandelion Turmeric 25 Count Tea Bag,Tea,governed,high,yes,2.0,120,3.483,6.967,34.4,0.574,17.2,
2025-08-19,2025-08,Assembly,,43341,Dandelion Coconut 25 Count Tea Bag - A,Tea,governed,high,yes,2.0,132,2.683,5.367,49.2,0.82,24.6,
2025-08-19,2025-08,Assembly,,46011,ORG Dark Chocolate 25 Ct Tea Bag,Tea,governed,high,yes,1.0,288,6.667,6.667,43.2,0.72,43.2,
2025-08-19,2025-08,Assembly,,85070L,ORG Miraculous Mushrooms A&P 10oz Bag/Box of 24,Bag/Other,inferred,,yes,,360,0.8,,450.0,7.5,,
2025-08-19,2025-08,Maisa 1,,43110,ORG Dandelion Dark Roast 10ct/6pk Tea Bag,Tea,inferred,,yes,3.0,1254,3.933,11.8,318.8,5.314,106.3,
2025-08-19,2025-08,Maisa 1,,48004,WWB ORG French Chicory 25ct Tea Bag,Tea,inferred,,yes,3.0,336,3.95,11.85,85.1,1.418,28.4,
2025-08-19,2025-08,Maisa 2+3,,42071,ORG Candy Cane 25ct Tea Bag - G,Tea,governed,high,yes,3.0,72,0.55,1.65,130.9,2.182,43.6,
2025-08-19,2025-08,Maisa 2+3,,TB207,ORG Candy Cane Tea Bag - G,Tea bag (intermediate),item-code,,yes,2.0,9000,2.033,4.067,4426.2,73.77,2213.1,
2025-08-19,2025-08,WeighRight,,55060,Tremella Tulsi 30g Trial Size Packet,APG,governed,high,yes,3.0,1080,2.05,6.15,526.8,8.78,175.6,
2025-08-19,2025-08,WeighRight,,66010,ORG Dark Chocolate 5 Lb Bag,Bag/Other,inferred,,yes,3.0,49,0.783,2.35,62.6,1.043,20.9,
2025-08-19,2025-08,WeighRight,,85060L,ORG Tremella Tulsi 10 Oz Bag/Box of 24,APG,governed,high,yes,3.0,192,0.55,1.65,349.1,5.818,116.4,
2025-08-19,2025-08,WeighRight,,86010L,ORG Dark Chocolate 10 Oz Bag/Box of 24,Bag/Other,inferred,,yes,3.0,888,1.55,4.65,572.9,9.548,191.0,
2025-08-19,2025-08,WeighRight,,Clean,Standard Clean,Bag/Other,inferred,,,3.0,0,0.667,2.0,,,,
2025-08-19,2025-08,WeighRight,,Clean,Standard Clean,Bag/Other,inferred,,,3.0,0,1.233,3.7,,,,
2025-08-20,2025-08,AMS,handpack,10006A,WWB AMZN Organic Lemon Balm (6 Oz) ,Bag/Other,inferred,,yes,5.0,960,7.333,36.667,130.9,2.182,26.2,
2025-08-20,2025-08,AMS,handpack,10015,"ORG Schisandra, 1 lb Bag",Bag/Other,inferred,,yes,2.0,396,9.3,18.6,42.6,0.71,21.3,
2025-08-20,2025-08,AMS,handpack,10101A,AMZN - WWB - ORG Medium Roasted Carob Flour - 1 Lb Bag,Bag/Other,inferred,,yes,3.0,471,8.25,24.75,57.1,0.952,19.0,
2025-08-20,2025-08,Assembly,,12251,Holiday Tea Bag Sampler Box - 6 Count Case,Sampler,inferred,,yes,5.0,303,10.167,50.833,29.8,0.497,6.0,
2025-08-20,2025-08,Assembly,,45022,Chaga Ashwaganda TB Demo Tray,Tea,inferred,,yes,1.0,9,0.733,0.733,12.3,0.205,12.3,
2025-08-20,2025-08,Assembly,,45032,ORG Lion's Mane Rhodiola Tea Bag Demo Tray - G,Tea,inferred,,yes,1.0,9,0.65,0.65,13.8,0.231,13.8,
2025-08-20,2025-08,Assembly,,45052,Turkey Tail Astragalus TB Demo Tray - G,Tea,inferred,,yes,1.0,9,0.9,0.9,10.0,0.167,10.0,
2025-08-20,2025-08,Maisa 1,,48002,WWB ORG Roasted Barley 25ct Tea Bag - G,Tea,inferred,,yes,3.0,303,1.867,5.6,162.3,2.705,54.1,
2025-08-20,2025-08,Maisa 1,,48004,WWB ORG French Chicory 25ct Tea Bag,Tea,inferred,,yes,3.0,144,1.683,5.05,85.5,1.426,28.5,
2025-08-20,2025-08,Maisa 1,,Clean,Standard Clean,Tea,inferred,,,3.0,0,1.083,3.25,,,,
2025-08-20,2025-08,Maisa 1,,Clean,Standard Clean,Tea,inferred,,,3.0,0,0.8,2.4,,,,
2025-08-20,2025-08,Maisa 2+3,,42071,ORG Candy Cane 25ct Tea Bag - G,Tea,governed,high,yes,3.0,403,2.6,7.8,155.0,2.583,51.7,
2025-08-20,2025-08,Maisa 2+3,,CLEAN,Standard Clean,Tea,inferred,,,3.0,0,0.7,2.1,,,,
2025-08-20,2025-08,Maisa 2+3,,TB204,ORG Snickerdoodle Tea Bag - GA,Tea bag (intermediate),item-code,,yes,3.0,28500,6.75,20.25,4222.2,70.37,1407.4,
2025-08-21,2025-08,AMS,handpack,10006A,WWB AMZN Organic Lemon Balm (6 Oz) ,Bag/Other,inferred,,yes,5.0,420,6.333,31.667,66.3,1.105,13.3,
2025-08-21,2025-08,Assembly,,12251,Holiday Tea Bag Sampler Box - 6 Count Case,Sampler,inferred,,yes,6.0,349,6.333,38.0,55.1,0.918,9.2,
2025-08-21,2025-08,Assembly,,82110A,AMZN Org French Vanilla 11OZ Bag/Box of 24 - G,Bag/Other,inferred,,yes,1.0,72,0.5,0.5,144.0,2.4,144.0,
2025-08-21,2025-08,Assembly,,83220A,AMZN Dandelion Caramel Nut 10 Oz Bag/Box of 24 - A,Bag/Other,inferred,,yes,1.0,24,0.683,0.683,35.1,0.585,35.1,
2025-08-21,2025-08,Maisa 2+3,,CLEAN,Standard Clean,Tea,inferred,,,3.0,0,0.917,2.75,,,,
2025-08-21,2025-08,Maisa 2+3,,TB204,ORG Snickerdoodle Tea Bag - GA,Tea bag (intermediate),item-code,,yes,3.0,3500,0.8,2.4,4375.0,72.917,1458.3,
2025-08-21,2025-08,Maisa 2+3,,TB205,ORG Gingerbread Tea Bag - GA,Tea bag (intermediate),item-code,,yes,3.0,22000,4.833,14.5,4551.7,75.862,1517.2,
2025-08-25,2025-08,AMS,handpack,10006A,WWB AMZN Organic Lemon Balm (6 Oz) ,Bag/Other,inferred,,yes,3.0,300,4.367,13.1,68.7,1.145,22.9,
2025-08-25,2025-08,AMS,handpack,30013L,ORG Miraculous Mushrooms Cacao 135g Bag,Bag/Other,inferred,,yes,5.0,180,1.5,7.5,120.0,2.0,24.0,
2025-08-25,2025-08,Assembly,,12251,Holiday Tea Bag Sampler Box - 6 Count Case,Sampler,inferred,,yes,4.0,38,0.95,3.8,40.0,0.667,10.0,
2025-08-25,2025-08,Assembly,,12251L,Holiday Tea Bag Sampler Box ,Sampler,inferred,,yes,4.0,520,4.7,18.8,110.6,1.844,27.7,
2025-08-25,2025-08,Assembly,,43311,Dandelion Mocha Mint 25 Count Tea Bag - A,Tea,governed,high,yes,3.0,432,4.25,12.75,101.6,1.694,33.9,
2025-08-25,2025-08,Assembly,,46001L,Prebiotic Super Tea Bag Sampler Box,Sampler,governed,high,yes,1.0,36,1.2,1.2,30.0,0.5,30.0,
2025-08-25,2025-08,Maisa 2+3,,46010,ORG Dark Chocolate 10 Ct Tea Bag/6 Count Case,Tea,inferred,,yes,3.0,186,1.917,5.75,97.0,1.617,32.3,
2025-08-25,2025-08,Maisa 2+3,,CLEANGA,Clean + Gluten + Allergen Tests,Tea,inferred,,,3.0,0,0.833,2.5,,,,
2025-08-25,2025-08,Maisa 2+3,,Clean,Standard Clean,Tea,inferred,,,3.0,0,1.083,3.25,,,,
2025-08-25,2025-08,Maisa 2+3,,TB205,ORG Gingerbread Tea Bag - GA,Tea bag (intermediate),item-code,,yes,3.0,9600,2.3,6.9,4173.9,69.565,1391.3,
2025-08-25,2025-08,Maisa 2+3,,TB506,ORG Tremella Tulsi Loose Tea Bag,Tea bag (intermediate),item-code,,yes,3.0,9200,3.417,10.25,2692.7,44.878,897.6,
2025-08-25,2025-08,WeighRight,,10051,ORG Roasted Chicory Root - 1 Lb Bag,Bag/Other,inferred,,yes,3.0,1019,2.983,8.95,341.6,5.693,113.9,
2025-08-25,2025-08,WeighRight,,62060,ORG Maple Pecan 5 Lb Bag - GA,Bag/Other,inferred,,yes,3.0,20,0.25,0.75,80.0,1.333,26.7,
2025-08-25,2025-08,WeighRight,,82060L,ORG Maple Pecan 11OZ Bag/Box of 24 - GA,Bag/Other,inferred,,yes,3.0,432,0.833,2.5,518.4,8.64,172.8,
2025-08-25,2025-08,WeighRight,,83340L,ORG Dandelion Coconut 10 Oz Bag/Box of 24 - A,APG,governed,high,yes,3.0,432,1.183,3.55,365.1,6.085,121.7,
2025-08-25,2025-08,WeighRight,,85070,ORG Miraculous Mushrooms A&P 6Ct/10Oz APG Bag,APG,inferred,,yes,3.0,360,0.65,1.95,553.8,9.231,184.6,
2025-08-25,2025-08,WeighRight,,85070L,ORG Miraculous Mushrooms A&P 10oz Bag/Box of 24,Bag/Other,inferred,,yes,3.0,960,1.567,4.7,612.8,10.213,204.3,
2025-08-25,2025-08,WeighRight,,CLEANGA,Clean + Gluten + Allergen Tests,Bag/Other,inferred,,,3.0,0,0.7,2.1,,,,
2025-08-25,2025-08,WeighRight,,Clean,Standard Clean,Bag/Other,inferred,,,3.0,0,0.9,2.7,,,,
2025-08-25,2025-08,WeighRight,,Clean,Standard Clean,Bag/Other,inferred,,,3.0,0,0.617,1.85,,,,
2025-08-26,2025-08,AMS,handpack,10012,"ORG Lemon Grass, 7 Oz Bag",Bag/Other,inferred,,,3.0,0,10.167,30.5,,,,
2025-08-26,2025-08,AMS,handpack,10015,"ORG Schisandra, 1 lb Bag",Bag/Other,inferred,,yes,3.0,358,7.767,23.3,46.1,0.768,15.4,
2025-08-26,2025-08,AMS,handpack,30013L,ORG Miraculous Mushrooms Cacao 135g Bag,Bag/Other,inferred,,yes,3.0,799,5.867,17.6,136.2,2.27,45.4,
2025-08-26,2025-08,Assembly,,42099,Teeccino Herbal Tea Holiday Display,Bag/Other,inferred,,yes,4.0,10,2.083,8.333,4.8,0.08,1.2,
2025-08-26,2025-08,Assembly,,43311,Dandelion Mocha Mint 25 Count Tea Bag - A,Tea,governed,high,yes,1.0,250,10.267,10.267,24.4,0.406,24.4,
2025-08-26,2025-08,Maisa 2+3,,45020,ORG Chaga Ashwagandha 10 Ct Tea Bag/6 Count Case,Tea,inferred,,yes,3.0,2046,4.833,14.5,423.3,7.055,141.1,
2025-08-26,2025-08,Maisa 2+3,,46010,ORG Dark Chocolate 10 Ct Tea Bag/6 Count Case,Tea,inferred,,yes,3.0,1500,6.833,20.5,219.5,3.659,73.2,
2025-08-26,2025-08,WeighRight,,10031,Roasted Chicory Root - 1 Lb Bag,Bag/Other,inferred,,yes,3.0,3912,8.25,24.75,474.2,7.903,158.1,
2025-08-26,2025-08,WeighRight,,10035,Chicory 5 Lb Bag,Bag/Other,inferred,,yes,3.0,200,1.583,4.75,126.3,2.105,42.1,
2025-08-27,2025-08,AMS,handpack,10012,"ORG Lemon Grass, 7 Oz Bag",Bag/Other,inferred,,yes,3.0,840,10.167,30.5,82.6,1.377,27.5,
2025-08-27,2025-08,Assembly,,43311,Dandelion Mocha Mint 25 Count Tea Bag - A,Tea,governed,high,yes,1.0,38,2.933,2.933,13.0,0.216,13.0,
2025-08-27,2025-08,Assembly,,43331,DO NOT MAKE Dandelion Turmeric 25 Count Tea Bag,Tea,governed,high,,1.0,0,5.167,5.167,,,,
2025-08-27,2025-08,Maisa 2+3,,45020,ORG Chaga Ashwagandha 10 Ct Tea Bag/6 Count Case,Tea,inferred,,yes,3.0,1314,3.0,9.0,438.0,7.3,146.0,
2025-08-27,2025-08,Maisa 2+3,,46010,ORG Dark Chocolate 10 Ct Tea Bag/6 Count Case,Tea,inferred,,yes,3.0,1380,6.333,19.0,217.9,3.632,72.6,
2025-08-27,2025-08,WeighRight,,10031,Roasted Chicory Root - 1 Lb Bag,Bag/Other,inferred,,yes,3.0,3792,7.45,22.35,509.0,8.483,169.7,
2025-08-27,2025-08,WeighRight,,10042,ORG Burdock 1 Lb Bag,Bag/Other,inferred,,yes,3.0,696,1.717,5.15,405.4,6.757,135.1,
2025-08-27,2025-08,WeighRight,,Clean,Standard Clean,Bag/Other,inferred,,,3.0,0,1.05,3.15,,,,
2025-08-28,2025-08,AMS,handpack,10008,"Org Rooibos, 8 Oz Bag",Bag/Other,inferred,,yes,3.0,25,0.783,2.35,31.9,0.532,10.6,
2025-08-28,2025-08,AMS,handpack,10012,"ORG Lemon Grass, 7 Oz Bag",Bag/Other,inferred,,yes,3.0,360,3.55,10.65,101.4,1.69,33.8,
2025-08-28,2025-08,AMS,handpack,10013,"ORG Hibisicus, 8 Oz Bag",Bag/Other,inferred,,yes,3.0,432,5.133,15.4,84.2,1.403,28.1,
2025-08-28,2025-08,Assembly,,43331,DO NOT MAKE Dandelion Turmeric 25 Count Tea Bag,Tea,governed,high,yes,1.0,240,8.8,8.8,27.3,0.455,27.3,
2025-08-28,2025-08,Assembly,,49999,Teeccino Herbal Tea Shipper,Bag/Other,inferred,,yes,2.0,12,2.55,5.1,4.7,0.078,2.4,
2025-08-28,2025-08,Assembly,,50096,Top Six Packet Sampler pack,Sampler,inferred,,yes,2.0,60,2.167,4.333,27.7,0.462,13.8,
2025-08-28,2025-08,Maisa 2+3,,45020,ORG Chaga Ashwagandha 10 Ct Tea Bag/6 Count Case,Tea,inferred,,yes,3.0,294,1.7,5.1,172.9,2.882,57.6,
2025-08-28,2025-08,Maisa 2+3,,46010,ORG Dark Chocolate 10 Ct Tea Bag/6 Count Case,Tea,inferred,,yes,3.0,1074,0.717,2.15,1498.6,24.977,499.5,
2025-08-28,2025-08,Maisa 2+3,,46011,ORG Dark Chocolate 25 Ct Tea Bag,Tea,governed,high,yes,3.0,544,4.0,12.0,136.0,2.267,45.3,
2025-08-28,2025-08,Maisa 2+3,,46013,ORG Dark Chocolate 25CT Tea Bag 3PK,Tea,inferred,,yes,3.0,120,2.0,6.0,60.0,1.0,20.0,
2025-08-28,2025-08,Maisa 2+3,,Clean,Standard Clean,Tea,inferred,,,3.0,0,0.617,1.85,,,,
2025-08-28,2025-08,WeighRight,,10019,ORG Astragalus 8 Oz Bag,Bag/Other,inferred,,yes,3.0,600,1.4,4.2,428.6,7.143,142.9,
2025-08-28,2025-08,WeighRight,,10027,Organic Licorice C/S - 8 Oz Bag,Bag/Other,inferred,,yes,3.0,840,1.45,4.35,579.3,9.655,193.1,
2025-08-28,2025-08,WeighRight,,10042,ORG Burdock 1 Lb Bag,Bag/Other,inferred,,yes,3.0,264,0.667,2.0,396.0,6.6,132.0,
2025-08-28,2025-08,WeighRight,,80030,ORG Almond Amaretto 11OZ Bag/6 Count Case - GA,Bag/Other,inferred,,yes,3.0,444,1.133,3.4,391.8,6.529,130.6,
2025-08-28,2025-08,WeighRight,,80030A,AMZN Org Almond Amaretto 11OZ Bag/Box of 24 - GA,Bag/Other,inferred,,yes,3.0,432,0.767,2.3,563.5,9.391,187.8,
2025-08-28,2025-08,WeighRight,,80030L,ORG Almond Amaretto 11OZ Bag/Box of 24 - GA,Bag/Other,inferred,,yes,3.0,552,1.15,3.45,480.0,8.0,160.0,
2025-08-28,2025-08,WeighRight,,Clean,Standard Clean,Bag/Other,inferred,,,3.0,0,0.633,1.9,,,,
2025-08-28,2025-08,WeighRight,,Clean,Standard Clean,Bag/Other,inferred,,,3.0,0,0.633,1.9,,,,
2025-08-28,2025-08,WeighRight,,Clean,Standard Clean,Bag/Other,inferred,,,3.0,0,0.55,1.65,,,,
2025-08-28,2025-08,WeighRight,,CleanA,Clean + Almond Test,Bag/Other,inferred,,,3.0,0,0.45,1.35,,,,
2025-09-02,2025-09,AMS,handpack,10008,"Org Rooibos, 8 Oz Bag",Bag/Other,inferred,,yes,2.0,575,5.867,11.733,98.0,1.634,49.0,
2025-09-02,2025-09,AMS,handpack,10024,ORG Lavender 4 Oz Bag - 79523910024,Bag/Other,inferred,,yes,2.0,240,8.65,17.3,27.7,0.462,13.9,
2025-09-02,2025-09,Assembly,,40116,French Roast Tagless Tea Bag - 50 Ct - G,Tea,governed,high,yes,2.0,12,1.0,2.0,12.0,0.2,6.0,
2025-09-02,2025-09,Assembly,,50096,Top Six Packet Sampler pack,Sampler,inferred,,yes,2.0,180,7.917,15.833,22.7,0.379,11.4,
2025-09-02,2025-09,Maisa 2+3,,40031,ORG Almond Amaretto 25CT Tea Bag - GA,Tea,governed,high,yes,5.0,480,1.467,7.333,327.3,5.455,65.5,
2025-09-02,2025-09,Maisa 2+3,,42011,ORG Pumpkin Spice 25CT Tea Bag - GA,Tea,governed,high,yes,5.0,751,2.367,11.833,317.3,5.289,63.5,
2025-09-02,2025-09,Maisa 2+3,,42111,ORG French Vanilla 25CT Tea Bag - G,Tea,governed,high,yes,5.0,720,2.533,12.667,284.2,4.737,56.8,
2025-09-02,2025-09,Maisa 2+3,,45020,ORG Chaga Ashwagandha 10 Ct Tea Bag/6 Count Case,Tea,inferred,,yes,5.0,486,0.667,3.333,729.0,12.15,145.8,
2025-09-02,2025-09,Maisa 2+3,,45020L,ORG Chaga Ashwagandha 10-Ct Tea Bag,Tea,governed,high,yes,5.0,504,0.783,3.917,643.4,10.723,128.7,
2025-09-02,2025-09,Maisa 2+3,,Clean,Standard Clean,Tea,inferred,,,5.0,0,0.583,2.917,,,,
2025-09-02,2025-09,Maisa 2+3,,Clean,Standard Clean,Tea,inferred,,,5.0,0,0.55,2.75,,,,
2025-09-02,2025-09,Maisa 2+3,,Clean,Standard Clean,Tea,inferred,,,5.0,0,0.383,1.917,,,,
2025-09-02,2025-09,Maisa 2+3,,TB502,ORG Chaga Ashwagandha Loose Tea Bag,Tea bag (intermediate),item-code,,yes,5.0,6000,0.767,3.833,7826.1,130.435,1565.2,
2025-09-02,2025-09,WeighRight,,60060,ORG Hazelnut 5 Lb Bag - GA,Bag/Other,inferred,,yes,3.0,60,1.333,4.0,45.0,0.75,15.0,
2025-09-02,2025-09,WeighRight,,62010,ORG Pumpkin Spice 5 Lb Bag - GA,Bag/Other,inferred,,,3.0,0,0.367,1.1,,,,
2025-09-02,2025-09,WeighRight,,62050,Gingerbread 5 LB Bag - GA,APG,governed,high,yes,3.0,12,0.15,0.45,80.0,1.333,26.7,
2025-09-02,2025-09,WeighRight,,80070A,AMZN Org Java 11OZ Bag/Box of 24 - GA,Bag/Other,inferred,,yes,3.0,384,0.1,0.3,3840.0,64.0,1280.0,
2025-09-02,2025-09,WeighRight,,80073,ORG Java 11OZ Bag 3PK - GA,Bag/Other,inferred,,yes,3.0,80,0.483,1.45,165.5,2.759,55.2,
2025-09-02,2025-09,WeighRight,,80089A,AMZN ORG Raspberry Mocha 11OZ Bag/Box of 24 - GA,Bag/Other,inferred,,yes,3.0,600,1.217,3.65,493.2,8.219,164.4,
2025-09-02,2025-09,WeighRight,,82010L,ORG Pumpkins Spice 11oz Bag/Box of 24 - GA,Bag/Other,inferred,,yes,3.0,1248,2.067,6.2,603.9,10.065,201.3,
2025-09-02,2025-09,WeighRight,,82050L,ORG Gingerbread 11OZ Bag/Box of 24 - GA,APG,governed,high,yes,3.0,736,1.633,4.9,450.6,7.51,150.2,
2025-09-02,2025-09,WeighRight,,Clean,Standard Clean,Bag/Other,inferred,,,3.0,0,0.483,1.45,,,,
2025-09-02,2025-09,WeighRight,,Clean,Standard Clean,Bag/Other,inferred,,,3.0,0,0.833,2.5,,,,
2025-09-02,2025-09,WeighRight,,Clean,Standard Clean,Bag/Other,inferred,,,3.0,0,0.75,2.25,,,,
2025-09-02,2025-09,WeighRight,,Clean,Standard Clean,Bag/Other,inferred,,,3.0,0,0.75,2.25,,,,
2025-09-03,2025-09,Assembly,,40116,French Roast Tagless Tea Bag - 50 Ct - G,Tea,governed,high,yes,2.0,384,10.167,20.333,37.8,0.63,18.9,
2025-09-03,2025-09,Assembly,,43226,Dandelion Caramel Nut Tagless Tea Bag - 50 Ct - A,Tea,governed,high,yes,2.0,264,5.833,11.667,45.3,0.754,22.6,
2025-09-03,2025-09,Assembly,,43361,DO NOT MAKE ORG Holiday Egg Nog 25ct Tea Bag,Tea,governed,high,yes,1.0,50,1.25,1.25,40.0,0.667,40.0,
2025-09-03,2025-09,Assembly,,50096,Top Six Packet Sampler pack,Sampler,inferred,,yes,2.0,120,2.083,4.167,57.6,0.96,28.8,
2025-09-03,2025-09,Maisa 2+3,,40031,ORG Almond Amaretto 25CT Tea Bag - GA,Tea,governed,high,yes,5.0,432,1.317,6.583,328.1,5.468,65.6,
2025-09-03,2025-09,Maisa 2+3,,40060,ORG Hazelnut 10ct/6pk Tea Bag - GA,Tea,inferred,,yes,3.0,858,2.083,6.25,411.8,6.864,137.3,
2025-09-03,2025-09,Maisa 2+3,,Clean,Standard Clean,Tea,inferred,,,3.0,0,0.6,1.8,,,,
2025-09-03,2025-09,Maisa 2+3,,CleanA,Clean + Almond Test,Tea,inferred,,,5.0,0,0.467,2.333,,,,
2025-09-03,2025-09,Maisa 2+3,,CleanA,Clean + Almond Test,Tea,inferred,,,3.0,0,0.717,2.15,,,,
2025-09-03,2025-09,Maisa 2+3,,NTB0060,Hazelnut Tagless 6g Tea Bag - GA,Tea bag (intermediate),item-code,,yes,2.0,19200,6.033,12.067,3182.3,53.039,1591.2,
2025-09-03,2025-09,Maisa 2+3,,TB080,ORG Mocha Tea Bag - GA,Tea bag (intermediate),item-code,,yes,3.0,6000,1.5,4.5,4000.0,66.667,1333.3,
2025-09-03,2025-09,Maisa 2+3,,TB207,ORG Candy Cane Tea Bag - G,Tea bag (intermediate),item-code,,yes,3.0,15500,5.583,16.75,2776.1,46.269,925.4,
2025-09-03,2025-09,WeighRight,,80060,ORG Hazelnut 11OZ Bag/6 Count Case - GA,Bag/Other,inferred,,yes,3.0,1824,6.933,20.8,263.1,4.385,87.7,
2025-09-03,2025-09,WeighRight,,80060A,AMZN Org Hazelnut 11OZ Bag/Box of 24 - GA,Bag/Other,inferred,,yes,3.0,720,1.8,5.4,400.0,6.667,133.3,
2025-09-03,2025-09,WeighRight,,80063,ORG Hazelnut 11OZ Bag 3PK  - GA,Bag/Other,inferred,,yes,3.0,224,1.267,3.8,176.8,2.947,58.9,
2025-09-04,2025-09,Assembly,,40066,Hazelnut Tagless Tea Bag - 50 Ct - GA,Tea,governed,high,yes,3.0,75,1.7,5.1,44.1,0.735,14.7,
2025-09-04,2025-09,Assembly,,40116,French Roast Tagless Tea Bag - 50 Ct - G,Tea,governed,high,yes,3.0,143,1.45,4.35,98.6,1.644,32.9,
2025-09-04,2025-09,Assembly,,43116,Dandelion DarkRoast Tagless Tea Bag - 50 Ct,Tea,governed,high,yes,3.0,546,6.683,20.05,81.7,1.362,27.2,
2025-09-04,2025-09,Assembly,,43361,DO NOT MAKE ORG Holiday Egg Nog 25ct Tea Bag,Tea,governed,high,yes,1.0,106,5.167,5.167,20.5,0.342,20.5,
2025-09-04,2025-09,Maisa 2+3,,40060,ORG Hazelnut 10ct/6pk Tea Bag - GA,Tea,inferred,,yes,3.0,2106,3.583,10.75,587.7,9.795,195.9,
2025-09-04,2025-09,Maisa 2+3,,43341,Dandelion Coconut 25 Count Tea Bag - A,Tea,governed,high,yes,3.0,72,0.483,1.45,149.0,2.483,49.7,
2025-09-04,2025-09,Maisa 2+3,,45070,ORG Miraculous Mushrooms A&P 10Ct/6Pk Tea Bag,Tea,inferred,,yes,3.0,1158,2.867,8.6,404.0,6.733,134.7,
2025-09-04,2025-09,Maisa 2+3,,Clean,Standard Clean,Tea,inferred,,,3.0,0,12.617,37.85,,,,
2025-09-04,2025-09,Maisa 2+3,,Clean,Standard Clean,Tea,inferred,,,5.0,0,0.55,2.75,,,,
2025-09-04,2025-09,Maisa 2+3,,CleanGA,Clean + Gluten + Almond Tests,Tea,inferred,,,3.0,0,1.25,3.75,,,,
2025-09-04,2025-09,Maisa 2+3,,NTB0060,Hazelnut Tagless 6g Tea Bag - GA,Tea bag (intermediate),item-code,,yes,2.0,10800,1.95,3.9,5538.5,92.308,2769.2,
2025-09-04,2025-09,Maisa 2+3,,NTB3220,Dandelion Caramel Nut Tagless 6g Tea Bag - A,Tea bag (intermediate),item-code,,yes,3.0,25200,5.167,15.5,4877.4,81.29,1625.8,
2025-09-04,2025-09,Maisa 2+3,,TB334,ORG Dandelion Coconut Tea Bag - A,Tea bag (intermediate),item-code,,yes,3.0,6000,1.3,3.9,4615.4,76.923,1538.5,
2025-09-04,2025-09,WeighRight,,10042,ORG Burdock 1 Lb Bag,Bag/Other,inferred,,yes,3.0,487,2.0,6.0,243.5,4.058,81.2,
2025-09-04,2025-09,WeighRight,,80060,ORG Hazelnut 11OZ Bag/6 Count Case - GA,Bag/Other,inferred,,yes,3.0,936,1.933,5.8,484.1,8.069,161.4,
2025-09-04,2025-09,WeighRight,,83116,Dandelion Dark Roast 500g APG Bag,APG,governed,high,yes,3.0,600,2.967,8.9,202.2,3.371,67.4,
2025-09-04,2025-09,WeighRight,,85020,ORG Chaga Ashwagandha 10 Oz Bag/6 Count Case,Bag/Other,inferred,,yes,3.0,444,0.917,2.75,484.4,8.073,161.5,
2025-09-04,2025-09,WeighRight,,Clean,Standard Clean,Bag/Other,inferred,,,3.0,0,0.55,1.65,,,,
2025-09-04,2025-09,WeighRight,,Clean,Standard Clean,Bag/Other,inferred,,,3.0,0,0.817,2.45,,,,
2025-09-04,2025-09,WeighRight,,CleanGA,Clean + Gluten + Almond Tests,Bag/Other,inferred,,,3.0,0,0.883,2.65,,,,
2025-09-05,2025-09,Assembly,,43226,Dandelion Caramel Nut Tagless Tea Bag - 50 Ct - A,Tea,governed,high,yes,1.0,120,1.967,1.967,61.0,1.017,61.0,
2025-09-05,2025-09,Maisa 2+3,,43340,ORG Dandelion Coconut 10CT Tea Bag - A,Tea,inferred,,yes,3.0,2568,3.75,11.25,684.8,11.413,228.3,
2025-09-05,2025-09,Maisa 2+3,,43341,Dandelion Coconut 25 Count Tea Bag - A,Tea,governed,high,yes,3.0,816,3.467,10.4,235.4,3.923,78.5,
2025-09-05,2025-09,Maisa 2+3,,45030,ORG Lion's Mane Rhodiola 10 Ct Tea Bag/6 Count Case - G,Tea,inferred,,yes,5.0,324,0.4,2.0,810.0,13.5,162.0,
2025-09-05,2025-09,Maisa 2+3,,CleanA,Clean + Almond Test,Tea,inferred,,,3.0,0,0.5,1.5,,,,
2025-09-05,2025-09,Maisa 2+3,,NTB3220,Dandelion Caramel Nut Tagless 6g Tea Bag - A,Tea bag (intermediate),item-code,,yes,3.0,4800,1.333,4.0,3600.0,60.0,1200.0,
2025-09-05,2025-09,WeighRight,,50110,ORG French Roast 30g Trial Size Packet - G,Bag/Other,inferred,,yes,3.0,1080,2.15,6.45,502.3,8.372,167.4,
2025-09-05,2025-09,WeighRight,,83226A,Dandelion Caramel Nut 500g APG Bag - A,APG,inferred,,yes,3.0,564,2.233,6.7,252.5,4.209,84.2,
2025-09-05,2025-09,WeighRight,,85020,ORG Chaga Ashwagandha 10 Oz Bag/6 Count Case,Bag/Other,inferred,,yes,3.0,1020,2.083,6.25,489.6,8.16,163.2,
2025-09-05,2025-09,WeighRight,,Clean,Standard Clean,Bag/Other,inferred,,,3.0,0,0.933,2.8,,,,
2025-09-05,2025-09,WeighRight,,CleanA,Clean + Almond Test,Bag/Other,inferred,,,3.0,0,0.533,1.6,,,,
2025-09-08,2025-09,AMS,handpack,10045,AMZN- WWB-ORG Rooibos - 1 Lb Bag,Bag/Other,inferred,,yes,2.0,30,6.5,13.0,4.6,0.077,2.3,
2025-09-08,2025-09,AMS,handpack,30005L,ORG GF Dandelion Blend 312g Bag,Instant,governed,high,yes,3.0,403,6.983,20.95,57.7,0.962,19.2,
2025-09-08,2025-09,Assembly,,40066,Hazelnut Tagless Tea Bag - 50 Ct - GA,Tea,governed,high,yes,3.0,500,5.483,16.45,91.2,1.52,30.4,
2025-09-08,2025-09,Assembly,,43226,Dandelion Caramel Nut Tagless Tea Bag - 50 Ct - A,Tea,governed,high,yes,1.0,120,0.383,0.383,313.0,5.217,313.0,
2025-09-08,2025-09,Assembly,,43361,DO NOT MAKE ORG Holiday Egg Nog 25ct Tea Bag,Tea,governed,high,yes,1.0,336,5.0,5.0,67.2,1.12,67.2,
2025-09-08,2025-09,Assembly,,45020F,Chaga Ashwagandha Dual Language 10 cnt TB,Tea,inferred,,yes,1.0,60,1.333,1.333,45.0,0.75,45.0,
2025-09-08,2025-09,Maisa 2+3,,40010,ORG Vanilla Nut 10ct/6pk Tea Bag - GA,Tea,inferred,,yes,3.0,816,2.033,6.1,401.3,6.689,133.8,
2025-09-08,2025-09,Maisa 2+3,,45030,ORG Lion's Mane Rhodiola 10 Ct Tea Bag/6 Count Case - G,Tea,inferred,,yes,5.0,3816,6.117,30.583,623.9,10.398,124.8,
2025-09-08,2025-09,Maisa 2+3,,45030L,ORG Lion's Mane Rhodiola 10-Ct Tea Bag - G,Tea,inferred,,yes,3.0,432,0.883,2.65,489.1,8.151,163.0,
2025-09-08,2025-09,Maisa 2+3,,Clean,Standard Clean,Tea,inferred,,,3.0,0,1.0,3.0,,,,
2025-09-08,2025-09,WeighRight,,80110,ORG French Roast 11OZ Bag/6 Count Case - G,Bag/Other,inferred,,yes,3.0,1008,2.2,6.6,458.2,7.636,152.7,
2025-09-08,2025-09,WeighRight,,80110A,AMZN Org French Roast 11OZ Bag/Box of 24 - G,Bag/Other,inferred,,yes,3.0,1200,2.283,6.85,525.5,8.759,175.2,
2025-09-08,2025-09,WeighRight,,80110L,Org French Roast 11oz Bag/Box of 24 - G,Bag/Other,inferred,,yes,3.0,912,1.583,4.75,576.0,9.6,192.0,
2025-09-08,2025-09,WeighRight,,80113,ORG French Roast 11OZ Bag 3PK - G,Bag/Other,inferred,,yes,3.0,416,2.717,8.15,153.1,2.552,51.0,
2025-09-08,2025-09,WeighRight,,80116A,French Roast 500g APG Bag - G,APG,inferred,,yes,3.0,480,1.267,3.8,378.9,6.316,126.3,
2025-09-09,2025-09,AMS,handpack,10045,AMZN- WWB-ORG Rooibos - 1 Lb Bag,Bag/Other,inferred,,yes,3.0,73,0.467,1.4,156.4,2.607,52.1,
2025-09-09,2025-09,AMS,handpack,10101A,AMZN - WWB - ORG Medium Roasted Carob Flour - 1 Lb Bag,Bag/Other,inferred,,yes,1.0,432,5.833,5.833,74.1,1.234,74.1,
2025-09-09,2025-09,AMS,handpack,10102,WWB - ORG Medium Roasted Carob 1 Lb x 2,Bag/Other,inferred,,yes,3.0,120,3.633,10.9,33.0,0.55,11.0,
2025-09-09,2025-09,Assembly,,12251L,Holiday Tea Bag Sampler Box ,Sampler,inferred,,yes,2.0,695,6.833,13.667,101.7,1.695,50.9,
2025-09-09,2025-09,Assembly,,86020L,ORG Macadamia Nut 10 Oz Bag/Box of 24 - GA,APG,governed,high,,2.0,0,1.45,2.9,,,,
2025-09-09,2025-09,Maisa 2+3,,40010,ORG Vanilla Nut 10ct/6pk Tea Bag - GA,Tea,inferred,,yes,3.0,3324,7.95,23.85,418.1,6.969,139.4,
2025-09-09,2025-09,Maisa 2+3,,NTB0010,Vanilla Nut Tagless 6g Tea Bag - GA,Tea bag (intermediate),item-code,,yes,3.0,22000,1.5,4.5,14666.7,244.444,4888.9,
2025-09-09,2025-09,WeighRight,,60120,DO NOT MAKE ORG Maya Chai 5 Lb Bag - G,Bag/Other,inferred,,yes,3.0,20,0.25,0.75,80.0,1.333,26.7,
2025-09-09,2025-09,WeighRight,,80080,ORG Mocha 11OZ Bag/6 Count Case - GA,Bag/Other,inferred,,yes,3.0,138,2.75,8.25,50.2,0.836,16.7,
2025-09-09,2025-09,WeighRight,,80110,ORG French Roast 11OZ Bag/6 Count Case - G,Bag/Other,inferred,,yes,3.0,3132,5.217,15.65,600.4,10.006,200.1,
2025-09-09,2025-09,WeighRight,,82130L,ORG Mexican Chocolate 11OZ Bag/Box of 24 - G,APG,governed,high,yes,3.0,293,0.567,1.7,517.1,8.618,172.4,
2025-09-09,2025-09,WeighRight,,Clean,Standard Clean,Bag/Other,inferred,,,3.0,0,0.417,1.25,,,,
2025-09-09,2025-09,WeighRight,,Clean,Standard Clean,Bag/Other,inferred,,,3.0,0,0.667,2.0,,,,
2025-09-09,2025-09,WeighRight,,CleanG,Clean + Gluten Test,Bag/Other,inferred,,,3.0,0,0.183,0.55,,,,
2025-09-10,2025-09,AMS,handpack,10101A,AMZN - WWB - ORG Medium Roasted Carob Flour - 1 Lb Bag,Bag/Other,inferred,,yes,5.0,803,6.833,34.167,117.5,1.959,23.5,
2025-09-10,2025-09,Assembly,,12251L,Holiday Tea Bag Sampler Box ,Sampler,inferred,,yes,2.0,97,3.333,6.667,29.1,0.485,14.6,
2025-09-10,2025-09,Assembly,,42099,Teeccino Herbal Tea Holiday Display,Bag/Other,inferred,,,2.0,0,1.55,3.1,,,,
2025-09-10,2025-09,Maisa 1,,43111,ORG Dandelion Dark Roast 25CT Tea Bag,Tea,governed,high,yes,3.0,336,1.617,4.85,207.8,3.464,69.3,
2025-09-10,2025-09,Maisa 2+3,,43110,ORG Dandelion Dark Roast 10ct/6pk Tea Bag,Tea,inferred,,yes,3.0,720,4.033,12.1,178.5,2.975,59.5,
2025-09-10,2025-09,Maisa 2+3,,CleanGA,Clean + Gluten + Almond Tests,Tea,inferred,,,3.0,0,0.967,2.9,,,,
2025-09-10,2025-09,Maisa 2+3,,NTB0010,Vanilla Nut Tagless 6g Tea Bag - GA,Tea bag (intermediate),item-code,,yes,3.0,6800,4.833,14.5,1406.9,23.448,469.0,
2025-09-10,2025-09,WeighRight,,80080,ORG Mocha 11OZ Bag/6 Count Case - GA,Bag/Other,inferred,,yes,3.0,2622,1.833,5.5,1430.2,23.836,476.7,
2025-09-10,2025-09,WeighRight,,80080A,AMZN Org Mocha 11OZ Bag/Box of 24 - GA,Bag/Other,inferred,,yes,3.0,1200,2.067,6.2,580.6,9.677,193.5,
2025-09-10,2025-09,WeighRight,,80080L,Org Mocha 11OZ Bag/Box of 24 - GA,Bag/Other,inferred,,yes,3.0,600,1.05,3.15,571.4,9.524,190.5,
2025-09-10,2025-09,WeighRight,,80083,ORG Mocha 11OZ Bag 3PK  - GA,Bag/Other,inferred,,yes,3.0,240,1.317,3.95,182.3,3.038,60.8,
2025-09-10,2025-09,WeighRight,,85030L,ORG Lion's Mane Rhodiola 10 Oz Bag/Box of 24 - G,APG,governed,high,yes,3.0,604,1.417,4.25,426.4,7.106,142.1,
2025-09-10,2025-09,WeighRight,,CLEANA,Clean + Allergen Tests,Bag/Other,inferred,,,3.0,0,1.983,5.95,,,,
2025-09-10,2025-09,WeighRight,,Clean,Standard Clean,Bag/Other,inferred,,,3.0,0,0.667,2.0,,,,
2025-09-11,2025-09,Assembly,,40016,Vanilla Nut Tagless Tea Bag - 50 Ct - GA,Tea,governed,high,yes,1.0,240,6.533,6.533,36.7,0.612,36.7,
2025-09-11,2025-09,Assembly,,43226,Dandelion Caramel Nut Tagless Tea Bag - 50 Ct - A,Tea,governed,high,yes,2.0,228,2.667,5.333,85.5,1.425,42.8,
2025-09-11,2025-09,Maisa 1,,43111,ORG Dandelion Dark Roast 25CT Tea Bag,Tea,governed,high,yes,3.0,264,6.817,20.45,38.7,0.645,12.9,
2025-09-11,2025-09,Maisa 1,,TB311,ORG Dandelion Dark Roast Tea Bag,Tea bag (intermediate),item-code,,yes,3.0,9500,3.15,9.45,3015.9,50.265,1005.3,
2025-09-11,2025-09,Maisa 2+3,,43110,ORG Dandelion Dark Roast 10ct/6pk Tea Bag,Tea,inferred,,yes,3.0,3576,9.783,29.35,365.5,6.092,121.8,
2025-09-11,2025-09,WeighRight,,60030,ORG Almond Amaretto 5 Lb Bag - GA,Bag/Other,inferred,,yes,3.0,30,0.417,1.25,72.0,1.2,24.0,
2025-09-11,2025-09,WeighRight,,80010A,AMZN Org Vanilla Nut 11OZ Bag/Box of 24 - GA,Bag/Other,inferred,,yes,3.0,1200,1.967,5.9,610.2,10.169,203.4,
2025-09-11,2025-09,WeighRight,,80013,ORG Vanilla Nut 11oz Bag 3PK - GA,Bag/Other,inferred,,yes,3.0,144,1.667,5.0,86.4,1.44,28.8,
2025-09-11,2025-09,WeighRight,,80030,ORG Almond Amaretto 11OZ Bag/6 Count Case - GA,Bag/Other,inferred,,yes,3.0,726,2.133,6.4,340.3,5.672,113.4,
2025-09-11,2025-09,WeighRight,,80030A,AMZN Org Almond Amaretto 11OZ Bag/Box of 24 - GA,Bag/Other,inferred,,yes,3.0,1008,1.783,5.35,565.2,9.421,188.4,
2025-09-11,2025-09,WeighRight,,82040L,ORG Snickerdoodle 11OZ Bag/Box of 24 - GA,APG,governed,high,yes,3.0,111,0.35,1.05,317.1,5.286,105.7,
2025-09-11,2025-09,WeighRight,,82060L,ORG Maple Pecan 11OZ Bag/Box of 24 - GA,Bag/Other,inferred,,yes,3.0,141,0.5,1.5,282.0,4.7,94.0,
2025-09-11,2025-09,WeighRight,,Clean,Standard Clean,Bag/Other,inferred,,,3.0,0,0.417,1.25,,,,
2025-09-11,2025-09,WeighRight,,Clean,Standard Clean,Bag/Other,inferred,,,3.0,0,0.317,0.95,,,,
2025-09-11,2025-09,WeighRight,,Clean,Standard Clean,Bag/Other,inferred,,,3.0,0,0.483,1.45,,,,
2025-09-15,2025-09,Assembly,,43116,Dandelion DarkRoast Tagless Tea Bag - 50 Ct,Tea,governed,high,yes,2.0,36,1.917,3.833,18.8,0.313,9.4,
2025-09-15,2025-09,Assembly,,43226,Dandelion Caramel Nut Tagless Tea Bag - 50 Ct - A,Tea,governed,high,yes,1.0,348,8.117,8.117,42.9,0.715,42.9,
2025-09-15,2025-09,Assembly,,45030F,Lion's Mane Rhodiola Dual Language 10 cnt TB - G,Tea,inferred,,yes,2.0,696,7.283,14.567,95.6,1.593,47.8,
2025-09-15,2025-09,Maisa 1,,43110,ORG Dandelion Dark Roast 10ct/6pk Tea Bag,Tea,inferred,,yes,3.0,162,1.117,3.35,145.1,2.418,48.4,
2025-09-15,2025-09,Maisa 1,,NTB3110,Dandelion Dark Roast Tagless 6g Tea Bag,Tea bag (intermediate),item-code,,yes,3.0,28800,8.25,24.75,3490.9,58.182,1163.6,
2025-09-15,2025-09,Maisa 1,,TB311,ORG Dandelion Dark Roast Tea Bag,Tea bag (intermediate),item-code,,yes,3.0,2500,0.633,1.9,3947.4,65.789,1315.8,
2025-09-15,2025-09,Maisa 2+3,,43110,ORG Dandelion Dark Roast 10ct/6pk Tea Bag,Tea,inferred,,yes,3.0,1224,3.4,10.2,360.0,6.0,120.0,
2025-09-15,2025-09,Maisa 2+3,,45020F,Chaga Ashwagandha Dual Language 10 cnt TB,Tea,inferred,,yes,3.0,2172,4.033,12.1,538.5,8.975,179.5,
2025-09-15,2025-09,Maisa 2+3,,Clean,Standard Clean,Tea,inferred,,,3.0,0,0.5,1.5,,,,
2025-09-15,2025-09,WeighRight,,80010,ORG Vanilla Nut 11oz Bag/6 Count Case - GA,Bag/Other,inferred,,yes,3.0,2760,5.667,17.0,487.1,8.118,162.4,
2025-09-15,2025-09,WeighRight,,80013,ORG Vanilla Nut 11oz Bag 3PK - GA,Bag/Other,inferred,,yes,3.0,144,0.75,2.25,192.0,3.2,64.0,
2025-09-15,2025-09,WeighRight,,80070A,AMZN Org Java 11OZ Bag/Box of 24 - GA,Bag/Other,inferred,,yes,3.0,288,0.833,2.5,345.6,5.76,115.2,
2025-09-15,2025-09,WeighRight,,80073,ORG Java 11OZ Bag 3PK - GA,Bag/Other,inferred,,yes,3.0,240,2.05,6.15,117.1,1.951,39.0,
2025-09-15,2025-09,WeighRight,,Clean,Standard Clean,Bag/Other,inferred,,,3.0,0,0.783,2.35,,,,
2025-09-16,2025-09,Assembly,,43116,Dandelion DarkRoast Tagless Tea Bag - 50 Ct,Tea,governed,high,yes,2.0,534,7.75,15.5,68.9,1.148,34.5,
2025-09-16,2025-09,Assembly,,45030F,Lion's Mane Rhodiola Dual Language 10 cnt TB - G,Tea,inferred,,yes,2.0,48,1.833,3.667,26.2,0.436,13.1,
2025-09-16,2025-09,Assembly,,80012A,AMZN Vanilla Nut 11Oz Bag 2PK - GA,Bag/Other,inferred,,yes,2.0,112,1.667,3.333,67.2,1.12,33.6,
2025-09-16,2025-09,Assembly,,80112A,AMZN French Roast 11Oz Bag 2PK - G,Bag/Other,inferred,,yes,2.0,28,1.433,2.867,19.5,0.326,9.8,
2025-09-16,2025-09,Maisa 1,,40130,ORG Maca Chocolate 10ct/6pk Tea Bag - G,Tea,inferred,,yes,3.0,1038,3.083,9.25,336.6,5.611,112.2,
2025-09-16,2025-09,Maisa 1,,43110,ORG Dandelion Dark Roast 10ct/6pk Tea Bag,Tea,inferred,,yes,3.0,2598,6.267,18.8,414.6,6.91,138.2,
2025-09-16,2025-09,Maisa 1,,Clean,Standard Clean,Tea,inferred,,,3.0,0,0.733,2.2,,,,
2025-09-16,2025-09,Maisa 2+3,,45020,ORG Chaga Ashwagandha 10 Ct Tea Bag/6 Count Case,Tea,inferred,,yes,3.0,2340,5.7,17.1,410.5,6.842,136.8,
2025-09-16,2025-09,Maisa 2+3,,45020F,Chaga Ashwagandha Dual Language 10 cnt TB,Tea,inferred,,yes,3.0,1968,4.283,12.85,459.5,7.658,153.2,
2025-09-16,2025-09,WeighRight,,50060,ORG Hazelnut 30g Trial Size Packet - GA,Bag/Other,inferred,,yes,3.0,1800,2.95,8.85,610.2,10.169,203.4,
2025-09-16,2025-09,WeighRight,,60060,ORG Hazelnut 5 Lb Bag - GA,Bag/Other,inferred,,yes,3.0,58,0.467,1.4,124.3,2.071,41.4,
2025-09-16,2025-09,WeighRight,,60070,ORG Java 5 Lb Bag - GA,Bag/Other,inferred,,yes,3.0,23,0.367,1.1,62.7,1.045,20.9,
2025-09-16,2025-09,WeighRight,,80060L,Org Hazelnut 11OZ Bag/Box of 24 - GA,Bag/Other,inferred,,yes,3.0,840,2.167,6.5,387.7,6.462,129.2,
2025-09-16,2025-09,WeighRight,,80070,ORG Java 11OZ Bag/6 Count Case - GA,Bag/Other,inferred,,yes,3.0,810,1.8,5.4,450.0,7.5,150.0,
2025-09-16,2025-09,WeighRight,,80070A,AMZN Org Java 11OZ Bag/Box of 24 - GA,Bag/Other,inferred,,yes,3.0,888,1.333,4.0,666.0,11.1,222.0,
2025-09-16,2025-09,WeighRight,,Clean,Standard Clean,Bag/Other,inferred,,,3.0,0,0.917,2.75,,,,
2025-09-16,2025-09,WeighRight,,Clean,Standard Clean,Bag/Other,inferred,,,3.0,0,0.25,0.75,,,,
2025-09-17,2025-09,Assembly,,42041,Snickerdoodle 25CT Tea Bag - GA,Tea,governed,high,yes,2.0,72,5.283,10.567,13.6,0.227,6.8,
2025-09-17,2025-09,Assembly,,80012A,AMZN Vanilla Nut 11Oz Bag 2PK - GA,Bag/Other,inferred,,yes,2.0,112,1.533,3.067,73.0,1.217,36.5,
2025-09-17,2025-09,Assembly,,GDB501,ORG Reishi Eleuthero Packet Goody Bag - G,Bag/Other,inferred,,yes,2.0,180,0.783,1.567,229.8,3.83,114.9,
2025-09-17,2025-09,Assembly,,TGB060,ORG Hazelnut Tea Bag Goody Bag - GA,Tea,inferred,,yes,1.0,250,3.583,3.583,69.8,1.163,69.8,
2025-09-17,2025-09,Assembly,,TGB110,ORG French Roast Tea Bag Goody Bag - G,Tea,inferred,,yes,1.0,50,0.3,0.3,166.7,2.778,166.7,
2025-09-17,2025-09,Assembly,,TGB322,Dandelion Caramel Nut Tea Bag Goody Bag - A,Tea,inferred,,yes,1.0,500,1.75,1.75,285.7,4.762,285.7,
2025-09-17,2025-09,Assembly,,TGB601,ORG Dark Chocolate Tea Bag Goody Bag,Tea,inferred,,yes,2.0,500,1.95,3.9,256.4,4.274,128.2,
2025-09-17,2025-09,Maisa 1,,40121,DO NOT MAKE ORG Maya Chai 25CT Tea Bag - G,Tea,governed,high,yes,3.0,336,1.633,4.9,205.7,3.429,68.6,
2025-09-17,2025-09,Maisa 1,,40130,ORG Maca Chocolate 10ct/6pk Tea Bag - G,Tea,inferred,,yes,3.0,1722,3.983,11.95,432.3,7.205,144.1,
2025-09-17,2025-09,Maisa 1,,40131,ORG Mexican Chocolate 25CT Tea Bag - G,Tea,governed,high,yes,3.0,576,3.133,9.4,183.8,3.064,61.3,
2025-09-17,2025-09,Maisa 1,,Clean,Standard Clean,Tea,inferred,,,3.0,0,0.767,2.3,,,,
2025-09-17,2025-09,Maisa 1,,Clean,Standard Clean,Tea,inferred,,,3.0,0,0.617,1.85,,,,
2025-09-17,2025-09,Maisa 2+3,,43081,ORG Dandelion Mocha 25CT Tea Bag - A,Tea,governed,high,yes,3.0,288,23.783,71.35,12.1,0.202,4.0,
2025-09-17,2025-09,Maisa 2+3,,45020,ORG Chaga Ashwagandha 10 Ct Tea Bag/6 Count Case,Tea,inferred,,yes,3.0,1800,4.533,13.6,397.1,6.618,132.4,
2025-09-17,2025-09,Maisa 2+3,,45070,ORG Miraculous Mushrooms A&P 10Ct/6Pk Tea Bag,Tea,inferred,,yes,3.0,1110,2.3,6.9,482.6,8.043,160.9,
2025-09-17,2025-09,Maisa 2+3,,Clean,Standard Clean,Tea,inferred,,,3.0,0,0.9,2.7,,,,
2025-09-17,2025-09,Maisa 2+3,,Clean,Standard Clean,Tea,inferred,,,3.0,0,2.6,7.8,,,,
2025-09-17,2025-09,WeighRight,,80050L,ORG English Toffee 11oz Bag/Box of 24 - GA,Bag/Other,inferred,,yes,3.0,600,1.167,3.5,514.3,8.571,171.4,
2025-09-17,2025-09,WeighRight,,83110,ORG Dandelion Dark Roast 10 Oz Bag/6 Count Case,Bag/Other,inferred,,yes,3.0,600,1.817,5.45,330.3,5.505,110.1,
2025-09-17,2025-09,WeighRight,,83110L,ORG Dandelion Dark Roast 10 oz Bag/Box of 24,APG,governed,high,yes,3.0,1392,2.283,6.85,609.6,10.161,203.2,
2025-09-17,2025-09,WeighRight,,85070L,ORG Miraculous Mushrooms A&P 10oz Bag/Box of 24,Bag/Other,inferred,,yes,3.0,1344,2.167,6.5,620.3,10.338,206.8,
2025-09-17,2025-09,WeighRight,,Clean,Standard Clean,Bag/Other,inferred,,,3.0,0,1.883,5.65,,,,
2025-09-17,2025-09,WeighRight,,CleanGA,Clean + Gluten + Almond Tests,Bag/Other,inferred,,,3.0,0,0.883,2.65,,,,
2025-09-18,2025-09,AMS,handpack,10012,"ORG Lemon Grass, 7 Oz Bag",Bag/Other,inferred,,yes,2.0,150,2.833,5.667,52.9,0.882,26.5,
2025-09-18,2025-09,Assembly,,42041,Snickerdoodle 25CT Tea Bag - GA,Tea,governed,high,yes,2.0,336,2.217,4.433,151.6,2.526,75.8,
2025-09-18,2025-09,Assembly,,43311,Dandelion Mocha Mint 25 Count Tea Bag - A,Tea,governed,high,yes,1.0,89,3.083,3.083,28.9,0.481,28.9,
2025-09-18,2025-09,Assembly,,43340L,Org Dandelion Coconut 10 Ct Tea Bag Loose - A,Tea,governed,high,,1.0,0,4.483,4.483,,,,
2025-09-18,2025-09,Assembly,,TGB060,ORG Hazelnut Tea Bag Goody Bag - GA,Tea,inferred,,yes,1.0,250,1.25,1.25,200.0,3.333,200.0,
2025-09-18,2025-09,Assembly,,TGB110,ORG French Roast Tea Bag Goody Bag - G,Tea,inferred,,yes,1.0,450,0.5,0.5,900.0,15.0,900.0,
2025-09-18,2025-09,Maisa 1,,40121,DO NOT MAKE ORG Maya Chai 25CT Tea Bag - G,Tea,governed,high,yes,3.0,242,1.45,4.35,166.9,2.782,55.6,
2025-09-18,2025-09,Maisa 1,,45011,ORG Reishi Eleuthero 25 Ct Tea Bag - G,Tea,governed,high,yes,3.0,432,3.217,9.65,134.3,2.238,44.8,
2025-09-18,2025-09,Maisa 1,,Clean,Standard Clean,Tea,inferred,,,3.0,0,0.95,2.85,,,,
2025-09-18,2025-09,Maisa 1,,Clean,Standard Clean,Tea,inferred,,,3.0,0,0.583,1.75,,,,
2025-09-18,2025-09,Maisa 1,,TB501,ORG Reishi Eleuthero Loose Tea Bag - G,Tea bag (intermediate),item-code,,yes,3.0,10500,3.883,11.65,2703.9,45.064,901.3,
2025-09-18,2025-09,Maisa 2+3,,43081,ORG Dandelion Mocha 25CT Tea Bag - A,Tea,governed,high,yes,3.0,144,0.767,2.3,187.8,3.13,62.6,
2025-09-18,2025-09,Maisa 2+3,,43220,ORG Dandelion Caramel Nut 10ct/6pk Tea Bag - A,Tea,inferred,,yes,3.0,2898,8.2,24.6,353.4,5.89,117.8,
2025-09-18,2025-09,Maisa 2+3,,Clean,Standard Clean,Tea,inferred,,,3.0,0,0.533,1.6,,,,
2025-09-18,2025-09,Maisa 2+3,,Clean,Standard Clean,Tea,inferred,,,5.0,0,0.667,3.333,,,,
2025-09-18,2025-09,WeighRight,,63110,ORG Dandelion Dark Roast 5 Lb Bag,APG,governed,high,yes,3.0,80,0.967,2.9,82.8,1.379,27.6,
2025-09-18,2025-09,WeighRight,,65020,ORG Chaga Ashwagandha 5 Lb Bag,Bag/Other,inferred,,yes,3.0,28,0.2,0.6,140.0,2.333,46.7,
2025-09-18,2025-09,WeighRight,,66010,ORG Dark Chocolate 5 Lb Bag,Bag/Other,inferred,,yes,3.0,32,0.7,2.1,45.7,0.762,15.2,
2025-09-18,2025-09,WeighRight,,85020,ORG Chaga Ashwagandha 10 Oz Bag/6 Count Case,Bag/Other,inferred,,yes,3.0,1380,3.183,9.55,433.5,7.225,144.5,
2025-09-18,2025-09,WeighRight,,85023,DO NOT MAKE  ORG Chaga Ashwagandha 10OZ Bag 3PK ,Bag/Other,inferred,,yes,3.0,80,0.533,1.6,150.0,2.5,50.0,
2025-09-18,2025-09,WeighRight,,86010,ORG Dark Chocolate 10 Oz Bag/6 Count Case,Bag/Other,inferred,,yes,3.0,1140,2.567,7.7,444.2,7.403,148.1,
2025-09-18,2025-09,WeighRight,,Clean,Standard Clean,Bag/Other,inferred,,,3.0,0,0.5,1.5,,,,
2025-09-18,2025-09,WeighRight,,Clean,Standard Clean,Bag/Other,inferred,,,3.0,0,0.6,1.8,,,,
2025-09-22,2025-09,AMS,handpack,10012,"ORG Lemon Grass, 7 Oz Bag",Bag/Other,inferred,,yes,2.0,300,10.167,20.333,29.5,0.492,14.8,
2025-09-22,2025-09,Assembly,,43311,Dandelion Mocha Mint 25 Count Tea Bag - A,Tea,governed,high,yes,1.0,123,5.0,5.0,24.6,0.41,24.6,
2025-09-22,2025-09,Assembly,,45031,ORG Lion's Mane Rhodiola 25 Ct Tea Bag - G,Tea,inferred,,yes,2.0,180,4.917,9.833,36.6,0.61,18.3,
2025-09-22,2025-09,Maisa 1,,47010,75147 TJ ORG Roasted Herbal Cofee (12 Pack) - G,Tea,inferred,,yes,3.0,3120,10.083,30.25,309.4,5.157,103.1,
2025-09-22,2025-09,Maisa 2+3,,47010,75147 TJ ORG Roasted Herbal Cofee (12 Pack) - G,Tea,inferred,,yes,5.0,7392,10.083,50.417,733.1,12.218,146.6,
2025-09-22,2025-09,WeighRight,,53080,Dandelion Mocha 30g Trial Size Packet - A,Bag/Other,inferred,,yes,3.0,1080,2.333,7.0,462.9,7.714,154.3,
2025-09-22,2025-09,WeighRight,,63080,ORG Dandelion Mocha 5 Lb Bag - A,Bag/Other,inferred,,yes,3.0,23,0.517,1.55,44.5,0.742,14.8,
2025-09-22,2025-09,WeighRight,,83080L,ORG Dandelion Mocha 10 Oz Bag/Box of 24 - A,Bag/Other,inferred,,yes,3.0,418,0.667,2.0,627.0,10.45,209.0,
2025-09-22,2025-09,WeighRight,,86010,ORG Dark Chocolate 10 Oz Bag/6 Count Case,Bag/Other,inferred,,yes,3.0,240,0.55,1.65,436.4,7.273,145.5,
2025-09-22,2025-09,WeighRight,,86010L,ORG Dark Chocolate 10 Oz Bag/Box of 24,Bag/Other,inferred,,yes,3.0,1200,3.617,10.85,331.8,5.53,110.6,
2025-09-22,2025-09,WeighRight,,Clean,Standard Clean,Bag/Other,inferred,,,3.0,0,0.667,2.0,,,,
2025-09-22,2025-09,WeighRight,,CleanA,Clean + Almond Test,Bag/Other,inferred,,,3.0,0,0.483,1.45,,,,
2025-09-23,2025-09,AMS,handpack,10012,"ORG Lemon Grass, 7 Oz Bag",Bag/Other,inferred,,yes,2.0,540,10.167,20.333,53.1,0.885,26.6,
2025-09-23,2025-09,Assembly,,43311,Dandelion Mocha Mint 25 Count Tea Bag - A,Tea,governed,high,yes,1.0,123,4.567,4.567,26.9,0.449,26.9,
2025-09-23,2025-09,Assembly,,45031,ORG Lion's Mane Rhodiola 25 Ct Tea Bag - G,Tea,inferred,,yes,2.0,180,6.917,13.833,26.0,0.434,13.0,
2025-09-23,2025-09,Maisa 1,,47010,75147 TJ ORG Roasted Herbal Cofee (12 Pack) - G,Tea,inferred,,yes,3.0,3504,5.917,17.75,592.2,9.87,197.4,
2025-09-23,2025-09,Maisa 1,,Clean,Standard Clean,Tea,inferred,,,3.0,0,1.367,4.1,,,,
2025-09-23,2025-09,Maisa 1,,Clean,Standard Clean,Tea,inferred,,,3.0,0,0.5,1.5,,,,
2025-09-23,2025-09,Maisa 1,,Quick note on q,,Tea,inferred,,,3.0,0,0.583,1.75,,,,
2025-09-23,2025-09,Maisa 1,,TB050,ORG English Toffee Tea Bag Loose - GA,Tea bag (intermediate),item-code,,yes,3.0,5000,1.167,3.5,4285.7,71.429,1428.6,
2025-09-23,2025-09,Maisa 1,,TB501,ORG Reishi Eleuthero Loose Tea Bag - G,Tea bag (intermediate),item-code,,yes,3.0,2387,0.467,1.4,5115.0,85.25,1705.0,
2025-09-23,2025-09,Maisa 2+3,,43220,ORG Dandelion Caramel Nut 10ct/6pk Tea Bag - A,Tea,inferred,,yes,5.0,2556,3.367,16.833,759.2,12.653,151.8,
2025-09-23,2025-09,Maisa 2+3,,47010,75147 TJ ORG Roasted Herbal Cofee (12 Pack) - G,Tea,inferred,,yes,3.0,2544,5.583,16.75,455.6,7.594,151.9,
2025-09-23,2025-09,Maisa 2+3,,Cleang,Clean + Gluten Test,Tea,inferred,,,5.0,0,0.567,2.833,,,,
2025-09-23,2025-09,Maisa 2+3,,TB322,ORG Dandelion Caramel Nut Tea Bag - A,Tea bag (intermediate),item-code,,yes,2.0,16000,3.817,7.633,4192.1,69.869,2096.1,
2025-09-23,2025-09,WeighRight,,50110,ORG French Roast 30g Trial Size Packet - G,Bag/Other,inferred,,yes,3.0,360,0.65,1.95,553.8,9.231,184.6,
2025-09-23,2025-09,WeighRight,,50130,ORG MACA Chocolate 30g Trial Size Packet - G,Bag/Other,inferred,,yes,3.0,1080,1.7,5.1,635.3,10.588,211.8,
2025-09-23,2025-09,WeighRight,,55050,Turkey Tail Astragalus 30g Trial Size Packet - G,Bag/Other,inferred,,yes,3.0,1093,2.7,8.1,404.8,6.747,134.9,
2025-09-23,2025-09,WeighRight,,80130L,Org Maca Chocoate 11oz Bag/Box of 24 - G,Bag/Other,inferred,,yes,3.0,528,0.917,2.75,576.0,9.6,192.0,
2025-09-23,2025-09,WeighRight,,85050L,ORG Turkey Tail Astragalus 10 Oz Bag/Box of 24 - G,Bag/Other,inferred,,yes,3.0,1440,2.55,7.65,564.7,9.412,188.2,
2025-09-23,2025-09,WeighRight,,Clean,Standard Clean,Bag/Other,inferred,,,3.0,0,0.533,1.6,,,,
2025-09-23,2025-09,WeighRight,,Clean,Standard Clean,Bag/Other,inferred,,,3.0,0,0.783,2.35,,,,
2025-09-24,2025-09,AMS,handpack,10012,"ORG Lemon Grass, 7 Oz Bag",Bag/Other,inferred,,yes,2.0,210,2.567,5.133,81.8,1.364,40.9,
2025-09-24,2025-09,Assembly,,40041,DO NOT MAKE - ORG Blood Orange 25CT Tea Bag - GA,Tea,governed,high,yes,1.0,23,1.5,1.5,15.3,0.256,15.3,
2025-09-24,2025-09,Assembly,,42061,ORG Maple Pecan 25CT Tea Bag - GA,Tea,governed,high,yes,1.0,32,2.533,2.533,12.6,0.211,12.6,
2025-09-24,2025-09,Assembly,,50096,Top Six Packet Sampler pack,Sampler,inferred,,yes,2.0,240,7.1,14.2,33.8,0.563,16.9,
2025-09-24,2025-09,Maisa 1,,40111,ORG French Roast 25CT Tea Bag - G,Tea,governed,high,yes,3.0,264,2.15,6.45,122.8,2.047,40.9,
2025-09-24,2025-09,Maisa 1,,NTB0110,French Roast Tagless 6g Tea Bag - G,Tea bag (intermediate),item-code,,yes,3.0,32400,7.483,22.45,4329.6,72.16,1443.2,
2025-09-24,2025-09,Maisa 2+3,,43220,ORG Dandelion Caramel Nut 10ct/6pk Tea Bag - A,Tea,inferred,,yes,5.0,2706,3.883,19.417,696.8,11.614,139.4,
2025-09-24,2025-09,Maisa 2+3,,43220F,Dandelion Caramel Nut Dual Language 10 cnt TB - A,Tea,inferred,,yes,5.0,996,1.817,9.083,548.3,9.138,109.7,
2025-09-24,2025-09,Maisa 2+3,,43221,ORG Dandelion Caramel Nut 25CT Tea Bag - A,Tea,governed,high,yes,5.0,720,2.567,12.833,280.5,4.675,56.1,
2025-09-24,2025-09,Maisa 2+3,,43223,ORG Dandelion Caramel Nut 25CT Tea Bag 3PK - A,Tea,inferred,,yes,5.0,168,1.4,7.0,120.0,2.0,24.0,
2025-09-24,2025-09,WeighRight,,50110,ORG French Roast 30g Trial Size Packet - G,Bag/Other,inferred,,yes,3.0,1800,3.117,9.35,577.5,9.626,192.5,
2025-09-24,2025-09,WeighRight,,80110A,AMZN Org French Roast 11OZ Bag/Box of 24 - G,Bag/Other,inferred,,yes,3.0,1440,2.967,8.9,485.4,8.09,161.8,
2025-09-24,2025-09,WeighRight,,80113,ORG French Roast 11OZ Bag 3PK - G,Bag/Other,inferred,,yes,3.0,1050,2.567,7.7,409.1,6.818,136.4,
2025-09-24,2025-09,WeighRight,,80116A,French Roast 500g APG Bag - G,APG,inferred,,yes,3.0,720,1.4,4.2,514.3,8.571,171.4,
2025-09-25,2025-09,Assembly,,40116,French Roast Tagless Tea Bag - 50 Ct - G,Tea,governed,high,yes,2.0,96,2.267,4.533,42.4,0.706,21.2,
2025-09-25,2025-09,Assembly,,42051,Gingerbread 25CT Tea Bag - GA,Tea,governed,high,yes,2.0,427,10.167,20.333,42.0,0.7,21.0,
2025-09-25,2025-09,Assembly,,42061,ORG Maple Pecan 25CT Tea Bag - GA,Tea,governed,high,yes,1.0,120,2.5,2.5,48.0,0.8,48.0,
2025-09-25,2025-09,Assembly,,42099,Teeccino Herbal Tea Holiday Display,Bag/Other,inferred,,yes,2.0,3,0.617,1.233,4.9,0.081,2.4,
2025-09-25,2025-09,Assembly,,50096,Top Six Packet Sampler pack,Sampler,inferred,,yes,2.0,360,7.5,15.0,48.0,0.8,24.0,
2025-09-25,2025-09,Assembly,,85010,ORG Reishi Eleuthero 10 Oz Bag/6 Count Case - G,Bag/Other,inferred,,yes,2.0,480,1.433,2.867,334.9,5.581,167.4,
2025-09-25,2025-09,Maisa 1,,40110,ORG French Roast 10 Count Tea Bag - G,Tea,inferred,,yes,3.0,1752,4.083,12.25,429.1,7.151,143.0,
2025-09-25,2025-09,Maisa 1,,40111,ORG French Roast 25CT Tea Bag - G,Tea,governed,high,yes,3.0,696,5.467,16.4,127.3,2.122,42.4,
2025-09-25,2025-09,Maisa 2+3,,40030,ORG Almond Amaretto 10ct/6pk Tea Bag - GA,Tea,inferred,,yes,3.0,1380,3.167,9.5,435.8,7.263,145.3,
2025-09-25,2025-09,Maisa 2+3,,43220L,Org Dandelion Caramel Nut 10 Ct Tea Bag Loose - A,Tea,governed,high,yes,3.0,864,1.233,3.7,700.5,11.676,233.5,
2025-09-25,2025-09,Maisa 2+3,,43221,ORG Dandelion Caramel Nut 25CT Tea Bag - A,Tea,governed,high,yes,3.0,480,2.633,7.9,182.3,3.038,60.8,
2025-09-25,2025-09,Maisa 2+3,,Clean,Standard Clean,Tea,inferred,,,5.0,0,0.2,1.0,,,,
2025-09-25,2025-09,Maisa 2+3,,CleanGA,Clean + Gluten + Almond Tests,Tea,inferred,,,3.0,0,0.75,2.25,,,,
2025-09-25,2025-09,WeighRight,,50010,ORG Vanilla Nut 30g Trial Size Packet - GA,Bag/Other,inferred,,yes,3.0,540,1.083,3.25,498.5,8.308,166.2,
2025-09-25,2025-09,WeighRight,,80113,ORG French Roast 11OZ Bag 3PK - G,Bag/Other,inferred,,yes,3.0,54,0.133,0.4,405.0,6.75,135.0,
2025-09-25,2025-09,WeighRight,,82060L,ORG Maple Pecan 11OZ Bag/Box of 24 - GA,Bag/Other,inferred,,yes,3.0,368,0.583,1.75,630.9,10.514,210.3,
2025-09-25,2025-09,WeighRight,,83110L,ORG Dandelion Dark Roast 10 oz Bag/Box of 24,APG,governed,high,,3.0,0,2.25,6.75,,,,
2025-09-25,2025-09,WeighRight,,83370L,ORG Blueberry Vanilla 10 Oz Bag/Box of 24,Bag/Other,inferred,,yes,3.0,768,1.6,4.8,480.0,8.0,160.0,
2025-09-25,2025-09,WeighRight,,85060L,ORG Tremella Tulsi 10 Oz Bag/Box of 24,APG,governed,high,yes,3.0,629,1.233,3.7,510.0,8.5,170.0,
2025-09-25,2025-09,WeighRight,,Clean,Standard Clean,Bag/Other,inferred,,,3.0,0,0.6,1.8,,,,
2025-09-25,2025-09,WeighRight,,Clean,Standard Clean,Bag/Other,inferred,,,3.0,0,0.4,1.2,,,,
2025-09-25,2025-09,WeighRight,,Clean,Standard Clean,Bag/Other,inferred,,,3.0,0,0.467,1.4,,,,
2025-09-25,2025-09,WeighRight,,Clean,Standard Clean,Bag/Other,inferred,,,3.0,0,0.717,2.15,,,,
2025-09-25,2025-09,WeighRight,,CleanGA,Clean + Gluten + Almond Tests,Bag/Other,inferred,,,3.0,0,0.517,1.55,,,,
2025-09-29,2025-09,Assembly,,40016,Vanilla Nut Tagless Tea Bag - 50 Ct - GA,Tea,governed,high,yes,2.0,12,6.417,12.833,1.9,0.031,0.9,
2025-09-29,2025-09,Assembly,,40116,French Roast Tagless Tea Bag - 50 Ct - G,Tea,governed,high,yes,2.0,608,8.517,17.033,71.4,1.19,35.7,
2025-09-29,2025-09,Assembly,,42051,Gingerbread 25CT Tea Bag - GA,Tea,governed,high,yes,2.0,53,7.833,15.667,6.8,0.113,3.4,
2025-09-29,2025-09,Assembly,,43321,Dandelion Red Chai 25 Count Tea Bag,Tea,governed,high,yes,1.0,32,2.333,2.333,13.7,0.229,13.7,
2025-09-29,2025-09,Maisa 1,,40110,ORG French Roast 10 Count Tea Bag - G,Tea,inferred,,yes,3.0,2388,7.533,22.6,317.0,5.283,105.7,
2025-09-29,2025-09,Maisa 1,,42121,ORG Chocolate Raspberry 25CT Tea Bag - G,Tea,governed,high,yes,3.0,24,1.0,3.0,24.0,0.4,8.0,
2025-09-29,2025-09,Maisa 1,,Clean,Standard Clean,Tea,inferred,,,3.0,0,0.75,2.25,,,,
2025-09-29,2025-09,Maisa 2+3,,45030,ORG Lion's Mane Rhodiola 10 Ct Tea Bag/6 Count Case - G,Tea,inferred,,yes,3.0,912,2.283,6.85,399.4,6.657,133.1,
2025-09-29,2025-09,Maisa 2+3,,46011,ORG Dark Chocolate 25 Ct Tea Bag,Tea,governed,high,yes,3.0,600,6.1,18.3,98.4,1.639,32.8,
2025-09-29,2025-09,WeighRight,,50010,ORG Vanilla Nut 30g Trial Size Packet - GA,Bag/Other,inferred,,yes,3.0,1260,1.65,4.95,763.6,12.727,254.5,
2025-09-29,2025-09,WeighRight,,60010,ORG Vanilla Nut 5 Lb Bag - GA,Bag/Other,inferred,,yes,3.0,30,0.283,0.85,105.9,1.765,35.3,
2025-09-29,2025-09,WeighRight,,80010,ORG Vanilla Nut 11oz Bag/6 Count Case - GA,Bag/Other,inferred,,yes,3.0,2760,4.717,14.15,585.2,9.753,195.1,
2025-09-29,2025-09,WeighRight,,80010L,Org Vanilla Nut 11OZ Bag/Box of 24 - GA,Bag/Other,inferred,,yes,3.0,1008,1.733,5.2,581.5,9.692,193.8,
2025-09-29,2025-09,WeighRight,,80016,Vanilla Nut 500g APG Bag - GA,APG,inferred,,yes,3.0,432,1.033,3.1,418.1,6.968,139.4,
2025-09-29,2025-09,WeighRight,,CleanA,Clean + Almond Test,Bag/Other,inferred,,,3.0,0,0.567,1.7,,,,
2025-09-30,2025-09,AMS,handpack,10024,ORG Lavender 4 Oz Bag - 79523910024,Bag/Other,inferred,,,2.0,0,1.433,2.867,,,,
2025-09-30,2025-09,AMS,handpack,10102,WWB - ORG Medium Roasted Carob 1 Lb x 2,Bag/Other,inferred,,yes,2.0,120,0.783,1.567,153.2,2.553,76.6,
2025-09-30,2025-09,AMS,handpack,30007,Instant Miraculous Mushrooms A&P 100g Bag / 6 Count Case,Instant,inferred,,yes,2.0,180,2.65,5.3,67.9,1.132,34.0,
2025-09-30,2025-09,AMS,handpack,30008,Instant French Roast 100g Bag / 6 Count Case - G,Instant,inferred,,yes,3.0,30,12.05,36.15,2.5,0.041,0.8,
2025-09-30,2025-09,Assembly,,40016,Vanilla Nut Tagless Tea Bag - 50 Ct - GA,Tea,governed,high,yes,2.0,312,4.533,9.067,68.8,1.147,34.4,
2025-09-30,2025-09,Assembly,,43011,ORG Dandelion Vanilla Nut 25CT Tea Bag - A,Tea,governed,high,yes,1.0,50,1.867,1.867,26.8,0.446,26.8,
2025-09-30,2025-09,Assembly,,43321,Dandelion Red Chai 25 Count Tea Bag,Tea,governed,high,yes,1.0,400,8.25,8.25,48.5,0.808,48.5,
2025-09-30,2025-09,Maisa 1,,40011A,ORG 25 CT Vanilla Nut AMZN - GA,Tea,inferred,,yes,3.0,384,3.0,9.0,128.0,2.133,42.7,
2025-09-30,2025-09,Maisa 1,,40013,ORG Vanila Nut 25CT Tea Bag 3PK - GA,Tea,inferred,,yes,3.0,120,3.15,9.45,38.1,0.635,12.7,
2025-09-30,2025-09,Maisa 1,,42121,ORG Chocolate Raspberry 25CT Tea Bag - G,Tea,governed,high,yes,3.0,408,2.983,8.95,136.8,2.279,45.6,
2025-09-30,2025-09,Maisa 1,,Clean,Standard Clean,Tea,inferred,,,3.0,0,0.783,2.35,,,,
2025-09-30,2025-09,Maisa 2+3,,45030,ORG Lion's Mane Rhodiola 10 Ct Tea Bag/6 Count Case - G,Tea,inferred,,yes,3.0,1890,4.467,13.4,423.1,7.052,141.0,
2025-09-30,2025-09,Maisa 2+3,,46011,ORG Dark Chocolate 25 Ct Tea Bag,Tea,governed,high,yes,3.0,1056,3.75,11.25,281.6,4.693,93.9,
2025-09-30,2025-09,WeighRight,,10022,ORG Raw Dandelion1 Lb Bag,Bag/Other,inferred,,yes,3.0,1217,2.633,7.9,462.2,7.703,154.1,
2025-09-30,2025-09,WeighRight,,10035,Chicory 5 Lb Bag,Bag/Other,inferred,,yes,3.0,318,1.9,5.7,167.4,2.789,55.8,
2025-09-30,2025-09,WeighRight,,10039A,AMZN Roasted French Chicory 2 X 1 Lb Bag,Bag/Other,inferred,,yes,3.0,540,1.8,5.4,300.0,5.0,100.0,
2025-09-30,2025-09,WeighRight,,10059A,AMZN ORG French Chicory 2 X 1 Lb Bag,Bag/Other,inferred,,yes,3.0,336,1.017,3.05,330.5,5.508,110.2,
2025-09-30,2025-09,WeighRight,,Clean,Standard Clean,Bag/Other,inferred,,,3.0,0,0.55,1.65,,,,
2025-09-30,2025-09,WeighRight,,Clean,Standard Clean,Bag/Other,inferred,,,3.0,0,1.067,3.2,,,,
2025-09-30,2025-09,WeighRight,,Clean,Standard Clean,Bag/Other,inferred,,,3.0,0,0.717,2.15,,,,
2025-10-01,2025-10,AMS,handpack,30007,Instant Miraculous Mushrooms A&P 100g Bag / 6 Count Case,Instant,inferred,,yes,3.0,582,3.1,9.3,187.7,3.129,62.6,
2025-10-01,2025-10,AMS,handpack,30007L,ORG Instant Miraculous Mushrooms AP 100g Bag,Instant,governed,high,yes,3.0,578,4.483,13.45,128.9,2.149,43.0,
2025-10-01,2025-10,AMS,handpack,30008,Instant French Roast 100g Bag / 6 Count Case - G,Instant,inferred,,yes,3.0,762,5.75,17.25,132.5,2.209,44.2,
2025-10-01,2025-10,AMS,handpack,30009L,ORG Instant Vanilla Nut 100g Bag - G,Instant,governed,high,yes,3.0,290,1.433,4.3,202.3,3.372,67.4,
2025-10-01,2025-10,AMS,handpack,30009L,ORG Instant Vanilla Nut 100g Bag - G,Instant,governed,high,yes,3.0,420,4.367,13.1,96.2,1.603,32.1,
2025-10-01,2025-10,AMS,handpack,30012,Instant Dandelion Blend 100g Bag / 6 Count Case,Instant,inferred,,yes,3.0,372,4.0,12.0,93.0,1.55,31.0,
2025-10-01,2025-10,AMS,handpack,30012L,ORG GF Dandelion Blend 100g Bag,Bag/Other,inferred,,yes,3.0,576,4.5,13.5,128.0,2.133,42.7,
2025-10-01,2025-10,AMS,handpack,30013,Instant Miraculous Mushrooms C+5 135g Bag / 6 Count Case,Instant,inferred,,yes,3.0,354,4.517,13.55,78.4,1.306,26.1,
2025-10-01,2025-10,Assembly,,43011,ORG Dandelion Vanilla Nut 25CT Tea Bag - A,Tea,governed,high,yes,1.0,119,4.25,4.25,28.0,0.467,28.0,
2025-10-01,2025-10,Maisa 1,,40011,ORG Vanila Nut 25CT Tea Bag - GA,Tea,governed,high,yes,3.0,144,1.55,4.65,92.9,1.548,31.0,
2025-10-01,2025-10,Maisa 1,,40011A,ORG 25 CT Vanilla Nut AMZN - GA,Tea,inferred,,yes,3.0,432,3.633,10.9,118.9,1.982,39.6,
2025-10-01,2025-10,Maisa 2+3,,45030,ORG Lion's Mane Rhodiola 10 Ct Tea Bag/6 Count Case - G,Tea,inferred,,yes,3.0,1338,3.967,11.9,337.3,5.622,112.4,
2025-10-01,2025-10,Maisa 2+3,,45030F,Lion's Mane Rhodiola Dual Language 10 cnt TB - G,Tea,inferred,,yes,3.0,792,2.533,7.6,312.6,5.211,104.2,
2025-10-01,2025-10,Maisa 2+3,,46011,ORG Dark Chocolate 25 Ct Tea Bag,Tea,governed,high,yes,3.0,576,3.167,9.5,181.9,3.032,60.6,
2025-10-02,2025-10,AMS,handpack,10024,ORG Lavender 4 Oz Bag - 79523910024,Bag/Other,inferred,,yes,2.0,264,7.2,14.4,36.7,0.611,18.3,
2025-10-02,2025-10,AMS,handpack,30012,Instant Dandelion Blend 100g Bag / 6 Count Case,Instant,inferred,,yes,3.0,390,2.167,6.5,180.0,3.0,60.0,
2025-10-02,2025-10,AMS,handpack,30013,Instant Miraculous Mushrooms C+5 135g Bag / 6 Count Case,Instant,inferred,,yes,3.0,348,1.667,5.0,208.8,3.48,69.6,
2025-10-02,2025-10,Assembly,,43011,ORG Dandelion Vanilla Nut 25CT Tea Bag - A,Tea,governed,high,yes,1.0,119,3.75,3.75,31.7,0.529,31.7,
2025-10-02,2025-10,Maisa 1,,40011,ORG Vanila Nut 25CT Tea Bag - GA,Tea,governed,high,yes,3.0,288,2.133,6.4,135.0,2.25,45.0,
2025-10-02,2025-10,Maisa 1,,48002,WWB ORG Roasted Barley 25ct Tea Bag - G,Tea,inferred,,yes,3.0,120,0.833,2.5,144.0,2.4,48.0,
2025-10-02,2025-10,Maisa 1,,TB010,ORG Vanilla Nut Tea Bag Loose - GA,Tea bag (intermediate),item-code,,yes,3.0,12000,3.55,10.65,3380.3,56.338,1126.8,
2025-10-02,2025-10,Maisa 1,,cleanA,Clean + Allergen Tests,Tea,inferred,,,3.0,0,1.1,3.3,,,,
2025-10-02,2025-10,Maisa 2+3,,45030F,Lion's Mane Rhodiola Dual Language 10 cnt TB - G,Tea,inferred,,yes,3.0,588,2.517,7.55,233.6,3.894,77.9,
2025-10-02,2025-10,Maisa 2+3,,45031,ORG Lion's Mane Rhodiola 25 Ct Tea Bag - G,Tea,inferred,,yes,3.0,237,1.733,5.2,136.7,2.279,45.6,
2025-10-02,2025-10,Maisa 2+3,,45033,DO NOT MAKE ORG Lion's Mane Rhodiola 25CT Tea Bag 3PK - G,Tea,inferred,,yes,3.0,84,1.983,5.95,42.4,0.706,14.1,
2025-10-02,2025-10,Maisa 2+3,,46010,ORG Dark Chocolate 10 Ct Tea Bag/6 Count Case,Tea,inferred,,yes,3.0,54,0.633,1.9,85.3,1.421,28.4,
2025-10-02,2025-10,Maisa 2+3,,46011,ORG Dark Chocolate 25 Ct Tea Bag,Tea,governed,high,yes,3.0,240,3.517,10.55,68.2,1.137,22.7,
2025-10-02,2025-10,WeighRight,,10104,WWB - ORG Dark Roasted Carob Flour - 1 Lb Bag,Bag/Other,inferred,,yes,3.0,156,2.6,7.8,60.0,1.0,20.0,
2025-10-06,2025-10,AMS,handpack,10024,ORG Lavender 4 Oz Bag - 79523910024,Bag/Other,inferred,,yes,1.0,360,7.583,7.583,47.5,0.791,47.5,
2025-10-06,2025-10,AMS,handpack,10045,AMZN- WWB-ORG Rooibos - 1 Lb Bag,Bag/Other,inferred,,yes,2.0,300,9.083,18.167,33.0,0.55,16.5,
2025-10-06,2025-10,Assembly,,12251,Holiday Tea Bag Sampler Box - 6 Count Case,Sampler,inferred,,yes,2.0,23,0.467,0.933,49.3,0.821,24.6,
2025-10-06,2025-10,Assembly,,42099,Teeccino Herbal Tea Holiday Display,Bag/Other,inferred,,yes,2.0,2,0.383,0.767,5.2,0.087,2.6,
2025-10-06,2025-10,Assembly,,43001,Dandelion Tea Sampler Box - 6 Count Case,Sampler,inferred,,yes,2.0,10,0.9,1.8,11.1,0.185,5.6,
2025-10-06,2025-10,Assembly,,80120A,DO NOT MAKE AMZN Org Maya Chai 11OZ Bag/Box of 24 - G,Bag/Other,inferred,,yes,1.0,120,0.55,0.55,218.2,3.636,218.2,
2025-10-06,2025-10,Assembly,,85070,ORG Miraculous Mushrooms A&P 6Ct/10Oz APG Bag,APG,inferred,,yes,2.0,222,0.9,1.8,246.7,4.111,123.3,
2025-10-06,2025-10,Maisa 1,,43370,ORG Dandelion Blueberry Vanilla 10ct/6pk Tea Bag,Tea,inferred,,yes,3.0,918,3.25,9.75,282.5,4.708,94.2,
2025-10-06,2025-10,Maisa 1,,43371,ORG Blueberry Vanilla 25-Ct Tea Bag,Tea,inferred,,yes,3.0,186,1.867,5.6,99.6,1.661,33.2,
2025-10-06,2025-10,Maisa 1,,48002,WWB ORG Roasted Barley 25ct Tea Bag - G,Tea,inferred,,yes,3.0,326,2.733,8.2,119.3,1.988,39.8,
2025-10-06,2025-10,Maisa 1,,48004,WWB ORG French Chicory 25ct Tea Bag,Tea,inferred,,yes,3.0,10,0.083,0.25,120.0,2.0,40.0,
2025-10-06,2025-10,Maisa 1,,Clean,Standard Clean,Tea,inferred,,,3.0,0,1.083,3.25,,,,
2025-10-06,2025-10,Maisa 1,,clean,Standard Clean,Tea,inferred,,,3.0,0,0.967,2.9,,,,
2025-10-06,2025-10,Maisa 2+3,,45031,ORG Lion's Mane Rhodiola 25 Ct Tea Bag - G,Tea,inferred,,yes,3.0,243,2.467,7.4,98.5,1.642,32.8,
2025-10-06,2025-10,Maisa 2+3,,46010,ORG Dark Chocolate 10 Ct Tea Bag/6 Count Case,Tea,inferred,,yes,3.0,1326,4.267,12.8,310.8,5.18,103.6,
2025-10-06,2025-10,WeighRight,,10071,AMZN - WWB - ORG Roasted Barley - 1 Lb - G,Bag/Other,inferred,,yes,3.0,1315,2.8,8.4,469.6,7.827,156.5,
2025-10-06,2025-10,WeighRight,,10104,WWB - ORG Dark Roasted Carob Flour - 1 Lb Bag,Bag/Other,inferred,,yes,3.0,444,5.183,15.55,85.7,1.428,28.6,
2025-10-06,2025-10,WeighRight,,20061,ORG Hazelnut 300G Dual Language Bag - 6Ct Case - GA,Bag/Other,inferred,,yes,3.0,60,0.267,0.8,225.0,3.75,75.0,
2025-10-06,2025-10,WeighRight,,60070,ORG Java 5 Lb Bag - GA,Bag/Other,inferred,,yes,3.0,60,0.767,2.3,78.3,1.304,26.1,
2025-10-06,2025-10,WeighRight,,Clean,Standard Clean,Bag/Other,inferred,,,3.0,0,0.4,1.2,,,,
2025-10-06,2025-10,WeighRight,,Clean,Standard Clean,Bag/Other,inferred,,,3.0,0,0.633,1.9,,,,
2025-10-06,2025-10,WeighRight,,Clean,Standard Clean,Bag/Other,inferred,,,3.0,0,0.217,0.65,,,,
2025-10-07,2025-10,AMS,handpack,10013,"ORG Hibisicus, 8 Oz Bag",Bag/Other,inferred,,yes,2.0,408,10.25,20.5,39.8,0.663,19.9,
2025-10-07,2025-10,AMS,handpack,10045,AMZN- WWB-ORG Rooibos - 1 Lb Bag,Bag/Other,inferred,,yes,2.0,60,1.017,2.033,59.0,0.984,29.5,
2025-10-07,2025-10,Assembly,,43001,Dandelion Tea Sampler Box - 6 Count Case,Sampler,inferred,,yes,3.0,25,5.0,15.0,5.0,0.083,1.7,
2025-10-07,2025-10,Maisa 1,,43111,ORG Dandelion Dark Roast 25CT Tea Bag,Tea,governed,high,yes,3.0,432,5.633,16.9,76.7,1.278,25.6,
2025-10-07,2025-10,Maisa 1,,48004,WWB ORG French Chicory 25ct Tea Bag,Tea,inferred,,yes,3.0,342,3.417,10.25,100.1,1.668,33.4,
2025-10-07,2025-10,Maisa 1,,Clean,Standard Clean,Tea,inferred,,,3.0,0,1.0,3.0,,,,
2025-10-07,2025-10,Maisa 2+3,,40081,ORG Mocha 25CT Tea Bag - GA,Tea,governed,high,yes,3.0,168,1.3,3.9,129.2,2.154,43.1,
2025-10-07,2025-10,Maisa 2+3,,42061,ORG Maple Pecan 25CT Tea Bag - GA,Tea,governed,high,yes,3.0,552,4.233,12.7,130.4,2.173,43.5,
2025-10-07,2025-10,Maisa 2+3,,46010L,ORG Dark Chocolate 10 Ct Tea Bag/36 Count Box,Tea,governed,high,yes,3.0,360,1.433,4.3,251.2,4.186,83.7,
2025-10-07,2025-10,Maisa 2+3,,Clean,Standard Clean,Tea,inferred,,,3.0,0,0.5,1.5,,,,
2025-10-07,2025-10,Maisa 2+3,,Clean,Standard Clean,Tea,inferred,,,3.0,0,0.467,1.4,,,,
2025-10-07,2025-10,Maisa 2+3,,Clean,Standard Clean,Tea,inferred,,,3.0,0,0.75,2.25,,,,
2025-10-07,2025-10,WeighRight,,20061,ORG Hazelnut 300G Dual Language Bag - 6Ct Case - GA,Bag/Other,inferred,,yes,3.0,660,1.017,3.05,649.2,10.82,216.4,
2025-10-07,2025-10,WeighRight,,80030A,AMZN Org Almond Amaretto 11OZ Bag/Box of 24 - GA,Bag/Other,inferred,,yes,3.0,216,1.467,4.4,147.3,2.455,49.1,
2025-10-07,2025-10,WeighRight,,80060,ORG Hazelnut 11OZ Bag/6 Count Case - GA,Bag/Other,inferred,,yes,3.0,1380,2.983,8.95,462.6,7.709,154.2,
2025-10-07,2025-10,WeighRight,,80060A,AMZN Org Hazelnut 11OZ Bag/Box of 24 - GA,Bag/Other,inferred,,yes,3.0,816,2.483,7.45,328.6,5.477,109.5,
2025-10-07,2025-10,WeighRight,,80060L,Org Hazelnut 11OZ Bag/Box of 24 - GA,Bag/Other,inferred,,yes,3.0,840,1.533,4.6,547.8,9.13,182.6,
2025-10-07,2025-10,WeighRight,,Clean,Standard Clean,Bag/Other,inferred,,,3.0,0,0.717,2.15,,,,
2025-10-08,2025-10,AMS,handpack,10013,"ORG Hibisicus, 8 Oz Bag",Bag/Other,inferred,,yes,2.0,72,0.417,0.833,172.8,2.88,86.4,
2025-10-08,2025-10,AMS,handpack,10044,AMZN- WWB-ORG Hibiscus - 1 Lb Bag,Bag/Other,inferred,,yes,3.0,240,3.067,9.2,78.3,1.304,26.1,
2025-10-08,2025-10,AMS,handpack,10401A,AMZN-WWB-ORG Krishna Tulsi- 8OZ Bag,Bag/Other,inferred,,yes,3.0,216,4.75,14.25,45.5,0.758,15.2,
2025-10-08,2025-10,Assembly,,43001,Dandelion Tea Sampler Box - 6 Count Case,Sampler,inferred,,yes,3.0,45,3.167,9.5,14.2,0.237,4.7,
2025-10-08,2025-10,Assembly,,45070,ORG Miraculous Mushrooms A&P 10Ct/6Pk Tea Bag,Tea,inferred,,yes,3.0,120,0.633,1.9,189.5,3.158,63.2,
2025-10-08,2025-10,Maisa 1,,43111,ORG Dandelion Dark Roast 25CT Tea Bag,Tea,governed,high,yes,3.0,744,10.0,30.0,74.4,1.24,24.8,
2025-10-08,2025-10,Maisa 2+3,,40081,ORG Mocha 25CT Tea Bag - GA,Tea,governed,high,yes,3.0,264,1.75,5.25,150.9,2.514,50.3,
2025-10-08,2025-10,Maisa 2+3,,42040,ORG Snickerdoodle 10ct/6pk Tea Bag - GA,Tea,inferred,,yes,3.0,1380,5.75,17.25,240.0,4.0,80.0,
2025-10-08,2025-10,Maisa 2+3,,42041,Snickerdoodle 25CT Tea Bag - GA,Tea,governed,high,yes,3.0,254,1.333,4.0,190.5,3.175,63.5,
2025-10-08,2025-10,Maisa 2+3,,Clean,Standard Clean,Tea,inferred,,,3.0,0,1.017,3.05,,,,
2025-10-08,2025-10,WeighRight,,50080,ORG Mocha 30g Trial Size Packet - GA,Bag/Other,inferred,,yes,3.0,1080,3.183,9.55,339.3,5.654,113.1,
2025-10-08,2025-10,WeighRight,,60080,ORG Mocha 5 Lb Bag - GA,Bag/Other,inferred,,yes,3.0,52,1.15,3.45,45.2,0.754,15.1,
2025-10-08,2025-10,WeighRight,,80030A,AMZN Org Almond Amaretto 11OZ Bag/Box of 24 - GA,Bag/Other,inferred,,yes,3.0,384,0.667,2.0,576.0,9.6,192.0,
2025-10-08,2025-10,WeighRight,,80030L,ORG Almond Amaretto 11OZ Bag/Box of 24 - GA,Bag/Other,inferred,,,3.0,0,1.583,4.75,,,,
2025-10-08,2025-10,WeighRight,,80033,ORG Almond Amaretto 11OZ Bag 3PK - GA,Bag/Other,inferred,,yes,3.0,128,0.833,2.5,153.6,2.56,51.2,
2025-10-08,2025-10,WeighRight,,80080L,Org Mocha 11OZ Bag/Box of 24 - GA,Bag/Other,inferred,,yes,3.0,384,0.617,1.85,622.7,10.378,207.6,
2025-10-08,2025-10,WeighRight,,80083,ORG Mocha 11OZ Bag 3PK  - GA,Bag/Other,inferred,,yes,3.0,128,1.05,3.15,121.9,2.032,40.6,
2025-10-08,2025-10,WeighRight,,80086,Mocha 500g APG Bag - GA,APG,inferred,,yes,3.0,24,0.217,0.65,110.8,1.846,36.9,
2025-10-08,2025-10,WeighRight,,Clean,Standard Clean,Bag/Other,inferred,,,3.0,0,0.633,1.9,,,,
2025-10-09,2025-10,AMS,handpack,10401A,AMZN-WWB-ORG Krishna Tulsi- 8OZ Bag,Bag/Other,inferred,,yes,3.0,225,3.083,9.25,73.0,1.216,24.3,
2025-10-09,2025-10,Assembly,,40001L,Herbal Tea Sampler Box - Loose,Sampler,governed,high,yes,2.0,496,5.0,10.0,99.2,1.653,49.6,
2025-10-09,2025-10,Assembly,,45020F,Chaga Ashwagandha Dual Language 10 cnt TB,Tea,inferred,,yes,3.0,720,5.15,15.45,139.8,2.33,46.6,
2025-10-09,2025-10,Assembly,,45030F,Lion's Mane Rhodiola Dual Language 10 cnt TB - G,Tea,inferred,,yes,3.0,480,2.017,6.05,238.0,3.967,79.3,
2025-10-09,2025-10,Maisa 1,,43110A,AMZN Org Dandelion Dark Roast 10 Ct Tea Bag Loose,Tea,inferred,,yes,3.0,288,1.167,3.5,246.9,4.114,82.3,
2025-10-09,2025-10,Maisa 1,,43111,ORG Dandelion Dark Roast 25CT Tea Bag,Tea,governed,high,yes,3.0,216,2.083,6.25,103.7,1.728,34.6,
2025-10-09,2025-10,Maisa 1,,43113,ORG Dandelion Dark Roast 25CT Tea Bag 3PK,Tea,inferred,,yes,3.0,228,6.333,19.0,36.0,0.6,12.0,
2025-10-09,2025-10,Maisa 2+3,,40021,ORG Chocolate Mint 25CT Tea Bag - GA,Tea,governed,high,yes,3.0,432,3.0,9.0,144.0,2.4,48.0,
2025-10-09,2025-10,Maisa 2+3,,40021A,AMZN ORG Chocolate Mint 25-Ct Tea Bag - GA,Tea,inferred,,yes,3.0,600,4.15,12.45,144.6,2.41,48.2,
2025-10-09,2025-10,Maisa 2+3,,42041,Snickerdoodle 25CT Tea Bag - GA,Tea,governed,high,yes,3.0,178,1.3,3.9,136.9,2.282,45.6,
2025-10-09,2025-10,Maisa 2+3,,Clean,Standard Clean,Tea,inferred,,,3.0,0,1.0,3.0,,,,
2025-10-09,2025-10,Maisa 2+3,,Clean,Standard Clean,Tea,inferred,,,3.0,0,0.533,1.6,,,,
2025-10-09,2025-10,WeighRight,,80080,ORG Mocha 11OZ Bag/6 Count Case - GA,Bag/Other,inferred,,yes,3.0,1236,2.367,7.1,522.3,8.704,174.1,
2025-10-09,2025-10,WeighRight,,80086,Mocha 500g APG Bag - GA,APG,inferred,,yes,3.0,300,0.867,2.6,346.2,5.769,115.4,
2025-10-09,2025-10,WeighRight,,85020L,ORG Chaga Ashwagandha 10 Oz Bag/Box of 24,Bag/Other,inferred,,yes,3.0,1152,2.317,6.95,497.3,8.288,165.8,
2025-10-09,2025-10,WeighRight,,85070,ORG Miraculous Mushrooms A&P 6Ct/10Oz APG Bag,APG,inferred,,yes,3.0,690,1.3,3.9,530.8,8.846,176.9,
2025-10-09,2025-10,WeighRight,,86010L,ORG Dark Chocolate 10 Oz Bag/Box of 24,Bag/Other,inferred,,yes,3.0,600,1.133,3.4,529.4,8.824,176.5,
2025-10-09,2025-10,WeighRight,,Clean,Standard Clean,Bag/Other,inferred,,,3.0,0,0.6,1.8,,,,
2025-10-09,2025-10,WeighRight,,Clean,Standard Clean,Bag/Other,inferred,,,3.0,0,0.7,2.1,,,,
2025-10-09,2025-10,WeighRight,,CleanGA,Clean + Gluten + Almond Tests,Bag/Other,inferred,,,3.0,0,0.383,1.15,,,,
2025-10-13,2025-10,AMS,handpack,31005L,ORG GF Instant Dandelion Latte 224g Bag,Instant,governed,high,yes,3.0,293,2.967,8.9,98.8,1.646,32.9,
2025-10-13,2025-10,AMS,handpack,31007L,ORG Instant Miraculous Mushrooms AP Latte 224g Bag,Instant,governed,high,yes,3.0,339,3.167,9.5,107.1,1.784,35.7,
2025-10-13,2025-10,AMS,handpack,31008L,ORG Instant French Roast Latte 224g Bag,Instant,governed,high,yes,3.0,284,2.767,8.3,102.7,1.711,34.2,
2025-10-13,2025-10,AMS,handpack,31009L,ORG Instant Vanilla Nut Latte 224g Bag,Instant,governed,high,yes,3.0,336,3.767,11.3,89.2,1.487,29.7,
2025-10-13,2025-10,AMS,handpack,31010L,ORG Instant Hazelnut Latte 224g Bag,Instant,governed,high,,3.0,336,,,,,,
2025-10-13,2025-10,AMS,handpack,31014L,ORG Instant Miraculous Mushroom Matcha Latte 252g Bag,Instant,inferred,,yes,3.0,298,3.55,10.65,83.9,1.399,28.0,
2025-10-13,2025-10,Assembly,,40001L,Herbal Tea Sampler Box - Loose,Sampler,governed,high,yes,3.0,487,3.667,11.0,132.8,2.214,44.3,
2025-10-13,2025-10,Maisa 1,,43110,ORG Dandelion Dark Roast 10ct/6pk Tea Bag,Tea,inferred,,yes,3.0,3732,9.583,28.75,389.4,6.49,129.8,
2025-10-13,2025-10,Maisa 1,,43110A,AMZN Org Dandelion Dark Roast 10 Ct Tea Bag Loose,Tea,inferred,,yes,3.0,216,0.467,1.4,462.9,7.714,154.3,
2025-10-13,2025-10,Maisa 2+3,,40041,DO NOT MAKE - ORG Blood Orange 25CT Tea Bag - GA,Tea,governed,high,yes,3.0,432,2.217,6.65,194.9,3.248,65.0,
2025-10-13,2025-10,WeighRight,,60110,ORG French Roast 5 Lb Bag - G,Bag/Other,inferred,,yes,3.0,79,0.617,1.85,128.1,2.135,42.7,
2025-10-13,2025-10,WeighRight,,85070,ORG Miraculous Mushrooms A&P 6Ct/10Oz APG Bag,APG,inferred,,yes,3.0,690,1.85,5.55,373.0,6.216,124.3,
2025-10-13,2025-10,WeighRight,,85070L,ORG Miraculous Mushrooms A&P 10oz Bag/Box of 24,Bag/Other,inferred,,yes,3.0,1224,2.783,8.35,439.8,7.329,146.6,
2025-10-13,2025-10,WeighRight,,Clean,Standard Clean,Bag/Other,inferred,,,3.0,0,0.833,2.5,,,,
2025-10-14,2025-10,AMS,handpack,10101A,AMZN - WWB - ORG Medium Roasted Carob Flour - 1 Lb Bag,Bag/Other,inferred,,yes,3.0,227,4.433,13.3,51.2,0.853,17.1,
2025-10-14,2025-10,Assembly,,40001L,Herbal Tea Sampler Box - Loose,Sampler,governed,high,yes,3.0,496,5.0,15.0,99.2,1.653,33.1,
2025-10-14,2025-10,Assembly,,40132,ORG Maca Chocolate 25CT Tea Bag - G,Tea,governed,high,yes,3.0,72,1.25,3.75,57.6,0.96,19.2,
2025-10-14,2025-10,Maisa 1,,43110,ORG Dandelion Dark Roast 10ct/6pk Tea Bag,Tea,inferred,,yes,3.0,1314,4.167,12.5,315.4,5.256,105.1,
2025-10-14,2025-10,Maisa 2+3,,43220,ORG Dandelion Caramel Nut 10ct/6pk Tea Bag - A,Tea,inferred,,yes,3.0,2760,3.517,10.55,784.8,13.081,261.6,
2025-10-14,2025-10,Maisa 2+3,,CleanG,Clean + Gluten Test,Tea,inferred,,,3.0,0,3.483,10.45,,,,
2025-10-14,2025-10,Maisa 2+3,,TB040,ORG Blood Orange Tea Bag - GA,Tea bag (intermediate),item-code,,yes,3.0,2000,0.45,1.35,4444.4,74.074,1481.5,
2025-10-14,2025-10,WeighRight,,80110,ORG French Roast 11OZ Bag/6 Count Case - G,Bag/Other,inferred,,yes,3.0,1380,2.933,8.8,470.5,7.841,156.8,
2025-10-15,2025-10,Assembly,,40001L,Herbal Tea Sampler Box - Loose,Sampler,governed,high,yes,3.0,501,5.0,15.0,100.2,1.67,33.4,
2025-10-15,2025-10,Maisa 1,,Deep Clean,,Tea,inferred,,,3.0,0,10.5,31.5,,,,
2025-10-15,2025-10,Maisa 2+3,,Deep clean,,Tea,inferred,,,5.0,0,10.5,52.5,,,,
2025-10-15,2025-10,WeighRight,,Deep clean,,Bag/Other,inferred,,,3.0,0,10.5,31.5,,,,
2025-10-16,2025-10,Maisa 1,,Clean,Standard Clean,Tea,inferred,,,3.0,0,10.5,31.5,,,,
2025-10-16,2025-10,Maisa 1,,Deep Clean,,Tea,inferred,,,3.0,0,10.5,31.5,,,,
2025-10-16,2025-10,Maisa 2+3,,Deep clean,,Tea,inferred,,,5.0,0,9.667,48.333,,,,
2025-10-16,2025-10,WeighRight,,Deep clean,,Bag/Other,inferred,,,3.0,0,10.5,31.5,,,,
2025-10-20,2025-10,AMS,handpack,31007L,ORG Instant Miraculous Mushrooms AP Latte 224g Bag,Instant,governed,high,yes,3.0,498,5.5,16.5,90.5,1.509,30.2,
2025-10-20,2025-10,AMS,handpack,31011L,ORG Instant Mocha Latte 224g Bag,Instant,inferred,,yes,2.0,495,6.083,12.167,81.4,1.356,40.7,
2025-10-20,2025-10,Assembly,,45030F,Lion's Mane Rhodiola Dual Language 10 cnt TB - G,Tea,inferred,,yes,1.0,552,3.833,3.833,144.0,2.4,144.0,
2025-10-20,2025-10,Maisa 1,,40132,ORG Maca Chocolate 25CT Tea Bag - G,Tea,governed,high,yes,3.0,537,4.0,12.0,134.2,2.237,44.8,
2025-10-20,2025-10,Maisa 1,,Clean,Standard Clean,Tea,inferred,,,3.0,0,0.5,1.5,,,,
2025-10-20,2025-10,Maisa 2+3,,43220,ORG Dandelion Caramel Nut 10ct/6pk Tea Bag - A,Tea,inferred,,yes,5.0,5520,7.083,35.417,779.3,12.988,155.9,
2025-10-20,2025-10,Maisa 2+3,,45070,ORG Miraculous Mushrooms A&P 10Ct/6Pk Tea Bag,Tea,inferred,,yes,5.0,1848,2.05,10.25,901.5,15.024,180.3,
2025-10-20,2025-10,Maisa 2+3,,Clean,Standard Clean,Tea,inferred,,,5.0,0,0.533,2.667,,,,
2025-10-20,2025-10,WeighRight,,10031,Roasted Chicory Root - 1 Lb Bag,Bag/Other,inferred,,yes,3.0,2472,5.25,15.75,470.9,7.848,157.0,
2025-10-20,2025-10,WeighRight,,10051,ORG Roasted Chicory Root - 1 Lb Bag,Bag/Other,inferred,,yes,3.0,840,2.417,7.25,347.6,5.793,115.9,
2025-10-20,2025-10,WeighRight,,10059A,AMZN ORG French Chicory 2 X 1 Lb Bag,Bag/Other,inferred,,yes,3.0,420,1.917,5.75,219.1,3.652,73.0,
2025-10-20,2025-10,WeighRight,,Clean,Standard Clean,Bag/Other,inferred,,,3.0,0,0.167,0.5,,,,
2025-10-21,2025-10,Assembly,,12250,Advent Calendar,Accessory,governed,,yes,3.0,10,2.0,6.0,5.0,0.083,1.7,
2025-10-21,2025-10,Assembly,,12251,Holiday Tea Bag Sampler Box - 6 Count Case,Sampler,inferred,,yes,1.0,8,0.25,0.25,32.0,0.533,32.0,
2025-10-21,2025-10,Assembly,,43340,ORG Dandelion Coconut 10CT Tea Bag - A,Tea,inferred,,yes,1.0,300,1.867,1.867,160.7,2.679,160.7,
2025-10-21,2025-10,Assembly,,45030F,Lion's Mane Rhodiola Dual Language 10 cnt TB - G,Tea,inferred,,yes,1.0,828,6.017,6.017,137.6,2.294,137.6,
2025-10-21,2025-10,Maisa 1,,40010,ORG Vanilla Nut 10ct/6pk Tea Bag - GA,Tea,inferred,,yes,3.0,822,2.017,6.05,407.6,6.793,135.9,
2025-10-21,2025-10,Maisa 1,,40111,ORG French Roast 25CT Tea Bag - G,Tea,governed,high,yes,3.0,86,0.533,1.6,161.3,2.688,53.8,
2025-10-21,2025-10,Maisa 1,,Clean,Standard Clean,Tea,inferred,,,3.0,0,0.667,2.0,,,,
2025-10-21,2025-10,Maisa 1,,NTB0110,French Roast Tagless 6g Tea Bag - G,Tea bag (intermediate),item-code,,yes,3.0,32400,6.783,20.35,4776.4,79.607,1592.1,
2025-10-21,2025-10,Maisa 2+3,,43220,ORG Dandelion Caramel Nut 10ct/6pk Tea Bag - A,Tea,inferred,,yes,5.0,2760,3.283,16.417,840.6,14.01,168.1,
2025-10-21,2025-10,Maisa 2+3,,43221,ORG Dandelion Caramel Nut 25CT Tea Bag - A,Tea,governed,high,yes,5.0,1693,6.233,31.167,271.6,4.527,54.3,
2025-10-21,2025-10,Maisa 2+3,,CLEANA,Clean + Allergen Tests,Tea,inferred,,,5.0,0,0.417,2.083,,,,
2025-10-21,2025-10,Maisa 2+3,,TB322,ORG Dandelion Caramel Nut Tea Bag - A,Tea bag (intermediate),item-code,,yes,4.0,2500,0.383,1.533,6521.7,108.696,1630.4,
2025-10-21,2025-10,WeighRight,,10031,Roasted Chicory Root - 1 Lb Bag,Bag/Other,inferred,,yes,3.0,3684,8.45,25.35,436.0,7.266,145.3,
2025-10-21,2025-10,WeighRight,,10039A,AMZN Roasted French Chicory 2 X 1 Lb Bag,Bag/Other,inferred,,yes,3.0,192,1.783,5.35,107.7,1.794,35.9,
2025-10-22,2025-10,Assembly,,12250,Advent Calendar,Accessory,governed,,yes,2.0,50,10.267,20.533,4.9,0.081,2.4,
2025-10-22,2025-10,Maisa 1,,40010,ORG Vanilla Nut 10ct/6pk Tea Bag - GA,Tea,inferred,,yes,3.0,1938,4.217,12.65,459.6,7.66,153.2,
2025-10-22,2025-10,Maisa 1,,40010A,AMZN Org Vanilla Nut 10 Ct Tea Bag Loose - GA,Tea,inferred,,yes,3.0,612,1.7,5.1,360.0,6.0,120.0,
2025-10-22,2025-10,Maisa 1,,40010L,Org Vanilla Nut 10 Ct Tea Bag Loose - GA,Tea,governed,high,yes,3.0,432,1.017,3.05,424.9,7.082,141.6,
2025-10-22,2025-10,Maisa 1,,40011,ORG Vanila Nut 25CT Tea Bag - GA,Tea,governed,high,yes,3.0,408,2.5,7.5,163.2,2.72,54.4,
2025-10-22,2025-10,Maisa 1,,40014,DO NOT MAKE ORG Vanila Nut 10CT Tea Bag 4PK  - GA,Tea,inferred,,yes,3.0,32,0.65,1.95,49.2,0.821,16.4,
2025-10-22,2025-10,Maisa 1,,Clean,Standard Clean,Tea,inferred,,,3.0,0,0.25,0.75,,,,
2025-10-22,2025-10,Maisa 2+3,,45020,ORG Chaga Ashwagandha 10 Ct Tea Bag/6 Count Case,Tea,inferred,,yes,3.0,2760,6.15,18.45,448.8,7.48,149.6,
2025-10-22,2025-10,Maisa 2+3,,45020F,Chaga Ashwagandha Dual Language 10 cnt TB,Tea,inferred,,yes,5.0,2760,3.45,17.25,800.0,13.333,160.0,
2025-10-22,2025-10,Maisa 2+3,,45021,ORG Chaga Ashwagandha 25 Ct Tea Bag,Tea,governed,high,yes,3.0,72,0.4,1.2,180.0,3.0,60.0,
2025-10-22,2025-10,WeighRight,,10027,Organic Licorice C/S - 8 Oz Bag,Bag/Other,inferred,,yes,3.0,264,0.833,2.5,316.8,5.28,105.6,
2025-10-22,2025-10,WeighRight,,10035,Chicory 5 Lb Bag,Bag/Other,inferred,,yes,3.0,436,3.75,11.25,116.3,1.938,38.8,
2025-10-22,2025-10,WeighRight,,10039A,AMZN Roasted French Chicory 2 X 1 Lb Bag,Bag/Other,inferred,,yes,3.0,876,4.233,12.7,206.9,3.449,69.0,
2025-10-22,2025-10,WeighRight,,Clean,Standard Clean,Bag/Other,inferred,,,3.0,0,1.25,3.75,,,,
2025-10-23,2025-10,AMS,handpack,10302A,WWB Organic Cinnamon Powder 1lb - AMZN Label,Bag/Other,inferred,,yes,2.0,72,4.817,9.633,14.9,0.249,7.5,
2025-10-23,2025-10,Assembly,,12250,Advent Calendar,Accessory,governed,,yes,3.0,45,4.033,12.1,11.2,0.186,3.7,
2025-10-23,2025-10,Assembly,,42099,Teeccino Herbal Tea Holiday Display,Bag/Other,inferred,,yes,2.0,1,3.467,6.933,0.3,0.005,0.1,
2025-10-23,2025-10,Assembly,,49999,Teeccino Herbal Tea Shipper,Bag/Other,inferred,,yes,2.0,5,1.25,2.5,4.0,0.067,2.0,
2025-10-23,2025-10,Maisa 1,,40051,Org English Toffee 25-Ct Tea Bag - GA,Tea,inferred,,yes,3.0,624,6.133,18.4,101.7,1.696,33.9,
2025-10-23,2025-10,Maisa 1,,42040L,ORG Snickerdoodle 10ct Loose - GA,Tea,governed,high,yes,3.0,540,1.167,3.5,462.9,7.714,154.3,
2025-10-23,2025-10,Maisa 1,,Clean,Standard Clean,Tea,inferred,,,3.0,0,0.5,1.5,,,,
2025-10-23,2025-10,Maisa 1,,TB204,ORG Snickerdoodle Tea Bag - GA,Tea bag (intermediate),item-code,,yes,3.0,6792,1.4,4.2,4851.4,80.857,1617.1,
2025-10-23,2025-10,Maisa 2+3,,43220F,Dandelion Caramel Nut Dual Language 10 cnt TB - A,Tea,inferred,,yes,3.0,2058,4.8,14.4,428.7,7.146,142.9,
2025-10-23,2025-10,Maisa 2+3,,43340,ORG Dandelion Coconut 10CT Tea Bag - A,Tea,inferred,,yes,3.0,1200,3.0,9.0,400.0,6.667,133.3,
2025-10-23,2025-10,Maisa 2+3,,45021,ORG Chaga Ashwagandha 25 Ct Tea Bag,Tea,governed,high,yes,5.0,1128,3.717,18.583,303.5,5.058,60.7,
2025-10-23,2025-10,Maisa 2+3,,Clean,Standard Clean,Tea,inferred,,,5.0,0,0.983,4.917,,,,
2025-10-23,2025-10,Maisa 2+3,,Clean,Standard Clean,Tea,inferred,,,5.0,0,0.583,2.917,,,,
2025-10-23,2025-10,WeighRight,,10022,ORG Raw Dandelion1 Lb Bag,Bag/Other,inferred,,yes,3.0,600,1.033,3.1,580.6,9.677,193.5,
2025-10-23,2025-10,WeighRight,,10027,Organic Licorice C/S - 8 Oz Bag,Bag/Other,inferred,,yes,3.0,497,1.7,5.1,292.4,4.873,97.5,
2025-10-23,2025-10,WeighRight,,50010,ORG Vanilla Nut 30g Trial Size Packet - GA,Bag/Other,inferred,,yes,2.0,20,0.5,1.0,40.0,0.667,20.0,
2025-10-23,2025-10,WeighRight,,80010A,AMZN Org Vanilla Nut 11OZ Bag/Box of 24 - GA,Bag/Other,inferred,,yes,3.0,1008,1.867,5.6,540.0,9.0,180.0,
2025-10-23,2025-10,WeighRight,,80010L,Org Vanilla Nut 11OZ Bag/Box of 24 - GA,Bag/Other,inferred,,yes,3.0,816,1.833,5.5,445.1,7.418,148.4,
2025-10-23,2025-10,WeighRight,,Clean,Standard Clean,Bag/Other,inferred,,,3.0,0,1.017,3.05,,,,
2025-10-23,2025-10,WeighRight,,Clean,Standard Clean,Bag/Other,inferred,,,3.0,0,1.333,4.0,,,,
2025-10-27,2025-10,AMS,handpack,10302A,WWB Organic Cinnamon Powder 1lb - AMZN Label,Bag/Other,inferred,,yes,2.0,420,10.333,20.667,40.6,0.677,20.3,
2025-10-27,2025-10,AMS,handpack,30010L,ORG Instant Hazelnut 100g Bag - G,Instant,governed,high,yes,3.0,701,5.917,17.75,118.5,1.975,39.5,
2025-10-27,2025-10,AMS,handpack,30011L,ORG Instant Mocha 100g Bag - G,Instant,inferred,,yes,3.0,120,1.65,4.95,72.7,1.212,24.2,
2025-10-27,2025-10,Assembly,,43110F,Dandelion Dark Roast Dual Language 10ct/6pk Tea Bag,Tea,inferred,,yes,2.0,3720,5.0,10.0,744.0,12.4,372.0,
2025-10-27,2025-10,Assembly,,45001L,Mushroom Adapt Tea Bag Sampler Box,Sampler,governed,high,yes,3.0,76,1.333,4.0,57.0,0.95,19.0,
2025-10-27,2025-10,Maisa 1,,40051,Org English Toffee 25-Ct Tea Bag - GA,Tea,inferred,,yes,3.0,288,2.333,7.0,123.4,2.057,41.1,
2025-10-27,2025-10,Maisa 1,,40061A,ORG 25 CT Hazelnut AMZN - GA,Tea,inferred,,yes,3.0,120,1.65,4.95,72.7,1.212,24.2,
2025-10-27,2025-10,Maisa 1,,Clean,Standard Clean,Tea,inferred,,,3.0,0,0.717,2.15,,,,
2025-10-27,2025-10,Maisa 1,,Go to Assembly,,Tea,inferred,,,3.0,0,,,,,,
2025-10-27,2025-10,Maisa 2+3,,43081,ORG Dandelion Mocha 25CT Tea Bag - A,Tea,governed,high,yes,3.0,600,5.733,17.2,104.7,1.744,34.9,
2025-10-27,2025-10,Maisa 2+3,,43220F,Dandelion Caramel Nut Dual Language 10 cnt TB - A,Tea,inferred,,yes,3.0,702,1.533,4.6,457.8,7.63,152.6,
2025-10-27,2025-10,Maisa 2+3,,43311F,ORG Dandelion Mocha Mint DL 25CT Tea Bag AMZN (24pk) - A,Tea,inferred,,yes,3.0,24,0.583,1.75,41.1,0.686,13.7,
2025-10-27,2025-10,Maisa 2+3,,43340,ORG Dandelion Coconut 10CT Tea Bag - A,Tea,inferred,,yes,3.0,1236,4.267,12.8,289.7,4.828,96.6,
2025-10-27,2025-10,Maisa 2+3,,Clean,Standard Clean,Tea,inferred,,,3.0,0,0.533,1.6,,,,
2025-10-27,2025-10,Maisa 2+3,,Clean,Standard Clean,Tea,inferred,,,3.0,0,0.883,2.65,,,,
2025-10-27,2025-10,Maisa 2+3,,TB331,ORG Dandelion Mocha Mint Tea Bag - A,Tea bag (intermediate),item-code,,yes,2.0,3000,1.717,3.433,1747.6,29.126,873.8,
2025-10-27,2025-10,WeighRight,,50010,ORG Vanilla Nut 30g Trial Size Packet - GA,Bag/Other,inferred,,yes,3.0,2140,3.367,10.1,635.6,10.594,211.9,
2025-10-27,2025-10,WeighRight,,80016,Vanilla Nut 500g APG Bag - GA,APG,inferred,,yes,3.0,432,1.7,5.1,254.1,4.235,84.7,
2025-10-27,2025-10,WeighRight,,80110,ORG French Roast 11OZ Bag/6 Count Case - G,Bag/Other,inferred,,,3.0,0,0.167,0.5,,,,
2025-10-27,2025-10,WeighRight,,85020,ORG Chaga Ashwagandha 10 Oz Bag/6 Count Case,Bag/Other,inferred,,yes,3.0,1206,1.083,3.25,1113.2,18.554,371.1,
2025-10-27,2025-10,WeighRight,,CleanGA,Clean + Gluten + Almond Tests,Bag/Other,inferred,,,3.0,0,0.817,2.45,,,,
2025-10-27,2025-10,WeighRight,,cLEAN,Standard Clean,Bag/Other,inferred,,,3.0,0,2.983,8.95,,,,
2025-10-28,2025-10,AMS,handpack,10302A,WWB Organic Cinnamon Powder 1lb - AMZN Label,Bag/Other,inferred,,yes,2.0,432,10.1,20.2,42.8,0.713,21.4,
2025-10-28,2025-10,AMS,handpack,30011L,ORG Instant Mocha 100g Bag - G,Instant,inferred,,yes,3.0,573,2.6,7.8,220.4,3.673,73.5,
2025-10-28,2025-10,AMS,handpack,31009L,ORG Instant Vanilla Nut Latte 224g Bag,Instant,governed,high,yes,3.0,671,4.417,13.25,151.9,2.532,50.6,
2025-10-28,2025-10,AMS,handpack,31010L,ORG Instant Hazelnut Latte 224g Bag,Instant,governed,high,yes,3.0,432,2.5,7.5,172.8,2.88,57.6,
2025-10-28,2025-10,Assembly,,43110F,Dandelion Dark Roast Dual Language 10ct/6pk Tea Bag,Tea,inferred,,yes,2.0,600,4.1,8.2,146.3,2.439,73.2,
2025-10-28,2025-10,Assembly,,45001L,Mushroom Adapt Tea Bag Sampler Box,Sampler,governed,high,yes,3.0,395,2.0,6.0,197.5,3.292,65.8,
2025-10-28,2025-10,Maisa 1,,40061,ORG Hazelnut 25CT Tea Bag - GA,Tea,governed,high,yes,3.0,336,2.583,7.75,130.1,2.168,43.4,
2025-10-28,2025-10,Maisa 1,,40061A,ORG 25 CT Hazelnut AMZN - GA,Tea,inferred,,yes,3.0,600,7.333,22.0,81.8,1.364,27.3,
2025-10-28,2025-10,Maisa 2+3,,43311,Dandelion Mocha Mint 25 Count Tea Bag - A,Tea,governed,high,yes,3.0,696,7.783,23.35,89.4,1.49,29.8,
2025-10-28,2025-10,Maisa 2+3,,43311F,ORG Dandelion Mocha Mint DL 25CT Tea Bag AMZN (24pk) - A,Tea,inferred,,yes,3.0,216,2.3,6.9,93.9,1.565,31.3,
2025-10-28,2025-10,WeighRight,,65010,ORG Reishi Eleuthero 5 Lb Bag - G,APG,governed,high,yes,3.0,20,0.233,0.7,85.7,1.429,28.6,
2025-10-28,2025-10,WeighRight,,80110,ORG French Roast 11OZ Bag/6 Count Case - G,Bag/Other,inferred,,,3.0,0,5.217,15.65,,,,
2025-10-28,2025-10,WeighRight,,80110L,Org French Roast 11oz Bag/Box of 24 - G,Bag/Other,inferred,,yes,3.0,1036,1.767,5.3,586.4,9.774,195.5,
2025-10-28,2025-10,WeighRight,,85010,ORG Reishi Eleuthero 10 Oz Bag/6 Count Case - G,Bag/Other,inferred,,yes,3.0,84,0.217,0.65,387.7,6.462,129.2,
2025-10-28,2025-10,WeighRight,,85010L,ORG Reishi Eleuthero 10 Oz Bag/Box of 24 - G,APG,governed,high,yes,3.0,816,1.967,5.9,414.9,6.915,138.3,
2025-10-28,2025-10,WeighRight,,Clean,Standard Clean,Bag/Other,inferred,,,3.0,0,0.783,2.35,,,,
2025-10-29,2025-10,AMS,handpack,10201,WWB - ORG Peppermint Leaf - 4 Oz Bag,Bag/Other,inferred,,yes,3.0,240,3.833,11.5,62.6,1.043,20.9,
2025-10-29,2025-10,AMS,handpack,30003,Instant Chicory - 8 Oz Bag,Instant,inferred,,yes,3.0,288,9.917,29.75,29.0,0.484,9.7,
2025-10-29,2025-10,AMS,handpack,30004,Instant Barley - 6 Oz Bag - G,Instant,inferred,,yes,3.0,240,4.767,14.3,50.3,0.839,16.8,
2025-10-29,2025-10,AMS,handpack,31010L,ORG Instant Hazelnut Latte 224g Bag,Instant,governed,high,yes,3.0,235,1.1,3.3,213.6,3.561,71.2,
2025-10-29,2025-10,Assembly,,45001L,Mushroom Adapt Tea Bag Sampler Box,Sampler,governed,high,yes,3.0,250,2.5,7.5,100.0,1.667,33.3,
2025-10-29,2025-10,Assembly,,INSERT01,Mailer Insert for Healthcare Practitioner Insert,Bag/Other,inferred,,yes,2.0,169,5.0,10.0,33.8,0.563,16.9,
2025-10-29,2025-10,Maisa 1,,40061,ORG Hazelnut 25CT Tea Bag - GA,Tea,governed,high,yes,3.0,312,4.4,13.2,70.9,1.182,23.6,
2025-10-29,2025-10,Maisa 1,,NTB0060,Hazelnut Tagless 6g Tea Bag - GA,Tea bag (intermediate),item-code,,yes,3.0,22800,4.567,13.7,4992.7,83.212,1664.2,
2025-10-29,2025-10,Maisa 1,,TB060,ORG Hazelnut Tea Bag Loose - GA,Tea bag (intermediate),item-code,,yes,3.0,1500,0.583,1.75,2571.4,42.857,857.1,
2025-10-29,2025-10,Maisa 2+3,,43310,ORG Dandelion Mocha Mint 10CT Tea Bag - A,Tea,inferred,,yes,3.0,2214,6.5,19.5,340.6,5.677,113.5,
2025-10-29,2025-10,Maisa 2+3,,43311,Dandelion Mocha Mint 25 Count Tea Bag - A,Tea,governed,high,yes,3.0,504,3.5,10.5,144.0,2.4,48.0,
2025-10-29,2025-10,WeighRight,,52010,Pumpkin Spice 30g Trial Size Packet - GA,Bag/Other,inferred,,yes,3.0,540,0.933,2.8,578.6,9.643,192.9,
2025-10-29,2025-10,WeighRight,,62010,ORG Pumpkin Spice 5 Lb Bag - GA,Bag/Other,inferred,,yes,3.0,12,0.083,0.25,144.0,2.4,48.0,
2025-10-29,2025-10,WeighRight,,62060,ORG Maple Pecan 5 Lb Bag - GA,Bag/Other,inferred,,yes,3.0,12,0.167,0.5,72.0,1.2,24.0,
2025-10-29,2025-10,WeighRight,,82060L,ORG Maple Pecan 11OZ Bag/Box of 24 - GA,Bag/Other,inferred,,yes,3.0,704,1.35,4.05,521.5,8.691,173.8,
2025-10-29,2025-10,WeighRight,,82070A,AMZN ORG Candy Cane 11 Oz Bag/Box of 24 - X003DNN71V - G,Bag/Other,inferred,,yes,3.0,120,0.367,1.1,327.3,5.455,109.1,
2025-10-29,2025-10,WeighRight,,82070L,ORG Candy Cane 11 Oz Bag/Box of 24 - G,APG,governed,high,yes,3.0,234,0.95,2.85,246.3,4.105,82.1,
2025-10-29,2025-10,WeighRight,,83110L,ORG Dandelion Dark Roast 10 oz Bag/Box of 24,APG,governed,high,yes,3.0,774,1.867,5.6,414.6,6.911,138.2,
2025-10-29,2025-10,WeighRight,,83220A,AMZN Dandelion Caramel Nut 10 Oz Bag/Box of 24 - A,Bag/Other,inferred,,yes,3.0,384,0.883,2.65,434.7,7.245,144.9,
2025-10-29,2025-10,WeighRight,,85010,ORG Reishi Eleuthero 10 Oz Bag/6 Count Case - G,Bag/Other,inferred,,yes,3.0,516,0.967,2.9,533.8,8.897,177.9,
2025-10-29,2025-10,WeighRight,,CLEAN,Standard Clean,Bag/Other,inferred,,,3.0,0,0.4,1.2,,,,
2025-10-29,2025-10,WeighRight,,CLEAN,Standard Clean,Bag/Other,inferred,,,3.0,0,0.5,1.5,,,,
2025-10-29,2025-10,WeighRight,,Clean,Standard Clean,Bag/Other,inferred,,,3.0,0,0.517,1.55,,,,
2025-10-29,2025-10,WeighRight,,Clean,Standard Clean,Bag/Other,inferred,,,3.0,0,0.667,2.0,,,,
2025-10-29,2025-10,WeighRight,,CleanG,Clean + Gluten Test,Bag/Other,inferred,,,3.0,0,0.467,1.4,,,,
2025-10-30,2025-10,AMS,handpack,10012,"ORG Lemon Grass, 7 Oz Bag",Bag/Other,inferred,,yes,3.0,660,6.4,19.2,103.1,1.719,34.4,
2025-10-30,2025-10,AMS,handpack,10201,WWB - ORG Peppermint Leaf - 4 Oz Bag,Bag/Other,inferred,,yes,3.0,1200,10.7,32.1,112.1,1.869,37.4,
2025-10-30,2025-10,AMS,handpack,30003,Instant Chicory - 8 Oz Bag,Instant,inferred,,yes,3.0,168,2.967,8.9,56.6,0.944,18.9,
2025-10-30,2025-10,Assembly,,12250,Advent Calendar,Accessory,governed,,yes,1.0,39,5.0,5.0,7.8,0.13,7.8,
2025-10-30,2025-10,Assembly,,45001L,Mushroom Adapt Tea Bag Sampler Box,Sampler,governed,high,yes,3.0,254,2.5,7.5,101.6,1.693,33.9,
2025-10-30,2025-10,Assembly,,INSERT01,Mailer Insert for Healthcare Practitioner Insert,Bag/Other,inferred,,yes,2.0,160,5.0,10.0,32.0,0.533,16.0,
2025-10-30,2025-10,Maisa 1,,TB060,ORG Hazelnut Tea Bag Loose - GA,Tea bag (intermediate),item-code,,yes,3.0,2000,1.833,5.5,1090.9,18.182,363.6,
2025-10-30,2025-10,Maisa 2+3,,43310,ORG Dandelion Mocha Mint 10CT Tea Bag - A,Tea,inferred,,yes,3.0,1926,4.967,14.9,387.8,6.463,129.3,
2025-10-30,2025-10,Maisa 2+3,,43310L,Org Dandelion Mocha Mint 10 Ct Tea Bag Loose - A,Tea,governed,high,yes,3.0,432,1.05,3.15,411.4,6.857,137.1,
2025-10-30,2025-10,Maisa 2+3,,TB331,ORG Dandelion Mocha Mint Tea Bag - A,Tea bag (intermediate),item-code,,yes,2.0,15000,3.75,7.5,4000.0,66.667,2000.0,
2025-10-30,2025-10,WeighRight,,50060,ORG Hazelnut 30g Trial Size Packet - GA,Bag/Other,inferred,,yes,3.0,720,1.633,4.9,440.8,7.347,146.9,
2025-10-30,2025-10,WeighRight,,52010,Pumpkin Spice 30g Trial Size Packet - GA,Bag/Other,inferred,,yes,3.0,540,0.9,2.7,600.0,10.0,200.0,
2025-10-30,2025-10,WeighRight,,60060,ORG Hazelnut 5 Lb Bag - GA,Bag/Other,inferred,,yes,3.0,80,0.733,2.2,109.1,1.818,36.4,
2025-10-30,2025-10,WeighRight,,80040L,ORG Blood Orange 11OZ Bag/Box of 24 - GA,Bag/Other,inferred,,yes,3.0,607,1.167,3.5,520.3,8.671,173.4,
2025-10-30,2025-10,WeighRight,,80060A,AMZN Org Hazelnut 11OZ Bag/Box of 24 - GA,Bag/Other,inferred,,yes,3.0,432,0.9,2.7,480.0,8.0,160.0,
2025-10-30,2025-10,WeighRight,,80063,ORG Hazelnut 11OZ Bag 3PK  - GA,Bag/Other,inferred,,yes,3.0,192,1.183,3.55,162.3,2.704,54.1,
2025-10-30,2025-10,WeighRight,,82010L,ORG Pumpkins Spice 11oz Bag/Box of 24 - GA,Bag/Other,inferred,,yes,3.0,456,0.85,2.55,536.5,8.941,178.8,
2025-10-30,2025-10,WeighRight,,Clean,Standard Clean,Bag/Other,inferred,,,3.0,0,0.75,2.25,,,,
2025-10-30,2025-10,WeighRight,,Clean,Standard Clean,Bag/Other,inferred,,,3.0,0,1.083,3.25,,,,
2025-11-03,2025-11,AMS,handpack,10008,"Org Rooibos, 8 Oz Bag",Bag/Other,inferred,,yes,2.0,84,4.333,8.667,19.4,0.323,9.7,
2025-11-03,2025-11,AMS,handpack,10012,"ORG Lemon Grass, 7 Oz Bag",Bag/Other,inferred,,yes,3.0,540,3.483,10.45,155.0,2.584,51.7,
2025-11-03,2025-11,AMS,handpack,10201,WWB - ORG Peppermint Leaf - 4 Oz Bag,Bag/Other,inferred,,yes,3.0,480,5.667,17.0,84.7,1.412,28.2,
2025-11-03,2025-11,AMS,handpack,30007,Instant Miraculous Mushrooms A&P 100g Bag / 6 Count Case,Instant,inferred,,yes,3.0,720,4.017,12.05,179.3,2.988,59.8,
2025-11-03,2025-11,AMS,handpack,30007L,ORG Instant Miraculous Mushrooms AP 100g Bag,Instant,governed,high,yes,3.0,60,0.317,0.95,189.5,3.158,63.2,
2025-11-03,2025-11,Assembly,,12250,Advent Calendar,Accessory,governed,,yes,2.0,46,5.0,10.0,9.2,0.153,4.6,
2025-11-03,2025-11,Assembly,,31005,ORG Instant Dandelion Blend Latte 6Ct Case ,Instant,inferred,,yes,2.0,20,2.3,4.6,8.7,0.145,4.3,
2025-11-03,2025-11,Assembly,,45001L,Mushroom Adapt Tea Bag Sampler Box,Sampler,governed,high,yes,3.0,249,0.75,2.25,332.0,5.533,110.7,
2025-11-03,2025-11,Maisa 1,,40061,ORG Hazelnut 25CT Tea Bag - GA,Tea,governed,high,yes,3.0,552,3.85,11.55,143.4,2.39,47.8,
2025-11-03,2025-11,Maisa 1,,CleanGA,Clean + Gluten + Almond Tests,Tea,inferred,,,3.0,0,1.033,3.1,,,,
2025-11-03,2025-11,Maisa 1,,NTB3110,Dandelion Dark Roast Tagless 6g Tea Bag,Tea bag (intermediate),item-code,,yes,3.0,1200,0.45,1.35,2666.7,44.444,888.9,
2025-11-03,2025-11,Maisa 1,,TB060,ORG Hazelnut Tea Bag Loose - GA,Tea bag (intermediate),item-code,,yes,3.0,16500,4.667,14.0,3535.7,58.929,1178.6,
2025-11-03,2025-11,Maisa 2+3,,46010,ORG Dark Chocolate 10 Ct Tea Bag/6 Count Case,Tea,inferred,,yes,3.0,2556,9.117,27.35,280.4,4.673,93.5,
2025-11-03,2025-11,Maisa 2+3,,CleanA,Clean + Almond Test,Tea,inferred,,,3.0,0,0.75,2.25,,,,
2025-11-03,2025-11,WeighRight,,50060,ORG Hazelnut 30g Trial Size Packet - GA,Bag/Other,inferred,,yes,3.0,1440,2.217,6.65,649.6,10.827,216.5,
2025-11-03,2025-11,WeighRight,,60020,ORG Chocolate Mint 5 Lb Bag - GA,Bag/Other,inferred,,yes,3.0,29,0.333,1.0,87.0,1.45,29.0,
2025-11-03,2025-11,WeighRight,,62020,DO NOT MAKE ORG Caramel Nut 5 Lb Bag - GA,Bag/Other,inferred,,yes,3.0,12,0.167,0.5,72.0,1.2,24.0,
2025-11-03,2025-11,WeighRight,,82020L,ORG Caramel Nut 11oz Bag/Box of 24 - GA,Bag/Other,inferred,,yes,3.0,628,1.667,5.0,376.8,6.28,125.6,
2025-11-03,2025-11,WeighRight,,CLEAN,Standard Clean,Bag/Other,inferred,,,3.0,0,0.633,1.9,,,,
2025-11-03,2025-11,WeighRight,,Clean,Standard Clean,Bag/Other,inferred,,,3.0,0,0.267,0.8,,,,
2025-11-03,2025-11,WeighRight,,CleanGA,Clean + Gluten + Almond Tests,Bag/Other,inferred,,,3.0,0,0.5,1.5,,,,
2025-11-03,2025-11,WeighRight,,assist with handpacking instants,,Bag/Other,inferred,,,3.0,0,4.5,13.5,,,,
2025-11-04,2025-11,AMS,handpack,10008,"Org Rooibos, 8 Oz Bag",Bag/Other,inferred,,yes,2.0,516,9.733,19.467,53.0,0.884,26.5,
2025-11-04,2025-11,AMS,handpack,30007L,ORG Instant Miraculous Mushrooms AP 100g Bag,Instant,governed,high,yes,3.0,660,3.567,10.7,185.0,3.084,61.7,
2025-11-04,2025-11,AMS,handpack,30008,Instant French Roast 100g Bag / 6 Count Case - G,Instant,inferred,,yes,3.0,318,1.233,3.7,257.8,4.297,85.9,
2025-11-04,2025-11,AMS,handpack,30008L,ORG Instant French Roast 100g Bag - G,Instant,governed,high,yes,3.0,720,3.633,10.9,198.2,3.303,66.1,
2025-11-04,2025-11,AMS,handpack,31005L,ORG GF Instant Dandelion Latte 224g Bag,Instant,governed,high,yes,3.0,588,3.467,10.4,169.6,2.827,56.5,
2025-11-04,2025-11,AMS,handpack,31005L,ORG GF Instant Dandelion Latte 224g Bag,Instant,governed,high,yes,3.0,588,1.55,4.65,379.4,6.323,126.5,
2025-11-04,2025-11,AMS,handpack,31008,ORG Instant French Roast Latte 6Ct Case,Instant,inferred,,yes,3.0,20,2.317,6.95,8.6,0.144,2.9,
2025-11-04,2025-11,AMS,handpack,31008L,ORG Instant French Roast Latte 224g Bag,Instant,governed,high,yes,3.0,587,4.05,12.15,144.9,2.416,48.3,
2025-11-04,2025-11,Assembly,,12250,Advent Calendar,Accessory,governed,,yes,2.0,85,5.0,10.0,17.0,0.283,8.5,
2025-11-04,2025-11,Assembly,,43001,Dandelion Tea Sampler Box - 6 Count Case,Sampler,inferred,,yes,3.0,46,3.5,10.5,13.1,0.219,4.4,
2025-11-04,2025-11,Assembly,,INSERT01,Mailer Insert for Healthcare Practitioner Insert,Bag/Other,inferred,,yes,2.0,163,5.0,10.0,32.6,0.543,16.3,
2025-11-04,2025-11,Assembly,,TGB331,ORG Dandelion Mocha Mint Tea Bag Goody Bag - A,Tea,inferred,,yes,1.0,500,1.85,1.85,270.3,4.505,270.3,
2025-11-04,2025-11,Assembly,,TGB501,Reishi Eleuthero Tea Goody Bag - G,Bag/Other,inferred,,yes,1.0,500,1.5,1.5,333.3,5.556,333.3,
2025-11-04,2025-11,Assembly,,TGB505,Turkey Tail Astragalus Tea Goody Bag - G,Bag/Other,inferred,,yes,1.0,500,1.617,1.617,309.3,5.155,309.3,
2025-11-04,2025-11,Maisa 1,,43110F,Dandelion Dark Roast Dual Language 10ct/6pk Tea Bag,Tea,inferred,,yes,3.0,876,3.367,10.1,260.2,4.337,86.7,
2025-11-04,2025-11,Maisa 1,,43111EU,Dandelion Dark Roast 25Ct Tea Bag AMZN EU,Tea,inferred,,yes,3.0,120,0.833,2.5,144.0,2.4,48.0,
2025-11-04,2025-11,Maisa 1,,NTB3110,Dandelion Dark Roast Tagless 6g Tea Bag,Tea bag (intermediate),item-code,,yes,3.0,27600,5.25,15.75,5257.1,87.619,1752.4,
2025-11-04,2025-11,Maisa 2+3,,40111,ORG French Roast 25CT Tea Bag - G,Tea,governed,high,yes,5.0,386,1.267,6.333,304.7,5.079,60.9,
2025-11-04,2025-11,Maisa 2+3,,40111EU,French Roast 25Ct Tea Bag AMZN EU - G,Tea,inferred,,yes,5.0,120,0.583,2.917,205.7,3.429,41.1,
2025-11-04,2025-11,Maisa 2+3,,46010,ORG Dark Chocolate 10 Ct Tea Bag/6 Count Case,Tea,inferred,,yes,5.0,1584,2.683,13.417,590.3,9.839,118.1,
2025-11-04,2025-11,Maisa 2+3,,46011,ORG Dark Chocolate 25 Ct Tea Bag,Tea,governed,high,yes,5.0,1152,3.85,19.25,299.2,4.987,59.8,
2025-11-04,2025-11,Maisa 2+3,,46011EU,Dark Chocolate 25Ct Tea Bag AMZN EU,Tea,inferred,,yes,5.0,120,0.433,2.167,276.9,4.615,55.4,
2025-11-04,2025-11,Maisa 2+3,,Clean,Standard Clean,Tea,inferred,,,5.0,0,1.1,5.5,,,,
2025-11-04,2025-11,Maisa 2+3,,Clean,Standard Clean,Tea,inferred,,,5.0,0,0.25,1.25,,,,
2025-11-04,2025-11,WeighRight,,65020,ORG Chaga Ashwagandha 5 Lb Bag,Bag/Other,inferred,,yes,3.0,32,0.6,1.8,53.3,0.889,17.8,
2025-11-05,2025-11,Assembly,,12250,Advent Calendar,Accessory,governed,,,2.0,0,4.667,9.333,,,,
2025-11-05,2025-11,Assembly,,40136,DO NOT MAKE ORG Maca Chocolate 25CT Tea Bag 3PK - G,Tea,inferred,,yes,1.0,19,0.5,0.5,38.0,0.633,38.0,
2025-11-05,2025-11,Assembly,,43001,Dandelion Tea Sampler Box - 6 Count Case,Sampler,inferred,,yes,3.0,47,3.5,10.5,13.4,0.224,4.5,
2025-11-05,2025-11,Assembly,,43116,Dandelion DarkRoast Tagless Tea Bag - 50 Ct,Tea,governed,high,yes,2.0,228,10.15,20.3,22.5,0.374,11.2,
2025-11-05,2025-11,Assembly,,45020,ORG Chaga Ashwagandha 10 Ct Tea Bag/6 Count Case,Tea,inferred,,yes,1.0,144,3.267,3.267,44.1,0.735,44.1,
2025-11-05,2025-11,Assembly,,45023,ORG Chaga Ashwagandha 25CT Tea Bag 3PK,Tea,inferred,,yes,1.0,72,6.2,6.2,11.6,0.194,11.6,
2025-11-05,2025-11,Assembly,,INSERT01,Mailer Insert for Healthcare Practitioner Insert,Bag/Other,inferred,,yes,2.0,160,5.0,10.0,32.0,0.533,16.0,
2025-11-05,2025-11,Maisa 1,,43110,ORG Dandelion Dark Roast 10ct/6pk Tea Bag,Tea,inferred,,yes,3.0,1854,7.383,22.15,251.1,4.185,83.7,
2025-11-05,2025-11,Maisa 1,,43110F,Dandelion Dark Roast Dual Language 10ct/6pk Tea Bag,Tea,inferred,,yes,3.0,648,2.333,7.0,277.7,4.629,92.6,
2025-11-05,2025-11,Maisa 2+3,,40010,ORG Vanilla Nut 10ct/6pk Tea Bag - GA,Tea,inferred,,yes,5.0,3726,5.2,26.0,716.5,11.942,143.3,
2025-11-05,2025-11,Maisa 2+3,,40011A,ORG 25 CT Vanilla Nut AMZN - GA,Tea,inferred,,yes,5.0,552,3.767,18.833,146.5,2.442,29.3,
2025-11-05,2025-11,Maisa 2+3,,40011EU,Vanilla Nut 25Ct Tea Bag AMZN EU - GA,Tea,inferred,,yes,5.0,120,1.033,5.167,116.1,1.935,23.2,
2025-11-05,2025-11,WeighRight,,10022,ORG Raw Dandelion1 Lb Bag,Bag/Other,inferred,,yes,3.0,356,0.967,2.9,368.3,6.138,122.8,
2025-11-05,2025-11,WeighRight,,10031,Roasted Chicory Root - 1 Lb Bag,Bag/Other,inferred,,yes,3.0,178,0.5,1.5,356.0,5.933,118.7,
2025-11-05,2025-11,WeighRight,,82010L,ORG Pumpkins Spice 11oz Bag/Box of 24 - GA,Bag/Other,inferred,,yes,3.0,552,1.3,3.9,424.6,7.077,141.5,
2025-11-05,2025-11,WeighRight,,85020L,ORG Chaga Ashwagandha 10 Oz Bag/Box of 24,Bag/Other,inferred,,yes,3.0,1308,4.183,12.55,312.7,5.211,104.2,
2025-11-05,2025-11,WeighRight,,CLEAN,Standard Clean,Bag/Other,inferred,,,3.0,0,0.5,1.5,,,,
2025-11-05,2025-11,WeighRight,,Clean,Standard Clean,Bag/Other,inferred,,,3.0,0,0.65,1.95,,,,
2025-11-05,2025-11,WeighRight,,Clean,Standard Clean,Bag/Other,inferred,,,3.0,0,0.65,1.95,,,,
2025-11-06,2025-11,AMS,handpack,10001A,Sage 2 Oz Bags AMZN,Bag/Other,inferred,,yes,2.0,370,5.45,10.9,67.9,1.131,33.9,
2025-11-06,2025-11,AMS,handpack,30010,Instant Hazelnut 100g Bag / 6 Count Case - G,Instant,inferred,,yes,1.0,102,0.167,0.167,612.0,10.2,612.0,
2025-11-06,2025-11,AMS,handpack,30012,Instant Dandelion Blend 100g Bag / 6 Count Case,Instant,inferred,,yes,1.0,102,0.133,0.133,765.0,12.75,765.0,
2025-11-06,2025-11,AMS,handpack,30013,Instant Miraculous Mushrooms C+5 135g Bag / 6 Count Case,Instant,inferred,,yes,1.0,102,0.15,0.15,680.0,11.333,680.0,
2025-11-06,2025-11,AMS,handpack,31007,ORG Instant Miraculous Mushrooms AP Latte 6Ct Case ,Instant,inferred,,yes,1.0,17,0.217,0.217,78.5,1.308,78.5,
2025-11-06,2025-11,Assembly,,40136,DO NOT MAKE ORG Maca Chocolate 25CT Tea Bag 3PK - G,Tea,inferred,,yes,1.0,53,3.717,3.717,14.3,0.238,14.3,
2025-11-06,2025-11,Assembly,,43001,Dandelion Tea Sampler Box - 6 Count Case,Sampler,inferred,,yes,3.0,46,3.5,10.5,13.1,0.219,4.4,
2025-11-06,2025-11,Assembly,,43116,Dandelion DarkRoast Tagless Tea Bag - 50 Ct,Tea,governed,high,yes,2.0,312,8.917,17.833,35.0,0.583,17.5,
2025-11-06,2025-11,Assembly,,85070,ORG Miraculous Mushrooms A&P 6Ct/10Oz APG Bag,APG,inferred,,yes,1.0,120,0.233,0.233,514.3,8.571,514.3,
2025-11-06,2025-11,Assembly,,INSERT01,Mailer Insert for Healthcare Practitioner Insert,Bag/Other,inferred,,yes,2.0,148,4.5,9.0,32.9,0.548,16.4,
2025-11-06,2025-11,Maisa 1,,43110,ORG Dandelion Dark Roast 10ct/6pk Tea Bag,Tea,inferred,,yes,3.0,3666,9.65,28.95,379.9,6.332,126.6,
2025-11-06,2025-11,Maisa 2+3,,40010,ORG Vanilla Nut 10ct/6pk Tea Bag - GA,Tea,inferred,,yes,5.0,414,0.533,2.667,776.3,12.938,155.3,
2025-11-06,2025-11,Maisa 2+3,,40110,ORG French Roast 10 Count Tea Bag - G,Tea,inferred,,yes,5.0,3432,8.067,40.333,425.5,7.091,85.1,
2025-11-06,2025-11,Maisa 2+3,,Clean,Standard Clean,Tea,inferred,,,5.0,0,0.5,2.5,,,,
2025-11-06,2025-11,Maisa 2+3,,NTB0010,Vanilla Nut Tagless 6g Tea Bag - GA,Tea bag (intermediate),item-code,,yes,5.0,25200,4.583,22.917,5498.2,91.636,1099.6,
2025-11-06,2025-11,Maisa 2+3,,TB110,ORG French Roast Tea Bag Loose - G,Tea bag (intermediate),item-code,,yes,4.0,12000,0.7,2.8,17142.9,285.714,4285.7,
2025-11-06,2025-11,WeighRight,,53110,Dandelion Dark Roast 30g Trial Size Packet,APG,governed,high,yes,3.0,2160,3.533,10.6,611.3,10.189,203.8,
2025-11-06,2025-11,WeighRight,,82010L,ORG Pumpkins Spice 11oz Bag/Box of 24 - GA,Bag/Other,inferred,,yes,2.0,399,0.833,1.667,478.8,7.98,239.4,
2025-11-06,2025-11,WeighRight,,83110L,ORG Dandelion Dark Roast 10 oz Bag/Box of 24,APG,governed,high,yes,3.0,1440,3.417,10.25,421.5,7.024,140.5,
2025-11-06,2025-11,WeighRight,,83116,Dandelion Dark Roast 500g APG Bag,APG,governed,high,yes,3.0,432,1.333,4.0,324.0,5.4,108.0,
2025-11-06,2025-11,WeighRight,,CLeanGA,Clean + Gluten + Allergen Tests,Bag/Other,inferred,,,3.0,0,0.633,1.9,,,,
2025-11-06,2025-11,WeighRight,,Clean,Standard Clean,Bag/Other,inferred,,,3.0,0,0.5,1.5,,,,
2025-11-10,2025-11,AMS,handpack,10001A,Sage 2 Oz Bags AMZN,Bag/Other,inferred,,yes,1.0,180,5.783,5.783,31.1,0.519,31.1,
2025-11-10,2025-11,AMS,handpack,10006A,WWB AMZN Organic Lemon Balm (6 Oz) ,Bag/Other,inferred,,yes,3.0,900,10.117,30.35,89.0,1.483,29.7,
2025-11-10,2025-11,AMS,handpack,10006A,WWB AMZN Organic Lemon Balm (6 Oz) ,Bag/Other,inferred,,yes,3.0,720,7.617,22.85,94.5,1.575,31.5,
2025-11-10,2025-11,AMS,handpack,30004,Instant Barley - 6 Oz Bag - G,Instant,inferred,,yes,3.0,308,6.667,20.0,46.2,0.77,15.4,
2025-11-10,2025-11,Maisa 1,,43110,ORG Dandelion Dark Roast 10ct/6pk Tea Bag,Tea,inferred,,yes,3.0,2760,7.75,23.25,356.1,5.935,118.7,
2025-11-10,2025-11,Maisa 1,,43111,ORG Dandelion Dark Roast 25CT Tea Bag,Tea,governed,high,yes,3.0,288,2.333,7.0,123.4,2.057,41.1,
2025-11-10,2025-11,Maisa 2+3,,40110,ORG French Roast 10 Count Tea Bag - G,Tea,inferred,,yes,5.0,708,0.783,3.917,903.8,15.064,180.8,
2025-11-10,2025-11,Maisa 2+3,,42011,ORG Pumpkin Spice 25CT Tea Bag - GA,Tea,governed,high,yes,5.0,693,2.317,11.583,299.1,4.986,59.8,
2025-11-10,2025-11,Maisa 2+3,,47010,75147 TJ ORG Roasted Herbal Cofee (12 Pack) - G,Tea,inferred,,yes,5.0,4380,6.0,30.0,730.0,12.167,146.0,
2025-11-10,2025-11,Maisa 2+3,,Clean,Standard Clean,Tea,inferred,,,5.0,0,0.65,3.25,,,,
2025-11-10,2025-11,Maisa 2+3,,CleanA,Clean + Almond Test,Tea,inferred,,,5.0,0,0.417,2.083,,,,
2025-11-10,2025-11,WeighRight,,10019,ORG Astragalus 8 Oz Bag,Bag/Other,inferred,,yes,3.0,593,1.833,5.5,323.5,5.391,107.8,
2025-11-10,2025-11,WeighRight,,10027,Organic Licorice C/S - 8 Oz Bag,Bag/Other,inferred,,yes,3.0,90,0.333,1.0,270.0,4.5,90.0,
2025-11-10,2025-11,WeighRight,,50130,ORG MACA Chocolate 30g Trial Size Packet - G,Bag/Other,inferred,,yes,3.0,1080,1.833,5.5,589.1,9.818,196.4,
2025-11-10,2025-11,WeighRight,,60130,ORG MACA Chocolate 5 Lb Bag - G,Bag/Other,inferred,,yes,3.0,28,0.333,1.0,84.0,1.4,28.0,
2025-11-10,2025-11,WeighRight,,63340,ORG Dandelion Coconut 5 Lb Bag - A,APG,governed,high,yes,3.0,12,0.183,0.55,65.5,1.091,21.8,
2025-11-10,2025-11,WeighRight,,80130,ORG MACA Chocolate 11OZ Bag/6 Count Case - G,Bag/Other,inferred,,yes,3.0,720,1.217,3.65,591.8,9.863,197.3,
2025-11-10,2025-11,WeighRight,,82080L,ORG Irish Cream 11 Oz Bag/Box of 24 - G,Bag/Other,inferred,,yes,3.0,720,1.217,3.65,591.8,9.863,197.3,
2025-11-10,2025-11,WeighRight,,83340L,ORG Dandelion Coconut 10 Oz Bag/Box of 24 - A,APG,governed,high,yes,3.0,432,0.717,2.15,602.8,10.047,200.9,
2025-11-10,2025-11,WeighRight,,Clean,Standard Clean,Bag/Other,inferred,,,3.0,0,1.333,4.0,,,,
2025-11-10,2025-11,WeighRight,,Clean,Standard Clean,Bag/Other,inferred,,,3.0,0,0.25,0.75,,,,
2025-11-10,2025-11,WeighRight,,CleanA,Clean + Almond Test,Bag/Other,inferred,,,3.0,0,0.417,1.25,,,,
2025-11-10,2025-11,WeighRight,,CleanG,Clean + Gluten Test,Bag/Other,inferred,,,3.0,0,0.9,2.7,,,,
2025-11-11,2025-11,AMS,handpack,10017,ORG Lemon Balm (+8) 1LB Bag - 7-9523910017,Bag/Other,inferred,,yes,3.0,14,2.333,7.0,6.0,0.1,2.0,
2025-11-11,2025-11,AMS,handpack,30004,Instant Barley - 6 Oz Bag - G,Instant,inferred,,yes,1.0,171,10.167,10.167,16.8,0.28,16.8,
2025-11-11,2025-11,AMS,handpack,30013L,ORG Miraculous Mushrooms Cacao 135g Bag,Bag/Other,inferred,,yes,3.0,720,4.833,14.5,149.0,2.483,49.7,
2025-11-11,2025-11,AMS,handpack,31014L,ORG Instant Miraculous Mushroom Matcha Latte 252g Bag,Instant,inferred,,yes,3.0,312,2.117,6.35,147.4,2.457,49.1,
2025-11-11,2025-11,Assembly,,40097,Teecino Tea Bag 12 Flavor Sampler,Sampler,governed,high,yes,1.0,35,0.9,0.9,38.9,0.648,38.9,
2025-11-11,2025-11,Assembly,,43001,Dandelion Tea Sampler Box - 6 Count Case,Sampler,inferred,,yes,3.0,43,3.5,10.5,12.3,0.205,4.1,
2025-11-11,2025-11,Assembly,,50091,Teeccino Nut Flavor Sampler,Sampler,governed,high,yes,1.0,50,2.0,2.0,25.0,0.417,25.0,
2025-11-11,2025-11,Assembly,,55092,Mushroom 6 Packet Sampler,Sampler,governed,high,yes,1.0,60,2.3,2.3,26.1,0.435,26.1,
2025-11-11,2025-11,Maisa 1,,40136,DO NOT MAKE ORG Maca Chocolate 25CT Tea Bag 3PK - G,Tea,inferred,,yes,3.0,120,2.3,6.9,52.2,0.87,17.4,
2025-11-11,2025-11,Maisa 1,,43111,ORG Dandelion Dark Roast 25CT Tea Bag,Tea,governed,high,yes,3.0,1104,7.0,21.0,157.7,2.629,52.6,
2025-11-11,2025-11,Maisa 1,,Clean,Standard Clean,Tea,inferred,,,3.0,0,0.9,2.7,,,,
2025-11-11,2025-11,Maisa 2+3,,47010,75147 TJ ORG Roasted Herbal Cofee (12 Pack) - G,Tea,inferred,,yes,5.0,5376,10.083,50.417,533.2,8.886,106.6,
2025-11-11,2025-11,WeighRight,,10027,Organic Licorice C/S - 8 Oz Bag,Bag/Other,inferred,,yes,3.0,896,1.833,5.5,488.7,8.145,162.9,
2025-11-11,2025-11,WeighRight,,Help with instants,,Bag/Other,inferred,,,3.0,0,8.5,25.5,,,,
2025-11-12,2025-11,AMS,handpack,10017,ORG Lemon Balm (+8) 1LB Bag - 7-9523910017,Bag/Other,inferred,,yes,3.0,238,5.483,16.45,43.4,0.723,14.5,
2025-11-12,2025-11,AMS,handpack,10024,ORG Lavender 4 Oz Bag - 79523910024,Bag/Other,inferred,,yes,3.0,432,4.25,12.75,101.6,1.694,33.9,
2025-11-12,2025-11,AMS,handpack,10024,ORG Lavender 4 Oz Bag - 79523910024,Bag/Other,inferred,,yes,3.0,432,4.25,12.75,101.6,1.694,33.9,
2025-11-12,2025-11,AMS,handpack,10202,ORG Peppermint 1 Lb Bag,Bag/Other,inferred,,yes,2.0,84,4.833,9.667,17.4,0.29,8.7,
2025-11-12,2025-11,AMS,handpack,30004,Instant Barley - 6 Oz Bag - G,Instant,inferred,,yes,1.0,121,5.0,5.0,24.2,0.403,24.2,
2025-11-12,2025-11,AMS,handpack,31014L,ORG Instant Miraculous Mushroom Matcha Latte 252g Bag,Instant,inferred,,yes,3.0,432,3.067,9.2,140.9,2.348,47.0,
2025-11-12,2025-11,Assembly,,40091,Teeccino Intro Tea Bag Sampler,Sampler,governed,high,yes,1.0,100,4.083,4.083,24.5,0.408,24.5,
2025-11-12,2025-11,Assembly,,43001,Dandelion Tea Sampler Box - 6 Count Case,Sampler,inferred,,yes,3.0,48,3.5,10.5,13.7,0.229,4.6,
2025-11-12,2025-11,Assembly,,TGB601,ORG Dark Chocolate Tea Bag Goody Bag,Tea,inferred,,yes,1.0,500,0.483,0.483,1034.5,17.241,1034.5,
2025-11-12,2025-11,Maisa 1,,40132,ORG Maca Chocolate 25CT Tea Bag - G,Tea,governed,high,yes,3.0,816,4.9,14.7,166.5,2.776,55.5,
2025-11-12,2025-11,Maisa 1,,TB130,ORG Maca Chocolate Tea Bag - G,Tea bag (intermediate),item-code,,yes,2.0,20000,4.85,9.7,4123.7,68.729,2061.9,
2025-11-12,2025-11,Maisa 2+3,,47010,75147 TJ ORG Roasted Herbal Cofee (12 Pack) - G,Tea,inferred,,yes,5.0,6804,9.783,48.917,695.5,11.591,139.1,
2025-11-12,2025-11,Maisa 2+3,,CleanG,Clean + Gluten Test,Tea,inferred,,,5.0,0,0.5,2.5,,,,
2025-11-12,2025-11,WeighRight,,85070,ORG Miraculous Mushrooms A&P 6Ct/10Oz APG Bag,APG,inferred,,yes,3.0,906,1.567,4.7,578.3,9.638,192.8,
2025-11-12,2025-11,WeighRight,,85070L,ORG Miraculous Mushrooms A&P 10oz Bag/Box of 24,Bag/Other,inferred,,yes,3.0,960,1.767,5.3,543.4,9.057,181.1,
2025-11-12,2025-11,WeighRight,,86010L,ORG Dark Chocolate 10 Oz Bag/Box of 24,Bag/Other,inferred,,yes,3.0,1187,2.383,7.15,498.0,8.301,166.0,
2025-11-12,2025-11,WeighRight,,86013,DO NOT MAKE ORG Dark Chocolate 10OZ Bag 3PK ,Bag/Other,inferred,,yes,3.0,80,0.467,1.4,171.4,2.857,57.1,
2025-11-12,2025-11,WeighRight,,Clean,Standard Clean,Bag/Other,inferred,,,3.0,0,0.183,0.55,,,,
2025-11-12,2025-11,WeighRight,,Clean,Standard Clean,Bag/Other,inferred,,,3.0,0,0.533,1.6,,,,
2025-11-12,2025-11,WeighRight,,Help with instants,,Bag/Other,inferred,,,3.0,0,3.067,9.2,,,,
2025-11-13,2025-11,AMS,handpack,10024,ORG Lavender 4 Oz Bag - 79523910024,Bag/Other,inferred,,yes,3.0,288,2.683,8.05,107.3,1.789,35.8,
2025-11-13,2025-11,AMS,handpack,10024,ORG Lavender 4 Oz Bag - 79523910024,Bag/Other,inferred,,yes,3.0,288,2.683,8.05,107.3,1.789,35.8,
2025-11-13,2025-11,AMS,handpack,10202,ORG Peppermint 1 Lb Bag,Bag/Other,inferred,,yes,2.0,56,3.083,6.167,18.2,0.303,9.1,
2025-11-13,2025-11,Assembly,,43226,Dandelion Caramel Nut Tagless Tea Bag - 50 Ct - A,Tea,governed,high,yes,3.0,480,7.333,22.0,65.5,1.091,21.8,
2025-11-13,2025-11,Maisa 1,,40130,ORG Maca Chocolate 10ct/6pk Tea Bag - G,Tea,inferred,,yes,3.0,1380,3.417,10.25,403.9,6.732,134.6,
2025-11-13,2025-11,Maisa 1,,45030F,Lion's Mane Rhodiola Dual Language 10 cnt TB - G,Tea,inferred,,yes,3.0,1380,3.267,9.8,422.4,7.041,140.8,
2025-11-13,2025-11,Maisa 1,,Clean,Standard Clean,Tea,inferred,,,3.0,0,1.167,3.5,,,,
2025-11-13,2025-11,Maisa 1,,TB503,ORG Lion's Mane Rhodiola Loose Tea Bag - G,Tea bag (intermediate),item-code,,yes,2.0,7000,1.9,3.8,3684.2,61.404,1842.1,
2025-11-13,2025-11,Maisa 2+3,,43220,ORG Dandelion Caramel Nut 10ct/6pk Tea Bag - A,Tea,inferred,,yes,3.0,786,2.283,6.85,344.2,5.737,114.7,
2025-11-13,2025-11,Maisa 2+3,,43221EU,Dandelion Caramel Nut 25Ct Tea Bag AMZN EU - A,Tea,inferred,,yes,5.0,120,1.45,7.25,82.8,1.379,16.6,
2025-11-13,2025-11,Maisa 2+3,,45020,ORG Chaga Ashwagandha 10 Ct Tea Bag/6 Count Case,Tea,inferred,,yes,3.0,1380,3.733,11.2,369.6,6.161,123.2,
2025-11-13,2025-11,Maisa 2+3,,45020F,Chaga Ashwagandha Dual Language 10 cnt TB,Tea,inferred,,yes,3.0,1380,6.267,18.8,220.2,3.67,73.4,
2025-11-13,2025-11,Maisa 2+3,,CleanA,Clean + Almond Test,Tea,inferred,,,5.0,0,1.233,6.167,,,,
2025-11-13,2025-11,Maisa 2+3,,NTB3220,Dandelion Caramel Nut Tagless 6g Tea Bag - A,Tea bag (intermediate),item-code,,yes,5.0,25200,6.1,30.5,4131.1,68.852,826.2,
2025-11-13,2025-11,WeighRight,,10039A,AMZN Roasted French Chicory 2 X 1 Lb Bag,Bag/Other,inferred,,yes,3.0,1104,5.6,16.8,197.1,3.286,65.7,
2025-11-13,2025-11,WeighRight,,60110,ORG French Roast 5 Lb Bag - G,Bag/Other,inferred,,yes,3.0,80,0.55,1.65,145.5,2.424,48.5,
2025-11-13,2025-11,WeighRight,,80110A,AMZN Org French Roast 11OZ Bag/Box of 24 - G,Bag/Other,inferred,,yes,3.0,696,1.7,5.1,409.4,6.824,136.5,
2025-11-13,2025-11,WeighRight,,86010L,ORG Dark Chocolate 10 Oz Bag/Box of 24,Bag/Other,inferred,,yes,3.0,133,0.45,1.35,295.6,4.926,98.5,
2025-11-13,2025-11,WeighRight,,Clean,Standard Clean,Bag/Other,inferred,,,3.0,0,0.683,2.05,,,,
2025-11-13,2025-11,WeighRight,,Clean,Standard Clean,Bag/Other,inferred,,,3.0,0,1.15,3.45,,,,
2025-11-14,2025-11,Assembly,,43001L,Dandelion Tea Sampler Box - Loose - G,Sampler,governed,high,yes,4.0,540,2.0,8.0,270.0,4.5,67.5,
2025-11-14,2025-11,Assembly,,45001,Mushroom Adaptogen TB Sampler Box - 6 Count Case - G,Sampler,inferred,,yes,2.0,104,6.333,12.667,16.4,0.274,8.2,
2025-11-14,2025-11,Assembly,,49997,Canadian Teeccino Herbal Tea Shipper,Bag/Other,inferred,,yes,3.0,51,6.9,20.7,7.4,0.123,2.5,
2025-11-14,2025-11,Assembly,,50093,Wellness Packet Sampler Pack,Sampler,governed,high,yes,1.0,60,0.75,0.75,80.0,1.333,80.0,
2025-11-14,2025-11,Assembly,,GDB010,ORG Vanilla Nut Packet Goody Bag - GA,Bag/Other,inferred,,yes,1.0,180,0.833,0.833,216.0,3.6,216.0,
2025-11-14,2025-11,Assembly,,GDB110,ORG French Roast Packet Goody Bag - G,Bag/Other,inferred,,yes,1.0,180,0.45,0.45,400.0,6.667,400.0,
2025-11-14,2025-11,Assembly,,TGB060,ORG Hazelnut Tea Bag Goody Bag - GA,Tea,inferred,,yes,1.0,500,0.833,0.833,600.0,10.0,600.0,
2025-11-14,2025-11,Assembly,,TGB110,ORG French Roast Tea Bag Goody Bag - G,Tea,inferred,,yes,1.0,500,0.833,0.833,600.0,10.0,600.0,
2025-11-14,2025-11,Assembly,,TGB502,Chaga Ashwaganda Tea Goody Bag,Bag/Other,inferred,,yes,1.0,500,9.533,9.533,52.4,0.874,52.4,
2025-11-14,2025-11,Maisa 2+3,,45020,ORG Chaga Ashwagandha 10 Ct Tea Bag/6 Count Case,Tea,inferred,,yes,3.0,2760,8.0,24.0,345.0,5.75,115.0,
2025-11-17,2025-11,AMS,handpack,10021A,AMZN - WWB - Date Sugar - 1 Lb,Bag/Other,inferred,,yes,2.0,240,1.8,3.6,133.3,2.222,66.7,
2025-11-17,2025-11,AMS,handpack,30003,Instant Chicory - 8 Oz Bag,Instant,inferred,,,2.0,0,6.333,12.667,,,,
2025-11-17,2025-11,AMS,handpack,90001,Holiday Instant Gift Box,Bundle,governed,high,yes,1.0,50,0.417,0.417,120.0,2.0,120.0,
2025-11-17,2025-11,Assembly,,40116,French Roast Tagless Tea Bag - 50 Ct - G,Tea,governed,high,yes,2.0,644,8.183,16.367,78.7,1.312,39.3,
2025-11-17,2025-11,Assembly,,43001L,Dandelion Tea Sampler Box - Loose - G,Sampler,governed,high,yes,3.0,385,2.5,7.5,154.0,2.567,51.3,
2025-11-17,2025-11,Assembly,,45001,Mushroom Adaptogen TB Sampler Box - 6 Count Case - G,Sampler,inferred,,yes,2.0,61,5.0,10.0,12.2,0.203,6.1,
2025-11-17,2025-11,Assembly,,50097,Teeccino 30g Packet 10 Flavor Sampler,Sampler,governed,high,,1.0,0,0.8,0.8,,,,
2025-11-17,2025-11,Assembly,,80070,ORG Java 11OZ Bag/6 Count Case - GA,Bag/Other,inferred,,yes,2.0,240,0.933,1.867,257.1,4.286,128.6,
2025-11-17,2025-11,Assembly,,80120L,DO NOT MAKE ORG Maya Chai 11oz Bag/Box of 24 - G,Bag/Other,inferred,,,2.0,0,1.583,3.167,,,,
2025-11-17,2025-11,Assembly,,89001,DO NOT MAKE FR/MCL/VN 11 Oz Variety Pack,Bundle,inferred,,yes,2.0,80,1.0,2.0,80.0,1.333,40.0,
2025-11-17,2025-11,Assembly,,Insert01,,Bag/Other,inferred,,yes,1.0,120,4.667,4.667,25.7,0.429,25.7,
2025-11-17,2025-11,Maisa 1,,45030,ORG Lion's Mane Rhodiola 10 Ct Tea Bag/6 Count Case - G,Tea,inferred,,yes,3.0,1170,4.717,14.15,248.1,4.134,82.7,
2025-11-17,2025-11,Maisa 1,,48005,DO NOT MAKE WWB ORG Sweet Cinnamon Spice 25ct Tea Bag 3.5g,Tea,inferred,,yes,3.0,168,1.15,3.45,146.1,2.435,48.7,
2025-11-17,2025-11,Maisa 1,,CleanG,Clean + Gluten Test,Tea,inferred,,,3.0,0,0.85,2.55,,,,
2025-11-17,2025-11,Maisa 1,,TB503,ORG Lion's Mane Rhodiola Loose Tea Bag - G,Tea bag (intermediate),item-code,,yes,2.0,11000,3.117,6.233,3529.4,58.824,1764.7,
2025-11-17,2025-11,Maisa 2+3,,43220,ORG Dandelion Caramel Nut 10ct/6pk Tea Bag - A,Tea,inferred,,yes,3.0,2760,9.95,29.85,277.4,4.623,92.5,
2025-11-17,2025-11,Maisa 2+3,,45020,ORG Chaga Ashwagandha 10 Ct Tea Bag/6 Count Case,Tea,inferred,,yes,3.0,1524,9.0,27.0,169.3,2.822,56.4,
2025-11-17,2025-11,WeighRight,,10013,"ORG Hibisicus, 8 Oz Bag",Bag/Other,inferred,,yes,3.0,288,1.033,3.1,278.7,4.645,92.9,
2025-11-17,2025-11,WeighRight,,65050,ORG Turkey Tail Astragalus 5 Lb Bag - G,Bag/Other,inferred,,yes,3.0,32,0.483,1.45,66.2,1.103,22.1,
2025-11-17,2025-11,WeighRight,,80110,ORG French Roast 11OZ Bag/6 Count Case - G,Bag/Other,inferred,,yes,3.0,2208,4.567,13.7,483.5,8.058,161.2,
2025-11-17,2025-11,WeighRight,,80110A,AMZN Org French Roast 11OZ Bag/Box of 24 - G,Bag/Other,inferred,,yes,3.0,744,1.45,4.35,513.1,8.552,171.0,
2025-11-17,2025-11,WeighRight,,85050L,ORG Turkey Tail Astragalus 10 Oz Bag/Box of 24 - G,Bag/Other,inferred,,yes,3.0,576,1.183,3.55,486.8,8.113,162.3,
2025-11-17,2025-11,WeighRight,,Clean,Standard Clean,Bag/Other,inferred,,,3.0,0,0.7,2.1,,,,
2025-11-17,2025-11,WeighRight,,CleanG,Clean + Gluten Test,Bag/Other,inferred,,,3.0,0,0.667,2.0,,,,
2025-11-18,2025-11,AMS,handpack,10061A,AMZN - WWB - ORG Date Sugar - 1 Lb,Bag/Other,inferred,,yes,2.0,144,1.333,2.667,108.0,1.8,54.0,
2025-11-18,2025-11,AMS,handpack,30003,Instant Chicory - 8 Oz Bag,Instant,inferred,,yes,2.0,192,18.833,37.667,10.2,0.17,5.1,
2025-11-18,2025-11,Assembly,,12251,Holiday Tea Bag Sampler Box - 6 Count Case,Sampler,inferred,,yes,2.0,120,5.383,10.767,22.3,0.372,11.1,
2025-11-18,2025-11,Assembly,,43001L,Dandelion Tea Sampler Box - Loose - G,Sampler,governed,high,yes,3.0,315,2.25,6.75,140.0,2.333,46.7,
2025-11-18,2025-11,Assembly,,45001,Mushroom Adaptogen TB Sampler Box - 6 Count Case - G,Sampler,inferred,,yes,2.0,61,5.0,10.0,12.2,0.203,6.1,
2025-11-18,2025-11,Assembly,,Insert01,,Bag/Other,inferred,,yes,1.0,199,5.0,5.0,39.8,0.663,39.8,
2025-11-18,2025-11,Maisa 1,,45050,ORG Turkey Tail Astragalus 10 Ct Tea Bag/6 Count Case - G,Tea,inferred,,yes,3.0,990,3.933,11.8,251.7,4.195,83.9,
2025-11-18,2025-11,Maisa 1,,45053,DO NOT MAKE ORG Turkey Tail Astragalus 25CT Tea Bag 3PK - G,Tea,inferred,,yes,3.0,120,2.567,7.7,46.8,0.779,15.6,
2025-11-18,2025-11,Maisa 1,,48005,DO NOT MAKE WWB ORG Sweet Cinnamon Spice 25ct Tea Bag 3.5g,Tea,inferred,,yes,3.0,336,2.517,7.55,133.5,2.225,44.5,
2025-11-18,2025-11,Maisa 1,,Clean,Standard Clean,Tea,inferred,,,3.0,0,1.033,3.1,,,,
2025-11-18,2025-11,Maisa 2+3,,43220,ORG Dandelion Caramel Nut 10ct/6pk Tea Bag - A,Tea,inferred,,yes,3.0,1974,5.033,15.1,392.2,6.536,130.7,
2025-11-18,2025-11,Maisa 2+3,,45020,ORG Chaga Ashwagandha 10 Ct Tea Bag/6 Count Case,Tea,inferred,,yes,5.0,2616,8.167,40.833,320.3,5.339,64.1,
2025-11-18,2025-11,Maisa 2+3,,45020L,ORG Chaga Ashwagandha 10-Ct Tea Bag,Tea,governed,high,yes,5.0,1224,1.367,6.833,895.6,14.927,179.1,
2025-11-18,2025-11,Maisa 2+3,,45023,ORG Chaga Ashwagandha 25CT Tea Bag 3PK,Tea,inferred,,yes,5.0,24,0.417,2.083,57.6,0.96,11.5,
2025-11-18,2025-11,WeighRight,,10013,"ORG Hibisicus, 8 Oz Bag",Bag/Other,inferred,,yes,3.0,432,0.967,2.9,446.9,7.448,149.0,
2025-11-18,2025-11,WeighRight,,53310,Dandelion Mocha Mint 30g Trial Size Packet - A,Bag/Other,inferred,,yes,3.0,1080,1.983,5.95,544.5,9.076,181.5,
2025-11-18,2025-11,WeighRight,,63220,ORG Dandelion Caramel Nut 5 Lb Bag - A,Bag/Other,inferred,,yes,3.0,24,0.2,0.6,120.0,2.0,40.0,
2025-11-18,2025-11,WeighRight,,83220A,AMZN Dandelion Caramel Nut 10 Oz Bag/Box of 24 - A,Bag/Other,inferred,,yes,3.0,840,2.65,7.95,317.0,5.283,105.7,
2025-11-18,2025-11,WeighRight,,83226A,Dandelion Caramel Nut 500g APG Bag - A,APG,inferred,,yes,3.0,432,1.1,3.3,392.7,6.545,130.9,
2025-11-18,2025-11,WeighRight,,83310L,ORG Dandelion Mocha Mint 10 Oz Bag/Box of 24 - A,Bag/Other,inferred,,yes,3.0,432,1.067,3.2,405.0,6.75,135.0,
2025-11-18,2025-11,WeighRight,,Clean,Standard Clean,Bag/Other,inferred,,,3.0,0,0.817,2.45,,,,
2025-11-18,2025-11,WeighRight,,Clean,Standard Clean,Bag/Other,inferred,,,3.0,0,0.7,2.1,,,,
2025-11-19,2025-11,AMS,handpack,30003,Instant Chicory - 8 Oz Bag,Instant,inferred,,yes,2.0,192,10.3,20.6,18.6,0.311,9.3,
2025-11-19,2025-11,Assembly,,12251L,Holiday Tea Bag Sampler Box ,Sampler,inferred,,yes,2.0,936,6.967,13.933,134.4,2.239,67.2,
2025-11-19,2025-11,Assembly,,43001L,Dandelion Tea Sampler Box - Loose - G,Sampler,governed,high,yes,3.0,315,5.25,15.75,60.0,1.0,20.0,
2025-11-19,2025-11,Assembly,,45001,Mushroom Adaptogen TB Sampler Box - 6 Count Case - G,Sampler,inferred,,yes,2.0,61,5.0,10.0,12.2,0.203,6.1,
2025-11-19,2025-11,Assembly,,Insert01,,Bag/Other,inferred,,yes,1.0,191,5.0,5.0,38.2,0.637,38.2,
2025-11-19,2025-11,Maisa 1,,45050,ORG Turkey Tail Astragalus 10 Ct Tea Bag/6 Count Case - G,Tea,inferred,,yes,3.0,1560,5.817,17.45,268.2,4.47,89.4,
2025-11-19,2025-11,Maisa 1,,45070,ORG Miraculous Mushrooms A&P 10Ct/6Pk Tea Bag,Tea,inferred,,yes,3.0,828,3.267,9.8,253.5,4.224,84.5,
2025-11-19,2025-11,Maisa 1,,CleanG,Clean + Gluten Test,Tea,inferred,,,3.0,0,0.617,1.85,,,,
2025-11-19,2025-11,Maisa 2+3,,40011A,ORG 25 CT Vanilla Nut AMZN - GA,Tea,inferred,,yes,5.0,888,4.1,20.5,216.6,3.61,43.3,
2025-11-19,2025-11,Maisa 2+3,,40081,ORG Mocha 25CT Tea Bag - GA,Tea,governed,high,yes,3.0,432,3.617,10.85,119.4,1.991,39.8,
2025-11-19,2025-11,Maisa 2+3,,45023,ORG Chaga Ashwagandha 25CT Tea Bag 3PK,Tea,inferred,,yes,5.0,96,0.733,3.667,130.9,2.182,26.2,
2025-11-19,2025-11,Maisa 2+3,,Clean,Standard Clean,Tea,inferred,,,5.0,0,0.883,4.417,,,,
2025-11-19,2025-11,Maisa 2+3,,Clean,Standard Clean,Tea,inferred,,,3.0,0,0.667,2.0,,,,
2025-11-19,2025-11,Maisa 2+3,,TB502,ORG Chaga Ashwagandha Loose Tea Bag,Tea bag (intermediate),item-code,,yes,5.0,27838,4.1,20.5,6789.8,113.163,1358.0,
2025-11-19,2025-11,WeighRight,,50080,ORG Mocha 30g Trial Size Packet - GA,Bag/Other,inferred,,yes,2.0,1080,2.15,4.3,502.3,8.372,251.2,
2025-11-19,2025-11,WeighRight,,80080A,AMZN Org Mocha 11OZ Bag/Box of 24 - GA,Bag/Other,inferred,,yes,2.0,720,2.0,4.0,360.0,6.0,180.0,
2025-11-19,2025-11,WeighRight,,83080L,ORG Dandelion Mocha 10 Oz Bag/Box of 24 - A,Bag/Other,inferred,,yes,3.0,776,1.383,4.15,561.0,9.349,187.0,
2025-11-19,2025-11,WeighRight,,83083,DO NOT MAKE ORG Dandelion Mocha 10OZ Bag 3PK  - A,Bag/Other,inferred,,yes,3.0,160,1.033,3.1,154.8,2.581,51.6,
2025-11-19,2025-11,WeighRight,,83220L,Dandelion Caramel Nut 10 Oz Bag/Box of 24 - A,Bag/Other,inferred,,yes,3.0,432,1.0,3.0,432.0,7.2,144.0,
2025-11-19,2025-11,WeighRight,,Clean,Standard Clean,Bag/Other,inferred,,,3.0,0,0.667,2.0,,,,
2025-11-19,2025-11,WeighRight,,Clean,Standard Clean,Bag/Other,inferred,,,2.0,0,1.3,2.6,,,,
2025-11-20,2025-11,AMS,handpack,10043,"ORG Star Anise, 6Oz Bag",Bag/Other,inferred,,yes,2.0,72,6.0,12.0,12.0,0.2,6.0,
2025-11-20,2025-11,AMS,handpack,30003,Instant Chicory - 8 Oz Bag,Instant,inferred,,,2.0,0,2.017,4.033,,,,
2025-11-20,2025-11,Assembly,,12250,Advent Calendar,Accessory,governed,,yes,2.0,90,7.0,14.0,12.9,0.214,6.4,
2025-11-20,2025-11,Assembly,,12251L,Holiday Tea Bag Sampler Box ,Sampler,inferred,,yes,2.0,288,1.183,2.367,243.4,4.056,121.7,
2025-11-20,2025-11,Assembly,,43001L,Dandelion Tea Sampler Box - Loose - G,Sampler,governed,high,yes,3.0,317,5.25,15.75,60.4,1.006,20.1,
2025-11-20,2025-11,Assembly,,45001,Mushroom Adaptogen TB Sampler Box - 6 Count Case - G,Sampler,inferred,,yes,2.0,70,5.0,10.0,14.0,0.233,7.0,
2025-11-20,2025-11,Assembly,,Insert01,,Bag/Other,inferred,,yes,1.0,191,7.917,7.917,24.1,0.402,24.1,
2025-11-20,2025-11,Maisa 1,,40131,ORG Mexican Chocolate 25CT Tea Bag - G,Tea,governed,high,yes,3.0,264,1.767,5.3,149.4,2.491,49.8,
2025-11-20,2025-11,Maisa 1,,45070,ORG Miraculous Mushrooms A&P 10Ct/6Pk Tea Bag,Tea,inferred,,yes,3.0,552,0.683,2.05,807.8,13.463,269.3,
2025-11-20,2025-11,Maisa 1,,45071,ORG Miraculous Mushroom A&P 25 Ct Tea Bag,Tea,inferred,,yes,3.0,672,5.867,17.6,114.5,1.909,38.2,
2025-11-20,2025-11,Maisa 1,,Clean,Standard Clean,Tea,inferred,,,3.0,0,0.767,2.3,,,,
2025-11-20,2025-11,Maisa 2+3,,40011A,ORG 25 CT Vanilla Nut AMZN - GA,Tea,inferred,,yes,5.0,120,0.3,1.5,400.0,6.667,80.0,
2025-11-20,2025-11,Maisa 2+3,,40013,ORG Vanila Nut 25CT Tea Bag 3PK - GA,Tea,inferred,,yes,5.0,120,0.967,4.833,124.1,2.069,24.8,
2025-11-20,2025-11,Maisa 2+3,,43340L,Org Dandelion Coconut 10 Ct Tea Bag Loose - A,Tea,governed,high,yes,5.0,390,0.767,3.833,508.7,8.478,101.7,
2025-11-20,2025-11,Maisa 2+3,,43341,Dandelion Coconut 25 Count Tea Bag - A,Tea,governed,high,yes,5.0,480,1.383,6.917,347.0,5.783,69.4,
2025-11-20,2025-11,Maisa 2+3,,43343,DO NOT MAKE ORG Dandelion Coconut 25CT Tea Bag 3PK - A,Tea,inferred,,yes,5.0,120,1.217,6.083,98.6,1.644,19.7,
2025-11-20,2025-11,Maisa 2+3,,46011,ORG Dark Chocolate 25 Ct Tea Bag,Tea,governed,high,yes,5.0,414,1.283,6.417,322.6,5.377,64.5,
2025-11-20,2025-11,Maisa 2+3,,46013,ORG Dark Chocolate 25CT Tea Bag 3PK,Tea,inferred,,yes,5.0,120,1.25,6.25,96.0,1.6,19.2,
2025-11-20,2025-11,Maisa 2+3,,CleanG,Clean + Gluten Test,Tea,inferred,,,5.0,0,0.5,2.5,,,,
2025-11-20,2025-11,Maisa 2+3,,CleanGA,Clean + Gluten + Almond Tests,Tea,inferred,,,5.0,0,0.583,2.917,,,,
2025-11-20,2025-11,WeighRight,,80080A,AMZN Org Mocha 11OZ Bag/Box of 24 - GA,Bag/Other,inferred,,yes,2.0,192,0.5,1.0,384.0,6.4,192.0,
2025-11-20,2025-11,WeighRight,,80080L,Org Mocha 11OZ Bag/Box of 24 - GA,Bag/Other,inferred,,yes,3.0,816,1.983,5.95,411.4,6.857,137.1,
2025-11-20,2025-11,WeighRight,,82060L,ORG Maple Pecan 11OZ Bag/Box of 24 - GA,Bag/Other,inferred,,yes,3.0,936,5.0,15.0,187.2,3.12,62.4,
2025-11-20,2025-11,WeighRight,,Clean,Standard Clean,Bag/Other,inferred,,,3.0,0,0.583,1.75,,,,
2025-11-21,2025-11,Assembly,,12250,Advent Calendar,Accessory,governed,,yes,3.0,60,2.867,8.6,20.9,0.349,7.0,
2025-11-21,2025-11,Assembly,,40097,Teecino Tea Bag 12 Flavor Sampler,Sampler,governed,high,yes,3.0,120,1.083,3.25,110.8,1.846,36.9,
2025-11-21,2025-11,Assembly,,45020F,Chaga Ashwagandha Dual Language 10 cnt TB,Tea,inferred,,yes,2.0,420,1.7,3.4,247.1,4.118,123.5,
2025-11-21,2025-11,Assembly,,45030F,Lion's Mane Rhodiola Dual Language 10 cnt TB - G,Tea,inferred,,yes,2.0,780,4.05,8.1,192.6,3.21,96.3,
2025-11-21,2025-11,Maisa 1,,40060,ORG Hazelnut 10ct/6pk Tea Bag - GA,Tea,inferred,,yes,3.0,336,2.25,6.75,149.3,2.489,49.8,
2025-11-21,2025-11,Maisa 1,,40063,ORG Hazelnut 25CT Tea Bag 3PK - GA,Tea,inferred,,yes,3.0,120,3.767,11.3,31.9,0.531,10.6,
2025-11-21,2025-11,Maisa 1,,40131,ORG Mexican Chocolate 25CT Tea Bag - G,Tea,governed,high,yes,3.0,264,1.367,4.1,193.2,3.22,64.4,
2025-11-21,2025-11,Maisa 1,,Clean,Standard Clean,Tea,inferred,,,3.0,0,0.65,1.95,,,,
2025-11-21,2025-11,Maisa 2+3,,46010,ORG Dark Chocolate 10 Ct Tea Bag/6 Count Case,Tea,inferred,,yes,5.0,3264,6.75,33.75,483.6,8.059,96.7,
2025-11-21,2025-11,Maisa 2+3,,46011,ORG Dark Chocolate 25 Ct Tea Bag,Tea,governed,high,yes,5.0,786,3.583,17.917,219.3,3.656,43.9,
2025-11-24,2025-11,AMS,handpack,10043,"ORG Star Anise, 6Oz Bag",Bag/Other,inferred,,yes,2.0,348,6.05,12.1,57.5,0.959,28.8,
2025-11-24,2025-11,AMS,handpack,10202,ORG Peppermint 1 Lb Bag,Bag/Other,inferred,,yes,2.0,56,4.133,8.267,13.5,0.226,6.8,
2025-11-24,2025-11,AMS,handpack,30005L,ORG GF Dandelion Blend 312g Bag,Instant,governed,high,yes,3.0,288,3.583,10.75,80.4,1.34,26.8,
2025-11-24,2025-11,AMS,handpack,30007L,ORG Instant Miraculous Mushrooms AP 100g Bag,Instant,governed,high,yes,1.0,150,0.483,0.483,310.3,5.172,310.3,
2025-11-24,2025-11,Assembly,,40001,Herbal Tea Sampler Box - 6 Count Case,Sampler,inferred,,yes,4.0,92,15.333,61.333,6.0,0.1,1.5,
2025-11-24,2025-11,Assembly,,40001L,Herbal Tea Sampler Box - Loose,Sampler,governed,high,yes,3.0,900,9.617,28.85,93.6,1.56,31.2,
2025-11-24,2025-11,Assembly,,45001,Mushroom Adaptogen TB Sampler Box - 6 Count Case - G,Sampler,inferred,,yes,2.0,103,5.0,10.0,20.6,0.343,10.3,
2025-11-24,2025-11,Assembly,,50097,Teeccino 30g Packet 10 Flavor Sampler,Sampler,governed,high,yes,2.0,108,4.833,9.667,22.3,0.372,11.2,
2025-11-24,2025-11,Assembly,,Insert01,,Bag/Other,inferred,,yes,2.0,42,1.0,2.0,42.0,0.7,21.0,
2025-11-24,2025-11,Maisa 1,,40060,ORG Hazelnut 10ct/6pk Tea Bag - GA,Tea,inferred,,yes,3.0,2196,10.0,30.0,219.6,3.66,73.2,
2025-11-24,2025-11,Maisa 2+3,,40130,ORG Maca Chocolate 10ct/6pk Tea Bag - G,Tea,inferred,,yes,5.0,1800,2.067,10.333,871.0,14.516,174.2,
2025-11-24,2025-11,Maisa 2+3,,40132,ORG Maca Chocolate 25CT Tea Bag - G,Tea,governed,high,yes,5.0,480,1.267,6.333,378.9,6.316,75.8,
2025-11-24,2025-11,Maisa 2+3,,42080L,ORG Irish Cream 10ct Loose - G,Tea,inferred,,yes,5.0,240,1.133,5.667,211.8,3.529,42.4,
2025-11-24,2025-11,Maisa 2+3,,42081,ORG Irish Cream 25Ct Tea Bag Box - G,Tea,inferred,,yes,5.0,528,1.733,8.667,304.6,5.077,60.9,
2025-11-24,2025-11,Maisa 2+3,,Clean,Standard Clean,Tea,inferred,,,5.0,0,0.5,2.5,,,,
2025-11-24,2025-11,Maisa 2+3,,Clean,Standard Clean,Tea,inferred,,,5.0,0,0.8,4.0,,,,
2025-11-24,2025-11,Maisa 2+3,,Clean,Standard Clean,Tea,inferred,,,5.0,0,0.417,2.083,,,,
2025-11-24,2025-11,Maisa 2+3,,TB208,ORG Irish Cream Tea Bag - G,Tea bag (intermediate),item-code,,yes,4.0,6500,1.417,5.667,4588.2,76.471,1147.1,
2025-11-24,2025-11,Maisa 2+3,,TB211,ORG French Vanilla Tea Bag - G,Tea bag (intermediate),item-code,,yes,4.0,6500,1.0,4.0,6500.0,108.333,1625.0,
2025-11-24,2025-11,WeighRight,,60010,ORG Vanilla Nut 5 Lb Bag - GA,Bag/Other,inferred,,yes,3.0,40,0.417,1.25,96.0,1.6,32.0,
2025-11-24,2025-11,WeighRight,,80010A,AMZN Org Vanilla Nut 11OZ Bag/Box of 24 - GA,Bag/Other,inferred,,yes,3.0,1488,2.917,8.75,510.2,8.503,170.1,
2025-11-24,2025-11,WeighRight,,80013,ORG Vanilla Nut 11oz Bag 3PK - GA,Bag/Other,inferred,,yes,3.0,160,1.417,4.25,112.9,1.882,37.6,
2025-11-24,2025-11,WeighRight,,82060L,ORG Maple Pecan 11OZ Bag/Box of 24 - GA,Bag/Other,inferred,,yes,3.0,264,0.667,2.0,396.0,6.6,132.0,
2025-11-24,2025-11,WeighRight,,Clean,Standard Clean,Bag/Other,inferred,,,3.0,0,0.417,1.25,,,,
2025-11-24,2025-11,WeighRight,,CleanGA,Clean + Gluten + Almond Tests,Bag/Other,inferred,,,3.0,0,0.667,2.0,,,,
2025-11-24,2025-11,WeighRight,,Handpacking instant,,Bag/Other,inferred,,,3.0,0,3.667,11.0,,,,
2025-11-25,2025-11,AMS,handpack,10202,ORG Peppermint 1 Lb Bag,Bag/Other,inferred,,yes,2.0,14,0.167,0.333,84.0,1.4,42.0,
2025-11-25,2025-11,AMS,handpack,30005L,ORG GF Dandelion Blend 312g Bag,Instant,governed,high,yes,3.0,209,2.117,6.35,98.7,1.646,32.9,
2025-11-25,2025-11,Assembly,,40001,Herbal Tea Sampler Box - 6 Count Case,Sampler,inferred,,yes,6.0,115,5.333,32.0,21.6,0.359,3.6,
2025-11-25,2025-11,Assembly,,40001L,Herbal Tea Sampler Box - Loose,Sampler,governed,high,yes,3.0,900,10.217,30.65,88.1,1.468,29.4,
2025-11-25,2025-11,Assembly,,50097,Teeccino 30g Packet 10 Flavor Sampler,Sampler,governed,high,yes,2.0,72,1.533,3.067,47.0,0.783,23.5,
2025-11-25,2025-11,Maisa 1,,40060,ORG Hazelnut 10ct/6pk Tea Bag - GA,Tea,inferred,,yes,3.0,1608,1.283,3.85,1253.0,20.883,417.7,
2025-11-25,2025-11,Maisa 1,,42061,ORG Maple Pecan 25CT Tea Bag - GA,Tea,governed,high,yes,3.0,600,3.75,11.25,160.0,2.667,53.3,
2025-11-25,2025-11,Maisa 1,,47010,75147 TJ ORG Roasted Herbal Cofee (12 Pack) - G,Tea,inferred,,yes,3.0,1500,3.417,10.25,439.0,7.317,146.3,
2025-11-25,2025-11,Maisa 1,,Clean,Standard Clean,Tea,inferred,,,3.0,0,0.75,2.25,,,,
2025-11-25,2025-11,Maisa 1,,Clean,Standard Clean,Tea,inferred,,,3.0,0,0.833,2.5,,,,
2025-11-25,2025-11,Maisa 2+3,,47010,75147 TJ ORG Roasted Herbal Cofee (12 Pack) - G,Tea,inferred,,yes,5.0,2448,3.25,16.25,753.2,12.554,150.6,
2025-11-25,2025-11,Maisa 2+3,,Clean,Standard Clean,Tea,inferred,,,2.0,0,0.583,1.167,,,,
2025-11-25,2025-11,Maisa 2+3,,CleanA,Clean + Almond Test,Tea,inferred,,,2.0,0,0.667,1.333,,,,
2025-11-25,2025-11,Maisa 2+3,,CleanA,Clean + Almond Test,Tea,inferred,,,2.0,0,0.5,1.0,,,,
2025-11-25,2025-11,Maisa 2+3,,NTB0010,Vanilla Nut Tagless 6g Tea Bag - GA,Tea bag (intermediate),item-code,,yes,2.0,26400,4.833,9.667,5462.1,91.034,2731.0,
2025-11-25,2025-11,Maisa 2+3,,NTB3220,Dandelion Caramel Nut Tagless 6g Tea Bag - A,Tea bag (intermediate),item-code,,yes,2.0,21600,4.75,9.5,4547.4,75.789,2273.7,
2025-11-25,2025-11,Maisa 2+3,,TB211,ORG French Vanilla Tea Bag - G,Tea bag (intermediate),item-code,,yes,4.0,5500,0.683,2.733,8048.8,134.146,2012.2,
2025-11-25,2025-11,WeighRight,,10031,Roasted Chicory Root - 1 Lb Bag,Bag/Other,inferred,,yes,3.0,1628,4.083,12.25,398.7,6.645,132.9,
2025-11-25,2025-11,WeighRight,,63110,ORG Dandelion Dark Roast 5 Lb Bag,APG,governed,high,yes,3.0,80,0.833,2.5,96.0,1.6,32.0,
2025-11-25,2025-11,WeighRight,,83110,ORG Dandelion Dark Roast 10 Oz Bag/6 Count Case,Bag/Other,inferred,,yes,3.0,720,1.633,4.9,440.8,7.347,146.9,
2025-11-25,2025-11,WeighRight,,Clean,Standard Clean,Bag/Other,inferred,,,3.0,0,0.45,1.35,,,,
2025-11-25,2025-11,WeighRight,,Clean,Standard Clean,Bag/Other,inferred,,,3.0,0,0.333,1.0,,,,
2025-11-25,2025-11,WeighRight,,Handpacking instant,,Bag/Other,inferred,,,3.0,0,2.833,8.5,,,,
2025-11-26,2025-11,Assembly,,40001,Herbal Tea Sampler Box - 6 Count Case,Sampler,inferred,,yes,4.0,475,10.167,40.667,46.7,0.779,11.7,
2025-11-26,2025-11,Assembly,,40016,Vanilla Nut Tagless Tea Bag - 50 Ct - GA,Tea,governed,high,yes,2.0,24,1.217,2.433,19.7,0.329,9.9,
2025-11-26,2025-11,Assembly,,40066,Hazelnut Tagless Tea Bag - 50 Ct - GA,Tea,governed,high,yes,2.0,24,0.5,1.0,48.0,0.8,24.0,
2025-11-26,2025-11,Assembly,,42099,Teeccino Herbal Tea Holiday Display,Bag/Other,inferred,,yes,1.0,2,0.3,0.3,6.7,0.111,6.7,
2025-11-26,2025-11,Maisa 1,,47010,75147 TJ ORG Roasted Herbal Cofee (12 Pack) - G,Tea,inferred,,yes,3.0,2820,9.55,28.65,295.3,4.921,98.4,
2025-11-26,2025-11,Maisa 2+3,,47010,75147 TJ ORG Roasted Herbal Cofee (12 Pack) - G,Tea,inferred,,yes,5.0,7488,9.817,49.083,762.8,12.713,152.6,
2025-11-26,2025-11,WeighRight,,10042,ORG Burdock 1 Lb Bag,Bag/Other,inferred,,yes,3.0,824,2.083,6.25,395.5,6.592,131.8,
2025-11-26,2025-11,WeighRight,,10071,AMZN - WWB - ORG Roasted Barley - 1 Lb - G,Bag/Other,inferred,,yes,3.0,838,2.167,6.5,386.8,6.446,128.9,
2025-11-26,2025-11,WeighRight,,52130,Mexican Chocolate 30g Trial Size Packet (Boutique Style) - G,Bag/Other,inferred,,yes,3.0,540,0.833,2.5,648.0,10.8,216.0,
2025-11-26,2025-11,WeighRight,,60030,ORG Almond Amaretto 5 Lb Bag - GA,Bag/Other,inferred,,yes,3.0,32,0.417,1.25,76.8,1.28,25.6,
2025-11-26,2025-11,WeighRight,,82040L,ORG Snickerdoodle 11OZ Bag/Box of 24 - GA,APG,governed,high,yes,3.0,720,2.2,6.6,327.3,5.455,109.1,
2025-11-26,2025-11,WeighRight,,Clean,Standard Clean,Bag/Other,inferred,,,3.0,0,0.75,2.25,,,,
2025-11-26,2025-11,WeighRight,,Clean,Standard Clean,Bag/Other,inferred,,,3.0,0,0.633,1.9,,,,
2025-11-26,2025-11,WeighRight,,Clean,Standard Clean,Bag/Other,inferred,,,3.0,0,0.283,0.85,,,,
2025-11-28,2025-11,AMS,handpack,10101A,AMZN - WWB - ORG Medium Roasted Carob Flour - 1 Lb Bag,Bag/Other,inferred,,yes,2.0,480,7.067,14.133,67.9,1.132,34.0,
2025-11-28,2025-11,AMS,handpack,10401A,AMZN-WWB-ORG Krishna Tulsi- 8OZ Bag,Bag/Other,inferred,,yes,2.0,384,8.333,16.667,46.1,0.768,23.0,
2025-11-28,2025-11,AMS,handpack,10402A,AMZN- WWB-ORG Rama Tulsi - 8 OZ Bag,Bag/Other,inferred,,yes,2.0,192,2.933,5.867,65.5,1.091,32.7,
2025-11-28,2025-11,Assembly,,40016,Vanilla Nut Tagless Tea Bag - 50 Ct - GA,Tea,governed,high,yes,2.0,396,8.333,16.667,47.5,0.792,23.8,
2025-11-28,2025-11,Assembly,,40066,Hazelnut Tagless Tea Bag - 50 Ct - GA,Tea,governed,high,yes,2.0,504,5.4,10.8,93.3,1.556,46.7,
2025-12-01,2025-12,AMS,handpack,10102,WWB - ORG Medium Roasted Carob 1 Lb x 2,Bag/Other,inferred,,yes,1.0,124,9.333,9.333,13.3,0.221,13.3,
2025-12-01,2025-12,AMS,handpack,10401A,AMZN-WWB-ORG Krishna Tulsi- 8OZ Bag,Bag/Other,inferred,,yes,2.0,240,7.317,14.633,32.8,0.547,16.4,
2025-12-01,2025-12,AMS,handpack,10402A,AMZN- WWB-ORG Rama Tulsi - 8 OZ Bag,Bag/Other,inferred,,yes,5.0,384,10.167,50.833,37.8,0.63,7.6,
2025-12-01,2025-12,AMS,handpack,30012,Instant Dandelion Blend 100g Bag / 6 Count Case,Instant,inferred,,yes,1.0,60,0.2,0.2,300.0,5.0,300.0,
2025-12-01,2025-12,Assembly,,40016,Vanilla Nut Tagless Tea Bag - 50 Ct - GA,Tea,governed,high,yes,2.0,29,0.733,1.467,39.5,0.659,19.8,
2025-12-01,2025-12,Assembly,,43001L,Dandelion Tea Sampler Box - Loose - G,Sampler,governed,high,yes,4.0,396,2.5,10.0,158.4,2.64,39.6,
2025-12-01,2025-12,Assembly,,45001,Mushroom Adaptogen TB Sampler Box - 6 Count Case - G,Sampler,inferred,,yes,2.0,25,3.367,6.733,7.4,0.124,3.7,
2025-12-01,2025-12,Maisa 1,,43370,ORG Dandelion Blueberry Vanilla 10ct/6pk Tea Bag,Tea,inferred,,yes,3.0,1380,5.117,15.35,269.7,4.495,89.9,
2025-12-01,2025-12,Maisa 1,,43370L,Org Dandelion Blueberry Vanilla 10Ct Tea Bag Loose,Tea,inferred,,yes,3.0,252,2.467,7.4,102.2,1.703,34.1,
2025-12-01,2025-12,Maisa 1,,47010,75147 TJ ORG Roasted Herbal Cofee (12 Pack) - G,Tea,inferred,,yes,3.0,648,1.617,4.85,400.8,6.68,133.6,
2025-12-01,2025-12,Maisa 1,,CleanGA,Clean + Gluten + Almond Tests,Tea,inferred,,,3.0,0,0.817,2.45,,,,
2025-12-01,2025-12,Maisa 2+3,,43220,ORG Dandelion Caramel Nut 10ct/6pk Tea Bag - A,Tea,inferred,,yes,5.0,2994,4.567,22.833,655.6,10.927,131.1,
2025-12-01,2025-12,Maisa 2+3,,43340,ORG Dandelion Coconut 10CT Tea Bag - A,Tea,inferred,,yes,5.0,1278,2.0,10.0,639.0,10.65,127.8,
2025-12-01,2025-12,Maisa 2+3,,47010,75147 TJ ORG Roasted Herbal Cofee (12 Pack) - G,Tea,inferred,,yes,5.0,1656,1.983,9.917,835.0,13.916,167.0,
2025-12-01,2025-12,Maisa 2+3,,CleanA,Clean + Almond Test,Tea,inferred,,,5.0,0,0.75,3.75,,,,
2025-12-01,2025-12,Maisa 2+3,,CleanA,Clean + Almond Test,Tea,inferred,,,5.0,0,0.7,3.5,,,,
2025-12-01,2025-12,WeighRight,,80060,ORG Hazelnut 11OZ Bag/6 Count Case - GA,Bag/Other,inferred,,yes,3.0,1452,2.933,8.8,495.0,8.25,165.0,
2025-12-01,2025-12,WeighRight,,80063,ORG Hazelnut 11OZ Bag 3PK  - GA,Bag/Other,inferred,,yes,3.0,160,0.917,2.75,174.5,2.909,58.2,
2025-12-01,2025-12,WeighRight,,80070,ORG Java 11OZ Bag/6 Count Case - GA,Bag/Other,inferred,,yes,3.0,720,1.467,4.4,490.9,8.182,163.6,
2025-12-01,2025-12,WeighRight,,80070A,AMZN Org Java 11OZ Bag/Box of 24 - GA,Bag/Other,inferred,,yes,3.0,360,0.5,1.5,720.0,12.0,240.0,
2025-12-01,2025-12,WeighRight,,82040L,ORG Snickerdoodle 11OZ Bag/Box of 24 - GA,APG,governed,high,yes,3.0,240,0.617,1.85,389.2,6.486,129.7,
2025-12-01,2025-12,WeighRight,,82070L,ORG Candy Cane 11 Oz Bag/Box of 24 - G,APG,governed,high,yes,3.0,360,1.717,5.15,209.7,3.495,69.9,
2025-12-01,2025-12,WeighRight,,Clean,Standard Clean,Bag/Other,inferred,,,3.0,0,0.467,1.4,,,,
2025-12-01,2025-12,WeighRight,,Clean,Standard Clean,Bag/Other,inferred,,,3.0,0,0.45,1.35,,,,
2025-12-01,2025-12,WeighRight,,CleanA,Clean + Almond Test,Bag/Other,inferred,,,3.0,0,0.333,1.0,,,,
2025-12-02,2025-12,AMS,handpack,10009A,AMZN ORG Chia 2 X 1 Lb Bag,Bag/Other,inferred,,yes,4.0,36,2.167,8.667,16.6,0.277,4.2,
2025-12-02,2025-12,AMS,handpack,10402A,AMZN- WWB-ORG Rama Tulsi - 8 OZ Bag,Bag/Other,inferred,,yes,5.0,480,7.517,37.583,63.9,1.064,12.8,
2025-12-02,2025-12,Assembly,,43001L,Dandelion Tea Sampler Box - Loose - G,Sampler,governed,high,yes,4.0,396,2.333,9.333,169.7,2.829,42.4,
2025-12-02,2025-12,Assembly,,45001,Mushroom Adaptogen TB Sampler Box - 6 Count Case - G,Sampler,inferred,,,2.0,0,1.5,3.0,,,,
2025-12-02,2025-12,Maisa 1,,40021,ORG Chocolate Mint 25CT Tea Bag - GA,Tea,governed,high,yes,3.0,432,3.883,11.65,111.2,1.854,37.1,
2025-12-02,2025-12,Maisa 1,,42041,Snickerdoodle 25CT Tea Bag - GA,Tea,governed,high,yes,3.0,216,1.833,5.5,117.8,1.964,39.3,
2025-12-02,2025-12,Maisa 1,,43370L,Org Dandelion Blueberry Vanilla 10Ct Tea Bag Loose,Tea,inferred,,yes,3.0,216,0.55,1.65,392.7,6.545,130.9,
2025-12-02,2025-12,Maisa 1,,43371,ORG Blueberry Vanilla 25-Ct Tea Bag,Tea,inferred,,yes,3.0,240,2.6,7.8,92.3,1.538,30.8,
2025-12-02,2025-12,Maisa 1,,Clean,Standard Clean,Tea,inferred,,,3.0,0,0.617,1.85,,,,
2025-12-02,2025-12,Maisa 1,,Clean,Standard Clean,Tea,inferred,,,3.0,0,0.55,1.65,,,,
2025-12-02,2025-12,Maisa 2+3,,43340,ORG Dandelion Coconut 10CT Tea Bag - A,Tea,inferred,,yes,5.0,1482,2.083,10.417,711.4,11.856,142.3,
2025-12-02,2025-12,Maisa 2+3,,47010,75147 TJ ORG Roasted Herbal Cofee (12 Pack) - G,Tea,inferred,,yes,5.0,5796,7.483,37.417,774.5,12.909,154.9,
2025-12-02,2025-12,Maisa 2+3,,CleanA,Clean + Almond Test,Tea,inferred,,,5.0,0,0.517,2.583,,,,
2025-12-02,2025-12,WeighRight,,20061,ORG Hazelnut 300G Dual Language Bag - 6Ct Case - GA,Bag/Other,inferred,,yes,3.0,480,1.333,4.0,360.0,6.0,120.0,
2025-12-02,2025-12,WeighRight,,60060,ORG Hazelnut 5 Lb Bag - GA,Bag/Other,inferred,,yes,3.0,80,0.833,2.5,96.0,1.6,32.0,
2025-12-02,2025-12,WeighRight,,66010,ORG Dark Chocolate 5 Lb Bag,Bag/Other,inferred,,yes,3.0,28,0.25,0.75,112.0,1.867,37.3,
2025-12-02,2025-12,WeighRight,,80060,ORG Hazelnut 11OZ Bag/6 Count Case - GA,Bag/Other,inferred,,yes,3.0,2688,5.05,15.15,532.3,8.871,177.4,
2025-12-02,2025-12,WeighRight,,80060L,Org Hazelnut 11OZ Bag/Box of 24 - GA,Bag/Other,inferred,,yes,3.0,1200,1.917,5.75,626.1,10.435,208.7,
2025-12-02,2025-12,WeighRight,,Clean,Standard Clean,Bag/Other,inferred,,,3.0,0,0.733,2.2,,,,
2025-12-02,2025-12,WeighRight,,Clean,Standard Clean,Bag/Other,inferred,,,3.0,0,0.183,0.55,,,,
2025-12-03,2025-12,AMS,handpack,10005A,WWB AMZN Organic Chia (1lb),Bag/Other,inferred,,yes,3.0,648,10.167,30.5,63.7,1.062,21.2,
2025-12-03,2025-12,AMS,handpack,10009A,AMZN ORG Chia 2 X 1 Lb Bag,Bag/Other,inferred,,yes,3.0,144,3.583,10.75,40.2,0.67,13.4,
2025-12-03,2025-12,Assembly,,12251L,Holiday Tea Bag Sampler Box ,Sampler,inferred,,,2.0,0,1.183,2.367,,,,
2025-12-03,2025-12,Assembly,,43001L,Dandelion Tea Sampler Box - Loose - G,Sampler,governed,high,yes,4.0,216,2.417,9.667,89.4,1.49,22.3,
2025-12-03,2025-12,Assembly,,43220,ORG Dandelion Caramel Nut 10ct/6pk Tea Bag - A,Tea,inferred,,yes,2.0,360,0.933,1.867,385.7,6.429,192.9,
2025-12-03,2025-12,Maisa 1,,40111,ORG French Roast 25CT Tea Bag - G,Tea,governed,high,yes,3.0,600,4.317,12.95,139.0,2.317,46.3,
2025-12-03,2025-12,Maisa 1,,40114,DO NOT MAKE - ORG French Roast 10CT Tea Bag 4PK - G,Tea,inferred,,yes,3.0,192,2.817,8.45,68.2,1.136,22.7,
2025-12-03,2025-12,Maisa 1,,42041,Snickerdoodle 25CT Tea Bag - GA,Tea,governed,high,yes,3.0,408,2.283,6.85,178.7,2.978,59.6,
2025-12-03,2025-12,Maisa 1,,CleanA,Clean + Almond Test,Tea,inferred,,,3.0,0,0.667,2.0,,,,
2025-12-03,2025-12,Maisa 2+3,,47010,75147 TJ ORG Roasted Herbal Cofee (12 Pack) - G,Tea,inferred,,yes,5.0,8640,10.167,50.833,849.8,14.164,170.0,
2025-12-03,2025-12,WeighRight,,10008,"Org Rooibos, 8 Oz Bag",Bag/Other,inferred,,yes,3.0,300,23.833,71.5,12.6,0.21,4.2,
2025-12-03,2025-12,WeighRight,,10019,ORG Astragalus 8 Oz Bag,Bag/Other,inferred,,yes,3.0,1296,3.55,10.65,365.1,6.085,121.7,
2025-12-03,2025-12,WeighRight,,85070,ORG Miraculous Mushrooms A&P 6Ct/10Oz APG Bag,APG,inferred,,yes,3.0,1380,2.667,8.0,517.5,8.625,172.5,
2025-12-03,2025-12,WeighRight,,85070L,ORG Miraculous Mushrooms A&P 10oz Bag/Box of 24,Bag/Other,inferred,,yes,3.0,885,1.7,5.1,520.6,8.676,173.5,
2025-12-03,2025-12,WeighRight,,Clean,Standard Clean,Bag/Other,inferred,,,3.0,0,0.633,1.9,,,,
2025-12-03,2025-12,WeighRight,,Clean,Standard Clean,Bag/Other,inferred,,,3.0,0,0.617,1.85,,,,
2025-12-04,2025-12,AMS,handpack,10001A,Sage 2 Oz Bags AMZN,Bag/Other,inferred,,yes,2.0,300,4.55,9.1,65.9,1.099,33.0,
2025-12-04,2025-12,AMS,handpack,10005A,WWB AMZN Organic Chia (1lb),Bag/Other,inferred,,yes,3.0,552,5.333,16.0,103.5,1.725,34.5,
2025-12-04,2025-12,Assembly,,40016,Vanilla Nut Tagless Tea Bag - 50 Ct - GA,Tea,governed,high,,2.0,0,4.5,9.0,,,,
2025-12-04,2025-12,Assembly,,43001L,Dandelion Tea Sampler Box - Loose - G,Sampler,governed,high,yes,2.0,321,2.417,4.833,132.8,2.214,66.4,
2025-12-04,2025-12,Assembly,,43321,Dandelion Red Chai 25 Count Tea Bag,Tea,governed,high,yes,2.0,274,2.317,4.633,118.3,1.971,59.1,
2025-12-04,2025-12,Assembly,,50091,Teeccino Nut Flavor Sampler,Sampler,governed,high,yes,2.0,50,2.85,5.7,17.5,0.292,8.8,
2025-12-04,2025-12,Maisa 1,,40110,ORG French Roast 10 Count Tea Bag - G,Tea,inferred,,yes,3.0,2532,2.917,8.75,868.1,14.469,289.4,
2025-12-04,2025-12,Maisa 1,,40111,ORG French Roast 25CT Tea Bag - G,Tea,governed,high,yes,3.0,600,4.233,12.7,141.7,2.362,47.2,
2025-12-04,2025-12,Maisa 2+3,,45020,ORG Chaga Ashwagandha 10 Ct Tea Bag/6 Count Case,Tea,inferred,,yes,5.0,1380,1.833,9.167,752.7,12.545,150.5,
2025-12-04,2025-12,Maisa 2+3,,45020F,Chaga Ashwagandha Dual Language 10 cnt TB,Tea,inferred,,yes,5.0,1380,1.933,9.667,713.8,11.897,142.8,
2025-12-04,2025-12,Maisa 2+3,,45021,ORG Chaga Ashwagandha 25 Ct Tea Bag,Tea,governed,high,yes,5.0,360,1.45,7.25,248.3,4.138,49.7,
2025-12-04,2025-12,Maisa 2+3,,47010,75147 TJ ORG Roasted Herbal Cofee (12 Pack) - G,Tea,inferred,,yes,5.0,1800,2.217,11.083,812.0,13.534,162.4,
2025-12-04,2025-12,Maisa 2+3,,Clean,Standard Clean,Tea,inferred,,,5.0,0,10.917,54.583,,,,
2025-12-04,2025-12,Maisa 2+3,,CleanG,Clean + Gluten Test,Tea,inferred,,,5.0,0,0.833,4.167,,,,
2025-12-04,2025-12,Maisa 2+3,,NTB0110,French Roast Tagless 6g Tea Bag - G,Tea bag (intermediate),item-code,,yes,2.0,4800,0.917,1.833,5236.4,87.273,2618.2,
2025-12-04,2025-12,WeighRight,,10008,"Org Rooibos, 8 Oz Bag",Bag/Other,inferred,,yes,3.0,540,1.183,3.55,456.3,7.606,152.1,
2025-12-04,2025-12,WeighRight,,60110,ORG French Roast 5 Lb Bag - G,Bag/Other,inferred,,yes,3.0,84,1.133,3.4,74.1,1.235,24.7,
2025-12-04,2025-12,WeighRight,,80110L,Org French Roast 11oz Bag/Box of 24 - G,Bag/Other,inferred,,yes,3.0,1440,2.917,8.75,493.7,8.229,164.6,
2025-12-04,2025-12,WeighRight,,80113,ORG French Roast 11OZ Bag 3PK - G,Bag/Other,inferred,,yes,3.0,320,1.5,4.5,213.3,3.556,71.1,
2025-12-04,2025-12,WeighRight,,83110L,ORG Dandelion Dark Roast 10 oz Bag/Box of 24,APG,governed,high,yes,3.0,1200,2.05,6.15,585.4,9.756,195.1,
2025-12-04,2025-12,WeighRight,,Clean,Standard Clean,Bag/Other,inferred,,,3.0,0,0.5,1.5,,,,
2025-12-04,2025-12,WeighRight,,Clean,Standard Clean,Bag/Other,inferred,,,3.0,0,0.517,1.55,,,,
2025-12-05,2025-12,AMS,handpack,30007L,ORG Instant Miraculous Mushrooms AP 100g Bag,Instant,governed,high,yes,1.0,240,0.4,0.4,600.0,10.0,600.0,
2025-12-05,2025-12,Assembly,,40116,French Roast Tagless Tea Bag - 50 Ct - G,Tea,governed,high,yes,3.0,684,7.767,23.3,88.1,1.468,29.4,
2025-12-05,2025-12,Maisa 2+3,,46010L,ORG Dark Chocolate 10 Ct Tea Bag/36 Count Box,Tea,governed,high,yes,3.0,828,4.05,12.15,204.4,3.407,68.1,
2025-12-05,2025-12,Maisa 2+3,,46011,ORG Dark Chocolate 25 Ct Tea Bag,Tea,governed,high,yes,3.0,24,0.2,0.6,120.0,2.0,40.0,
2025-12-05,2025-12,Maisa 2+3,,47010,75147 TJ ORG Roasted Herbal Cofee (12 Pack) - G,Tea,inferred,,yes,3.0,1104,1.8,5.4,613.3,10.222,204.4,
2025-12-05,2025-12,Maisa 2+3,,CleanG,Clean + Gluten Test,Tea,inferred,,,3.0,0,8.367,25.1,,,,
2025-12-05,2025-12,Maisa 2+3,,CleanG,Clean + Gluten Test,Tea,inferred,,,2.0,0,0.667,1.333,,,,
2025-12-05,2025-12,Maisa 2+3,,NTB0110,French Roast Tagless 6g Tea Bag - G,Tea bag (intermediate),item-code,,yes,1.0,34800,6.917,6.917,5031.3,83.855,5031.3,
2025-12-05,2025-12,WeighRight,,55050,Turkey Tail Astragalus 30g Trial Size Packet - G,Bag/Other,inferred,,yes,3.0,1080,1.783,5.35,605.6,10.093,201.9,
2025-12-05,2025-12,WeighRight,,60130,ORG MACA Chocolate 5 Lb Bag - G,Bag/Other,inferred,,yes,3.0,28,0.333,1.0,84.0,1.4,28.0,
2025-12-05,2025-12,WeighRight,,62120,ORG Chocolate Raspberry 5 Lb Bag - G,APG,governed,high,,3.0,0,0.667,2.0,,,,
2025-12-05,2025-12,WeighRight,,80110A,AMZN Org French Roast 11OZ Bag/Box of 24 - G,Bag/Other,inferred,,yes,3.0,840,1.3,3.9,646.2,10.769,215.4,
2025-12-05,2025-12,WeighRight,,80130A,AMZN Org Maca Chocolate 11OZ Bag/Box of 24 - G,Bag/Other,inferred,,yes,3.0,528,1.083,3.25,487.4,8.123,162.5,
2025-12-05,2025-12,WeighRight,,80130L,Org Maca Chocoate 11oz Bag/Box of 24 - G,Bag/Other,inferred,,yes,3.0,120,0.75,2.25,160.0,2.667,53.3,
2025-12-05,2025-12,WeighRight,,Clean,Standard Clean,Bag/Other,inferred,,,3.0,0,0.533,1.6,,,,
2025-12-05,2025-12,WeighRight,,Clean,Standard Clean,Bag/Other,inferred,,,3.0,0,1.083,3.25,,,,
2025-12-05,2025-12,WeighRight,,Clean,Standard Clean,Bag/Other,inferred,,,3.0,0,0.217,0.65,,,,
2025-12-08,2025-12,AMS,handpack,10001A,Sage 2 Oz Bags AMZN,Bag/Other,inferred,,yes,2.0,300,2.733,5.467,109.8,1.829,54.9,
2025-12-08,2025-12,AMS,handpack,10006A,WWB AMZN Organic Lemon Balm (6 Oz) ,Bag/Other,inferred,,yes,2.0,300,4.333,8.667,69.2,1.154,34.6,
2025-12-08,2025-12,Assembly,,40016,Vanilla Nut Tagless Tea Bag - 50 Ct - GA,Tea,governed,high,,2.0,0,5.667,11.333,,,,
2025-12-08,2025-12,Assembly,,40097,Teecino Tea Bag 12 Flavor Sampler,Sampler,governed,high,yes,2.0,30,1.75,3.5,17.1,0.286,8.6,
2025-12-08,2025-12,Assembly,,43321,Dandelion Red Chai 25 Count Tea Bag,Tea,governed,high,yes,,274,1.833,,149.5,2.491,,
2025-12-08,2025-12,Assembly,,50091,Teeccino Nut Flavor Sampler,Sampler,governed,high,yes,2.0,50,1.917,3.833,26.1,0.435,13.0,
2025-12-08,2025-12,Assembly,,50097,Teeccino 30g Packet 10 Flavor Sampler,Sampler,governed,high,yes,2.0,99,2.833,5.667,34.9,0.582,17.5,
2025-12-08,2025-12,Maisa 1,,40110,ORG French Roast 10 Count Tea Bag - G,Tea,inferred,,yes,3.0,1608,3.467,10.4,463.8,7.731,154.6,
2025-12-08,2025-12,Maisa 1,,43110,ORG Dandelion Dark Roast 10ct/6pk Tea Bag,Tea,inferred,,yes,3.0,96,0.417,1.25,230.4,3.84,76.8,
2025-12-08,2025-12,Maisa 1,,43110A,AMZN Org Dandelion Dark Roast 10 Ct Tea Bag Loose,Tea,inferred,,yes,3.0,720,3.683,11.05,195.5,3.258,65.2,
2025-12-08,2025-12,Maisa 1,,43114,DO NOT MAKE - ORG Dandelion Dark Roast 10CT Tea Bag 4PK (with DCO/DMM Goody Bag),Tea,inferred,,yes,3.0,80,1.433,4.3,55.8,0.93,18.6,
2025-12-08,2025-12,Maisa 1,,CleanG,Clean + Gluten Test,Tea,inferred,,,3.0,0,1.05,3.15,,,,
2025-12-08,2025-12,Maisa 2+3,,40010,ORG Vanilla Nut 10ct/6pk Tea Bag - GA,Tea,inferred,,yes,5.0,1236,2.083,10.417,593.3,9.888,118.7,
2025-12-08,2025-12,Maisa 2+3,,46011,ORG Dark Chocolate 25 Ct Tea Bag,Tea,governed,high,yes,5.0,1704,6.583,32.917,258.8,4.314,51.8,
2025-12-08,2025-12,Maisa 2+3,,Clean,Standard Clean,Tea,inferred,,,5.0,0,1.167,5.833,,,,
2025-12-08,2025-12,WeighRight,,60070,ORG Java 5 Lb Bag - GA,Bag/Other,inferred,,yes,3.0,60,0.667,2.0,90.0,1.5,30.0,
2025-12-08,2025-12,WeighRight,,80020L,ORG Chocolate Mint 11OZ Bag/Box of 24 - GA,Bag/Other,inferred,,yes,3.0,932,1.75,5.25,532.6,8.876,177.5,
2025-12-08,2025-12,WeighRight,,80070,ORG Java 11OZ Bag/6 Count Case - GA,Bag/Other,inferred,,yes,3.0,804,1.683,5.05,477.6,7.96,159.2,
2025-12-08,2025-12,WeighRight,,80070A,AMZN Org Java 11OZ Bag/Box of 24 - GA,Bag/Other,inferred,,yes,3.0,1200,2.9,8.7,413.8,6.897,137.9,
2025-12-08,2025-12,WeighRight,,80130L,Org Maca Chocoate 11oz Bag/Box of 24 - G,Bag/Other,inferred,,yes,3.0,696,1.233,3.7,564.3,9.405,188.1,
2025-12-08,2025-12,WeighRight,,80133,ORG MACA Chocolate 11OZ Bag 3PK - G,Bag/Other,inferred,,yes,3.0,160,0.667,2.0,240.0,4.0,80.0,
2025-12-08,2025-12,WeighRight,,Clean,Standard Clean,Bag/Other,inferred,,,3.0,0,0.55,1.65,,,,
2025-12-08,2025-12,WeighRight,,Clean,Standard Clean,Bag/Other,inferred,,,3.0,0,0.483,1.45,,,,
2025-12-08,2025-12,WeighRight,,Clean,Standard Clean,Bag/Other,inferred,,,3.0,0,0.333,1.0,,,,
2025-12-09,2025-12,AMS,handpack,10006A,WWB AMZN Organic Lemon Balm (6 Oz) ,Bag/Other,inferred,,yes,4.0,923,6.167,24.667,149.7,2.495,37.4,
2025-12-09,2025-12,Assembly,,40097,Teecino Tea Bag 12 Flavor Sampler,Sampler,governed,high,yes,2.0,66,5.0,10.0,13.2,0.22,6.6,
2025-12-09,2025-12,Assembly,,49020,Sampler Box Gift Box,Sampler,governed,high,yes,2.0,80,4.067,8.133,19.7,0.328,9.8,
2025-12-09,2025-12,Assembly,,50097,Teeccino 30g Packet 10 Flavor Sampler,Sampler,governed,high,yes,2.0,81,2.083,4.167,38.9,0.648,19.4,
2025-12-09,2025-12,Assembly,,89001,DO NOT MAKE FR/MCL/VN 11 Oz Variety Pack,Bundle,inferred,,yes,2.0,160,2.767,5.533,57.8,0.964,28.9,
2025-12-09,2025-12,Maisa 1,,43110,ORG Dandelion Dark Roast 10ct/6pk Tea Bag,Tea,inferred,,yes,3.0,2622,10.0,30.0,262.2,4.37,87.4,
2025-12-09,2025-12,Maisa 2+3,,40010,ORG Vanilla Nut 10ct/6pk Tea Bag - GA,Tea,inferred,,yes,5.0,4284,6.433,32.167,665.9,11.098,133.2,
2025-12-09,2025-12,Maisa 2+3,,40011A,ORG 25 CT Vanilla Nut AMZN - GA,Tea,inferred,,yes,5.0,600,2.35,11.75,255.3,4.255,51.1,
2025-12-09,2025-12,Maisa 2+3,,40014,DO NOT MAKE ORG Vanila Nut 10CT Tea Bag 4PK  - GA,Tea,inferred,,yes,5.0,128,0.717,3.583,178.6,2.977,35.7,
2025-12-09,2025-12,Maisa 2+3,,Clean,Standard Clean,Tea,inferred,,,5.0,0,0.55,2.75,,,,
2025-12-09,2025-12,WeighRight,,55020,Chaga Ashwagandha 30g Trial Size Packet,Bag/Other,inferred,,yes,3.0,1260,1.45,4.35,869.0,14.483,289.7,
2025-12-09,2025-12,WeighRight,,60010,ORG Vanilla Nut 5 Lb Bag - GA,Bag/Other,inferred,,yes,3.0,79,0.917,2.75,86.2,1.436,28.7,
2025-12-09,2025-12,WeighRight,,80010A,AMZN Org Vanilla Nut 11OZ Bag/Box of 24 - GA,Bag/Other,inferred,,yes,3.0,384,0.667,2.0,576.0,9.6,192.0,
2025-12-09,2025-12,WeighRight,,80010L,Org Vanilla Nut 11OZ Bag/Box of 24 - GA,Bag/Other,inferred,,yes,3.0,1440,2.65,7.95,543.4,9.057,181.1,
2025-12-09,2025-12,WeighRight,,80013,ORG Vanilla Nut 11oz Bag 3PK - GA,Bag/Other,inferred,,yes,3.0,320,1.617,4.85,197.9,3.299,66.0,
2025-12-09,2025-12,WeighRight,,85020,ORG Chaga Ashwagandha 10 Oz Bag/6 Count Case,Bag/Other,inferred,,yes,3.0,444,1.25,3.75,355.2,5.92,118.4,
2025-12-09,2025-12,WeighRight,,Clean,Standard Clean,Bag/Other,inferred,,,3.0,0,0.617,1.85,,,,
2025-12-10,2025-12,AMS,handpack,10006A,WWB AMZN Organic Lemon Balm (6 Oz) ,Bag/Other,inferred,,yes,4.0,660,10.167,40.667,64.9,1.082,16.2,
2025-12-10,2025-12,Assembly,,40097,Teecino Tea Bag 12 Flavor Sampler,Sampler,governed,high,,2.0,0,4.0,8.0,,,,
2025-12-10,2025-12,Assembly,,80062A,AMZN Hazelnut 11Oz Bag 2PK - GA,Bag/Other,inferred,,yes,2.0,140,2.05,4.1,68.3,1.138,34.1,
2025-12-10,2025-12,Assembly,,89001,DO NOT MAKE FR/MCL/VN 11 Oz Variety Pack,Bundle,inferred,,yes,2.0,160,1.667,3.333,96.0,1.6,48.0,
2025-12-10,2025-12,Maisa 1,,43110,ORG Dandelion Dark Roast 10ct/6pk Tea Bag,Tea,inferred,,yes,3.0,2064,9.917,29.75,208.1,3.469,69.4,
2025-12-10,2025-12,Maisa 2+3,,40030,ORG Almond Amaretto 10ct/6pk Tea Bag - GA,Tea,inferred,,yes,5.0,2160,3.467,17.333,623.1,10.385,124.6,
2025-12-10,2025-12,Maisa 2+3,,40030L,ORG Almond Amaretto 10ct Tea Bag Individual Unit- GA,Tea,governed,high,yes,5.0,680,1.067,5.333,637.5,10.625,127.5,
2025-12-10,2025-12,Maisa 2+3,,40031,ORG Almond Amaretto 25CT Tea Bag - GA,Tea,governed,high,yes,5.0,960,3.733,18.667,257.1,4.286,51.4,
2025-12-10,2025-12,Maisa 2+3,,40060,ORG Hazelnut 10ct/6pk Tea Bag - GA,Tea,inferred,,yes,3.0,306,1.0,3.0,306.0,5.1,102.0,
2025-12-10,2025-12,Maisa 2+3,,Clean,Standard Clean,Tea,inferred,,,5.0,0,0.833,4.167,,,,
2025-12-10,2025-12,Maisa 2+3,,NTB0060,Hazelnut Tagless 6g Tea Bag - GA,Tea bag (intermediate),item-code,,yes,2.0,7200,0.917,1.833,7854.5,130.909,3927.3,
2025-12-10,2025-12,WeighRight,,10051,ORG Roasted Chicory Root - 1 Lb Bag,Bag/Other,inferred,,yes,3.0,336,0.783,2.35,428.9,7.149,143.0,
2025-12-10,2025-12,WeighRight,,10059A,AMZN ORG French Chicory 2 X 1 Lb Bag,Bag/Other,inferred,,yes,3.0,432,1.683,5.05,256.6,4.277,85.5,
2025-12-10,2025-12,WeighRight,,10059A,AMZN ORG French Chicory 2 X 1 Lb Bag,Bag/Other,inferred,,yes,3.0,240,0.833,2.5,288.0,4.8,96.0,
2025-12-10,2025-12,WeighRight,,10059A,AMZN ORG French Chicory 2 X 1 Lb Bag,Bag/Other,inferred,,yes,3.0,264,1.167,3.5,226.3,3.771,75.4,
2025-12-10,2025-12,WeighRight,,10059A,AMZN ORG French Chicory 2 X 1 Lb Bag,Bag/Other,inferred,,yes,3.0,336,1.667,5.0,201.6,3.36,67.2,
2025-12-10,2025-12,WeighRight,,10059A,AMZN ORG French Chicory 2 X 1 Lb Bag,Bag/Other,inferred,,yes,3.0,324,1.367,4.1,237.1,3.951,79.0,
2025-12-10,2025-12,WeighRight,,85020,ORG Chaga Ashwagandha 10 Oz Bag/6 Count Case,Bag/Other,inferred,,yes,3.0,990,1.833,5.5,540.0,9.0,180.0,
2025-12-10,2025-12,WeighRight,,Clean,Standard Clean,Bag/Other,inferred,,,3.0,0,0.833,2.5,,,,
2025-12-11,2025-12,AMS,handpack,10006A,WWB AMZN Organic Lemon Balm (6 Oz) ,Bag/Other,inferred,,yes,4.0,337,6.417,25.667,52.5,0.875,13.1,
2025-12-11,2025-12,AMS,handpack,30013,Instant Miraculous Mushrooms C+5 135g Bag / 6 Count Case,Instant,inferred,,yes,1.0,90,0.5,0.5,180.0,3.0,180.0,
2025-12-11,2025-12,AMS,handpack,43226,Dandelion Caramel Nut Tagless Tea Bag - 50 Ct - A,Tea,governed,high,yes,2.0,228,3.283,6.567,69.4,1.157,34.7,
2025-12-11,2025-12,Assembly,,40001L,Herbal Tea Sampler Box - Loose,Sampler,governed,high,yes,2.0,240,2.15,4.3,111.6,1.86,55.8,
2025-12-11,2025-12,Maisa 1,,43110,ORG Dandelion Dark Roast 10ct/6pk Tea Bag,Tea,inferred,,yes,3.0,2118,1.95,5.85,1086.2,18.103,362.1,
2025-12-11,2025-12,Maisa 1,,43111,ORG Dandelion Dark Roast 25CT Tea Bag,Tea,governed,high,yes,3.0,1080,7.867,23.6,137.3,2.288,45.8,
2025-12-11,2025-12,Maisa 2+3,,40060,ORG Hazelnut 10ct/6pk Tea Bag - GA,Tea,inferred,,yes,5.0,2454,5.233,26.167,468.9,7.815,93.8,
2025-12-11,2025-12,Maisa 2+3,,45070,ORG Miraculous Mushrooms A&P 10Ct/6Pk Tea Bag,Tea,inferred,,yes,5.0,2130,2.75,13.75,774.5,12.909,154.9,
2025-12-11,2025-12,Maisa 2+3,,CleanGA,Clean + Gluten + Almond Tests,Tea,inferred,,,5.0,0,1.783,8.917,,,,
2025-12-11,2025-12,Maisa 2+3,,NTB0060,Hazelnut Tagless 6g Tea Bag - GA,Tea bag (intermediate),item-code,,yes,2.0,22800,5.1,10.2,4470.6,74.51,2235.3,
2025-12-11,2025-12,WeighRight,,10051,ORG Roasted Chicory Root - 1 Lb Bag,Bag/Other,inferred,,yes,3.0,1536,2.867,8.6,535.8,8.93,178.6,
2025-12-11,2025-12,WeighRight,,10051,ORG Roasted Chicory Root - 1 Lb Bag,Bag/Other,inferred,,yes,3.0,588,1.2,3.6,490.0,8.167,163.3,
2025-12-11,2025-12,WeighRight,,10051,ORG Roasted Chicory Root - 1 Lb Bag,Bag/Other,inferred,,yes,3.0,912,1.35,4.05,675.6,11.259,225.2,
2025-12-11,2025-12,WeighRight,,10051,ORG Roasted Chicory Root - 1 Lb Bag,Bag/Other,inferred,,yes,3.0,1056,1.917,5.75,551.0,9.183,183.7,
2025-12-11,2025-12,WeighRight,,10051,ORG Roasted Chicory Root - 1 Lb Bag,Bag/Other,inferred,,yes,3.0,984,1.517,4.55,648.8,10.813,216.3,
2025-12-11,2025-12,WeighRight,,Clean,Standard Clean,Bag/Other,inferred,,,3.0,0,0.85,2.55,,,,
2025-12-12,2025-12,AMS,handpack,10101,WWB - ORG Medium Roasted Carob Flour - 1 Lb Bag,Bag/Other,inferred,,yes,4.0,900,8.167,32.667,110.2,1.837,27.6,
2025-12-15,2025-12,AMS,handpack,10104,WWB - ORG Dark Roasted Carob Flour - 1 Lb Bag,Bag/Other,inferred,,yes,2.0,259,6.933,13.867,37.4,0.623,18.7,
2025-12-15,2025-12,AMS,handpack,30007L,ORG Instant Miraculous Mushrooms AP 100g Bag,Instant,governed,high,yes,2.0,150,2.0,4.0,75.0,1.25,37.5,
2025-12-15,2025-12,AMS,handpack,43226,Dandelion Caramel Nut Tagless Tea Bag - 50 Ct - A,Tea,governed,high,yes,2.0,204,3.283,6.567,62.1,1.036,31.1,
2025-12-15,2025-12,Assembly,,40001L,Herbal Tea Sampler Box - Loose,Sampler,governed,high,yes,4.0,621,1.083,4.333,573.2,9.554,143.3,
2025-12-15,2025-12,Maisa 1,,43111,ORG Dandelion Dark Roast 25CT Tea Bag,Tea,governed,high,yes,3.0,120,0.717,2.15,167.4,2.791,55.8,
2025-12-15,2025-12,Maisa 1,,Clean,Standard Clean,Tea,inferred,,,3.0,0,0.867,2.6,,,,
2025-12-15,2025-12,Maisa 1,,NTB3110,Dandelion Dark Roast Tagless 6g Tea Bag,Tea bag (intermediate),item-code,,yes,3.0,20849,4.467,13.4,4667.7,77.795,1555.9,
2025-12-15,2025-12,Maisa 1,,TB506,ORG Tremella Tulsi Loose Tea Bag,Tea bag (intermediate),item-code,,yes,2.0,8000,3.967,7.933,2016.8,33.613,1008.4,
2025-12-15,2025-12,Maisa 2+3,,45020,ORG Chaga Ashwagandha 10 Ct Tea Bag/6 Count Case,Tea,inferred,,yes,5.0,1380,2.433,12.167,567.1,9.452,113.4,
2025-12-15,2025-12,Maisa 2+3,,45020F,Chaga Ashwagandha Dual Language 10 cnt TB,Tea,inferred,,yes,5.0,1380,2.167,10.833,636.9,10.615,127.4,
2025-12-15,2025-12,Maisa 2+3,,45021,ORG Chaga Ashwagandha 25 Ct Tea Bag,Tea,governed,high,yes,5.0,312,1.733,8.667,180.0,3.0,36.0,
2025-12-15,2025-12,Maisa 2+3,,45070,ORG Miraculous Mushrooms A&P 10Ct/6Pk Tea Bag,Tea,inferred,,yes,5.0,804,1.05,5.25,765.7,12.762,153.1,
2025-12-15,2025-12,Maisa 2+3,,45071,ORG Miraculous Mushroom A&P 25 Ct Tea Bag,Tea,inferred,,yes,5.0,480,1.633,8.167,293.9,4.898,58.8,
2025-12-15,2025-12,Maisa 2+3,,Clean,Standard Clean,Tea,inferred,,,5.0,0,0.567,2.833,,,,
2025-12-15,2025-12,Maisa 2+3,,Clean,Standard Clean,Tea,inferred,,,5.0,0,0.5,2.5,,,,
2025-12-15,2025-12,WeighRight,,53110,Dandelion Dark Roast 30g Trial Size Packet,APG,governed,high,yes,3.0,1080,1.65,4.95,654.5,10.909,218.2,
2025-12-15,2025-12,WeighRight,,60110,ORG French Roast 5 Lb Bag - G,Bag/Other,inferred,,yes,3.0,80,0.433,1.3,184.6,3.077,61.5,
2025-12-15,2025-12,WeighRight,,63110,ORG Dandelion Dark Roast 5 Lb Bag,APG,governed,high,yes,3.0,32,1.317,3.95,24.3,0.405,8.1,
2025-12-15,2025-12,WeighRight,,80110,ORG French Roast 11OZ Bag/6 Count Case - G,Bag/Other,inferred,,yes,3.0,414,1.333,4.0,310.5,5.175,103.5,
2025-12-15,2025-12,WeighRight,,80110L,Org French Roast 11oz Bag/Box of 24 - G,Bag/Other,inferred,,yes,3.0,1200,3.067,9.2,391.3,6.522,130.4,
2025-12-15,2025-12,WeighRight,,83110L,ORG Dandelion Dark Roast 10 oz Bag/Box of 24,APG,governed,high,yes,3.0,720,1.633,4.9,440.8,7.347,146.9,
2025-12-15,2025-12,WeighRight,,Clean,Standard Clean,Bag/Other,inferred,,,3.0,0,0.467,1.4,,,,
2025-12-16,2025-12,AMS,handpack,30007,Instant Miraculous Mushrooms A&P 100g Bag / 6 Count Case,Instant,inferred,,yes,2.0,264,1.9,3.8,138.9,2.316,69.5,
2025-12-16,2025-12,AMS,handpack,30007L,ORG Instant Miraculous Mushrooms AP 100g Bag,Instant,governed,high,yes,2.0,330,3.25,6.5,101.5,1.692,50.8,
2025-12-16,2025-12,AMS,handpack,30010,Instant Hazelnut 100g Bag / 6 Count Case - G,Instant,inferred,,yes,2.0,102,1.5,3.0,68.0,1.133,34.0,
2025-12-16,2025-12,AMS,handpack,30012,Instant Dandelion Blend 100g Bag / 6 Count Case,Instant,inferred,,yes,2.0,252,1.85,3.7,136.2,2.27,68.1,
2025-12-16,2025-12,AMS,handpack,30012L,ORG GF Dandelion Blend 100g Bag,Bag/Other,inferred,,yes,2.0,360,2.533,5.067,142.1,2.368,71.1,
2025-12-16,2025-12,AMS,handpack,30013,Instant Miraculous Mushrooms C+5 135g Bag / 6 Count Case,Instant,inferred,,yes,2.0,264,5.85,11.7,45.1,0.752,22.6,
2025-12-16,2025-12,AMS,handpack,43226,Dandelion Caramel Nut Tagless Tea Bag - 50 Ct - A,Tea,governed,high,yes,2.0,204,3.917,7.833,52.1,0.868,26.0,
2025-12-16,2025-12,Assembly,,30008,Instant French Roast 100g Bag / 6 Count Case - G,Instant,inferred,,yes,1.0,72,0.75,0.75,96.0,1.6,96.0,
2025-12-16,2025-12,Assembly,,31005,ORG Instant Dandelion Blend Latte 6Ct Case ,Instant,inferred,,yes,1.0,45,1.267,1.267,35.5,0.592,35.5,
2025-12-16,2025-12,Assembly,,31008,ORG Instant French Roast Latte 6Ct Case,Instant,inferred,,yes,1.0,60,1.7,1.7,35.3,0.588,35.3,
2025-12-16,2025-12,Assembly,,40001L,Herbal Tea Sampler Box - Loose,Sampler,governed,high,yes,2.0,498,10.167,20.333,49.0,0.816,24.5,
2025-12-16,2025-12,Maisa 1,,Clean,Standard Clean,Tea,inferred,,,2.0,0,1.0,2.0,,,,
2025-12-16,2025-12,Maisa 1,,Clean,Standard Clean,Tea,inferred,,,2.0,0,0.783,1.567,,,,
2025-12-16,2025-12,Maisa 1,,TB333,ORG Dandelion Turmeric Tea Bag,Tea bag (intermediate),item-code,,yes,2.0,440,0.167,0.333,2640.0,44.0,1320.0,
2025-12-16,2025-12,Maisa 1,,TB504,ORG Cordyceps Schisandra Loose Tea Bag,Tea bag (intermediate),item-code,,yes,2.0,18590,4.55,9.1,4085.7,68.095,2042.9,
2025-12-16,2025-12,Maisa 1,,TB506,ORG Tremella Tulsi Loose Tea Bag,Tea bag (intermediate),item-code,,yes,2.0,10490,3.5,7.0,2997.1,49.952,1498.6,
2025-12-16,2025-12,Maisa 2+3,,40130,ORG Maca Chocolate 10ct/6pk Tea Bag - G,Tea,inferred,,yes,5.0,1380,2.1,10.5,657.1,10.952,131.4,
2025-12-16,2025-12,Maisa 2+3,,40132,ORG Maca Chocolate 25CT Tea Bag - G,Tea,governed,high,yes,5.0,278,0.983,4.917,282.7,4.712,56.5,
2025-12-16,2025-12,Maisa 2+3,,45011,ORG Reishi Eleuthero 25 Ct Tea Bag - G,Tea,governed,high,yes,5.0,360,2.217,11.083,162.4,2.707,32.5,
2025-12-16,2025-12,Maisa 2+3,,Clean,Standard Clean,Tea,inferred,,,5.0,0,0.467,2.333,,,,
2025-12-16,2025-12,Maisa 2+3,,TB130,ORG Maca Chocolate Tea Bag - G,Tea bag (intermediate),item-code,,yes,4.0,18000,2.683,10.733,6708.1,111.801,1677.0,
2025-12-16,2025-12,Maisa 2+3,,TB130,ORG Maca Chocolate Tea Bag - G,Tea bag (intermediate),item-code,,yes,4.0,4114,0.683,2.733,6020.5,100.341,1505.1,
2025-12-16,2025-12,Maisa 2+3,,TB501,ORG Reishi Eleuthero Loose Tea Bag - G,Tea bag (intermediate),item-code,,yes,4.0,6000,0.783,3.133,7659.6,127.66,1914.9,
2025-12-16,2025-12,WeighRight,,60080,ORG Mocha 5 Lb Bag - GA,Bag/Other,inferred,,yes,3.0,80,0.733,2.2,109.1,1.818,36.4,
2025-12-16,2025-12,WeighRight,,80089A,AMZN ORG Raspberry Mocha 11OZ Bag/Box of 24 - GA,Bag/Other,inferred,,yes,3.0,432,0.617,1.85,700.5,11.676,233.5,
2025-12-16,2025-12,WeighRight,,80110,ORG French Roast 11OZ Bag/6 Count Case - G,Bag/Other,inferred,,yes,3.0,2346,4.583,13.75,511.9,8.531,170.6,
2025-12-16,2025-12,WeighRight,,Clean,Standard Clean,Bag/Other,inferred,,,3.0,0,0.633,1.9,,,,
2025-12-16,2025-12,WeighRight,,Clean,Standard Clean,Bag/Other,inferred,,,3.0,0,0.55,1.65,,,,
2025-12-16,2025-12,WeighRight,,CleanGA,Clean + Gluten + Almond Tests,Bag/Other,inferred,,,3.0,0,0.383,1.15,,,,
2025-12-17,2025-12,AMS,handpack,30010,Instant Hazelnut 100g Bag / 6 Count Case - G,Instant,inferred,,yes,2.0,180,1.633,3.267,110.2,1.837,55.1,
2025-12-17,2025-12,AMS,handpack,31007,ORG Instant Miraculous Mushrooms AP Latte 6Ct Case ,Instant,inferred,,yes,2.0,159,10.25,20.5,15.5,0.259,7.8,
2025-12-17,2025-12,Assembly,,31010,ORG Instant Hazelnut Latte 6Ct Case,Instant,inferred,,yes,1.0,46,1.533,1.533,30.0,0.5,30.0,
2025-12-17,2025-12,Assembly,,40001L,Herbal Tea Sampler Box - Loose,Sampler,governed,high,yes,2.0,506,10.167,20.333,49.8,0.83,24.9,
2025-12-17,2025-12,Maisa 1,,43310,ORG Dandelion Mocha Mint 10CT Tea Bag - A,Tea,inferred,,yes,3.0,1380,3.467,10.4,398.1,6.635,132.7,
2025-12-17,2025-12,Maisa 1,,43310F,Dandelion Mocha Mint Dual Language 10 cnt TB - A,Tea,inferred,,yes,3.0,162,0.45,1.35,360.0,6.0,120.0,
2025-12-17,2025-12,Maisa 1,,Clean,Standard Clean,Tea,inferred,,,2.0,0,0.833,1.667,,,,
2025-12-17,2025-12,Maisa 1,,TB331,ORG Dandelion Mocha Mint Tea Bag - A,Tea bag (intermediate),item-code,,yes,3.0,1000,0.25,0.75,4000.0,66.667,1333.3,
2025-12-17,2025-12,Maisa 1,,TB333,ORG Dandelion Turmeric Tea Bag,Tea bag (intermediate),item-code,,yes,2.0,18000,5.0,10.0,3600.0,60.0,1800.0,
2025-12-17,2025-12,Maisa 2+3,,42080,ORG Irish Cream 10ct/6pk Tea Bag - G,Tea,inferred,,yes,5.0,2760,4.6,23.0,600.0,10.0,120.0,
2025-12-17,2025-12,Maisa 2+3,,42081,ORG Irish Cream 25Ct Tea Bag Box - G,Tea,inferred,,yes,5.0,432,1.817,9.083,237.8,3.963,47.6,
2025-12-17,2025-12,Maisa 2+3,,42111,ORG French Vanilla 25CT Tea Bag - G,Tea,governed,high,yes,5.0,600,1.717,8.583,349.5,5.825,69.9,
2025-12-17,2025-12,Maisa 2+3,,Clean,Standard Clean,Tea,inferred,,,5.0,0,0.667,3.333,,,,
2025-12-17,2025-12,Maisa 2+3,,Clean,Standard Clean,Tea,inferred,,,5.0,0,0.467,2.333,,,,
2025-12-17,2025-12,Maisa 2+3,,TB501,ORG Reishi Eleuthero Loose Tea Bag - G,Tea bag (intermediate),item-code,,yes,4.0,6000,0.733,2.933,8181.8,136.364,2045.5,
2025-12-17,2025-12,WeighRight,,10035,Chicory 5 Lb Bag,Bag/Other,inferred,,yes,3.0,288,1.833,5.5,157.1,2.618,52.4,
2025-12-17,2025-12,WeighRight,,10035,Chicory 5 Lb Bag,Bag/Other,inferred,,yes,3.0,216,1.95,5.85,110.8,1.846,36.9,
2025-12-17,2025-12,WeighRight,,10051,ORG Roasted Chicory Root - 1 Lb Bag,Bag/Other,inferred,,yes,3.0,1440,3.333,10.0,432.0,7.2,144.0,
2025-12-18,2025-12,AMS,handpack,31007,ORG Instant Miraculous Mushrooms AP Latte 6Ct Case ,Instant,inferred,,yes,1.0,8,0.8,0.8,10.0,0.167,10.0,
2025-12-18,2025-12,AMS,handpack,31007L,ORG Instant Miraculous Mushrooms AP Latte 224g Bag,Instant,governed,high,yes,1.0,155,1.333,1.333,116.3,1.938,116.3,
2025-12-18,2025-12,AMS,handpack,31008,ORG Instant French Roast Latte 6Ct Case,Instant,inferred,,yes,2.0,94,5.767,11.533,16.3,0.272,8.2,
2025-12-18,2025-12,AMS,handpack,31014,ORG Instant Miraculous Mushroom Matcha Latte 6Ct Case,Instant,inferred,,yes,2.0,63,6.983,13.967,9.0,0.15,4.5,
2025-12-18,2025-12,Assembly,,40001L,Herbal Tea Sampler Box - Loose,Sampler,governed,high,yes,2.0,295,1.75,3.5,168.6,2.81,84.3,
2025-12-18,2025-12,Assembly,,40031,ORG Almond Amaretto 25CT Tea Bag - GA,Tea,governed,high,,1.0,0,4.883,4.883,,,,
2025-12-18,2025-12,Assembly,,40121,DO NOT MAKE ORG Maya Chai 25CT Tea Bag - G,Tea,governed,high,yes,1.0,240,6.833,6.833,35.1,0.585,35.1,
2025-12-18,2025-12,Assembly,,43001L,Dandelion Tea Sampler Box - Loose - G,Sampler,governed,high,yes,1.0,210,4.833,4.833,43.4,0.724,43.4,
2025-12-18,2025-12,Maisa 1,,43311,Dandelion Mocha Mint 25 Count Tea Bag - A,Tea,governed,high,yes,3.0,157,1.133,3.4,138.5,2.309,46.2,
2025-12-18,2025-12,Maisa 1,,43340,ORG Dandelion Coconut 10CT Tea Bag - A,Tea,inferred,,yes,3.0,690,1.833,5.5,376.4,6.273,125.5,
2025-12-18,2025-12,Maisa 1,,Clean,Standard Clean,Tea,inferred,,,3.0,0,0.717,2.15,,,,
2025-12-18,2025-12,Maisa 1,,TB331,ORG Dandelion Mocha Mint Tea Bag - A,Tea bag (intermediate),item-code,,yes,3.0,3000,0.567,1.7,5294.1,88.235,1764.7,
2025-12-18,2025-12,Maisa 1,,TB334,ORG Dandelion Coconut Tea Bag - A,Tea bag (intermediate),item-code,,yes,3.0,18000,4.0,12.0,4500.0,75.0,1500.0,
2025-12-18,2025-12,Maisa 2+3,,42081,ORG Irish Cream 25Ct Tea Bag Box - G,Tea,inferred,,yes,5.0,216,0.717,3.583,301.4,5.023,60.3,
2025-12-18,2025-12,Maisa 2+3,,45050,ORG Turkey Tail Astragalus 10 Ct Tea Bag/6 Count Case - G,Tea,inferred,,yes,5.0,1380,3.033,15.167,454.9,7.582,91.0,
2025-12-18,2025-12,Maisa 2+3,,Clean,Standard Clean,Tea,inferred,,,5.0,0,0.75,3.75,,,,
2025-12-18,2025-12,Maisa 2+3,,Clean,Standard Clean,Tea,inferred,,,5.0,0,0.333,1.667,,,,
2025-12-18,2025-12,Maisa 2+3,,TB505,ORG Turkey Tail Astragalus Loose Tea Bag - G,Tea bag (intermediate),item-code,,yes,4.0,18000,3.467,13.867,5192.3,86.538,1298.1,
2025-12-18,2025-12,WeighRight,,10031,Roasted Chicory Root - 1 Lb Bag,Bag/Other,inferred,,,3.0,0,4.617,13.85,,,,
2025-12-18,2025-12,WeighRight,,10039A,AMZN Roasted French Chicory 2 X 1 Lb Bag,Bag/Other,inferred,,yes,3.0,456,1.5,4.5,304.0,5.067,101.3,
2025-12-18,2025-12,WeighRight,,10039A,AMZN Roasted French Chicory 2 X 1 Lb Bag,Bag/Other,inferred,,yes,3.0,384,2.217,6.65,173.2,2.887,57.7,
2025-12-19,2025-12,AMS,handpack,30004,Instant Barley - 6 Oz Bag - G,Instant,inferred,,,3.0,0,,,,,,
2025-12-19,2025-12,AMS,handpack,31008,ORG Instant French Roast Latte 6Ct Case,Instant,inferred,,yes,2.0,11,0.5,1.0,22.0,0.367,11.0,
2025-12-19,2025-12,AMS,handpack,31014,ORG Instant Miraculous Mushroom Matcha Latte 6Ct Case,Instant,inferred,,yes,2.0,62,6.367,12.733,9.7,0.162,4.9,
2025-12-19,2025-12,Assembly,,43001L,Dandelion Tea Sampler Box - Loose - G,Sampler,governed,high,yes,3.0,646,7.333,22.0,88.1,1.468,29.4,
2025-12-19,2025-12,Maisa 2+3,,40010,ORG Vanilla Nut 10ct/6pk Tea Bag - GA,Tea,inferred,,yes,5.0,2760,4.333,21.667,636.9,10.615,127.4,
2025-12-19,2025-12,Maisa 2+3,,40011,ORG Vanila Nut 25CT Tea Bag - GA,Tea,governed,high,yes,5.0,576,2.733,13.667,210.7,3.512,42.1,
2025-12-19,2025-12,Maisa 2+3,,43220,ORG Dandelion Caramel Nut 10ct/6pk Tea Bag - A,Tea,inferred,,yes,5.0,1512,1.0,5.0,1512.0,25.2,302.4,
2025-12-19,2025-12,Maisa 2+3,,CleanG,Clean + Gluten Test,Tea,inferred,,,5.0,0,0.3,1.5,,,,
2025-12-19,2025-12,WeighRight,,10031,Roasted Chicory Root - 1 Lb Bag,Bag/Other,inferred,,yes,3.0,3780,10.083,30.25,374.9,6.248,125.0,
2025-12-22,2025-12,AMS,handpack,10201,WWB - ORG Peppermint Leaf - 4 Oz Bag,Bag/Other,inferred,,yes,4.0,636,4.8,19.2,132.5,2.208,33.1,
2025-12-22,2025-12,AMS,handpack,30004,Instant Barley - 6 Oz Bag - G,Instant,inferred,,yes,4.0,540,5.333,21.333,101.2,1.688,25.3,
2025-12-22,2025-12,Assembly,,40130,ORG Maca Chocolate 10ct/6pk Tea Bag - G,Tea,inferred,,yes,3.0,240,1.667,5.0,144.0,2.4,48.0,
2025-12-22,2025-12,Assembly,,43001L,Dandelion Tea Sampler Box - Loose - G,Sampler,governed,high,yes,2.0,472,10.333,20.667,45.7,0.761,22.8,
2025-12-22,2025-12,Assembly,,43341,Dandelion Coconut 25 Count Tea Bag - A,Tea,governed,high,yes,2.0,169,2.983,5.967,56.6,0.944,28.3,
2025-12-22,2025-12,Assembly,,50097,Teeccino 30g Packet 10 Flavor Sampler,Sampler,governed,high,yes,3.0,180,2.867,8.6,62.8,1.047,20.9,
2025-12-22,2025-12,Assembly,,86010L,ORG Dark Chocolate 10 Oz Bag/Box of 24,Bag/Other,inferred,,yes,2.0,360,1.05,2.1,342.9,5.714,171.4,
2025-12-22,2025-12,Assembly,,89002,HZ/JV/MO 11 Oz Variety Pack,Bundle,inferred,,yes,2.0,192,3.033,6.067,63.3,1.055,31.6,
2025-12-22,2025-12,Maisa 2+3,,43220,ORG Dandelion Caramel Nut 10ct/6pk Tea Bag - A,Tea,inferred,,yes,5.0,6426,6.633,33.167,968.7,16.146,193.7,
2025-12-22,2025-12,WeighRight,,10031,Roasted Chicory Root - 1 Lb Bag,Bag/Other,inferred,,yes,3.0,3624,7.567,22.7,478.9,7.982,159.6,
2025-12-22,2025-12,WeighRight,,52060,Maple Pecan 30g Trial Size Packet - GA,Bag/Other,inferred,,yes,3.0,830,1.567,4.7,529.8,8.83,176.6,
2025-12-22,2025-12,WeighRight,,62060,ORG Maple Pecan 5 Lb Bag - GA,Bag/Other,inferred,,yes,3.0,32,0.283,0.85,112.9,1.882,37.6,
2025-12-22,2025-12,WeighRight,,Clean,Standard Clean,Bag/Other,inferred,,,3.0,0,0.883,2.65,,,,
2025-12-23,2025-12,AMS,handpack,10024,ORG Lavender 4 Oz Bag - 79523910024,Bag/Other,inferred,,yes,5.0,401,7.533,37.667,53.2,0.887,10.6,
2025-12-23,2025-12,AMS,handpack,10201,WWB - ORG Peppermint Leaf - 4 Oz Bag,Bag/Other,inferred,,yes,4.0,1368,8.833,35.333,154.9,2.581,38.7,
2025-12-23,2025-12,Assembly,,30007,Instant Miraculous Mushrooms A&P 100g Bag / 6 Count Case,Instant,inferred,,yes,2.0,48,0.183,0.367,261.8,4.364,130.9,
2025-12-23,2025-12,Assembly,,30008,Instant French Roast 100g Bag / 6 Count Case - G,Instant,inferred,,yes,2.0,48,0.083,0.167,576.0,9.6,288.0,
2025-12-23,2025-12,Assembly,,30010,Instant Hazelnut 100g Bag / 6 Count Case - G,Instant,inferred,,yes,2.0,18,0.017,0.033,1080.0,18.0,540.0,
2025-12-23,2025-12,Assembly,,30012,Instant Dandelion Blend 100g Bag / 6 Count Case,Instant,inferred,,yes,2.0,54,0.317,0.633,170.5,2.842,85.3,
2025-12-23,2025-12,Assembly,,30013,Instant Miraculous Mushrooms C+5 135g Bag / 6 Count Case,Instant,inferred,,yes,2.0,84,0.117,0.233,720.0,12.0,360.0,
2025-12-23,2025-12,Assembly,,31005,ORG Instant Dandelion Blend Latte 6Ct Case ,Instant,inferred,,yes,2.0,3,0.033,0.067,90.0,1.5,45.0,
2025-12-23,2025-12,Assembly,,31007,ORG Instant Miraculous Mushrooms AP Latte 6Ct Case ,Instant,inferred,,yes,2.0,6,0.05,0.1,120.0,2.0,60.0,
2025-12-23,2025-12,Assembly,,31008,ORG Instant French Roast Latte 6Ct Case,Instant,inferred,,yes,2.0,4,0.05,0.1,80.0,1.333,40.0,
2025-12-23,2025-12,Assembly,,31010,ORG Instant Hazelnut Latte 6Ct Case,Instant,inferred,,yes,2.0,4,0.517,1.033,7.7,0.129,3.9,
2025-12-23,2025-12,Assembly,,40021,ORG Chocolate Mint 25CT Tea Bag - GA,Tea,governed,high,yes,2.0,50,0.65,1.3,76.9,1.282,38.5,
2025-12-23,2025-12,Assembly,,40130,ORG Maca Chocolate 10ct/6pk Tea Bag - G,Tea,inferred,,yes,1.0,36,0.75,0.75,48.0,0.8,48.0,
2025-12-23,2025-12,Assembly,,40131,ORG Mexican Chocolate 25CT Tea Bag - G,Tea,governed,high,yes,2.0,96,1.517,3.033,63.3,1.055,31.6,
2025-12-23,2025-12,Assembly,,43001L,Dandelion Tea Sampler Box - Loose - G,Sampler,governed,high,yes,2.0,602,10.333,20.667,58.3,0.971,29.1,
2025-12-23,2025-12,Assembly,,43310,ORG Dandelion Mocha Mint 10CT Tea Bag - A,Tea,inferred,,yes,3.0,360,1.617,4.85,222.7,3.711,74.2,
2025-12-23,2025-12,Assembly,,43341,Dandelion Coconut 25 Count Tea Bag - A,Tea,governed,high,yes,1.0,119,1.75,1.75,68.0,1.133,68.0,
2025-12-23,2025-12,Maisa 2+3,,43220,ORG Dandelion Caramel Nut 10ct/6pk Tea Bag - A,Tea,inferred,,yes,5.0,3102,5.5,27.5,564.0,9.4,112.8,
2025-12-23,2025-12,Maisa 2+3,,43220L,Org Dandelion Caramel Nut 10 Ct Tea Bag Loose - A,Tea,governed,high,yes,5.0,684,0.817,4.083,837.6,13.959,167.5,
2025-12-23,2025-12,Maisa 2+3,,43221,ORG Dandelion Caramel Nut 25CT Tea Bag - A,Tea,governed,high,yes,5.0,600,2.067,10.333,290.3,4.839,58.1,
2025-12-23,2025-12,WeighRight,,52060,Maple Pecan 30g Trial Size Packet - GA,Bag/Other,inferred,,yes,3.0,250,0.417,1.25,600.0,10.0,200.0,
2025-12-23,2025-12,WeighRight,,80030,ORG Almond Amaretto 11OZ Bag/6 Count Case - GA,Bag/Other,inferred,,yes,3.0,186,0.583,1.75,318.9,5.314,106.3,
2025-12-23,2025-12,WeighRight,,80060L,Org Hazelnut 11OZ Bag/Box of 24 - GA,Bag/Other,inferred,,yes,3.0,816,1.55,4.65,526.5,8.774,175.5,
2025-12-23,2025-12,WeighRight,,80063,ORG Hazelnut 11OZ Bag 3PK  - GA,Bag/Other,inferred,,,3.0,384,,,,,,
2025-12-23,2025-12,WeighRight,,80066A,Hazelnut 500g APG Bag - GA,APG,inferred,,yes,3.0,648,2.017,6.05,321.3,5.355,107.1,
2025-12-23,2025-12,WeighRight,,Clean,Standard Clean,Bag/Other,inferred,,,3.0,0,18.667,56.0,,,,
2025-12-23,2025-12,WeighRight,,Clean,Standard Clean,Bag/Other,inferred,,,3.0,0,0.567,1.7,,,,
2025-12-24,2025-12,AMS,handpack,10024,ORG Lavender 4 Oz Bag - 79523910024,Bag/Other,inferred,,yes,5.0,403,4.217,21.083,95.6,1.593,19.1,
2025-12-24,2025-12,AMS,handpack,10025,ORG Lavender 1LB Bag - 79523910025,Bag/Other,inferred,,yes,4.0,308,6.3,25.2,48.9,0.815,12.2,
2025-12-24,2025-12,Assembly,,40021,ORG Chocolate Mint 25CT Tea Bag - GA,Tea,governed,high,yes,2.0,46,1.75,3.5,26.3,0.438,13.1,
2025-12-24,2025-12,Assembly,,43001L,Dandelion Tea Sampler Box - Loose - G,Sampler,governed,high,yes,2.0,2,2.617,5.233,0.8,0.013,0.4,
2025-12-24,2025-12,Assembly,,45050L,ORG Turkey Tail Astragalus 10-Ct Tea Bag - G,Tea,governed,high,yes,2.0,216,3.05,6.1,70.8,1.18,35.4,
2025-12-24,2025-12,Assembly,,45051,ORG Turkey Tail Astragalus 25 Ct Tea Bag - G,Tea,governed,high,yes,2.0,480,6.733,13.467,71.3,1.188,35.6,
2025-12-24,2025-12,Assembly,,46010,ORG Dark Chocolate 10 Ct Tea Bag/6 Count Case,Tea,inferred,,yes,4.0,216,1.3,5.2,166.2,2.769,41.5,
2025-12-24,2025-12,Assembly,,50096,Top Six Packet Sampler pack,Sampler,inferred,,yes,2.0,360,3.617,7.233,99.5,1.659,49.8,
2025-12-24,2025-12,Maisa 2+3,,46010,ORG Dark Chocolate 10 Ct Tea Bag/6 Count Case,Tea,inferred,,yes,5.0,3606,7.883,39.417,457.4,7.624,91.5,
2025-12-24,2025-12,Maisa 2+3,,Clean,Standard Clean,Tea,inferred,,,5.0,0,0.367,1.833,,,,
2025-12-24,2025-12,Maisa 2+3,,CleanA,Clean + Almond Test,Tea,inferred,,,5.0,0,0.533,2.667,,,,
2025-12-24,2025-12,WeighRight,,10013,"ORG Hibisicus, 8 Oz Bag",Bag/Other,inferred,,yes,3.0,156,0.417,1.25,374.4,6.24,124.8,
2025-12-24,2025-12,WeighRight,,10027,Organic Licorice C/S - 8 Oz Bag,Bag/Other,inferred,,yes,3.0,1212,2.367,7.1,512.1,8.535,170.7,
2025-12-24,2025-12,WeighRight,,80030,ORG Almond Amaretto 11OZ Bag/6 Count Case - GA,Bag/Other,inferred,,yes,3.0,534,0.983,2.95,543.1,9.051,181.0,
2025-12-24,2025-12,WeighRight,,80030L,ORG Almond Amaretto 11OZ Bag/Box of 24 - GA,Bag/Other,inferred,,yes,3.0,875,3.133,9.4,279.3,4.654,93.1,
2025-12-24,2025-12,WeighRight,,Clean,Standard Clean,Bag/Other,inferred,,,3.0,0,0.583,1.75,,,,
2025-12-24,2025-12,WeighRight,,CleanGA,Clean + Gluten + Almond Tests,Bag/Other,inferred,,,3.0,0,0.767,2.3,,,,
2025-12-26,2025-12,AMS,handpack,10104,WWB - ORG Dark Roasted Carob Flour - 1 Lb Bag,Bag/Other,inferred,,yes,3.0,540,6.9,20.7,78.3,1.304,26.1,
2025-12-26,2025-12,Maisa 1,,Clean,Standard Clean,Tea,inferred,,,3.0,0,0.233,0.7,,,,
2025-12-26,2025-12,Maisa 2+3,,45020,ORG Chaga Ashwagandha 10 Ct Tea Bag/6 Count Case,Tea,inferred,,yes,5.0,1380,3.05,15.25,452.5,7.541,90.5,
2025-12-26,2025-12,Maisa 2+3,,45020,ORG Chaga Ashwagandha 10 Ct Tea Bag/6 Count Case,Tea,inferred,,yes,5.0,768,3.65,18.25,210.4,3.507,42.1,
2025-12-26,2025-12,WeighRight,,10008,"Org Rooibos, 8 Oz Bag",Bag/Other,inferred,,yes,3.0,540,1.35,4.05,400.0,6.667,133.3,
2025-12-26,2025-12,WeighRight,,10013,"ORG Hibisicus, 8 Oz Bag",Bag/Other,inferred,,yes,3.0,276,0.667,2.0,414.0,6.9,138.0,
2025-12-26,2025-12,WeighRight,,10042,ORG Burdock 1 Lb Bag,Bag/Other,inferred,,yes,3.0,1341,4.0,12.0,335.3,5.588,111.8,
2025-12-26,2025-12,WeighRight,,10044,AMZN- WWB-ORG Hibiscus - 1 Lb Bag,Bag/Other,inferred,,yes,,150,0.6,,250.0,4.167,,
2025-12-26,2025-12,WeighRight,,Clean,Standard Clean,Bag/Other,inferred,,,3.0,0,0.667,2.0,,,,
2025-12-26,2025-12,WeighRight,,Clean,Standard Clean,Bag/Other,inferred,,,3.0,0,0.733,2.2,,,,
2025-12-29,2025-12,AMS,handpack,10101,WWB - ORG Medium Roasted Carob Flour - 1 Lb Bag,Bag/Other,inferred,,yes,3.0,888,10.35,31.05,85.8,1.43,28.6,
2025-12-29,2025-12,Assembly,,40111,ORG French Roast 25CT Tea Bag - G,Tea,governed,high,yes,2.0,360,3.5,7.0,102.9,1.714,51.4,
2025-12-29,2025-12,Assembly,,43001,Dandelion Tea Sampler Box - 6 Count Case,Sampler,inferred,,yes,2.0,120,1.167,2.333,102.9,1.714,51.4,
2025-12-29,2025-12,Assembly,,45001L,Mushroom Adapt Tea Bag Sampler Box,Sampler,governed,high,yes,4.0,396,7.0,28.0,56.6,0.943,14.1,
2025-12-29,2025-12,Maisa 1,,45030,ORG Lion's Mane Rhodiola 10 Ct Tea Bag/6 Count Case - G,Tea,inferred,,yes,3.0,2760,6.117,18.35,451.2,7.52,150.4,
2025-12-29,2025-12,Maisa 1,,TB503,ORG Lion's Mane Rhodiola Loose Tea Bag - G,Tea bag (intermediate),item-code,,yes,3.0,19500,3.917,11.75,4978.7,82.979,1659.6,
2025-12-29,2025-12,Maisa 2+3,,46010L,ORG Dark Chocolate 10 Ct Tea Bag/36 Count Box,Tea,governed,high,yes,3.0,540,1.35,4.05,400.0,6.667,133.3,
2025-12-29,2025-12,Maisa 2+3,,46011,ORG Dark Chocolate 25 Ct Tea Bag,Tea,governed,high,yes,3.0,720,6.483,19.45,111.1,1.851,37.0,
2025-12-29,2025-12,Maisa 2+3,,Clean,Standard Clean,Tea,inferred,,,5.0,0,0.333,1.667,,,,
2025-12-29,2025-12,WeighRight,,10043,"ORG Star Anise, 6Oz Bag",Bag/Other,inferred,,yes,3.0,540,3.2,9.6,168.8,2.812,56.2,
2025-12-29,2025-12,WeighRight,,10045,AMZN- WWB-ORG Rooibos - 1 Lb Bag,Bag/Other,inferred,,yes,3.0,360,1.333,4.0,270.0,4.5,90.0,
2025-12-29,2025-12,WeighRight,,63010,ORG Dandelion Vanilla Nut 5 Lb Bag - A,Bag/Other,inferred,,yes,3.0,20,0.217,0.65,92.3,1.538,30.8,
2025-12-29,2025-12,WeighRight,,63080,ORG Dandelion Mocha 5 Lb Bag - A,Bag/Other,inferred,,yes,3.0,28,0.417,1.25,67.2,1.12,22.4,
2025-12-29,2025-12,WeighRight,,63310,ORG Dandelion Mocha Mint 5 Lb Bag - A,Bag/Other,inferred,,yes,3.0,24,0.25,0.75,96.0,1.6,32.0,
2025-12-29,2025-12,WeighRight,,63340,ORG Dandelion Coconut 5 Lb Bag - A,APG,governed,high,yes,3.0,32,0.25,0.75,128.0,2.133,42.7,
2025-12-29,2025-12,WeighRight,,83220L,Dandelion Caramel Nut 10 Oz Bag/Box of 24 - A,Bag/Other,inferred,,yes,3.0,672,1.567,4.7,428.9,7.149,143.0,
2025-12-29,2025-12,WeighRight,,83340L,ORG Dandelion Coconut 10 Oz Bag/Box of 24 - A,APG,governed,high,yes,3.0,432,1.017,3.05,424.9,7.082,141.6,
2025-12-29,2025-12,WeighRight,,Clean,Standard Clean,Bag/Other,inferred,,,3.0,0,0.583,1.75,,,,
2025-12-29,2025-12,WeighRight,,Clean,Standard Clean,Bag/Other,inferred,,,3.0,0,0.383,1.15,,,,
2025-12-29,2025-12,WeighRight,,Clean,Standard Clean,Bag/Other,inferred,,,3.0,0,0.083,0.25,,,,
2025-12-29,2025-12,WeighRight,,Clean,Standard Clean,Bag/Other,inferred,,,3.0,0,0.15,0.45,,,,
2025-12-29,2025-12,WeighRight,,Clean,Standard Clean,Bag/Other,inferred,,,3.0,0,0.367,1.1,,,,
2025-12-29,2025-12,WeighRight,,CleanA,Clean + Almond Test,Bag/Other,inferred,,,3.0,0,0.083,0.25,,,,
2025-12-29,2025-12,WeighRight,,CleanA,Clean + Almond Test,Bag/Other,inferred,,,3.0,0,0.35,1.05,,,,
2025-12-30,2025-12,AMS,handpack,10101,WWB - ORG Medium Roasted Carob Flour - 1 Lb Bag,Bag/Other,inferred,,yes,3.0,768,10.333,31.0,74.3,1.239,24.8,
2025-12-30,2025-12,Assembly,,45001L,Mushroom Adapt Tea Bag Sampler Box,Sampler,governed,high,yes,4.0,1476,10.5,42.0,140.6,2.343,35.1,
2025-12-30,2025-12,Maisa 1,,45030F,Lion's Mane Rhodiola Dual Language 10 cnt TB - G,Tea,inferred,,yes,3.0,2760,8.75,26.25,315.4,5.257,105.1,
2025-12-30,2025-12,Maisa 1,,45031,ORG Lion's Mane Rhodiola 25 Ct Tea Bag - G,Tea,inferred,,yes,3.0,24,0.3,0.9,80.0,1.333,26.7,
2025-12-30,2025-12,Maisa 1,,TB503,ORG Lion's Mane Rhodiola Loose Tea Bag - G,Tea bag (intermediate),item-code,,yes,3.0,2500,0.983,2.95,2542.4,42.373,847.5,
2025-12-30,2025-12,Maisa 2+3,,45020,ORG Chaga Ashwagandha 10 Ct Tea Bag/6 Count Case,Tea,inferred,,yes,3.0,966,4.783,14.35,202.0,3.366,67.3,
2025-12-30,2025-12,Maisa 2+3,,46010,ORG Dark Chocolate 10 Ct Tea Bag/6 Count Case,Tea,inferred,,yes,3.0,606,1.45,4.35,417.9,6.966,139.3,
2025-12-30,2025-12,Maisa 2+3,,46011,ORG Dark Chocolate 25 Ct Tea Bag,Tea,governed,high,yes,3.0,312,2.567,7.7,121.6,2.026,40.5,
2025-12-30,2025-12,Maisa 2+3,,Clean,Standard Clean,Tea,inferred,,,3.0,0,1.2,3.6,,,,
2025-12-30,2025-12,WeighRight,,50089,ORG Raspberry Mocha 30g Trial Size Packet - GA,Bag/Other,inferred,,yes,2.0,1080,1.733,3.467,623.1,10.385,311.5,
2025-12-30,2025-12,WeighRight,,55010,Reishi Eleuthero 30g Trial Size Packet - G,APG,governed,high,yes,2.0,1080,2.417,4.833,446.9,7.448,223.4,
2025-12-30,2025-12,WeighRight,,55050,Turkey Tail Astragalus 30g Trial Size Packet - G,Bag/Other,inferred,,yes,2.0,1080,2.017,4.033,535.5,8.926,267.8,
2025-12-30,2025-12,WeighRight,,80020L,ORG Chocolate Mint 11OZ Bag/Box of 24 - GA,Bag/Other,inferred,,yes,2.0,408,0.85,1.7,480.0,8.0,240.0,
2025-12-30,2025-12,WeighRight,,85010L,ORG Reishi Eleuthero 10 Oz Bag/Box of 24 - G,APG,governed,high,yes,2.0,528,0.917,1.833,576.0,9.6,288.0,
2025-12-30,2025-12,WeighRight,,Clean,Standard Clean,Bag/Other,inferred,,,2.0,0,0.9,1.8,,,,
2025-12-30,2025-12,WeighRight,,Clean,Standard Clean,Bag/Other,inferred,,,2.0,0,0.517,1.033,,,,
2025-12-30,2025-12,WeighRight,,Clean,Standard Clean,Bag/Other,inferred,,,2.0,0,0.75,1.5,,,,
2025-12-31,2025-12,AMS,handpack,10006A,WWB AMZN Organic Lemon Balm (6 Oz) ,Bag/Other,inferred,,yes,4.0,1050,7.533,30.133,139.4,2.323,34.8,
2025-12-31,2025-12,AMS,handpack,10101,WWB - ORG Medium Roasted Carob Flour - 1 Lb Bag,Bag/Other,inferred,,yes,3.0,148,1.883,5.65,78.6,1.31,26.2,
2025-12-31,2025-12,Assembly,,43311,Dandelion Mocha Mint 25 Count Tea Bag - A,Tea,governed,high,yes,2.0,120,2.05,4.1,58.5,0.976,29.3,
2025-12-31,2025-12,Assembly,,45001,Mushroom Adaptogen TB Sampler Box - 6 Count Case - G,Sampler,inferred,,yes,5.0,140,8.833,44.167,15.8,0.264,3.2,
2025-12-31,2025-12,Assembly,,45001L,Mushroom Adapt Tea Bag Sampler Box,Sampler,governed,high,yes,2.0,360,3.467,6.933,103.8,1.731,51.9,
2025-12-31,2025-12,Assembly,,45050F,Turkey Tail Astragalus Dual Language 10 cnt TB - G,Tea,inferred,,yes,1.0,96,0.867,0.867,110.8,1.846,110.8,
2025-12-31,2025-12,Maisa 1,,45031,ORG Lion's Mane Rhodiola 25 Ct Tea Bag - G,Tea,inferred,,yes,3.0,456,14.2,42.6,32.1,0.535,10.7,
2025-12-31,2025-12,Maisa 1,,cleang,Clean + Gluten Test,Tea,inferred,,,3.0,0,0.633,1.9,,,,
2025-12-31,2025-12,Maisa 2+3,,43220,ORG Dandelion Caramel Nut 10ct/6pk Tea Bag - A,Tea,inferred,,yes,5.0,60,0.167,0.833,360.0,6.0,72.0,
2025-12-31,2025-12,Maisa 2+3,,45020,ORG Chaga Ashwagandha 10 Ct Tea Bag/6 Count Case,Tea,inferred,,yes,5.0,1794,4.283,21.417,418.8,6.981,83.8,
2025-12-31,2025-12,Maisa 2+3,,45021,ORG Chaga Ashwagandha 25 Ct Tea Bag,Tea,governed,high,yes,5.0,1200,4.95,24.75,242.4,4.04,48.5,
2025-12-31,2025-12,Maisa 2+3,,Clean,Standard Clean,Tea,inferred,,,5.0,0,0.55,2.75,,,,
2025-12-31,2025-12,WeighRight,,20081,ORG Mocha 300G Dual Language Bag - 6Ct Case - GA,Bag/Other,inferred,,yes,3.0,144,0.417,1.25,345.6,5.76,115.2,
2025-12-31,2025-12,WeighRight,,50080,ORG Mocha 30g Trial Size Packet - GA,Bag/Other,inferred,,yes,3.0,1080,1.65,4.95,654.5,10.909,218.2,
2025-12-31,2025-12,WeighRight,,60020,ORG Chocolate Mint 5 Lb Bag - GA,Bag/Other,inferred,,yes,3.0,48,0.417,1.25,115.2,1.92,38.4,
2025-12-31,2025-12,WeighRight,,80020A,AMZN Org Chocolate Mint11OZ Bag/Box of 24 - GA,Bag/Other,inferred,,yes,3.0,528,0.917,2.75,576.0,9.6,192.0,
2025-12-31,2025-12,WeighRight,,80020L,ORG Chocolate Mint 11OZ Bag/Box of 24 - GA,Bag/Other,inferred,,yes,3.0,168,0.217,0.65,775.4,12.923,258.5,
2025-12-31,2025-12,WeighRight,,80060L,Org Hazelnut 11OZ Bag/Box of 24 - GA,Bag/Other,inferred,,yes,3.0,168,0.233,0.7,720.0,12.0,240.0,
2025-12-31,2025-12,WeighRight,,80080,ORG Mocha 11OZ Bag/6 Count Case - GA,Bag/Other,inferred,,yes,3.0,1380,2.317,6.95,595.7,9.928,198.6,
2025-12-31,2025-12,WeighRight,,80080L,Org Mocha 11OZ Bag/Box of 24 - GA,Bag/Other,inferred,,yes,3.0,672,1.417,4.25,474.4,7.906,158.1,
2025-12-31,2025-12,WeighRight,,80083,ORG Mocha 11OZ Bag 3PK  - GA,Bag/Other,inferred,,yes,3.0,160,1.0,3.0,160.0,2.667,53.3,
2025-12-31,2025-12,WeighRight,,Clean,Standard Clean,Bag/Other,inferred,,,3.0,0,0.75,2.25,,,,
2025-12-31,2025-12,WeighRight,,Clean,Standard Clean,Bag/Other,inferred,,,3.0,0,0.367,1.1,,,,
2026-01-02,2026-01,AMS,handpack,10006A,WWB AMZN Organic Lemon Balm (6 Oz) ,Bag/Other,inferred,,yes,3.0,1202,8.383,25.15,143.4,2.39,47.8,
2026-01-02,2026-01,Assembly,,45001,Mushroom Adaptogen TB Sampler Box - 6 Count Case - G,Sampler,inferred,,yes,5.0,159,8.0,40.0,19.9,0.331,4.0,
2026-01-02,2026-01,WeighRight,,60060,ORG Hazelnut 5 Lb Bag - GA,Bag/Other,inferred,,yes,3.0,120,1.217,3.65,98.6,1.644,32.9,
2026-01-02,2026-01,WeighRight,,80060A,AMZN Org Hazelnut 11OZ Bag/Box of 24 - GA,Bag/Other,inferred,,yes,3.0,744,1.5,4.5,496.0,8.267,165.3,
2026-01-02,2026-01,WeighRight,,80060A,AMZN Org Hazelnut 11OZ Bag/Box of 24 - GA,Bag/Other,inferred,,yes,3.0,780,1.7,5.1,458.8,7.647,152.9,
2026-01-02,2026-01,WeighRight,,80060L,Org Hazelnut 11OZ Bag/Box of 24 - GA,Bag/Other,inferred,,yes,3.0,1632,2.833,8.5,576.0,9.6,192.0,
2026-01-02,2026-01,WeighRight,,85070L,ORG Miraculous Mushrooms A&P 10oz Bag/Box of 24,Bag/Other,inferred,,yes,3.0,120,0.333,1.0,360.0,6.0,120.0,
2026-01-02,2026-01,WeighRight,,CleanGA,Clean + Gluten + Almond Tests,Bag/Other,inferred,,,3.0,0,0.75,2.25,,,,
2026-01-05,2026-01,AMS,handpack,10006A,WWB AMZN Organic Lemon Balm (6 Oz) ,Bag/Other,inferred,,yes,3.0,450,1.667,5.0,270.0,4.5,90.0,
2026-01-05,2026-01,AMS,handpack,10006A,WWB AMZN Organic Lemon Balm (6 Oz) ,Bag/Other,inferred,,yes,3.0,600,4.167,12.5,144.0,2.4,48.0,
2026-01-05,2026-01,AMS,handpack,10061A,AMZN - WWB - ORG Date Sugar - 1 Lb,Bag/Other,inferred,,yes,3.0,540,5.683,17.05,95.0,1.584,31.7,
2026-01-05,2026-01,AMS,handpack,30005L,ORG GF Dandelion Blend 312g Bag,Instant,governed,high,yes,3.0,108,1.4,4.2,77.1,1.286,25.7,
2026-01-05,2026-01,Assembly,,40001L,Herbal Tea Sampler Box - Loose,Sampler,governed,high,yes,2.0,180,2.333,4.667,77.1,1.286,38.6,
2026-01-05,2026-01,Assembly,,43001,Dandelion Tea Sampler Box - 6 Count Case,Sampler,inferred,,yes,2.0,120,0.95,1.9,126.3,2.105,63.2,
2026-01-05,2026-01,Assembly,,45001,Mushroom Adaptogen TB Sampler Box - 6 Count Case - G,Sampler,inferred,,yes,6.0,161,7.367,44.2,21.9,0.364,3.6,
2026-01-05,2026-01,Assembly,,45050F,Turkey Tail Astragalus Dual Language 10 cnt TB - G,Tea,inferred,,yes,2.0,240,2.367,4.733,101.4,1.69,50.7,
2026-01-05,2026-01,Assembly,,86010L,ORG Dark Chocolate 10 Oz Bag/Box of 24,Bag/Other,inferred,,yes,2.0,480,1.2,2.4,400.0,6.667,200.0,
2026-01-05,2026-01,Maisa 1,,43321,Dandelion Red Chai 25 Count Tea Bag,Tea,governed,high,yes,3.0,1200,10.55,31.65,113.7,1.896,37.9,
2026-01-05,2026-01,Maisa 1,,TB332,ORG Dandelion Red Chai Tea Bag,Tea bag (intermediate),item-code,,yes,3.0,3500,1.217,3.65,2876.7,47.945,958.9,
2026-01-05,2026-01,Maisa 2+3,,43220,ORG Dandelion Caramel Nut 10ct/6pk Tea Bag - A,Tea,inferred,,yes,5.0,8232,11.95,59.75,688.9,11.481,137.8,
2026-01-05,2026-01,WeighRight,,60120,DO NOT MAKE ORG Maya Chai 5 Lb Bag - G,Bag/Other,inferred,,yes,3.0,32,0.417,1.25,76.8,1.28,25.6,
2026-01-05,2026-01,WeighRight,,65020,ORG Chaga Ashwagandha 5 Lb Bag,Bag/Other,inferred,,yes,3.0,80,1.05,3.15,76.2,1.27,25.4,
2026-01-05,2026-01,WeighRight,,80110A,AMZN Org French Roast 11OZ Bag/Box of 24 - G,Bag/Other,inferred,,yes,3.0,1440,2.3,6.9,626.1,10.435,208.7,
2026-01-05,2026-01,WeighRight,,80113,ORG French Roast 11OZ Bag 3PK - G,Bag/Other,inferred,,yes,3.0,320,2.067,6.2,154.8,2.581,51.6,
2026-01-05,2026-01,WeighRight,,85020L,ORG Chaga Ashwagandha 10 Oz Bag/Box of 24,Bag/Other,inferred,,yes,3.0,1224,2.667,8.0,459.0,7.65,153.0,
2026-01-05,2026-01,WeighRight,,85070L,ORG Miraculous Mushrooms A&P 10oz Bag/Box of 24,Bag/Other,inferred,,yes,3.0,432,0.783,2.35,551.5,9.191,183.8,
2026-01-05,2026-01,WeighRight,,Clean,Standard Clean,Bag/Other,inferred,,,3.0,0,0.467,1.4,,,,
2026-01-05,2026-01,WeighRight,,Clean,Standard Clean,Bag/Other,inferred,,,3.0,0,0.45,1.35,,,,
2026-01-05,2026-01,WeighRight,,Clean,Standard Clean,Bag/Other,inferred,,,3.0,0,0.083,0.25,,,,
2026-01-05,2026-01,WeighRight,,help handpack instants,,Bag/Other,inferred,,,3.0,0,1.633,4.9,,,,
2026-01-06,2026-01,AMS,handpack,10402A,AMZN- WWB-ORG Rama Tulsi - 8 OZ Bag,Bag/Other,inferred,,yes,1.0,272,4.0,4.0,68.0,1.133,68.0,
2026-01-06,2026-01,AMS,handpack,30003,Instant Chicory - 8 Oz Bag,Instant,inferred,,yes,3.0,343,6.033,18.1,56.9,0.948,19.0,
2026-01-06,2026-01,AMS,handpack,30005L,ORG GF Dandelion Blend 312g Bag,Instant,governed,high,yes,3.0,519,4.85,14.55,107.0,1.784,35.7,
2026-01-06,2026-01,AMS,handpack,30013L,ORG Miraculous Mushrooms Cacao 135g Bag,Bag/Other,inferred,,yes,3.0,270,5.4,16.2,50.0,0.833,16.7,
2026-01-06,2026-01,AMS,handpack,31005L,ORG GF Instant Dandelion Latte 224g Bag,Instant,governed,high,yes,3.0,461,2.75,8.25,167.6,2.794,55.9,
2026-01-06,2026-01,AMS,handpack,31007L,ORG Instant Miraculous Mushrooms AP Latte 224g Bag,Instant,governed,high,yes,3.0,450,2.533,7.6,177.6,2.961,59.2,
2026-01-06,2026-01,AMS,handpack,31008L,ORG Instant French Roast Latte 224g Bag,Instant,governed,high,yes,3.0,446,3.2,9.6,139.4,2.323,46.5,
2026-01-06,2026-01,AMS,handpack,31010L,ORG Instant Hazelnut Latte 224g Bag,Instant,governed,high,yes,3.0,168,3.317,9.95,50.7,0.844,16.9,
2026-01-06,2026-01,AMS,handpack,43116,Dandelion DarkRoast Tagless Tea Bag - 50 Ct,Tea,governed,high,yes,3.0,425,4.583,13.75,92.7,1.545,30.9,
2026-01-06,2026-01,Assembly,,40001L,Herbal Tea Sampler Box - Loose,Sampler,governed,high,yes,2.0,936,8.45,16.9,110.8,1.846,55.4,
2026-01-06,2026-01,Assembly,,40132F,ORG Maca Chocolate DL 25CT Tea Bag AMZN (24pk) - G,Tea,inferred,,yes,3.0,240,2.75,8.25,87.3,1.455,29.1,
2026-01-06,2026-01,Maisa 1,,Clean,Standard Clean,Tea,inferred,,,3.0,0,1.083,3.25,,,,
2026-01-06,2026-01,Maisa 1,,TB110,ORG French Roast Tea Bag Loose - G,Tea bag (intermediate),item-code,,yes,3.0,11000,3.167,9.5,3473.7,57.895,1157.9,
2026-01-06,2026-01,Maisa 1,,TB332,ORG Dandelion Red Chai Tea Bag,Tea bag (intermediate),item-code,,yes,3.0,19628,7.75,23.25,2532.6,42.211,844.2,
2026-01-06,2026-01,Maisa 2+3,,43110,ORG Dandelion Dark Roast 10ct/6pk Tea Bag,Tea,inferred,,yes,5.0,2694,4.333,21.667,621.7,10.362,124.3,
2026-01-06,2026-01,Maisa 2+3,,43220,ORG Dandelion Caramel Nut 10ct/6pk Tea Bag - A,Tea,inferred,,yes,5.0,1500,2.15,10.75,697.7,11.628,139.5,
2026-01-06,2026-01,Maisa 2+3,,CleanA,Clean + Almond Test,Tea,inferred,,,5.0,0,0.383,1.917,,,,
2026-01-06,2026-01,Maisa 2+3,,NTB3220,Dandelion Caramel Nut Tagless 6g Tea Bag - A,Tea bag (intermediate),item-code,,yes,2.0,31200,5.683,11.367,5489.7,91.496,2744.9,
2026-01-06,2026-01,Maisa 2+3,,TB311,ORG Dandelion Dark Roast Tea Bag,Tea bag (intermediate),item-code,,yes,2.0,2500,0.7,1.4,3571.4,59.524,1785.7,
2026-01-06,2026-01,Maisa 2+3,,TB322,ORG Dandelion Caramel Nut Tea Bag - A,Tea bag (intermediate),item-code,,yes,2.0,18000,5.3,10.6,3396.2,56.604,1698.1,
2026-01-06,2026-01,WeighRight,,20081,ORG Mocha 300G Dual Language Bag - 6Ct Case - GA,Bag/Other,inferred,,yes,3.0,72,1.233,3.7,58.4,0.973,19.5,
2026-01-06,2026-01,WeighRight,,80116A,French Roast 500g APG Bag - G,APG,inferred,,yes,3.0,96,0.333,1.0,288.0,4.8,96.0,
2026-01-06,2026-01,WeighRight,,help handpack instants,,Bag/Other,inferred,,,3.0,0,12.183,36.55,,,,
2026-01-07,2026-01,AMS,handpack,10005A,WWB AMZN Organic Chia (1lb),Bag/Other,inferred,,yes,2.0,288,3.9,7.8,73.8,1.231,36.9,
2026-01-07,2026-01,AMS,handpack,30009L,ORG Instant Vanilla Nut 100g Bag - G,Instant,governed,high,yes,3.0,746,5.767,17.3,129.4,2.156,43.1,
2026-01-07,2026-01,AMS,handpack,30010L,ORG Instant Hazelnut 100g Bag - G,Instant,governed,high,yes,2.0,739,4.283,8.567,172.5,2.875,86.3,
2026-01-07,2026-01,AMS,handpack,30011L,ORG Instant Mocha 100g Bag - G,Instant,inferred,,yes,3.0,740,4.2,12.6,176.2,2.937,58.7,
2026-01-07,2026-01,AMS,handpack,30013L,ORG Miraculous Mushrooms Cacao 135g Bag,Bag/Other,inferred,,yes,3.0,474,8.067,24.2,58.8,0.979,19.6,
2026-01-07,2026-01,AMS,handpack,31010L,ORG Instant Hazelnut Latte 224g Bag,Instant,governed,high,yes,3.0,168,0.717,2.15,234.4,3.907,78.1,
2026-01-07,2026-01,Maisa 1,,40111,ORG French Roast 25CT Tea Bag - G,Tea,governed,high,yes,3.0,984,8.617,25.85,114.2,1.903,38.1,
2026-01-07,2026-01,Maisa 1,,TB110,ORG French Roast Tea Bag Loose - G,Tea bag (intermediate),item-code,,yes,3.0,7000,3.333,10.0,2100.0,35.0,700.0,
2026-01-07,2026-01,Maisa 2+3,,43110,ORG Dandelion Dark Roast 10ct/6pk Tea Bag,Tea,inferred,,yes,5.0,2826,3.817,19.083,740.4,12.341,148.1,
2026-01-07,2026-01,Maisa 2+3,,43111,ORG Dandelion Dark Roast 25CT Tea Bag,Tea,governed,high,yes,5.0,1200,4.117,20.583,291.5,4.858,58.3,
2026-01-07,2026-01,Maisa 2+3,,43114,DO NOT MAKE - ORG Dandelion Dark Roast 10CT Tea Bag 4PK (with DCO/DMM Goody Bag),Tea,inferred,,yes,5.0,96,0.433,2.167,221.5,3.692,44.3,
2026-01-07,2026-01,Maisa 2+3,,NTB3110,Dandelion Dark Roast Tagless 6g Tea Bag,Tea bag (intermediate),item-code,,yes,2.0,16800,3.7,7.4,4540.5,75.676,2270.3,
2026-01-07,2026-01,Maisa 2+3,,TB311,ORG Dandelion Dark Roast Tea Bag,Tea bag (intermediate),item-code,,yes,2.0,14500,3.7,7.4,3918.9,65.315,1959.5,
2026-01-07,2026-01,WeighRight,,80110L,Org French Roast 11oz Bag/Box of 24 - G,Bag/Other,inferred,,yes,3.0,240,1.383,4.15,173.5,2.892,57.8,
2026-01-07,2026-01,WeighRight,,80116A,French Roast 500g APG Bag - G,APG,inferred,,yes,3.0,552,1.2,3.6,460.0,7.667,153.3,
2026-01-07,2026-01,WeighRight,,help handpack instants,,Bag/Other,inferred,,,3.0,0,11.833,35.5,,,,
2026-01-08,2026-01,AMS,handpack,10005A,WWB AMZN Organic Chia (1lb),Bag/Other,inferred,,yes,5.0,1008,7.067,35.333,142.6,2.377,28.5,
2026-01-08,2026-01,AMS,handpack,10101,WWB - ORG Medium Roasted Carob Flour - 1 Lb Bag,Bag/Other,inferred,,yes,3.0,276,4.317,12.95,63.9,1.066,21.3,
2026-01-08,2026-01,Assembly,,40081,ORG Mocha 25CT Tea Bag - GA,Tea,governed,high,yes,2.0,40,1.867,3.733,21.4,0.357,10.7,
2026-01-08,2026-01,Assembly,,55092,Mushroom 6 Packet Sampler,Sampler,governed,high,yes,1.0,240,5.5,5.5,43.6,0.727,43.6,
2026-01-08,2026-01,Maisa 1,,40111,ORG French Roast 25CT Tea Bag - G,Tea,governed,high,yes,3.0,456,3.717,11.15,122.7,2.045,40.9,
2026-01-08,2026-01,Maisa 1,,43310,ORG Dandelion Mocha Mint 10CT Tea Bag - A,Tea,inferred,,yes,3.0,2070,6.533,19.6,316.8,5.281,105.6,
2026-01-08,2026-01,Maisa 1,,CleanG,Clean + Gluten Test,Tea,inferred,,,3.0,0,1.483,4.45,,,,
2026-01-08,2026-01,Maisa 2+3,,45020,ORG Chaga Ashwagandha 10 Ct Tea Bag/6 Count Case,Tea,inferred,,yes,5.0,3324,6.583,32.917,504.9,8.415,101.0,
2026-01-08,2026-01,Maisa 2+3,,Clean,Standard Clean,Tea,inferred,,,5.0,0,0.85,4.25,,,,
2026-01-08,2026-01,Maisa 2+3,,Clean,Standard Clean,Tea,inferred,,,5.0,0,0.5,2.5,,,,
2026-01-08,2026-01,Maisa 2+3,,NTB3110,Dandelion Dark Roast Tagless 6g Tea Bag,Tea bag (intermediate),item-code,,yes,2.0,15804,3.017,6.033,5238.9,87.315,2619.4,
2026-01-08,2026-01,Maisa 2+3,,TB311,ORG Dandelion Dark Roast Tea Bag,Tea bag (intermediate),item-code,,yes,2.0,7500,1.767,3.533,4245.3,70.755,2122.6,
2026-01-08,2026-01,Maisa 2+3,,TB502,ORG Chaga Ashwagandha Loose Tea Bag,Tea bag (intermediate),item-code,,yes,4.0,8500,2.317,9.267,3669.1,61.151,917.3,
2026-01-08,2026-01,WeighRight,,10051,ORG Roasted Chicory Root - 1 Lb Bag,Bag/Other,inferred,,yes,3.0,468,1.35,4.05,346.7,5.778,115.6,
2026-01-08,2026-01,WeighRight,,10059A,AMZN ORG French Chicory 2 X 1 Lb Bag,Bag/Other,inferred,,yes,3.0,576,2.567,7.7,224.4,3.74,74.8,
2026-01-08,2026-01,WeighRight,,60110,ORG French Roast 5 Lb Bag - G,Bag/Other,inferred,,yes,3.0,80,0.683,2.05,117.1,1.951,39.0,
2026-01-08,2026-01,WeighRight,,80110L,Org French Roast 11oz Bag/Box of 24 - G,Bag/Other,inferred,,yes,3.0,1560,2.667,8.0,585.0,9.75,195.0,
2026-01-08,2026-01,WeighRight,,85030L,ORG Lion's Mane Rhodiola 10 Oz Bag/Box of 24 - G,APG,governed,high,yes,3.0,1192,3.0,9.0,397.3,6.622,132.4,
2026-01-08,2026-01,WeighRight,,Clean,Standard Clean,Bag/Other,inferred,,,3.0,0,0.483,1.45,,,,
2026-01-08,2026-01,WeighRight,,CleanG,Clean + Gluten Test,Bag/Other,inferred,,,3.0,0,1.083,3.25,,,,
2026-01-12,2026-01,AMS,handpack,10101,WWB - ORG Medium Roasted Carob Flour - 1 Lb Bag,Bag/Other,inferred,,yes,3.0,888,11.683,35.05,76.0,1.267,25.3,
2026-01-12,2026-01,AMS,handpack,10101,WWB - ORG Medium Roasted Carob Flour - 1 Lb Bag,Bag/Other,inferred,,yes,3.0,756,12.2,36.6,62.0,1.033,20.7,
2026-01-12,2026-01,Assembly,,40081,ORG Mocha 25CT Tea Bag - GA,Tea,governed,high,yes,1.0,104,3.25,3.25,32.0,0.533,32.0,
2026-01-12,2026-01,Assembly,,40113,ORG French Roast 25CT Tea Bag 3PK - G,Tea,inferred,,yes,1.0,24,2.633,2.633,9.1,0.152,9.1,
2026-01-12,2026-01,Assembly,,40121,DO NOT MAKE ORG Maya Chai 25CT Tea Bag - G,Tea,governed,high,yes,1.0,144,3.95,3.95,36.5,0.608,36.5,
2026-01-12,2026-01,Assembly,,50092,Teeccino Chocolate Flavor Sampler,Sampler,governed,high,yes,2.0,250,4.917,9.833,50.8,0.847,25.4,
2026-01-12,2026-01,Maisa 1,,43310,ORG Dandelion Mocha Mint 10CT Tea Bag - A,Tea,inferred,,yes,3.0,2070,5.383,16.15,384.5,6.409,128.2,
2026-01-12,2026-01,Maisa 1,,43311,Dandelion Mocha Mint 25 Count Tea Bag - A,Tea,governed,high,yes,3.0,512,3.317,9.95,154.4,2.573,51.5,
2026-01-12,2026-01,Maisa 1,,43313,DO NOT MAKE ORG Dandelion Mocha Mint 25CT Tea Bag 3PK - A,Tea,inferred,,yes,3.0,60,1.417,4.25,42.4,0.706,14.1,
2026-01-12,2026-01,Maisa 1,,43314,DO NOT MAKE ORG Dandelion Mocha Mint 10CT Tea Bag 4PK - A,Tea,inferred,,yes,3.0,160,1.767,5.3,90.6,1.509,30.2,
2026-01-12,2026-01,Maisa 1,,Clean,Standard Clean,Tea,inferred,,,3.0,0,0.283,0.85,,,,
2026-01-12,2026-01,Maisa 2+3,,46010,ORG Dark Chocolate 10 Ct Tea Bag/6 Count Case,Tea,inferred,,yes,5.0,4140,6.217,31.083,666.0,11.099,133.2,
2026-01-12,2026-01,Maisa 2+3,,46010L,ORG Dark Chocolate 10 Ct Tea Bag/36 Count Box,Tea,governed,high,yes,5.0,324,0.367,1.833,883.6,14.727,176.7,
2026-01-12,2026-01,Maisa 2+3,,46011,ORG Dark Chocolate 25 Ct Tea Bag,Tea,governed,high,yes,5.0,681,2.167,10.833,314.3,5.238,62.9,
2026-01-12,2026-01,Maisa 2+3,,Clean,Standard Clean,Tea,inferred,,,5.0,0,1.0,5.0,,,,
2026-01-12,2026-01,Maisa 2+3,,TB502,ORG Chaga Ashwagandha Loose Tea Bag,Tea bag (intermediate),item-code,,yes,4.0,500,0.25,1.0,2000.0,33.333,500.0,
2026-01-12,2026-01,Maisa 2+3,,TB601,ORG Dark Chocolate Loose Tea Bag,Tea bag (intermediate),item-code,,yes,4.0,12000,1.967,7.867,6101.7,101.695,1525.4,
2026-01-12,2026-01,WeighRight,,10031,Roasted Chicory Root - 1 Lb Bag,Bag/Other,inferred,,yes,3.0,4164,7.667,23.0,543.1,9.052,181.0,
2026-01-12,2026-01,WeighRight,,10039A,AMZN Roasted French Chicory 2 X 1 Lb Bag,Bag/Other,inferred,,yes,3.0,420,1.75,5.25,240.0,4.0,80.0,
2026-01-12,2026-01,WeighRight,,10051,ORG Roasted Chicory Root - 1 Lb Bag,Bag/Other,inferred,,yes,3.0,972,2.067,6.2,470.3,7.839,156.8,
2026-01-13,2026-01,AMS,handpack,10201,WWB - ORG Peppermint Leaf - 4 Oz Bag,Bag/Other,inferred,,yes,3.0,600,5.333,16.0,112.5,1.875,37.5,
2026-01-13,2026-01,Assembly,,30008,Instant French Roast 100g Bag / 6 Count Case - G,Instant,inferred,,yes,1.0,246,1.167,1.167,210.9,3.514,210.9,
2026-01-13,2026-01,Assembly,,30012,Instant Dandelion Blend 100g Bag / 6 Count Case,Instant,inferred,,yes,1.0,282,1.533,1.533,183.9,3.065,183.9,
2026-01-13,2026-01,Assembly,,40113,ORG French Roast 25CT Tea Bag 3PK - G,Tea,inferred,,yes,1.0,60,6.917,6.917,8.7,0.145,8.7,
2026-01-13,2026-01,Assembly,,GDB502,ORG Chaga Ashwaganda Packet Goody Bag,Bag/Other,inferred,,yes,1.0,50,0.133,0.133,375.0,6.25,375.0,
2026-01-13,2026-01,Assembly,,TGB010,ORG Vanilla Nut Tea Bag Goody Bag - GA,Tea,inferred,,yes,1.0,25,0.067,0.067,375.0,6.25,375.0,
2026-01-13,2026-01,Assembly,,TGB503,Lion's Mane Rhodiola Tea Goody Bag - G,Bag/Other,inferred,,yes,1.0,25,0.067,0.067,375.0,6.25,375.0,
2026-01-13,2026-01,Maisa 1,,43341,Dandelion Coconut 25 Count Tea Bag - A,Tea,governed,high,yes,3.0,624,3.917,11.75,159.3,2.655,53.1,
2026-01-13,2026-01,Maisa 1,,TB334,ORG Dandelion Coconut Tea Bag - A,Tea bag (intermediate),item-code,,yes,2.0,16000,7.75,15.5,2064.5,34.409,1032.3,
2026-01-13,2026-01,Maisa 2+3,,40011A,ORG 25 CT Vanilla Nut AMZN - GA,Tea,inferred,,yes,5.0,240,2.2,11.0,109.1,1.818,21.8,
2026-01-13,2026-01,Maisa 2+3,,Clean,Standard Clean,Tea,inferred,,,5.0,0,1.867,9.333,,,,
2026-01-13,2026-01,Maisa 2+3,,NTB0010,Vanilla Nut Tagless 6g Tea Bag - GA,Tea bag (intermediate),item-code,,yes,2.0,34800,8.267,16.533,4209.7,70.161,2104.8,
2026-01-13,2026-01,Maisa 2+3,,TB010,ORG Vanilla Nut Tea Bag Loose - GA,Tea bag (intermediate),item-code,,yes,2.0,22000,6.3,12.6,3492.1,58.201,1746.0,
2026-01-13,2026-01,Maisa 2+3,,TB502,ORG Chaga Ashwagandha Loose Tea Bag,Tea bag (intermediate),item-code,,yes,4.0,6080,1.683,6.733,3611.9,60.198,903.0,
2026-01-13,2026-01,WeighRight,,10031,Roasted Chicory Root - 1 Lb Bag,Bag/Other,inferred,,yes,3.0,3036,5.883,17.65,516.0,8.601,172.0,
2026-01-13,2026-01,WeighRight,,Clean,Standard Clean,Bag/Other,inferred,,,3.0,0,0.95,2.85,,,,
2026-01-13,2026-01,WeighRight,,Handpacking Peppermint,,Bag/Other,inferred,,,3.0,0,12.5,37.5,,,,
2026-01-14,2026-01,AMS,handpack,10201,WWB - ORG Peppermint Leaf - 4 Oz Bag,Bag/Other,inferred,,yes,3.0,600,4.05,12.15,148.1,2.469,49.4,
2026-01-14,2026-01,AMS,handpack,10401A,AMZN-WWB-ORG Krishna Tulsi- 8OZ Bag,Bag/Other,inferred,,yes,3.0,600,6.1,18.3,98.4,1.639,32.8,
2026-01-14,2026-01,AMS,handpack,10402A,AMZN- WWB-ORG Rama Tulsi - 8 OZ Bag,Bag/Other,inferred,,yes,3.0,544,3.917,11.75,138.9,2.315,46.3,
2026-01-14,2026-01,Assembly,,40001L,Herbal Tea Sampler Box - Loose,Sampler,governed,high,yes,2.0,601,9.933,19.867,60.5,1.008,30.3,
2026-01-14,2026-01,Maisa 1,,42061,ORG Maple Pecan 25CT Tea Bag - GA,Tea,governed,high,yes,3.0,456,4.933,14.8,92.4,1.541,30.8,
2026-01-14,2026-01,Maisa 1,,43011,ORG Dandelion Vanilla Nut 25CT Tea Bag - A,Tea,governed,high,yes,3.0,436,4.467,13.4,97.6,1.627,32.5,
2026-01-14,2026-01,Maisa 1,,43341,Dandelion Coconut 25 Count Tea Bag - A,Tea,governed,high,yes,3.0,192,1.55,4.65,123.9,2.065,41.3,
2026-01-14,2026-01,Maisa 1,,Clean,Standard Clean,Tea,inferred,,,3.0,0,0.533,1.6,,,,
2026-01-14,2026-01,Maisa 1,,Clean,Standard Clean,Tea,inferred,,,3.0,0,0.683,2.05,,,,
2026-01-14,2026-01,Maisa 2+3,,40010,ORG Vanilla Nut 10ct/6pk Tea Bag - GA,Tea,inferred,,yes,5.0,3780,7.183,35.917,526.2,8.77,105.2,
2026-01-14,2026-01,Maisa 2+3,,40011A,ORG 25 CT Vanilla Nut AMZN - GA,Tea,inferred,,yes,5.0,1080,4.417,22.083,244.5,4.075,48.9,
2026-01-14,2026-01,Maisa 2+3,,CleanA,Clean + Almond Test,Tea,inferred,,,2.0,0,0.5,1.0,,,,
2026-01-14,2026-01,WeighRight,,10008,"Org Rooibos, 8 Oz Bag",Bag/Other,inferred,,yes,3.0,576,1.117,3.35,515.8,8.597,171.9,
2026-01-14,2026-01,WeighRight,,10013,"ORG Hibisicus, 8 Oz Bag",Bag/Other,inferred,,yes,3.0,1800,4.917,14.75,366.1,6.102,122.0,
2026-01-14,2026-01,WeighRight,,Clean,Standard Clean,Bag/Other,inferred,,,3.0,0,1.667,5.0,,,,
2026-01-14,2026-01,WeighRight,,Handpacking Peppermint,,Bag/Other,inferred,,,3.0,0,4.583,13.75,,,,
2026-01-15,2026-01,AMS,handpack,10001A,Sage 2 Oz Bags AMZN,Bag/Other,inferred,,yes,2.0,180,2.967,5.933,60.7,1.011,30.3,
2026-01-15,2026-01,AMS,handpack,10024,ORG Lavender 4 Oz Bag - 79523910024,Bag/Other,inferred,,yes,3.0,1200,6.9,20.7,173.9,2.899,58.0,
2026-01-15,2026-01,AMS,handpack,40016,Vanilla Nut Tagless Tea Bag - 50 Ct - GA,Tea,governed,high,yes,2.0,240,4.617,9.233,52.0,0.866,26.0,
2026-01-15,2026-01,Assembly,,30009,Instant Vanilla Nut 100g Bag / 6 Count Case - G,Instant,inferred,,yes,1.0,276,1.45,1.45,190.3,3.172,190.3,
2026-01-15,2026-01,Assembly,,30011,Instant Mocha 100g Bag / 6 Count Case - G,Instant,inferred,,yes,1.0,276,1.483,1.483,186.1,3.101,186.1,
2026-01-15,2026-01,Assembly,,31008,ORG Instant French Roast Latte 6Ct Case,Instant,inferred,,yes,1.0,5,0.083,0.083,60.0,1.0,60.0,
2026-01-15,2026-01,Assembly,,40001L,Herbal Tea Sampler Box - Loose,Sampler,governed,high,yes,2.0,405,5.95,11.9,68.1,1.134,34.0,
2026-01-15,2026-01,Assembly,,85013,DO NOT MAKE ORG Reishi Eleuthero 10OZ Bag 3PK  - G,Bag/Other,inferred,,yes,1.0,16,1.25,1.25,12.8,0.213,12.8,
2026-01-15,2026-01,Maisa 1,,40021,ORG Chocolate Mint 25CT Tea Bag - GA,Tea,governed,high,yes,3.0,744,4.167,12.5,178.6,2.976,59.5,
2026-01-15,2026-01,Maisa 1,,42061,ORG Maple Pecan 25CT Tea Bag - GA,Tea,governed,high,yes,3.0,414,2.0,6.0,207.0,3.45,69.0,
2026-01-15,2026-01,Maisa 1,,Clean,Standard Clean,Tea,inferred,,,3.0,0,0.583,1.75,,,,
2026-01-15,2026-01,Maisa 1,,Clean,Standard Clean,Tea,inferred,,,3.0,0,0.417,1.25,,,,
2026-01-15,2026-01,Maisa 1,,TB060,ORG Hazelnut Tea Bag Loose - GA,Tea bag (intermediate),item-code,,yes,2.0,17000,4.75,9.5,3578.9,59.649,1789.5,
2026-01-15,2026-01,Maisa 2+3,,40130,ORG Maca Chocolate 10ct/6pk Tea Bag - G,Tea,inferred,,yes,5.0,4140,6.583,32.917,628.9,10.481,125.8,
2026-01-15,2026-01,Maisa 2+3,,45050F,Turkey Tail Astragalus Dual Language 10 cnt TB - G,Tea,inferred,,yes,3.0,1380,3.767,11.3,366.4,6.106,122.1,
2026-01-15,2026-01,Maisa 2+3,,Clean,Standard Clean,Tea,inferred,,,4.0,0,0.667,2.667,,,,
2026-01-15,2026-01,Maisa 2+3,,NTB0010,Vanilla Nut Tagless 6g Tea Bag - GA,Tea bag (intermediate),item-code,,yes,2.0,13200,2.55,5.1,5176.5,86.275,2588.2,
2026-01-15,2026-01,Maisa 2+3,,TB130,ORG Maca Chocolate Tea Bag - G,Tea bag (intermediate),item-code,,yes,2.0,8000,1.883,3.767,4247.8,70.796,2123.9,
2026-01-15,2026-01,WeighRight,,10008,"Org Rooibos, 8 Oz Bag",Bag/Other,inferred,,yes,3.0,840,1.433,4.3,586.0,9.767,195.3,
2026-01-15,2026-01,WeighRight,,10071,AMZN - WWB - ORG Roasted Barley - 1 Lb - G,Bag/Other,inferred,,yes,3.0,1200,2.683,8.05,447.2,7.453,149.1,
2026-01-15,2026-01,WeighRight,,50130,ORG MACA Chocolate 30g Trial Size Packet - G,Bag/Other,inferred,,yes,3.0,1080,1.717,5.15,629.1,10.485,209.7,
2026-01-15,2026-01,WeighRight,,55050,Turkey Tail Astragalus 30g Trial Size Packet - G,Bag/Other,inferred,,yes,3.0,1040,1.667,5.0,624.0,10.4,208.0,
2026-01-15,2026-01,WeighRight,,55050,Turkey Tail Astragalus 30g Trial Size Packet - G,Bag/Other,inferred,,yes,3.0,40,0.183,0.55,218.2,3.636,72.7,
2026-01-15,2026-01,WeighRight,,63220,ORG Dandelion Caramel Nut 5 Lb Bag - A,Bag/Other,inferred,,yes,3.0,60,0.533,1.6,112.5,1.875,37.5,
2026-01-15,2026-01,WeighRight,,80130A,AMZN Org Maca Chocolate 11OZ Bag/Box of 24 - G,Bag/Other,inferred,,yes,3.0,528,1.083,3.25,487.4,8.123,162.5,
2026-01-15,2026-01,WeighRight,,80130L,Org Maca Chocoate 11oz Bag/Box of 24 - G,Bag/Other,inferred,,yes,3.0,789,1.317,3.95,599.2,9.987,199.7,
2026-01-15,2026-01,WeighRight,,83220L,Dandelion Caramel Nut 10 Oz Bag/Box of 24 - A,Bag/Other,inferred,,yes,3.0,207,0.55,1.65,376.4,6.273,125.5,
2026-01-15,2026-01,WeighRight,,Clean,Standard Clean,Bag/Other,inferred,,,3.0,0,0.517,1.55,,,,
2026-01-15,2026-01,WeighRight,,Clean,Standard Clean,Bag/Other,inferred,,,3.0,0,0.717,2.15,,,,
2026-01-15,2026-01,WeighRight,,Clean,Standard Clean,Bag/Other,inferred,,,3.0,0,0.6,1.8,,,,
2026-01-15,2026-01,WeighRight,,CleanA,Clean + Almond Test,Bag/Other,inferred,,,3.0,0,0.5,1.5,,,,
2026-01-19,2026-01,AMS,handpack,10001A,Sage 2 Oz Bags AMZN,Bag/Other,inferred,,yes,2.0,132,2.133,4.267,61.9,1.031,30.9,
2026-01-19,2026-01,AMS,handpack,30003,Instant Chicory - 8 Oz Bag,Instant,inferred,,yes,2.0,636,9.5,19.0,66.9,1.116,33.5,
2026-01-19,2026-01,AMS,handpack,30012,Instant Dandelion Blend 100g Bag / 6 Count Case,Instant,inferred,,yes,2.0,360,14.517,29.033,24.8,0.413,12.4,
2026-01-19,2026-01,AMS,handpack,30012L,ORG GF Dandelion Blend 100g Bag,Bag/Other,inferred,,yes,2.0,210,1.5,3.0,140.0,2.333,70.0,
2026-01-19,2026-01,AMS,handpack,40016,Vanilla Nut Tagless Tea Bag - 50 Ct - GA,Tea,governed,high,yes,2.0,732,5.833,11.667,125.5,2.091,62.7,
2026-01-19,2026-01,Assembly,,40001L,Herbal Tea Sampler Box - Loose,Sampler,governed,high,yes,3.0,833,10.45,31.35,79.7,1.329,26.6,
2026-01-19,2026-01,Assembly,,42040L,ORG Snickerdoodle 10ct Loose - GA,Tea,governed,high,yes,2.0,144,1.667,3.333,86.4,1.44,43.2,
2026-01-19,2026-01,Assembly,,45032,ORG Lion's Mane Rhodiola Tea Bag Demo Tray - G,Tea,inferred,,yes,1.0,4,0.867,0.867,4.6,0.077,4.6,
2026-01-19,2026-01,Assembly,,85013,DO NOT MAKE ORG Reishi Eleuthero 10OZ Bag 3PK  - G,Bag/Other,inferred,,yes,2.0,80,0.917,1.833,87.3,1.455,43.6,
2026-01-19,2026-01,Maisa 1,,47010,75147 TJ ORG Roasted Herbal Cofee (12 Pack) - G,Tea,inferred,,yes,3.0,768,2.167,6.5,354.5,5.908,118.2,
2026-01-19,2026-01,Maisa 1,,NTB0060,Hazelnut Tagless 6g Tea Bag - GA,Tea bag (intermediate),item-code,,yes,2.0,31200,5.817,11.633,5363.9,89.398,2681.9,
2026-01-19,2026-01,Maisa 1,,TB060,ORG Hazelnut Tea Bag Loose - GA,Tea bag (intermediate),item-code,,yes,2.0,5000,1.183,2.367,4225.4,70.423,2112.7,
2026-01-19,2026-01,Maisa 1,,cleana,Clean + Almond Test,Tea,inferred,,,3.0,0,0.6,1.8,,,,
2026-01-19,2026-01,Maisa 2+3,,40131,ORG Mexican Chocolate 25CT Tea Bag - G,Tea,governed,high,yes,5.0,720,2.717,13.583,265.0,4.417,53.0,
2026-01-19,2026-01,Maisa 2+3,,40132,ORG Maca Chocolate 25CT Tea Bag - G,Tea,governed,high,yes,5.0,346,1.417,7.083,244.2,4.071,48.8,
2026-01-19,2026-01,Maisa 2+3,,47010,75147 TJ ORG Roasted Herbal Cofee (12 Pack) - G,Tea,inferred,,yes,5.0,2172,2.817,14.083,771.1,12.852,154.2,
2026-01-19,2026-01,Maisa 2+3,,Clean,Standard Clean,Tea,inferred,,,5.0,0,0.633,3.167,,,,
2026-01-19,2026-01,Maisa 2+3,,Clean,Standard Clean,Tea,inferred,,,5.0,0,0.433,2.167,,,,
2026-01-19,2026-01,Maisa 2+3,,TB130,ORG Maca Chocolate Tea Bag - G,Tea bag (intermediate),item-code,,yes,4.0,14000,2.067,8.267,6774.2,112.903,1693.5,
2026-01-19,2026-01,WeighRight,,20081,ORG Mocha 300G Dual Language Bag - 6Ct Case - GA,Bag/Other,inferred,,yes,3.0,720,1.583,4.75,454.7,7.579,151.6,
2026-01-19,2026-01,WeighRight,,60010,ORG Vanilla Nut 5 Lb Bag - GA,Bag/Other,inferred,,yes,3.0,52,0.317,0.95,164.2,2.737,54.7,
2026-01-19,2026-01,WeighRight,,60080,ORG Mocha 5 Lb Bag - GA,Bag/Other,inferred,,yes,3.0,45,0.583,1.75,77.1,1.286,25.7,
2026-01-19,2026-01,WeighRight,,65050,ORG Turkey Tail Astragalus 5 Lb Bag - G,Bag/Other,inferred,,yes,3.0,40,0.833,2.5,48.0,0.8,16.0,
2026-01-19,2026-01,WeighRight,,80050L,ORG English Toffee 11oz Bag/Box of 24 - GA,Bag/Other,inferred,,yes,3.0,275,1.35,4.05,203.7,3.395,67.9,
2026-01-19,2026-01,WeighRight,,85050L,ORG Turkey Tail Astragalus 10 Oz Bag/Box of 24 - G,Bag/Other,inferred,,yes,3.0,42,2.0,6.0,21.0,0.35,7.0,
2026-01-19,2026-01,WeighRight,,Clean,Standard Clean,Bag/Other,inferred,,,3.0,0,0.6,1.8,,,,
2026-01-19,2026-01,WeighRight,,Clean,Standard Clean,Bag/Other,inferred,,,3.0,0,0.367,1.1,,,,
2026-01-19,2026-01,WeighRight,,Clean,Standard Clean,Bag/Other,inferred,,,3.0,0,0.467,1.4,,,,
2026-01-20,2026-01,AMS,handpack,30003,Instant Chicory - 8 Oz Bag,Instant,inferred,,yes,2.0,708,8.067,16.133,87.8,1.463,43.9,
2026-01-20,2026-01,AMS,handpack,30007,Instant Miraculous Mushrooms A&P 100g Bag / 6 Count Case,Instant,inferred,,yes,2.0,360,1.683,3.367,213.9,3.564,106.9,
2026-01-20,2026-01,AMS,handpack,30007L,ORG Instant Miraculous Mushrooms AP 100g Bag,Instant,governed,high,yes,2.0,744,3.767,7.533,197.5,3.292,98.8,
2026-01-20,2026-01,AMS,handpack,30008,Instant French Roast 100g Bag / 6 Count Case - G,Instant,inferred,,yes,2.0,150,1.8,3.6,83.3,1.389,41.7,
2026-01-20,2026-01,AMS,handpack,30012L,ORG GF Dandelion Blend 100g Bag,Bag/Other,inferred,,yes,2.0,401,1.533,3.067,261.5,4.359,130.8,
2026-01-20,2026-01,AMS,handpack,31014L,ORG Instant Miraculous Mushroom Matcha Latte 252g Bag,Instant,inferred,,yes,2.0,312,2.3,4.6,135.7,2.261,67.8,
2026-01-20,2026-01,Assembly,,40001L,Herbal Tea Sampler Box - Loose,Sampler,governed,high,yes,3.0,833,10.2,30.6,81.7,1.361,27.2,
2026-01-20,2026-01,Assembly,,45030,ORG Lion's Mane Rhodiola 10 Ct Tea Bag/6 Count Case - G,Tea,inferred,,yes,1.0,132,2.75,2.75,48.0,0.8,48.0,
2026-01-20,2026-01,Assembly,,45032,ORG Lion's Mane Rhodiola Tea Bag Demo Tray - G,Tea,inferred,,yes,1.0,4,1.117,1.117,3.6,0.06,3.6,
2026-01-20,2026-01,Assembly,,45070,ORG Miraculous Mushrooms A&P 10Ct/6Pk Tea Bag,Tea,inferred,,yes,1.0,180,0.95,0.95,189.5,3.158,189.5,
2026-01-20,2026-01,Assembly,,90012,,Bag/Other,inferred,,yes,2.0,25,1.5,3.0,16.7,0.278,8.3,
2026-01-20,2026-01,Maisa 1,,47010,75147 TJ ORG Roasted Herbal Cofee (12 Pack) - G,Tea,inferred,,yes,3.0,3480,10.0,30.0,348.0,5.8,116.0,
2026-01-20,2026-01,Maisa 2+3,,47010,75147 TJ ORG Roasted Herbal Cofee (12 Pack) - G,Tea,inferred,,yes,5.0,7416,10.083,50.417,735.5,12.258,147.1,
2026-01-20,2026-01,WeighRight,,20011,ORG Vanilla Nut 300G Dual Language Bag - 6Ct Case - GA,Bag/Other,inferred,,yes,3.0,720,1.417,4.25,508.2,8.471,169.4,
2026-01-20,2026-01,WeighRight,,60010,ORG Vanilla Nut 5 Lb Bag - GA,Bag/Other,inferred,,yes,3.0,28,0.233,0.7,120.0,2.0,40.0,
2026-01-20,2026-01,WeighRight,,60030,ORG Almond Amaretto 5 Lb Bag - GA,Bag/Other,inferred,,yes,3.0,60,0.567,1.7,105.9,1.765,35.3,
2026-01-20,2026-01,WeighRight,,80010A,AMZN Org Vanilla Nut 11OZ Bag/Box of 24 - GA,Bag/Other,inferred,,yes,3.0,864,1.833,5.5,471.3,7.855,157.1,
2026-01-20,2026-01,WeighRight,,80010L,Org Vanilla Nut 11OZ Bag/Box of 24 - GA,Bag/Other,inferred,,yes,3.0,1200,2.067,6.2,580.6,9.677,193.5,
2026-01-20,2026-01,WeighRight,,80013,ORG Vanilla Nut 11oz Bag 3PK - GA,Bag/Other,inferred,,yes,3.0,240,1.583,4.75,151.6,2.526,50.5,
2026-01-20,2026-01,WeighRight,,80030A,AMZN Org Almond Amaretto 11OZ Bag/Box of 24 - GA,Bag/Other,inferred,,yes,3.0,648,1.233,3.7,525.4,8.757,175.1,
2026-01-20,2026-01,WeighRight,,80030A,AMZN Org Almond Amaretto 11OZ Bag/Box of 24 - GA,Bag/Other,inferred,,yes,3.0,552,1.117,3.35,494.3,8.239,164.8,
2026-01-20,2026-01,WeighRight,,80033,ORG Almond Amaretto 11OZ Bag 3PK - GA,Bag/Other,inferred,,yes,3.0,128,0.717,2.15,178.6,2.977,59.5,
2026-01-20,2026-01,WeighRight,,Clean,Standard Clean,Bag/Other,inferred,,,3.0,0,0.65,1.95,,,,
2026-01-21,2026-01,AMS,handpack,10017,ORG Lemon Balm (+8) 1LB Bag - 7-9523910017,Bag/Other,inferred,,yes,2.0,56,1.917,3.833,29.2,0.487,14.6,
2026-01-21,2026-01,AMS,handpack,10202,ORG Peppermint 1 Lb Bag,Bag/Other,inferred,,yes,2.0,98,2.65,5.3,37.0,0.616,18.5,
2026-01-21,2026-01,AMS,handpack,30008,Instant French Roast 100g Bag / 6 Count Case - G,Instant,inferred,,yes,2.0,210,1.617,3.233,129.9,2.165,64.9,
2026-01-21,2026-01,AMS,handpack,30008L,ORG Instant French Roast 100g Bag - G,Instant,governed,high,yes,2.0,720,6.25,12.5,115.2,1.92,57.6,
2026-01-21,2026-01,AMS,handpack,30013,Instant Miraculous Mushrooms C+5 135g Bag / 6 Count Case,Instant,inferred,,yes,4.0,480,1.117,4.467,429.9,7.164,107.5,
2026-01-21,2026-01,AMS,handpack,30013L,ORG Miraculous Mushrooms Cacao 135g Bag,Bag/Other,inferred,,yes,4.0,282,0.9,3.6,313.3,5.222,78.3,
2026-01-21,2026-01,AMS,handpack,31014L,ORG Instant Miraculous Mushroom Matcha Latte 252g Bag,Instant,inferred,,yes,2.0,341,2.15,4.3,158.6,2.643,79.3,
2026-01-21,2026-01,Assembly,,31009,ORG Instant Vanilla Nut Latte 6Ct Case,Instant,inferred,,yes,1.0,46,1.517,1.517,30.3,0.505,30.3,
2026-01-21,2026-01,Assembly,,40001L,Herbal Tea Sampler Box - Loose,Sampler,governed,high,yes,1.0,876,10.283,10.283,85.2,1.42,85.2,
2026-01-21,2026-01,Maisa 1,,47010,75147 TJ ORG Roasted Herbal Cofee (12 Pack) - G,Tea,inferred,,yes,3.0,4104,9.917,29.75,413.8,6.897,137.9,
2026-01-21,2026-01,Maisa 2+3,,47010,75147 TJ ORG Roasted Herbal Cofee (12 Pack) - G,Tea,inferred,,yes,5.0,8040,10.0,50.0,804.0,13.4,160.8,
2026-01-21,2026-01,WeighRight,,50030,Almond Amaretto 30g Trial Size Packet - GA,Bag/Other,inferred,,yes,3.0,1080,2.133,6.4,506.2,8.437,168.7,
2026-01-21,2026-01,WeighRight,,50070,ORG Java 30g Trial Size Packet - GA,Bag/Other,inferred,,yes,3.0,1080,1.783,5.35,605.6,10.093,201.9,
2026-01-21,2026-01,WeighRight,,60070,ORG Java 5 Lb Bag - GA,Bag/Other,inferred,,yes,3.0,78,0.667,2.0,117.0,1.95,39.0,
2026-01-21,2026-01,WeighRight,,80030L,ORG Almond Amaretto 11OZ Bag/Box of 24 - GA,Bag/Other,inferred,,yes,3.0,1200,2.45,7.35,489.8,8.163,163.3,
2026-01-21,2026-01,WeighRight,,80070,ORG Java 11OZ Bag/6 Count Case - GA,Bag/Other,inferred,,yes,3.0,6,0.067,0.2,90.0,1.5,30.0,
2026-01-21,2026-01,WeighRight,,80073,ORG Java 11OZ Bag 3PK - GA,Bag/Other,inferred,,yes,3.0,128,0.817,2.45,156.7,2.612,52.2,
2026-01-21,2026-01,WeighRight,,Clean,Standard Clean,Bag/Other,inferred,,,3.0,0,0.65,1.95,,,,
2026-01-22,2026-01,AMS,handpack,10202,ORG Peppermint 1 Lb Bag,Bag/Other,inferred,,yes,2.0,152,4.05,8.1,37.5,0.626,18.8,
2026-01-22,2026-01,AMS,handpack,10401A,AMZN-WWB-ORG Krishna Tulsi- 8OZ Bag,Bag/Other,inferred,,yes,2.0,432,8.483,16.967,50.9,0.849,25.5,
2026-01-22,2026-01,AMS,handpack,30008L,ORG Instant French Roast 100g Bag - G,Instant,governed,high,yes,2.0,146,1.317,2.633,110.9,1.848,55.4,
2026-01-22,2026-01,AMS,handpack,40066,Hazelnut Tagless Tea Bag - 50 Ct - GA,Tea,governed,high,yes,1.0,60,0.75,0.75,80.0,1.333,80.0,
2026-01-22,2026-01,Assembly,,40001L,Herbal Tea Sampler Box - Loose,Sampler,governed,high,yes,1.0,880,10.3,10.3,85.4,1.424,85.4,
2026-01-22,2026-01,Assembly,,43331,DO NOT MAKE Dandelion Turmeric 25 Count Tea Bag,Tea,governed,high,,1.0,0,9.75,9.75,,,,
2026-01-22,2026-01,Maisa 1,,40071,ORG Java 25CT Tea Bag - GA,Tea,governed,high,yes,3.0,144,1.233,3.7,116.8,1.946,38.9,
2026-01-22,2026-01,Maisa 1,,47010,75147 TJ ORG Roasted Herbal Cofee (12 Pack) - G,Tea,inferred,,yes,3.0,3240,7.817,23.45,414.5,6.908,138.2,
2026-01-22,2026-01,Maisa 1,,Clean,Standard Clean,Tea,inferred,,,3.0,0,0.567,1.7,,,,
2026-01-22,2026-01,Maisa 2+3,,45030,ORG Lion's Mane Rhodiola 10 Ct Tea Bag/6 Count Case - G,Tea,inferred,,yes,5.0,444,0.933,4.667,475.7,7.929,95.1,
2026-01-22,2026-01,Maisa 2+3,,47010,75147 TJ ORG Roasted Herbal Cofee (12 Pack) - G,Tea,inferred,,yes,5.0,3900,8.617,43.083,452.6,7.544,90.5,
2026-01-22,2026-01,Maisa 2+3,,Clean,Standard Clean,Tea,inferred,,,5.0,0,0.267,1.333,,,,
2026-01-22,2026-01,WeighRight,,10027,Organic Licorice C/S - 8 Oz Bag,Bag/Other,inferred,,yes,3.0,1200,3.367,10.1,356.4,5.941,118.8,
2026-01-22,2026-01,WeighRight,,56010,Dark Chocolate 30g Trial Size Packet,Bag/Other,inferred,,yes,3.0,1080,1.967,5.9,549.2,9.153,183.1,
2026-01-22,2026-01,WeighRight,,80070,ORG Java 11OZ Bag/6 Count Case - GA,Bag/Other,inferred,,yes,3.0,780,1.133,3.4,688.2,11.471,229.4,
2026-01-22,2026-01,WeighRight,,86010,ORG Dark Chocolate 10 Oz Bag/6 Count Case,Bag/Other,inferred,,yes,3.0,480,0.917,2.75,523.6,8.727,174.5,
2026-01-22,2026-01,WeighRight,,86010L,ORG Dark Chocolate 10 Oz Bag/Box of 24,Bag/Other,inferred,,yes,3.0,312,0.983,2.95,317.3,5.288,105.8,
2026-01-22,2026-01,WeighRight,,Clean,Standard Clean,Bag/Other,inferred,,,3.0,0,0.667,2.0,,,,
2026-01-22,2026-01,WeighRight,,CleanGA,Clean + Gluten + Almond Tests,Bag/Other,inferred,,,3.0,0,0.617,1.85,,,,
2026-01-23,2026-01,Assembly,,40060,ORG Hazelnut 10ct/6pk Tea Bag - GA,Tea,inferred,,yes,1.0,2280,4.467,4.467,510.4,8.507,510.4,
2026-01-23,2026-01,Assembly,,42040,ORG Snickerdoodle 10ct/6pk Tea Bag - GA,Tea,inferred,,yes,1.0,60,0.467,0.467,128.6,2.143,128.6,
2026-01-23,2026-01,Maisa 2+3,,45030,ORG Lion's Mane Rhodiola 10 Ct Tea Bag/6 Count Case - G,Tea,inferred,,yes,5.0,2640,3.65,18.25,723.3,12.055,144.7,
2026-01-26,2026-01,AMS,handpack,10016,Organic Turmeric Powder - 1 Lb Bag,Bag/Other,inferred,,yes,1.0,223,2.95,2.95,75.6,1.26,75.6,
2026-01-26,2026-01,AMS,handpack,10201,WWB - ORG Peppermint Leaf - 4 Oz Bag,Bag/Other,inferred,,yes,1.0,300,5.167,5.167,58.1,0.968,58.1,
2026-01-26,2026-01,AMS,handpack,10401A,AMZN-WWB-ORG Krishna Tulsi- 8OZ Bag,Bag/Other,inferred,,yes,2.0,288,1.033,2.067,278.7,4.645,139.4,
2026-01-26,2026-01,AMS,handpack,40066,Hazelnut Tagless Tea Bag - 50 Ct - GA,Tea,governed,high,yes,3.0,540,3.267,9.8,165.3,2.755,55.1,
2026-01-26,2026-01,AMS,handpack,43116,Dandelion DarkRoast Tagless Tea Bag - 50 Ct,Tea,governed,high,yes,3.0,168,1.667,5.0,100.8,1.68,33.6,
2026-01-26,2026-01,AMS,handpack,43226,Dandelion Caramel Nut Tagless Tea Bag - 50 Ct - A,Tea,governed,high,yes,3.0,576,3.483,10.45,165.4,2.756,55.1,
2026-01-26,2026-01,Assembly,,30007,Instant Miraculous Mushrooms A&P 100g Bag / 6 Count Case,Instant,inferred,,yes,1.0,96,0.467,0.467,205.7,3.429,205.7,
2026-01-26,2026-01,Assembly,,30010,Instant Hazelnut 100g Bag / 6 Count Case - G,Instant,inferred,,yes,1.0,60,0.817,0.817,73.5,1.224,73.5,
2026-01-26,2026-01,Assembly,,30013,Instant Miraculous Mushrooms C+5 135g Bag / 6 Count Case,Instant,inferred,,yes,1.0,180,0.417,0.417,432.0,7.2,432.0,
2026-01-26,2026-01,Assembly,,31005,ORG Instant Dandelion Blend Latte 6Ct Case ,Instant,inferred,,yes,1.0,10,0.483,0.483,20.7,0.345,20.7,
2026-01-26,2026-01,Assembly,,31007,ORG Instant Miraculous Mushrooms AP Latte 6Ct Case ,Instant,inferred,,yes,1.0,20,0.283,0.283,70.6,1.176,70.6,
2026-01-26,2026-01,Assembly,,31010,ORG Instant Hazelnut Latte 6Ct Case,Instant,inferred,,yes,1.0,15,0.7,0.7,21.4,0.357,21.4,
2026-01-26,2026-01,Assembly,,40001A,AMZN Labeled Herbal Tea Sampler Box/Variety Pack,Bundle,inferred,,yes,1.0,140,1.9,1.9,73.7,1.228,73.7,
2026-01-26,2026-01,Assembly,,40001L,Herbal Tea Sampler Box - Loose,Sampler,governed,high,,1.0,0,2.067,2.067,,,,
2026-01-26,2026-01,Assembly,,40060,ORG Hazelnut 10ct/6pk Tea Bag - GA,Tea,inferred,,yes,1.0,600,3.967,3.967,151.3,2.521,151.3,
2026-01-26,2026-01,Maisa 1,,40060,ORG Hazelnut 10ct/6pk Tea Bag - GA,Tea,inferred,,yes,3.0,2670,8.067,24.2,331.0,5.517,110.3,
2026-01-26,2026-01,Maisa 1,,40071,ORG Java 25CT Tea Bag - GA,Tea,governed,high,yes,3.0,216,1.25,3.75,172.8,2.88,57.6,
2026-01-26,2026-01,Maisa 1,,Clean,Standard Clean,Tea,inferred,,,3.0,0,0.683,2.05,,,,
2026-01-26,2026-01,Maisa 2+3,,45030,ORG Lion's Mane Rhodiola 10 Ct Tea Bag/6 Count Case - G,Tea,inferred,,yes,5.0,2436,3.45,17.25,706.1,11.768,141.2,
2026-01-26,2026-01,Maisa 2+3,,45030L,ORG Lion's Mane Rhodiola 10-Ct Tea Bag - G,Tea,inferred,,yes,5.0,360,0.4,2.0,900.0,15.0,180.0,
2026-01-26,2026-01,Maisa 2+3,,45031,ORG Lion's Mane Rhodiola 25 Ct Tea Bag - G,Tea,inferred,,yes,5.0,792,2.733,13.667,289.8,4.829,58.0,
2026-01-26,2026-01,Maisa 2+3,,Clean,Standard Clean,Tea,inferred,,,5.0,0,0.5,2.5,,,,
2026-01-26,2026-01,Maisa 2+3,,TB110,ORG French Roast Tea Bag Loose - G,Tea bag (intermediate),item-code,,yes,4.0,4000,1.75,7.0,2285.7,38.095,571.4,
2026-01-26,2026-01,Maisa 2+3,,TB503,ORG Lion's Mane Rhodiola Loose Tea Bag - G,Tea bag (intermediate),item-code,,yes,4.0,8000,1.167,4.667,6857.1,114.286,1714.3,
2026-01-26,2026-01,Maisa 2+3,,ntb0110,French Roast Tagless 6g Tea Bag - G,Tea bag (intermediate),item-code,,yes,2.0,7200,1.583,3.167,4547.4,75.789,2273.7,
2026-01-26,2026-01,WeighRight,,10044,AMZN- WWB-ORG Hibiscus - 1 Lb Bag,Bag/Other,inferred,,yes,3.0,180,0.717,2.15,251.2,4.186,83.7,
2026-01-26,2026-01,WeighRight,,53110,Dandelion Dark Roast 30g Trial Size Packet,APG,governed,high,yes,3.0,1440,2.55,7.65,564.7,9.412,188.2,
2026-01-26,2026-01,WeighRight,,62070,ORG Candy Cane 5 Lb Bag  - G,APG,governed,high,yes,3.0,31,0.467,1.4,66.4,1.107,22.1,
2026-01-26,2026-01,WeighRight,,83110L,ORG Dandelion Dark Roast 10 oz Bag/Box of 24,APG,governed,high,yes,3.0,1152,2.1,6.3,548.6,9.143,182.9,
2026-01-26,2026-01,WeighRight,,83360L,ORG Holiday Egg Nog 10oz Bag/Box of 24,APG,governed,high,yes,3.0,222,0.45,1.35,493.3,8.222,164.4,
2026-01-26,2026-01,WeighRight,,86010L,ORG Dark Chocolate 10 Oz Bag/Box of 24,Bag/Other,inferred,,yes,3.0,888,1.8,5.4,493.3,8.222,164.4,
2026-01-26,2026-01,WeighRight,,Clean,Standard Clean,Bag/Other,inferred,,,3.0,0,0.617,1.85,,,,
2026-01-26,2026-01,WeighRight,,Clean,Standard Clean,Bag/Other,inferred,,,3.0,0,0.383,1.15,,,,
2026-01-26,2026-01,WeighRight,,Clean,Standard Clean,Bag/Other,inferred,,,3.0,0,0.7,2.1,,,,
2026-01-26,2026-01,WeighRight,,CleanG,Clean + Gluten Test,Bag/Other,inferred,,,3.0,0,0.3,0.9,,,,
2026-01-27,2026-01,AMS,handpack,10201,WWB - ORG Peppermint Leaf - 4 Oz Bag,Bag/Other,inferred,,yes,1.0,516,7.983,7.983,64.6,1.077,64.6,
2026-01-27,2026-01,AMS,handpack,30003,Instant Chicory - 8 Oz Bag,Instant,inferred,,yes,2.0,552,7.183,14.367,76.8,1.281,38.4,
2026-01-27,2026-01,AMS,handpack,43116,Dandelion DarkRoast Tagless Tea Bag - 50 Ct,Tea,governed,high,yes,3.0,471,5.317,15.95,88.6,1.476,29.5,
2026-01-27,2026-01,Assembly,,40001A,AMZN Labeled Herbal Tea Sampler Box/Variety Pack,Bundle,inferred,,yes,1.0,100,3.917,3.917,25.5,0.426,25.5,
2026-01-27,2026-01,Assembly,,40097,Teecino Tea Bag 12 Flavor Sampler,Sampler,governed,high,yes,1.0,30,4.35,4.35,6.9,0.115,6.9,
2026-01-27,2026-01,Assembly,,50097,Teeccino 30g Packet 10 Flavor Sampler,Sampler,governed,high,yes,1.0,30,1.5,1.5,20.0,0.333,20.0,
2026-01-27,2026-01,Assembly,,50097,Teeccino 30g Packet 10 Flavor Sampler,Sampler,governed,high,yes,1.0,30,1.317,1.317,22.8,0.38,22.8,
2026-01-27,2026-01,Maisa 1,,40060,ORG Hazelnut 10ct/6pk Tea Bag - GA,Tea,inferred,,yes,3.0,1470,3.133,9.4,469.1,7.819,156.4,
2026-01-27,2026-01,Maisa 1,,40081,ORG Mocha 25CT Tea Bag - GA,Tea,governed,high,yes,3.0,264,2.0,6.0,132.0,2.2,44.0,
2026-01-27,2026-01,Maisa 1,,Clean,Standard Clean,Tea,inferred,,,3.0,0,0.483,1.45,,,,
2026-01-27,2026-01,Maisa 1,,TB060,ORG Hazelnut Tea Bag Loose - GA,Tea bag (intermediate),item-code,,yes,3.0,10000,2.267,6.8,4411.8,73.529,1470.6,
2026-01-27,2026-01,Maisa 2+3,,46011,ORG Dark Chocolate 25 Ct Tea Bag,Tea,governed,high,yes,3.0,288,2.333,7.0,123.4,2.057,41.1,
2026-01-27,2026-01,Maisa 2+3,,CleanG,Clean + Gluten Test,Tea,inferred,,,5.0,0,0.417,2.083,,,,
2026-01-27,2026-01,Maisa 2+3,,TB110,ORG French Roast Tea Bag Loose - G,Tea bag (intermediate),item-code,,yes,4.0,18000,4.983,19.933,3612.0,60.201,903.0,
2026-01-27,2026-01,Maisa 2+3,,ntb0110,French Roast Tagless 6g Tea Bag - G,Tea bag (intermediate),item-code,,yes,2.0,37200,7.4,14.8,5027.0,83.784,2513.5,
2026-01-27,2026-01,WeighRight,,10044,AMZN- WWB-ORG Hibiscus - 1 Lb Bag,Bag/Other,inferred,,yes,3.0,306,1.083,3.25,282.5,4.708,94.2,
2026-01-27,2026-01,WeighRight,,82110L,ORG French Vanilla 11OZ Bag/Box of 24 - G,Bag/Other,inferred,,yes,3.0,336,0.667,2.0,504.0,8.4,168.0,
2026-01-27,2026-01,WeighRight,,82110L,ORG French Vanilla 11OZ Bag/Box of 24 - G,Bag/Other,inferred,,yes,3.0,240,0.783,2.35,306.4,5.106,102.1,
2026-01-27,2026-01,WeighRight,,82130L,ORG Mexican Chocolate 11OZ Bag/Box of 24 - G,APG,governed,high,yes,3.0,840,2.2,6.6,381.8,6.364,127.3,
2026-01-27,2026-01,WeighRight,,83320L,ORG Dandelion Red Chai 10 Oz Bag/Box of 24,APG,governed,high,yes,3.0,355,0.9,2.7,394.4,6.574,131.5,
2026-01-27,2026-01,WeighRight,,83370L,ORG Blueberry Vanilla 10 Oz Bag/Box of 24,Bag/Other,inferred,,yes,3.0,648,1.467,4.4,441.8,7.364,147.3,
2026-01-27,2026-01,WeighRight,,Clean,Standard Clean,Bag/Other,inferred,,,3.0,0,0.417,1.25,,,,
2026-01-27,2026-01,WeighRight,,Clean,Standard Clean,Bag/Other,inferred,,,3.0,0,0.35,1.05,,,,
2026-01-27,2026-01,WeighRight,,Clean,Standard Clean,Bag/Other,inferred,,,3.0,0,0.517,1.55,,,,
2026-01-27,2026-01,WeighRight,,Clean,Standard Clean,Bag/Other,inferred,,,3.0,0,0.483,1.45,,,,
2026-01-28,2026-01,AMS,handpack,30003,Instant Chicory - 8 Oz Bag,Instant,inferred,,yes,2.0,888,8.05,16.1,110.3,1.839,55.2,
2026-01-28,2026-01,AMS,handpack,40116,French Roast Tagless Tea Bag - 50 Ct - G,Tea,governed,high,yes,2.0,90,4.533,9.067,19.9,0.331,9.9,
2026-01-28,2026-01,AMS,handpack,40116,French Roast Tagless Tea Bag - 50 Ct - G,Tea,governed,high,yes,1.0,96,1.483,1.483,64.7,1.079,64.7,
2026-01-28,2026-01,Assembly,,40001A,AMZN Labeled Herbal Tea Sampler Box/Variety Pack,Bundle,inferred,,yes,1.0,203,3.917,3.917,51.8,0.864,51.8,
2026-01-28,2026-01,Assembly,,40097,Teecino Tea Bag 12 Flavor Sampler,Sampler,governed,high,yes,2.0,210,3.233,6.467,64.9,1.082,32.5,
2026-01-28,2026-01,Assembly,,43001,Dandelion Tea Sampler Box - 6 Count Case,Sampler,inferred,,yes,2.0,100,9.167,18.333,10.9,0.182,5.5,
2026-01-28,2026-01,Maisa 1,,40081,ORG Mocha 25CT Tea Bag - GA,Tea,governed,high,yes,3.0,549,2.217,6.65,247.7,4.128,82.6,
2026-01-28,2026-01,Maisa 1,,43340,ORG Dandelion Coconut 10CT Tea Bag - A,Tea,inferred,,yes,3.0,2550,7.217,21.65,353.3,5.889,117.8,
2026-01-28,2026-01,Maisa 1,,CleanG,Clean + Gluten Test,Tea,inferred,,,3.0,0,0.667,2.0,,,,
2026-01-28,2026-01,Maisa 2+3,,43111,ORG Dandelion Dark Roast 25CT Tea Bag,Tea,governed,high,yes,5.0,360,1.383,6.917,260.2,4.337,52.0,
2026-01-28,2026-01,Maisa 2+3,,46010,ORG Dark Chocolate 10 Ct Tea Bag/6 Count Case,Tea,inferred,,yes,5.0,1380,2.017,10.083,684.3,11.405,136.9,
2026-01-28,2026-01,Maisa 2+3,,46010L,ORG Dark Chocolate 10 Ct Tea Bag/36 Count Box,Tea,governed,high,yes,5.0,1489,1.917,9.583,776.9,12.948,155.4,
2026-01-28,2026-01,Maisa 2+3,,46011,ORG Dark Chocolate 25 Ct Tea Bag,Tea,governed,high,yes,5.0,1152,3.867,19.333,297.9,4.966,59.6,
2026-01-28,2026-01,Maisa 2+3,,Clean,Standard Clean,Tea,inferred,,,5.0,0,0.867,4.333,,,,
2026-01-28,2026-01,WeighRight,,10023,WWB - ORG Elderberries - 1 Lb Bag,Bag/Other,inferred,,yes,3.0,600,1.517,4.55,395.6,6.593,131.9,
2026-01-28,2026-01,WeighRight,,50089,ORG Raspberry Mocha 30g Trial Size Packet - GA,Bag/Other,inferred,,yes,3.0,1080,2.05,6.15,526.8,8.78,175.6,
2026-01-28,2026-01,WeighRight,,80089A,AMZN ORG Raspberry Mocha 11OZ Bag/Box of 24 - GA,Bag/Other,inferred,,yes,3.0,144,12.467,37.4,11.6,0.193,3.9,
2026-01-28,2026-01,WeighRight,,80140L,ORG Original 10oz Bag/Box of 24 - G,APG,governed,high,yes,3.0,431,1.617,4.85,266.6,4.443,88.9,
2026-01-28,2026-01,WeighRight,,83310L,ORG Dandelion Mocha Mint 10 Oz Bag/Box of 24 - A,Bag/Other,inferred,,yes,3.0,360,0.75,2.25,480.0,8.0,160.0,
2026-01-28,2026-01,WeighRight,,83340L,ORG Dandelion Coconut 10 Oz Bag/Box of 24 - A,APG,governed,high,yes,3.0,627,1.133,3.4,553.2,9.221,184.4,
2026-01-28,2026-01,WeighRight,,Clean,Standard Clean,Bag/Other,inferred,,,3.0,0,0.283,0.85,,,,
2026-01-28,2026-01,WeighRight,,Clean,Standard Clean,Bag/Other,inferred,,,3.0,0,0.583,1.75,,,,
2026-01-28,2026-01,WeighRight,,Clean,Standard Clean,Bag/Other,inferred,,,3.0,0,0.283,0.85,,,,
2026-01-28,2026-01,WeighRight,,Clean,Standard Clean,Bag/Other,inferred,,,3.0,0,0.333,1.0,,,,
2026-01-28,2026-01,WeighRight,,CleanG,Clean + Gluten Test,Bag/Other,inferred,,,3.0,0,0.417,1.25,,,,
2026-01-29,2026-01,AMS,handpack,10302A,WWB Organic Cinnamon Powder 1lb - AMZN Label,Bag/Other,inferred,,yes,2.0,264,18.533,37.067,14.2,0.237,7.1,
2026-01-29,2026-01,AMS,handpack,10402A,AMZN- WWB-ORG Rama Tulsi - 8 OZ Bag,Bag/Other,inferred,,yes,3.0,72,1.617,4.85,44.5,0.742,14.8,
2026-01-29,2026-01,AMS,handpack,40116,French Roast Tagless Tea Bag - 50 Ct - G,Tea,governed,high,yes,2.0,255,3.133,6.267,81.4,1.356,40.7,
2026-01-29,2026-01,AMS,handpack,40116,French Roast Tagless Tea Bag - 50 Ct - G,Tea,governed,high,yes,1.0,440,8.05,8.05,54.7,0.911,54.7,
2026-01-29,2026-01,Assembly,,40001A,AMZN Labeled Herbal Tea Sampler Box/Variety Pack,Bundle,inferred,,yes,1.0,201,3.917,3.917,51.3,0.855,51.3,
2026-01-29,2026-01,Assembly,,43001,Dandelion Tea Sampler Box - 6 Count Case,Sampler,inferred,,yes,2.0,20,4.183,8.367,4.8,0.08,2.4,
2026-01-29,2026-01,Maisa 1,,43310L,Org Dandelion Mocha Mint 10 Ct Tea Bag Loose - A,Tea,governed,high,yes,3.0,720,1.483,4.45,485.4,8.09,161.8,
2026-01-29,2026-01,Maisa 1,,43311,Dandelion Mocha Mint 25 Count Tea Bag - A,Tea,governed,high,yes,3.0,840,5.167,15.5,162.6,2.71,54.2,
2026-01-29,2026-01,Maisa 1,,43340,ORG Dandelion Coconut 10CT Tea Bag - A,Tea,inferred,,yes,3.0,600,1.383,4.15,433.7,7.229,144.6,
2026-01-29,2026-01,Maisa 1,,Clean,Standard Clean,Tea,inferred,,,3.0,0,0.45,1.35,,,,
2026-01-29,2026-01,Maisa 1,,TB331,ORG Dandelion Mocha Mint Tea Bag - A,Tea bag (intermediate),item-code,,yes,3.0,6000,1.267,3.8,4736.8,78.947,1578.9,
2026-01-29,2026-01,Maisa 2+3,,43110,ORG Dandelion Dark Roast 10ct/6pk Tea Bag,Tea,inferred,,yes,5.0,984,18.917,94.583,52.0,0.867,10.4,
2026-01-29,2026-01,Maisa 2+3,,43111,ORG Dandelion Dark Roast 25CT Tea Bag,Tea,governed,high,yes,5.0,840,2.767,13.833,303.6,5.06,60.7,
2026-01-29,2026-01,WeighRight,,20081,ORG Mocha 300G Dual Language Bag - 6Ct Case - GA,Bag/Other,inferred,,yes,3.0,204,0.75,2.25,272.0,4.533,90.7,
2026-01-29,2026-01,WeighRight,,50080,ORG Mocha 30g Trial Size Packet - GA,Bag/Other,inferred,,yes,3.0,1080,1.8,5.4,600.0,10.0,200.0,
2026-01-29,2026-01,WeighRight,,80080,ORG Mocha 11OZ Bag/6 Count Case - GA,Bag/Other,inferred,,yes,3.0,1380,2.883,8.65,478.6,7.977,159.5,
2026-01-29,2026-01,WeighRight,,80080L,Org Mocha 11OZ Bag/Box of 24 - GA,Bag/Other,inferred,,yes,3.0,240,0.45,1.35,533.3,8.889,177.8,
2026-01-29,2026-01,WeighRight,,80083,ORG Mocha 11OZ Bag 3PK  - GA,Bag/Other,inferred,,yes,3.0,240,1.283,3.85,187.0,3.117,62.3,
2026-01-29,2026-01,WeighRight,,80089A,AMZN ORG Raspberry Mocha 11OZ Bag/Box of 24 - GA,Bag/Other,inferred,,yes,3.0,1056,1.75,5.25,603.4,10.057,201.1,
2026-01-29,2026-01,WeighRight,,Clean,Standard Clean,Bag/Other,inferred,,,3.0,0,0.717,2.15,,,,
2026-01-30,2026-01,AMS,handpack,10302A,WWB Organic Cinnamon Powder 1lb - AMZN Label,Bag/Other,inferred,,yes,2.0,48,0.733,1.467,65.5,1.091,32.7,
2026-01-30,2026-01,AMS,handpack,10402A,AMZN- WWB-ORG Rama Tulsi - 8 OZ Bag,Bag/Other,inferred,,yes,3.0,720,10.117,30.35,71.2,1.186,23.7,
2026-01-30,2026-01,Maisa 1,,43311,Dandelion Mocha Mint 25 Count Tea Bag - A,Tea,governed,high,yes,3.0,120,0.7,2.1,171.4,2.857,57.1,
2026-01-30,2026-01,Maisa 1,,45070,ORG Miraculous Mushrooms A&P 10Ct/6Pk Tea Bag,Tea,inferred,,yes,3.0,2652,7.4,22.2,358.4,5.973,119.5,
2026-01-30,2026-01,Maisa 1,,CleanA,Clean + Almond Test,Tea,inferred,,,3.0,0,0.833,2.5,,,,
2026-01-30,2026-01,Maisa 1,,TB331,ORG Dandelion Mocha Mint Tea Bag - A,Tea bag (intermediate),item-code,,yes,,6000,1.167,,5142.9,85.714,,
2026-01-30,2026-01,Maisa 2+3,,43110,ORG Dandelion Dark Roast 10ct/6pk Tea Bag,Tea,inferred,,yes,5.0,186,0.333,1.667,558.0,9.3,111.6,
2026-01-30,2026-01,Maisa 2+3,,43220,ORG Dandelion Caramel Nut 10ct/6pk Tea Bag - A,Tea,inferred,,yes,5.0,6900,9.283,46.417,743.3,12.388,148.7,
2026-01-30,2026-01,Maisa 2+3,,Clean,Standard Clean,Tea,inferred,,,5.0,0,0.967,4.833,,,,
2026-01-30,2026-01,WeighRight,,20081,ORG Mocha 300G Dual Language Bag - 6Ct Case - GA,Bag/Other,inferred,,yes,3.0,516,1.3,3.9,396.9,6.615,132.3,
2026-01-30,2026-01,WeighRight,,50110,ORG French Roast 30g Trial Size Packet - G,Bag/Other,inferred,,yes,3.0,465,0.883,2.65,526.4,8.774,175.5,
2026-01-30,2026-01,WeighRight,,60060,ORG Hazelnut 5 Lb Bag - GA,Bag/Other,inferred,,yes,3.0,80,0.45,1.35,177.8,2.963,59.3,
2026-01-30,2026-01,WeighRight,,80110,ORG French Roast 11OZ Bag/6 Count Case - G,Bag/Other,inferred,,yes,3.0,702,2.083,6.25,337.0,5.616,112.3,
2026-01-30,2026-01,WeighRight,,80110A,AMZN Org French Roast 11OZ Bag/Box of 24 - G,Bag/Other,inferred,,yes,3.0,2040,3.75,11.25,544.0,9.067,181.3,
2026-01-30,2026-01,WeighRight,,Clean,Standard Clean,Bag/Other,inferred,,,3.0,0,0.783,2.35,,,,
2026-01-30,2026-01,WeighRight,,CleanA,Clean + Almond Test,Bag/Other,inferred,,,3.0,0,0.467,1.4,,,,
2026-02-02,2026-02,AMS,handpack,10024,ORG Lavender 4 Oz Bag - 79523910024,Bag/Other,inferred,,yes,3.0,1200,7.017,21.05,171.0,2.85,57.0,
2026-02-02,2026-02,AMS,handpack,10025,ORG Lavender 1LB Bag - 79523910025,Bag/Other,inferred,,yes,3.0,108,2.133,6.4,50.6,0.844,16.9,
2026-02-02,2026-02,AMS,handpack,10402A,AMZN- WWB-ORG Rama Tulsi - 8 OZ Bag,Bag/Other,inferred,,yes,3.0,168,0.933,2.8,180.0,3.0,60.0,
2026-02-02,2026-02,Assembly,,40001A,AMZN Labeled Herbal Tea Sampler Box/Variety Pack,Bundle,inferred,,yes,1.0,220,3.917,3.917,56.2,0.936,56.2,
2026-02-02,2026-02,Assembly,,40061,ORG Hazelnut 25CT Tea Bag - GA,Tea,governed,high,yes,1.0,144,5.833,5.833,24.7,0.411,24.7,
2026-02-02,2026-02,Assembly,,50097,Teeccino 30g Packet 10 Flavor Sampler,Sampler,governed,high,yes,1.0,90,0.5,0.5,180.0,3.0,180.0,
2026-02-02,2026-02,Assembly,,CLBOXAPG,Teeccino Chocolate Lovers APG Box,Bundle,governed,high,yes,2.0,50,1.183,2.367,42.3,0.704,21.1,
2026-02-02,2026-02,Assembly,,CLBOXTB,,Bundle,governed,high,yes,1.0,50,1.767,1.767,28.3,0.472,28.3,
2026-02-02,2026-02,Maisa 1,,40089,ORG Raspberry Mocha 25Ct,Tea,inferred,,yes,3.0,335,2.1,6.3,159.5,2.659,53.2,
2026-02-02,2026-02,Maisa 1,,43370,ORG Dandelion Blueberry Vanilla 10ct/6pk Tea Bag,Tea,inferred,,yes,3.0,1722,3.917,11.75,439.7,7.328,146.6,
2026-02-02,2026-02,Maisa 1,,45070,ORG Miraculous Mushrooms A&P 10Ct/6Pk Tea Bag,Tea,inferred,,yes,3.0,108,0.233,0.7,462.9,7.714,154.3,
2026-02-02,2026-02,Maisa 1,,45070L,Org Miraculous Mushroom A&P 10Ct Tea Bag Loose,Tea,inferred,,yes,3.0,216,0.433,1.3,498.5,8.308,166.2,
2026-02-02,2026-02,Maisa 1,,48004,WWB ORG French Chicory 25ct Tea Bag,Tea,inferred,,yes,3.0,168,1.0,3.0,168.0,2.8,56.0,
2026-02-02,2026-02,Maisa 1,,Clean,Standard Clean,Tea,inferred,,,3.0,0,0.633,1.9,,,,
2026-02-02,2026-02,Maisa 1,,Clean,Standard Clean,Tea,inferred,,,3.0,0,0.517,1.55,,,,
2026-02-02,2026-02,Maisa 1,,Clean,Standard Clean,Tea,inferred,,,3.0,0,0.617,1.85,,,,
2026-02-02,2026-02,Maisa 1,,TB337,ORG Blueberry Vanilla Tea Bag,Tea bag (intermediate),item-code,,yes,3.0,2173,0.467,1.4,4656.4,77.607,1552.1,
2026-02-02,2026-02,Maisa 2+3,,43220,ORG Dandelion Caramel Nut 10ct/6pk Tea Bag - A,Tea,inferred,,yes,5.0,4326,5.9,29.5,733.2,12.22,146.6,
2026-02-02,2026-02,Maisa 2+3,,43220F,Dandelion Caramel Nut Dual Language 10 cnt TB - A,Tea,inferred,,yes,5.0,1380,1.833,9.167,752.7,12.545,150.5,
2026-02-02,2026-02,Maisa 2+3,,43221,ORG Dandelion Caramel Nut 25CT Tea Bag - A,Tea,governed,high,yes,5.0,432,2.167,10.833,199.4,3.323,39.9,
2026-02-02,2026-02,WeighRight,,80060,ORG Hazelnut 11OZ Bag/6 Count Case - GA,Bag/Other,inferred,,yes,3.0,1380,3.333,10.0,414.0,6.9,138.0,
2026-02-02,2026-02,WeighRight,,80060L,Org Hazelnut 11OZ Bag/Box of 24 - GA,Bag/Other,inferred,,yes,3.0,1200,2.133,6.4,562.5,9.375,187.5,
2026-02-02,2026-02,WeighRight,,80063,ORG Hazelnut 11OZ Bag 3PK  - GA,Bag/Other,inferred,,yes,3.0,128,0.733,2.2,174.5,2.909,58.2,
2026-02-02,2026-02,WeighRight,,80066A,Hazelnut 500g APG Bag - GA,APG,inferred,,yes,3.0,600,1.917,5.75,313.0,5.217,104.3,
2026-02-02,2026-02,WeighRight,,86010L,ORG Dark Chocolate 10 Oz Bag/Box of 24,Bag/Other,inferred,,yes,3.0,576,1.183,3.55,486.8,8.113,162.3,
2026-02-02,2026-02,WeighRight,,CleanGA,Clean + Gluten + Almond Tests,Bag/Other,inferred,,,3.0,0,0.617,1.85,,,,
2026-02-03,2026-02,AMS,handpack,10025,ORG Lavender 1LB Bag - 79523910025,Bag/Other,inferred,,yes,3.0,112,1.6,4.8,70.0,1.167,23.3,
2026-02-03,2026-02,AMS,handpack,10401A,AMZN-WWB-ORG Krishna Tulsi- 8OZ Bag,Bag/Other,inferred,,yes,3.0,768,8.517,25.55,90.2,1.503,30.1,
2026-02-03,2026-02,Assembly,,30013,Instant Miraculous Mushrooms C+5 135g Bag / 6 Count Case,Instant,inferred,,yes,1.0,162,1.267,1.267,127.9,2.132,127.9,
2026-02-03,2026-02,Assembly,,40001,Herbal Tea Sampler Box - 6 Count Case,Sampler,inferred,,yes,1.0,35,3.85,3.85,9.1,0.152,9.1,
2026-02-03,2026-02,Assembly,,40001A,AMZN Labeled Herbal Tea Sampler Box/Variety Pack,Bundle,inferred,,yes,1.0,756,10.167,10.167,74.4,1.239,74.4,
2026-02-03,2026-02,Assembly,,50097,Teeccino 30g Packet 10 Flavor Sampler,Sampler,governed,high,yes,1.0,71,1.917,1.917,37.0,0.617,37.0,
2026-02-03,2026-02,Assembly,,83223,DO NOT MAKE ORG Dandelion Caramel Nut 10OZ Bag 3PK - A,Bag/Other,inferred,,yes,1.0,128,3.567,3.567,35.9,0.598,35.9,
2026-02-03,2026-02,Maisa 1,,42111,ORG French Vanilla 25CT Tea Bag - G,Tea,governed,high,yes,3.0,432,2.917,8.75,148.1,2.469,49.4,
2026-02-03,2026-02,Maisa 1,,43081,ORG Dandelion Mocha 25CT Tea Bag - A,Tea,governed,high,yes,3.0,651,4.183,12.55,155.6,2.594,51.9,
2026-02-03,2026-02,Maisa 1,,48004,WWB ORG French Chicory 25ct Tea Bag,Tea,inferred,,yes,3.0,225,1.633,4.9,137.8,2.296,45.9,
2026-02-03,2026-02,Maisa 1,,Clean,Standard Clean,Tea,inferred,,,3.0,0,0.733,2.2,,,,
2026-02-03,2026-02,Maisa 1,,CleanA,Clean + Almond Test,Tea,inferred,,,3.0,0,0.583,1.75,,,,
2026-02-03,2026-02,Maisa 2+3,,43221,ORG Dandelion Caramel Nut 25CT Tea Bag - A,Tea,governed,high,yes,5.0,1368,5.0,25.0,273.6,4.56,54.7,
2026-02-03,2026-02,Maisa 2+3,,45020,ORG Chaga Ashwagandha 10 Ct Tea Bag/6 Count Case,Tea,inferred,,yes,5.0,2838,4.167,20.833,681.1,11.352,136.2,
2026-02-03,2026-02,Maisa 2+3,,CleanA,Clean + Almond Test,Tea,inferred,,,5.0,0,0.883,4.417,,,,
2026-02-03,2026-02,WeighRight,,10015,"ORG Schisandra, 1 lb Bag",Bag/Other,inferred,,yes,3.0,1232,2.583,7.75,476.9,7.948,159.0,
2026-02-03,2026-02,WeighRight,,10042,ORG Burdock 1 Lb Bag,Bag/Other,inferred,,yes,3.0,276,0.533,1.6,517.5,8.625,172.5,
2026-02-03,2026-02,WeighRight,,56010,Dark Chocolate 30g Trial Size Packet,Bag/Other,inferred,,yes,3.0,1080,2.333,7.0,462.9,7.714,154.3,
2026-02-03,2026-02,WeighRight,,86010,ORG Dark Chocolate 10 Oz Bag/6 Count Case,Bag/Other,inferred,,yes,3.0,720,1.733,5.2,415.4,6.923,138.5,
2026-02-03,2026-02,WeighRight,,86010L,ORG Dark Chocolate 10 Oz Bag/Box of 24,Bag/Other,inferred,,yes,3.0,864,1.433,4.3,602.8,10.047,200.9,
2026-02-03,2026-02,WeighRight,,Clean,Standard Clean,Bag/Other,inferred,,,3.0,0,0.667,2.0,,,,
2026-02-03,2026-02,WeighRight,,Clean,Standard Clean,Bag/Other,inferred,,,3.0,0,0.717,2.15,,,,
2026-02-04,2026-02,AMS,handpack,10401A,AMZN-WWB-ORG Krishna Tulsi- 8OZ Bag,Bag/Other,inferred,,yes,3.0,432,2.067,6.2,209.0,3.484,69.7,
2026-02-04,2026-02,AMS,handpack,30004,Instant Barley - 6 Oz Bag - G,Instant,inferred,,yes,3.0,600,4.117,12.35,145.7,2.429,48.6,
2026-02-04,2026-02,AMS,handpack,40066,Hazelnut Tagless Tea Bag - 50 Ct - GA,Tea,governed,high,yes,3.0,456,3.4,10.2,134.1,2.235,44.7,
2026-02-04,2026-02,Assembly,,40001,Herbal Tea Sampler Box - 6 Count Case,Sampler,inferred,,yes,1.0,50,10.25,10.25,4.9,0.081,4.9,
2026-02-04,2026-02,Assembly,,40001A,AMZN Labeled Herbal Tea Sampler Box/Variety Pack,Bundle,inferred,,yes,1.0,350,3.917,3.917,89.4,1.489,89.4,
2026-02-04,2026-02,Assembly,,43340L,Org Dandelion Coconut 10 Ct Tea Bag Loose - A,Tea,governed,high,yes,1.0,345,6.417,6.417,53.8,0.896,53.8,
2026-02-04,2026-02,Assembly,,50097,Teeccino 30g Packet 10 Flavor Sampler,Sampler,governed,high,yes,1.0,55,3.583,3.583,15.3,0.256,15.3,
2026-02-04,2026-02,Assembly,,TGB502,Chaga Ashwaganda Tea Goody Bag,Bag/Other,inferred,,yes,1.0,80,0.717,0.717,111.6,1.86,111.6,
2026-02-04,2026-02,Maisa 1,,40031,ORG Almond Amaretto 25CT Tea Bag - GA,Tea,governed,high,yes,3.0,456,3.217,9.65,141.8,2.363,47.3,
2026-02-04,2026-02,Maisa 1,,42111,ORG French Vanilla 25CT Tea Bag - G,Tea,governed,high,yes,3.0,200,0.983,2.95,203.4,3.39,67.8,
2026-02-04,2026-02,Maisa 1,,48002,WWB ORG Roasted Barley 25ct Tea Bag - G,Tea,inferred,,yes,3.0,549,4.55,13.65,120.7,2.011,40.2,
2026-02-04,2026-02,Maisa 1,,Clean,Standard Clean,Tea,inferred,,,3.0,0,0.667,2.0,,,,
2026-02-04,2026-02,Maisa 1,,Clean,Standard Clean,Tea,inferred,,,3.0,0,0.65,1.95,,,,
2026-02-04,2026-02,Maisa 2+3,,45020,ORG Chaga Ashwagandha 10 Ct Tea Bag/6 Count Case,Tea,inferred,,yes,5.0,5442,8.667,43.333,627.9,10.465,125.6,
2026-02-04,2026-02,Maisa 2+3,,45020F,Chaga Ashwagandha Dual Language 10 cnt TB,Tea,inferred,,yes,5.0,1104,1.35,6.75,817.8,13.63,163.6,
2026-02-04,2026-02,WeighRight,,10019,ORG Astragalus 8 Oz Bag,Bag/Other,inferred,,yes,3.0,1072,2.0,6.0,536.0,8.933,178.7,
2026-02-04,2026-02,WeighRight,,10042,ORG Burdock 1 Lb Bag,Bag/Other,inferred,,yes,3.0,1176,1.667,5.0,705.6,11.76,235.2,
2026-02-04,2026-02,WeighRight,,10043,"ORG Star Anise, 6Oz Bag",Bag/Other,inferred,,yes,3.0,1200,4.9,14.7,244.9,4.082,81.6,
2026-02-04,2026-02,WeighRight,,Clean,Standard Clean,Bag/Other,inferred,,,3.0,0,0.5,1.5,,,,
2026-02-04,2026-02,WeighRight,,Clean,Standard Clean,Bag/Other,inferred,,,3.0,0,0.75,2.25,,,,
2026-02-04,2026-02,WeighRight,,Clean,Standard Clean,Bag/Other,inferred,,,3.0,0,0.517,1.55,,,,
2026-02-05,2026-02,AMS,handpack,10071,AMZN - WWB - ORG Roasted Barley - 1 Lb - G,Bag/Other,inferred,,yes,3.0,720,4.567,13.7,157.7,2.628,52.6,
2026-02-05,2026-02,AMS,handpack,10201,WWB - ORG Peppermint Leaf - 4 Oz Bag,Bag/Other,inferred,,yes,3.0,561,4.183,12.55,134.1,2.235,44.7,
2026-02-05,2026-02,AMS,handpack,40066,Hazelnut Tagless Tea Bag - 50 Ct - GA,Tea,governed,high,yes,2.0,118,1.183,2.367,99.7,1.662,49.9,
2026-02-05,2026-02,Assembly,,40001A,AMZN Labeled Herbal Tea Sampler Box/Variety Pack,Bundle,inferred,,yes,1.0,190,3.917,3.917,48.5,0.809,48.5,
2026-02-05,2026-02,Assembly,,43340L,Org Dandelion Coconut 10 Ct Tea Bag Loose - A,Tea,governed,high,yes,1.0,87,3.917,3.917,22.2,0.37,22.2,
2026-02-05,2026-02,Assembly,,TGB030,,Bag/Other,inferred,,yes,1.0,1000,3.333,3.333,300.0,5.0,300.0,
2026-02-05,2026-02,Assembly,,TGB208,ORG Irish Cream Tea Bag Goody Bag - G,Tea,inferred,,yes,1.0,100,1.0,1.0,100.0,1.667,100.0,
2026-02-05,2026-02,Assembly,,TGB502,Chaga Ashwaganda Tea Goody Bag,Bag/Other,inferred,,yes,1.0,920,2.933,2.933,313.6,5.227,313.6,
2026-02-05,2026-02,Assembly,,TGB507,ORG Miraculous Mushroom AP Tea Bag Goody Bag,Tea,inferred,,yes,1.0,1000,3.35,3.35,298.5,4.975,298.5,
2026-02-05,2026-02,Maisa 1,,40031,ORG Almond Amaretto 25CT Tea Bag - GA,Tea,governed,high,yes,3.0,303,2.333,7.0,129.9,2.164,43.3,
2026-02-05,2026-02,Maisa 1,,42040,ORG Snickerdoodle 10ct/6pk Tea Bag - GA,Tea,inferred,,yes,3.0,2406,6.967,20.9,345.4,5.756,115.1,
2026-02-05,2026-02,Maisa 1,,Clean,Standard Clean,Tea,inferred,,,3.0,0,0.633,1.9,,,,
2026-02-05,2026-02,Maisa 2+3,,45020F,Chaga Ashwagandha Dual Language 10 cnt TB,Tea,inferred,,yes,5.0,1662,2.433,12.167,683.0,11.384,136.6,
2026-02-05,2026-02,Maisa 2+3,,45021,ORG Chaga Ashwagandha 25 Ct Tea Bag,Tea,governed,high,yes,5.0,1200,4.183,20.917,286.9,4.781,57.4,
2026-02-05,2026-02,Maisa 2+3,,45050,ORG Turkey Tail Astragalus 10 Ct Tea Bag/6 Count Case - G,Tea,inferred,,yes,5.0,1380,1.667,8.333,828.0,13.8,165.6,
2026-02-05,2026-02,Maisa 2+3,,45051,ORG Turkey Tail Astragalus 25 Ct Tea Bag - G,Tea,governed,high,yes,5.0,216,1.067,5.333,202.5,3.375,40.5,
2026-02-05,2026-02,Maisa 2+3,,Clean,Standard Clean,Tea,inferred,,,5.0,0,0.667,3.333,,,,
2026-02-05,2026-02,Maisa 2+3,,Clean,Standard Clean,Tea,inferred,,,5.0,0,0.3,1.5,,,,
2026-02-05,2026-02,WeighRight,,55020,Chaga Ashwagandha 30g Trial Size Packet,Bag/Other,inferred,,yes,3.0,1080,1.683,5.05,641.6,10.693,213.9,
2026-02-05,2026-02,WeighRight,,63110,ORG Dandelion Dark Roast 5 Lb Bag,APG,governed,high,yes,3.0,80,1.167,3.5,68.6,1.143,22.9,
2026-02-05,2026-02,WeighRight,,85020,ORG Chaga Ashwagandha 10 Oz Bag/6 Count Case,Bag/Other,inferred,,yes,3.0,1380,2.333,7.0,591.4,9.857,197.1,
2026-02-05,2026-02,WeighRight,,85020L,ORG Chaga Ashwagandha 10 Oz Bag/Box of 24,Bag/Other,inferred,,yes,3.0,1200,2.417,7.25,496.6,8.276,165.5,
2026-02-05,2026-02,WeighRight,,85023,DO NOT MAKE  ORG Chaga Ashwagandha 10OZ Bag 3PK ,Bag/Other,inferred,,yes,3.0,240,1.25,3.75,192.0,3.2,64.0,
2026-02-05,2026-02,WeighRight,,Clean,Standard Clean,Bag/Other,inferred,,,3.0,0,0.5,1.5,,,,
2026-02-06,2026-02,AMS,handpack,10013,"ORG Hibisicus, 8 Oz Bag",Bag/Other,inferred,,yes,3.0,720,5.283,15.85,136.3,2.271,45.4,
2026-02-06,2026-02,AMS,handpack,10044,AMZN- WWB-ORG Hibiscus - 1 Lb Bag,Bag/Other,inferred,,yes,3.0,240,5.133,15.4,46.8,0.779,15.6,
2026-02-06,2026-02,AMS,handpack,10071,AMZN - WWB - ORG Roasted Barley - 1 Lb - G,Bag/Other,inferred,,yes,3.0,480,2.683,8.05,178.9,2.981,59.6,
2026-02-06,2026-02,Assembly,,43001L,Dandelion Tea Sampler Box - Loose - G,Sampler,governed,high,yes,1.0,289,7.833,7.833,36.9,0.615,36.9,
2026-02-06,2026-02,Assembly,,TGB204,ORG Snickerdoodle Tea Bag Goody Bag - GA,Tea,inferred,,yes,1.0,1000,2.85,2.85,350.9,5.848,350.9,
2026-02-06,2026-02,Assembly,,TGB208,ORG Irish Cream Tea Bag Goody Bag - G,Tea,inferred,,yes,1.0,400,0.633,0.633,631.6,10.526,631.6,
2026-02-06,2026-02,Assembly,,TGB337,ORG Blueberry Vanilla Tea Bag Goody Bag,Tea,inferred,,yes,1.0,1000,4.767,4.767,209.8,3.497,209.8,
2026-02-06,2026-02,Maisa 1,,40010,ORG Vanilla Nut 10ct/6pk Tea Bag - GA,Tea,inferred,,yes,3.0,966,3.167,9.5,305.1,5.084,101.7,
2026-02-06,2026-02,Maisa 1,,42040,ORG Snickerdoodle 10ct/6pk Tea Bag - GA,Tea,inferred,,yes,3.0,354,0.85,2.55,416.5,6.941,138.8,
2026-02-06,2026-02,Maisa 1,,42040L,ORG Snickerdoodle 10ct Loose - GA,Tea,governed,high,yes,3.0,612,1.217,3.65,503.0,8.384,167.7,
2026-02-06,2026-02,Maisa 1,,42041,Snickerdoodle 25CT Tea Bag - GA,Tea,governed,high,yes,3.0,600,4.117,12.35,145.7,2.429,48.6,
2026-02-06,2026-02,Maisa 1,,Clean,Standard Clean,Tea,inferred,,,3.0,0,0.617,1.85,,,,
2026-02-06,2026-02,Maisa 2+3,,46010L,ORG Dark Chocolate 10 Ct Tea Bag/36 Count Box,Tea,governed,high,yes,5.0,1512,2.55,12.75,592.9,9.882,118.6,
2026-02-06,2026-02,Maisa 2+3,,46011,ORG Dark Chocolate 25 Ct Tea Bag,Tea,governed,high,yes,5.0,1670,5.833,29.167,286.3,4.771,57.3,
2026-02-06,2026-02,Maisa 2+3,,46013,ORG Dark Chocolate 25CT Tea Bag 3PK,Tea,inferred,,yes,5.0,160,1.433,7.167,111.6,1.86,22.3,
2026-02-06,2026-02,WeighRight,,10008,"Org Rooibos, 8 Oz Bag",Bag/Other,inferred,,yes,3.0,1152,2.483,7.45,463.9,7.732,154.6,
2026-02-06,2026-02,WeighRight,,10026,ORG Orange Peel 8 Oz Bag,Bag/Other,inferred,,yes,3.0,204,0.483,1.45,422.1,7.034,140.7,
2026-02-06,2026-02,WeighRight,,10039A,AMZN Roasted French Chicory 2 X 1 Lb Bag,Bag/Other,inferred,,yes,3.0,24,0.5,1.5,48.0,0.8,16.0,
2026-02-06,2026-02,WeighRight,,83110L,ORG Dandelion Dark Roast 10 oz Bag/Box of 24,APG,governed,high,yes,3.0,1440,3.417,10.25,421.5,7.024,140.5,
2026-02-06,2026-02,WeighRight,,83113,ORG Dandelion Dark Roast 10OZ Bag 3PK ,Bag/Other,inferred,,yes,3.0,240,1.5,4.5,160.0,2.667,53.3,
2026-02-06,2026-02,WeighRight,,Clean,Standard Clean,Bag/Other,inferred,,,3.0,0,0.5,1.5,,,,
2026-02-06,2026-02,WeighRight,,Clean,Standard Clean,Bag/Other,inferred,,,3.0,0,0.45,1.35,,,,
2026-02-06,2026-02,WeighRight,,Clean,Standard Clean,Bag/Other,inferred,,,3.0,0,0.75,2.25,,,,
2026-02-09,2026-02,AMS,handpack,10005A,WWB AMZN Organic Chia (1lb),Bag/Other,inferred,,yes,3.0,924,7.533,22.6,122.7,2.044,40.9,
2026-02-09,2026-02,AMS,handpack,10013,"ORG Hibisicus, 8 Oz Bag",Bag/Other,inferred,,yes,3.0,480,2.75,8.25,174.5,2.909,58.2,
2026-02-09,2026-02,Assembly,,30007,Instant Miraculous Mushrooms A&P 100g Bag / 6 Count Case,Instant,inferred,,yes,1.0,186,0.65,0.65,286.2,4.769,286.2,
2026-02-09,2026-02,Assembly,,43001L,Dandelion Tea Sampler Box - Loose - G,Sampler,governed,high,yes,1.0,352,10.25,10.25,34.3,0.572,34.3,
2026-02-09,2026-02,Maisa 1,,40010,ORG Vanilla Nut 10ct/6pk Tea Bag - GA,Tea,inferred,,yes,3.0,3726,10.05,30.15,370.7,6.179,123.6,
2026-02-09,2026-02,Maisa 2+3,,40111,ORG French Roast 25CT Tea Bag - G,Tea,governed,high,yes,5.0,1098,3.983,19.917,275.6,4.594,55.1,
2026-02-09,2026-02,Maisa 2+3,,46010,ORG Dark Chocolate 10 Ct Tea Bag/6 Count Case,Tea,inferred,,yes,5.0,3042,3.9,19.5,780.0,13.0,156.0,
2026-02-09,2026-02,Maisa 2+3,,46011,ORG Dark Chocolate 25 Ct Tea Bag,Tea,governed,high,yes,5.0,490,1.383,6.917,354.2,5.904,70.8,
2026-02-09,2026-02,Maisa 2+3,,Clean,Standard Clean,Tea,inferred,,,5.0,0,0.683,3.417,,,,
2026-02-09,2026-02,WeighRight,,10031,Roasted Chicory Root - 1 Lb Bag,Bag/Other,inferred,,yes,3.0,228,0.6,1.8,380.0,6.333,126.7,
2026-02-09,2026-02,WeighRight,,10031,Roasted Chicory Root - 1 Lb Bag,Bag/Other,inferred,,yes,3.0,1644,3.217,9.65,511.1,8.518,170.4,
2026-02-09,2026-02,WeighRight,,10031,Roasted Chicory Root - 1 Lb Bag,Bag/Other,inferred,,yes,3.0,1068,1.7,5.1,628.2,10.471,209.4,
2026-02-09,2026-02,WeighRight,,10039A,AMZN Roasted French Chicory 2 X 1 Lb Bag,Bag/Other,inferred,,yes,3.0,1020,4.433,13.3,230.1,3.835,76.7,
2026-02-10,2026-02,AMS,handpack,10001A,Sage 2 Oz Bags AMZN,Bag/Other,inferred,,yes,3.0,655,5.867,17.6,111.6,1.861,37.2,
2026-02-10,2026-02,AMS,handpack,10005A,WWB AMZN Organic Chia (1lb),Bag/Other,inferred,,yes,3.0,152,1.083,3.25,140.3,2.338,46.8,
2026-02-10,2026-02,AMS,handpack,10012,"ORG Lemon Grass, 7 Oz Bag",Bag/Other,inferred,,yes,3.0,330,3.65,10.95,90.4,1.507,30.1,
2026-02-10,2026-02,Assembly,,43001L,Dandelion Tea Sampler Box - Loose - G,Sampler,governed,high,yes,1.0,352,10.3,10.3,34.2,0.57,34.2,
2026-02-10,2026-02,Assembly,,46011,ORG Dark Chocolate 25 Ct Tea Bag,Tea,governed,high,yes,1.0,49,3.0,3.0,16.3,0.272,16.3,
2026-02-10,2026-02,Assembly,,TGB060,ORG Hazelnut Tea Bag Goody Bag - GA,Tea,inferred,,yes,1.0,250,0.733,0.733,340.9,5.682,340.9,
2026-02-10,2026-02,Assembly,,TGB110,ORG French Roast Tea Bag Goody Bag - G,Tea,inferred,,yes,1.0,25,0.083,0.083,300.0,5.0,300.0,
2026-02-10,2026-02,Assembly,,TGB311,ORG Dandelion Dark Roast Tea Bag Goody Bag,Tea,inferred,,yes,1.0,300,0.933,0.933,321.4,5.357,321.4,
2026-02-10,2026-02,Assembly,,TGB322,Dandelion Caramel Nut Tea Bag Goody Bag - A,Tea,inferred,,yes,1.0,200,0.617,0.617,324.3,5.405,324.3,
2026-02-10,2026-02,Assembly,,TGB502,Chaga Ashwaganda Tea Goody Bag,Bag/Other,inferred,,yes,1.0,225,1.1,1.1,204.5,3.409,204.5,
2026-02-10,2026-02,Assembly,,TGB503,Lion's Mane Rhodiola Tea Goody Bag - G,Bag/Other,inferred,,yes,1.0,125,0.65,0.65,192.3,3.205,192.3,
2026-02-10,2026-02,Assembly,,TGB601,ORG Dark Chocolate Tea Bag Goody Bag,Tea,inferred,,yes,1.0,375,2.05,2.05,182.9,3.049,182.9,
2026-02-10,2026-02,Maisa 1,,40010,ORG Vanilla Nut 10ct/6pk Tea Bag - GA,Tea,inferred,,yes,3.0,4554,8.75,26.25,520.5,8.674,173.5,
2026-02-10,2026-02,Maisa 1,,40010A,AMZN Org Vanilla Nut 10 Ct Tea Bag Loose - GA,Tea,inferred,,yes,3.0,180,0.617,1.85,291.9,4.865,97.3,
2026-02-10,2026-02,Maisa 1,,TB010,ORG Vanilla Nut Tea Bag Loose - GA,Tea bag (intermediate),item-code,,yes,3.0,2000,0.617,1.85,3243.2,54.054,1081.1,
2026-02-10,2026-02,Maisa 2+3,,40111,ORG French Roast 25CT Tea Bag - G,Tea,governed,high,yes,5.0,294,1.083,5.417,271.4,4.523,54.3,
2026-02-10,2026-02,Maisa 2+3,,40130,ORG Maca Chocolate 10ct/6pk Tea Bag - G,Tea,inferred,,yes,5.0,2142,3.083,15.417,694.7,11.578,138.9,
2026-02-10,2026-02,Maisa 2+3,,40131,ORG Mexican Chocolate 25CT Tea Bag - G,Tea,governed,high,yes,5.0,720,2.917,14.583,246.9,4.114,49.4,
2026-02-10,2026-02,Maisa 2+3,,Clean,Standard Clean,Tea,inferred,,,5.0,0,0.6,3.0,,,,
2026-02-10,2026-02,Maisa 2+3,,Clean,Standard Clean,Tea,inferred,,,5.0,0,0.733,3.667,,,,
2026-02-10,2026-02,Maisa 2+3,,TB110,ORG French Roast Tea Bag Loose - G,Tea bag (intermediate),item-code,,yes,4.0,12000,1.583,6.333,7578.9,126.316,1894.7,
2026-02-10,2026-02,WeighRight,,10031,Roasted Chicory Root - 1 Lb Bag,Bag/Other,inferred,,yes,3.0,156,0.283,0.85,550.6,9.176,183.5,
2026-02-10,2026-02,WeighRight,,10031,Roasted Chicory Root - 1 Lb Bag,Bag/Other,inferred,,yes,3.0,1332,2.65,7.95,502.6,8.377,167.5,
2026-02-10,2026-02,WeighRight,,10031,Roasted Chicory Root - 1 Lb Bag,Bag/Other,inferred,,yes,3.0,612,0.883,2.65,692.8,11.547,230.9,
2026-02-10,2026-02,WeighRight,,10035,Chicory 5 Lb Bag,Bag/Other,inferred,,yes,3.0,420,2.717,8.15,154.6,2.577,51.5,
2026-02-10,2026-02,WeighRight,,80110,ORG French Roast 11OZ Bag/6 Count Case - G,Bag/Other,inferred,,yes,3.0,1104,2.917,8.75,378.5,6.309,126.2,
2026-02-10,2026-02,WeighRight,,Clean,Standard Clean,Bag/Other,inferred,,,3.0,0,0.617,1.85,,,,
2026-02-11,2026-02,AMS,handpack,10012,"ORG Lemon Grass, 7 Oz Bag",Bag/Other,inferred,,yes,3.0,1290,8.483,25.45,152.1,2.534,50.7,
2026-02-11,2026-02,AMS,handpack,30007,Instant Miraculous Mushrooms A&P 100g Bag / 6 Count Case,Instant,inferred,,yes,3.0,120,1.333,4.0,90.0,1.5,30.0,
2026-02-11,2026-02,Assembly,,30007,Instant Miraculous Mushrooms A&P 100g Bag / 6 Count Case,Instant,inferred,,yes,1.0,30,0.083,0.083,360.0,6.0,360.0,
2026-02-11,2026-02,Assembly,,43001L,Dandelion Tea Sampler Box - Loose - G,Sampler,governed,high,yes,1.0,351,10.3,10.3,34.1,0.568,34.1,
2026-02-11,2026-02,Assembly,,46011,ORG Dark Chocolate 25 Ct Tea Bag,Tea,governed,high,yes,1.0,100,10.317,10.317,9.7,0.162,9.7,
2026-02-11,2026-02,Assembly,,49999,Teeccino Herbal Tea Shipper,Bag/Other,inferred,,yes,1.0,1,0.333,0.333,3.0,0.05,3.0,
2026-02-11,2026-02,Assembly,,TGB010,ORG Vanilla Nut Tea Bag Goody Bag - GA,Tea,inferred,,yes,1.0,200,0.767,0.767,260.9,4.348,260.9,
2026-02-11,2026-02,Maisa 1,,NTB0010,Vanilla Nut Tagless 6g Tea Bag - GA,Tea bag (intermediate),item-code,,yes,3.0,37200,8.9,26.7,4179.8,69.663,1393.3,
2026-02-11,2026-02,Maisa 1,,TB010,ORG Vanilla Nut Tea Bag Loose - GA,Tea bag (intermediate),item-code,,yes,3.0,5500,0.55,1.65,10000.0,166.667,3333.3,
2026-02-11,2026-02,Maisa 2+3,,40130,ORG Maca Chocolate 10ct/6pk Tea Bag - G,Tea,inferred,,yes,5.0,1998,2.167,10.833,922.2,15.369,184.4,
2026-02-11,2026-02,Maisa 2+3,,40130L,Org Maca Chocolate 10 Ct Tea Bag Loose - G,Tea,governed,high,yes,5.0,792,0.85,4.25,931.8,15.529,186.4,
2026-02-11,2026-02,Maisa 2+3,,40132,ORG Maca Chocolate 25CT Tea Bag - G,Tea,governed,high,yes,5.0,600,1.783,8.917,336.4,5.607,67.3,
2026-02-11,2026-02,Maisa 2+3,,40132F,ORG Maca Chocolate DL 25CT Tea Bag AMZN (24pk) - G,Tea,inferred,,yes,5.0,240,0.717,3.583,334.9,5.581,67.0,
2026-02-11,2026-02,Maisa 2+3,,45010,ORG Reishi Eleuthero 10 Ct Tea Bag/6 Count Case - G,Tea,inferred,,yes,5.0,900,1.0,5.0,900.0,15.0,180.0,
2026-02-11,2026-02,Maisa 2+3,,Clean,Standard Clean,Tea,inferred,,,5.0,0,0.583,2.917,,,,
2026-02-11,2026-02,Maisa 2+3,,TB130,ORG Maca Chocolate Tea Bag - G,Tea bag (intermediate),item-code,,yes,4.0,18000,2.933,11.733,6136.4,102.273,1534.1,
2026-02-11,2026-02,WeighRight,,80110,ORG French Roast 11OZ Bag/6 Count Case - G,Bag/Other,inferred,,yes,3.0,1656,3.567,10.7,464.3,7.738,154.8,
2026-02-11,2026-02,WeighRight,,80110A,AMZN Org French Roast 11OZ Bag/Box of 24 - G,Bag/Other,inferred,,yes,3.0,1200,2.967,8.9,404.5,6.742,134.8,
2026-02-11,2026-02,WeighRight,,80113,ORG French Roast 11OZ Bag 3PK - G,Bag/Other,inferred,,yes,3.0,368,1.983,5.95,185.5,3.092,61.8,
2026-02-11,2026-02,WeighRight,,80116A,French Roast 500g APG Bag - G,APG,inferred,,yes,3.0,108,0.183,0.55,589.1,9.818,196.4,
2026-02-11,2026-02,WeighRight,,80116A,French Roast 500g APG Bag - G,APG,inferred,,yes,3.0,564,1.25,3.75,451.2,7.52,150.4,
2026-02-12,2026-02,AMS,handpack,30007,Instant Miraculous Mushrooms A&P 100g Bag / 6 Count Case,Instant,inferred,,yes,3.0,480,2.867,8.6,167.4,2.791,55.8,
2026-02-12,2026-02,AMS,handpack,30007L,ORG Instant Miraculous Mushrooms AP 100g Bag,Instant,governed,high,yes,3.0,737,3.583,10.75,205.7,3.428,68.6,
2026-02-12,2026-02,AMS,handpack,30009L,ORG Instant Vanilla Nut 100g Bag - G,Instant,governed,high,,3.0,0,0.8,2.4,,,,
2026-02-12,2026-02,AMS,handpack,40016,Vanilla Nut Tagless Tea Bag - 50 Ct - GA,Tea,governed,high,yes,2.0,591,9.167,18.333,64.5,1.075,32.2,
2026-02-12,2026-02,Assembly,,40001,Herbal Tea Sampler Box - 6 Count Case,Sampler,inferred,,yes,1.0,41,7.917,7.917,5.2,0.086,5.2,
2026-02-12,2026-02,Assembly,,43001L,Dandelion Tea Sampler Box - Loose - G,Sampler,governed,high,yes,1.0,225,10.3,10.3,21.8,0.364,21.8,
2026-02-12,2026-02,Assembly,,46011,ORG Dark Chocolate 25 Ct Tea Bag,Tea,governed,high,yes,1.0,100,5.467,5.467,18.3,0.305,18.3,
2026-02-12,2026-02,Assembly,,GDB060,ORG Hazelnut Packet Goody Bag - GA,Bag/Other,inferred,,yes,1.0,25,0.05,0.05,500.0,8.333,500.0,
2026-02-12,2026-02,Assembly,,GDB070,ORG Java Packet Goody Bag - GA,Bag/Other,inferred,,yes,1.0,25,0.133,0.133,187.5,3.125,187.5,
2026-02-12,2026-02,Assembly,,TGB311,ORG Dandelion Dark Roast Tea Bag Goody Bag,Tea,inferred,,yes,1.0,25,0.083,0.083,300.0,5.0,300.0,
2026-02-12,2026-02,Assembly,,TGB322,Dandelion Caramel Nut Tea Bag Goody Bag - A,Tea,inferred,,yes,1.0,25,0.133,0.133,187.5,3.125,187.5,
2026-02-12,2026-02,Assembly,,TGB337,ORG Blueberry Vanilla Tea Bag Goody Bag,Tea,inferred,,yes,1.0,25,0.083,0.083,300.0,5.0,300.0,
2026-02-12,2026-02,Assembly,,TGB502,Chaga Ashwaganda Tea Goody Bag,Bag/Other,inferred,,yes,1.0,25,0.1,0.1,250.0,4.167,250.0,
2026-02-12,2026-02,Assembly,,TGB601,ORG Dark Chocolate Tea Bag Goody Bag,Tea,inferred,,yes,1.0,25,0.2,0.2,125.0,2.083,125.0,
2026-02-12,2026-02,Maisa 1,,40061,ORG Hazelnut 25CT Tea Bag - GA,Tea,governed,high,yes,3.0,768,4.65,13.95,165.2,2.753,55.1,
2026-02-12,2026-02,Maisa 1,,Clean,Standard Clean,Tea,inferred,,,3.0,0,0.733,2.2,,,,
2026-02-12,2026-02,Maisa 1,,TB010,ORG Vanilla Nut Tea Bag Loose - GA,Tea bag (intermediate),item-code,,yes,3.0,14500,4.417,13.25,3283.0,54.717,1094.3,
2026-02-12,2026-02,Maisa 2+3,,45010,ORG Reishi Eleuthero 10 Ct Tea Bag/6 Count Case - G,Tea,inferred,,yes,5.0,480,1.233,6.167,389.2,6.486,77.8,
2026-02-12,2026-02,Maisa 2+3,,45011,ORG Reishi Eleuthero 25 Ct Tea Bag - G,Tea,governed,high,yes,3.0,432,3.0,9.0,144.0,2.4,48.0,
2026-02-12,2026-02,Maisa 2+3,,Clean,Standard Clean,Tea,inferred,,,5.0,0,0.4,2.0,,,,
2026-02-12,2026-02,Maisa 2+3,,TB501,ORG Reishi Eleuthero Loose Tea Bag - G,Tea bag (intermediate),item-code,,yes,2.0,12000,3.733,7.467,3214.3,53.571,1607.1,
2026-02-12,2026-02,Maisa 2+3,,TB503,ORG Lion's Mane Rhodiola Loose Tea Bag - G,Tea bag (intermediate),item-code,,yes,4.0,3500,13.15,52.6,266.2,4.436,66.5,
2026-02-12,2026-02,WeighRight,,60110,ORG French Roast 5 Lb Bag - G,Bag/Other,inferred,,yes,3.0,120,0.867,2.6,138.5,2.308,46.2,
2026-02-12,2026-02,WeighRight,,60130,ORG MACA Chocolate 5 Lb Bag - G,Bag/Other,inferred,,yes,3.0,20,0.25,0.75,80.0,1.333,26.7,
2026-02-12,2026-02,WeighRight,,65010,ORG Reishi Eleuthero 5 Lb Bag - G,APG,governed,high,yes,3.0,20,0.15,0.45,133.3,2.222,44.4,
2026-02-12,2026-02,WeighRight,,80070,ORG Java 11OZ Bag/6 Count Case - GA,Bag/Other,inferred,,yes,3.0,720,13.283,39.85,54.2,0.903,18.1,
2026-02-12,2026-02,WeighRight,,80070A,AMZN Org Java 11OZ Bag/Box of 24 - GA,Bag/Other,inferred,,yes,3.0,1200,2.083,6.25,576.0,9.6,192.0,
2026-02-12,2026-02,WeighRight,,80073,ORG Java 11OZ Bag 3PK - GA,Bag/Other,inferred,,yes,3.0,96,12.667,38.0,7.6,0.126,2.5,
2026-02-12,2026-02,WeighRight,,80130L,Org Maca Chocoate 11oz Bag/Box of 24 - G,Bag/Other,inferred,,yes,3.0,600,1.083,3.25,553.8,9.231,184.6,
2026-02-12,2026-02,WeighRight,,80133,ORG MACA Chocolate 11OZ Bag 3PK - G,Bag/Other,inferred,,yes,3.0,160,0.967,2.9,165.5,2.759,55.2,
2026-02-12,2026-02,WeighRight,,85010L,ORG Reishi Eleuthero 10 Oz Bag/Box of 24 - G,APG,governed,high,yes,3.0,432,1.033,3.1,418.1,6.968,139.4,
2026-02-12,2026-02,WeighRight,,Clean,Standard Clean,Bag/Other,inferred,,,3.0,0,0.467,1.4,,,,
2026-02-12,2026-02,WeighRight,,Clean,Standard Clean,Bag/Other,inferred,,,3.0,0,0.35,1.05,,,,
2026-02-12,2026-02,WeighRight,,Clean,Standard Clean,Bag/Other,inferred,,,3.0,0,0.367,1.1,,,,
2026-02-13,2026-02,AMS,handpack,30009L,ORG Instant Vanilla Nut 100g Bag - G,Instant,governed,high,,3.0,0,5.45,16.35,,,,
2026-02-13,2026-02,AMS,handpack,30011,Instant Mocha 100g Bag / 6 Count Case - G,Instant,inferred,,yes,3.0,360,1.467,4.4,245.5,4.091,81.8,
2026-02-13,2026-02,AMS,handpack,30011L,ORG Instant Mocha 100g Bag - G,Instant,inferred,,yes,6.0,855,2.6,15.6,328.8,5.481,54.8,
2026-02-13,2026-02,AMS,handpack,31009,ORG Instant Vanilla Nut Latte 6Ct Case,Instant,inferred,,yes,3.0,7,0.283,0.85,24.7,0.412,8.2,
2026-02-13,2026-02,AMS,handpack,31011,ORG Instant Mocha Latte 6Ct Case,Instant,inferred,,yes,3.0,70,2.767,8.3,25.3,0.422,8.4,
2026-02-13,2026-02,Assembly,,40001,Herbal Tea Sampler Box - 6 Count Case,Sampler,inferred,,yes,1.0,46,8.333,8.333,5.5,0.092,5.5,
2026-02-13,2026-02,Assembly,,40001,Herbal Tea Sampler Box - 6 Count Case,Sampler,inferred,,yes,5.0,144,1.917,9.583,75.1,1.252,15.0,
2026-02-13,2026-02,Assembly,,43001L,Dandelion Tea Sampler Box - Loose - G,Sampler,governed,high,yes,2.0,321,8.383,16.767,38.3,0.638,19.1,
2026-02-13,2026-02,Assembly,,43001L,Dandelion Tea Sampler Box - Loose - G,Sampler,governed,high,yes,2.0,300,10.383,20.767,28.9,0.482,14.4,
2026-02-13,2026-02,Assembly,,CLBOXAPG,Teeccino Chocolate Lovers APG Box,Bundle,governed,high,yes,1.0,10,0.25,0.25,40.0,0.667,40.0,
2026-02-13,2026-02,Assembly,,CLBOXTB,,Bundle,governed,high,yes,1.0,10,0.25,0.25,40.0,0.667,40.0,
2026-02-13,2026-02,Maisa 1,,40060,ORG Hazelnut 10ct/6pk Tea Bag - GA,Tea,inferred,,yes,3.0,1854,4.783,14.35,387.6,6.46,129.2,
2026-02-13,2026-02,Maisa 1,,40060A,AMZN Org Hazelnut 10 Ct Tea Bag Loose - GA,Tea,inferred,,yes,3.0,1008,2.417,7.25,417.1,6.952,139.0,
2026-02-13,2026-02,Maisa 1,,40061,ORG Hazelnut 25CT Tea Bag - GA,Tea,governed,high,yes,3.0,432,2.883,8.65,149.8,2.497,49.9,
2026-02-13,2026-02,Maisa 2+3,,45030,ORG Lion's Mane Rhodiola 10 Ct Tea Bag/6 Count Case - G,Tea,inferred,,yes,5.0,1668,1.9,9.5,877.9,14.632,175.6,
2026-02-13,2026-02,Maisa 2+3,,45030F,Lion's Mane Rhodiola Dual Language 10 cnt TB - G,Tea,inferred,,yes,5.0,2760,4.317,21.583,639.4,10.656,127.9,
2026-02-13,2026-02,Maisa 2+3,,47010,75147 TJ ORG Roasted Herbal Cofee (12 Pack) - G,Tea,inferred,,yes,5.0,1380,1.017,5.083,1357.4,22.623,271.5,
2026-02-13,2026-02,Maisa 2+3,,Clean,Standard Clean,Tea,inferred,,,5.0,0,0.85,4.25,,,,
2026-02-13,2026-02,Maisa 2+3,,TB503,ORG Lion's Mane Rhodiola Loose Tea Bag - G,Tea bag (intermediate),item-code,,yes,4.0,18500,2.017,8.067,9173.6,152.893,2293.4,
2026-02-13,2026-02,WeighRight,,80070L,Org Java 11OZ Bag/Box of 24 - GA,Bag/Other,inferred,,yes,3.0,28,0.167,0.5,168.0,2.8,56.0,
2026-02-13,2026-02,WeighRight,,80073,ORG Java 11OZ Bag 3PK - GA,Bag/Other,inferred,,yes,3.0,304,1.85,5.55,164.3,2.739,54.8,
2026-02-13,2026-02,WeighRight,,Clean,Standard Clean,Bag/Other,inferred,,,3.0,0,0.483,1.45,,,,
2026-02-17,2026-02,AMS,handpack,10021A,AMZN - WWB - Date Sugar - 1 Lb,Bag/Other,inferred,,yes,3.0,336,1.5,4.5,224.0,3.733,74.7,
2026-02-17,2026-02,AMS,handpack,10061A,AMZN - WWB - ORG Date Sugar - 1 Lb,Bag/Other,inferred,,yes,3.0,408,5.283,15.85,77.2,1.287,25.7,
2026-02-17,2026-02,AMS,handpack,31007L,ORG Instant Miraculous Mushrooms AP Latte 224g Bag,Instant,governed,high,yes,3.0,331,2.733,8.2,121.1,2.018,40.4,
2026-02-17,2026-02,AMS,handpack,31009,ORG Instant Vanilla Nut Latte 6Ct Case,Instant,inferred,,yes,3.0,57,2.45,7.35,23.3,0.388,7.8,
2026-02-17,2026-02,AMS,handpack,31011,ORG Instant Mocha Latte 6Ct Case,Instant,inferred,,yes,3.0,30,0.933,2.8,32.1,0.536,10.7,
2026-02-17,2026-02,AMS,handpack,31011L,ORG Instant Mocha Latte 224g Bag,Instant,inferred,,yes,3.0,705,3.6,10.8,195.8,3.264,65.3,
2026-02-17,2026-02,AMS,handpack,40016,Vanilla Nut Tagless Tea Bag - 50 Ct - GA,Tea,governed,high,yes,2.0,180,2.5,5.0,72.0,1.2,36.0,
2026-02-17,2026-02,Assembly,,40030L,ORG Almond Amaretto 10ct Tea Bag Individual Unit- GA,Tea,governed,high,yes,1.0,288,8.75,8.75,32.9,0.549,32.9,
2026-02-17,2026-02,Assembly,,49999,Teeccino Herbal Tea Shipper,Bag/Other,inferred,,yes,1.0,2,0.367,0.367,5.5,0.091,5.5,
2026-02-17,2026-02,Assembly,,90002,,Bundle,governed,high,yes,1.0,10,0.5,0.5,20.0,0.333,20.0,
2026-02-17,2026-02,Assembly,,90003,,Bundle,governed,high,yes,1.0,10,0.5,0.5,20.0,0.333,20.0,
2026-02-17,2026-02,Maisa 1,,40060,ORG Hazelnut 10ct/6pk Tea Bag - GA,Tea,inferred,,yes,3.0,906,2.217,6.65,408.7,6.812,136.2,
2026-02-17,2026-02,Maisa 1,,43011,ORG Dandelion Vanilla Nut 25CT Tea Bag - A,Tea,governed,high,yes,3.0,624,5.933,17.8,105.2,1.753,35.1,
2026-02-17,2026-02,Maisa 1,,43341,Dandelion Coconut 25 Count Tea Bag - A,Tea,governed,high,yes,3.0,264,1.883,5.65,140.2,2.336,46.7,
2026-02-17,2026-02,Maisa 1,,CLEAN,Standard Clean,Tea,inferred,,,3.0,0,0.5,1.5,,,,
2026-02-17,2026-02,Maisa 1,,CleanG,Clean + Gluten Test,Tea,inferred,,,3.0,0,0.7,2.1,,,,
2026-02-17,2026-02,Maisa 1,,TB301,ORG Dandelion Vanilla Nut Tea Bag - A,Tea bag (intermediate),item-code,,yes,3.0,2570,0.767,2.3,3352.2,55.87,1117.4,
2026-02-17,2026-02,Maisa 2+3,,47010,75147 TJ ORG Roasted Herbal Cofee (12 Pack) - G,Tea,inferred,,yes,5.0,7788,11.983,59.917,649.9,10.832,130.0,
2026-02-17,2026-02,WeighRight,,60010,ORG Vanilla Nut 5 Lb Bag - GA,Bag/Other,inferred,,yes,3.0,56,0.583,1.75,96.0,1.6,32.0,
2026-02-17,2026-02,WeighRight,,80010,ORG Vanilla Nut 11oz Bag/6 Count Case - GA,Bag/Other,inferred,,yes,3.0,1380,2.783,8.35,495.8,8.263,165.3,
2026-02-17,2026-02,WeighRight,,80010L,Org Vanilla Nut 11OZ Bag/Box of 24 - GA,Bag/Other,inferred,,yes,3.0,50,2.55,7.65,19.6,0.327,6.5,
2026-02-18,2026-02,AMS,handpack,10061A,AMZN - WWB - ORG Date Sugar - 1 Lb,Bag/Other,inferred,,yes,3.0,192,1.083,3.25,177.2,2.954,59.1,
2026-02-18,2026-02,AMS,handpack,10104,WWB - ORG Dark Roasted Carob Flour - 1 Lb Bag,Bag/Other,inferred,,yes,3.0,192,15.667,47.0,12.3,0.204,4.1,
2026-02-18,2026-02,AMS,handpack,10402A,AMZN- WWB-ORG Rama Tulsi - 8 OZ Bag,Bag/Other,inferred,,yes,3.0,960,6.667,20.0,144.0,2.4,48.0,
2026-02-18,2026-02,Assembly,,30008,Instant French Roast 100g Bag / 6 Count Case - G,Instant,inferred,,yes,1.0,30,0.067,0.067,450.0,7.5,450.0,
2026-02-18,2026-02,Assembly,,40001L,Herbal Tea Sampler Box - Loose,Sampler,governed,high,yes,1.0,144,5.783,5.783,24.9,0.415,24.9,
2026-02-18,2026-02,Assembly,,43001,Dandelion Tea Sampler Box - 6 Count Case,Sampler,inferred,,yes,1.0,20,10.417,10.417,1.9,0.032,1.9,
2026-02-18,2026-02,Assembly,,45001L,Mushroom Adapt Tea Bag Sampler Box,Sampler,governed,high,yes,2.0,153,2.833,5.667,54.0,0.9,27.0,
2026-02-18,2026-02,Maisa 1,,43341,Dandelion Coconut 25 Count Tea Bag - A,Tea,governed,high,yes,3.0,936,5.317,15.95,176.1,2.934,58.7,
2026-02-18,2026-02,Maisa 1,,47010,75147 TJ ORG Roasted Herbal Cofee (12 Pack) - G,Tea,inferred,,yes,3.0,2124,5.95,17.85,357.0,5.95,119.0,
2026-02-18,2026-02,Maisa 1,,CleanA,Clean + Almond Test,Tea,inferred,,,3.0,0,0.767,2.3,,,,
2026-02-18,2026-02,Maisa 2+3,,47010,75147 TJ ORG Roasted Herbal Cofee (12 Pack) - G,Tea,inferred,,yes,5.0,840,0.983,4.917,854.2,14.237,170.8,
2026-02-18,2026-02,Maisa 2+3,,47010,75147 TJ ORG Roasted Herbal Cofee (12 Pack) - G,Tea,inferred,,yes,5.0,9048,11.017,55.083,821.3,13.688,164.3,
2026-02-18,2026-02,WeighRight,,20061,ORG Hazelnut 300G Dual Language Bag - 6Ct Case - GA,Bag/Other,inferred,,yes,3.0,1080,2.05,6.15,526.8,8.78,175.6,
2026-02-18,2026-02,WeighRight,,50010,ORG Vanilla Nut 30g Trial Size Packet - GA,Bag/Other,inferred,,yes,3.0,1080,1.7,5.1,635.3,10.588,211.8,
2026-02-18,2026-02,WeighRight,,50060,ORG Hazelnut 30g Trial Size Packet - GA,Bag/Other,inferred,,yes,3.0,1440,2.833,8.5,508.2,8.471,169.4,
2026-02-18,2026-02,WeighRight,,60010,ORG Vanilla Nut 5 Lb Bag - GA,Bag/Other,inferred,,yes,3.0,24,0.2,0.6,120.0,2.0,40.0,
2026-02-18,2026-02,WeighRight,,80060,ORG Hazelnut 11OZ Bag/6 Count Case - GA,Bag/Other,inferred,,,3.0,0,0.3,0.9,,,,
2026-02-18,2026-02,WeighRight,,80063,ORG Hazelnut 11OZ Bag 3PK  - GA,Bag/Other,inferred,,yes,3.0,352,2.733,8.2,128.8,2.146,42.9,
2026-02-18,2026-02,WeighRight,,85070L,ORG Miraculous Mushrooms A&P 10oz Bag/Box of 24,Bag/Other,inferred,,yes,3.0,624,1.05,3.15,594.3,9.905,198.1,
2026-02-18,2026-02,WeighRight,,Clean,Standard Clean,Bag/Other,inferred,,,3.0,0,0.417,1.25,,,,
2026-02-18,2026-02,WeighRight,,CleanGA,Clean + Gluten + Almond Tests,Bag/Other,inferred,,,3.0,0,0.833,2.5,,,,
2026-02-19,2026-02,AMS,handpack,10071,AMZN - WWB - ORG Roasted Barley - 1 Lb - G,Bag/Other,inferred,,yes,3.0,948,6.667,20.0,142.2,2.37,47.4,
2026-02-19,2026-02,AMS,handpack,10104,WWB - ORG Dark Roasted Carob Flour - 1 Lb Bag,Bag/Other,inferred,,yes,3.0,572,4.183,12.55,136.7,2.279,45.6,
2026-02-19,2026-02,Assembly,,40001L,Herbal Tea Sampler Box - Loose,Sampler,governed,high,yes,1.0,132,1.167,1.167,113.1,1.886,113.1,
2026-02-19,2026-02,Assembly,,43001,Dandelion Tea Sampler Box - 6 Count Case,Sampler,inferred,,yes,1.0,50,10.817,10.817,4.6,0.077,4.6,
2026-02-19,2026-02,Assembly,,45001L,Mushroom Adapt Tea Bag Sampler Box,Sampler,governed,high,yes,2.0,345,12.167,24.333,28.4,0.473,14.2,
2026-02-19,2026-02,Assembly,,45022,Chaga Ashwaganda TB Demo Tray,Tea,inferred,,yes,1.0,5,0.15,0.15,33.3,0.556,33.3,
2026-02-19,2026-02,Assembly,,45032,ORG Lion's Mane Rhodiola Tea Bag Demo Tray - G,Tea,inferred,,yes,1.0,5,0.3,0.3,16.7,0.278,16.7,
2026-02-19,2026-02,Assembly,,45052,Turkey Tail Astragalus TB Demo Tray - G,Tea,inferred,,yes,1.0,5,0.083,0.083,60.0,1.0,60.0,
2026-02-19,2026-02,Assembly,,50091,Teeccino Nut Flavor Sampler,Sampler,governed,high,yes,1.0,100,4.333,4.333,23.1,0.385,23.1,
2026-02-19,2026-02,Assembly,,50091,Teeccino Nut Flavor Sampler,Sampler,governed,high,yes,1.0,100,5.667,5.667,17.6,0.294,17.6,
2026-02-19,2026-02,Maisa 1,,47010,75147 TJ ORG Roasted Herbal Cofee (12 Pack) - G,Tea,inferred,,yes,3.0,2988,8.8,26.4,339.5,5.659,113.2,
2026-02-19,2026-02,Maisa 1,,Clean,Standard Clean,Tea,inferred,,,3.0,0,1.033,3.1,,,,
2026-02-19,2026-02,Maisa 1,,TB505,ORG Turkey Tail Astragalus Loose Tea Bag - G,Tea bag (intermediate),item-code,,yes,3.0,2500,0.917,2.75,2727.3,45.455,909.1,
2026-02-19,2026-02,Maisa 2+3,,47010,75147 TJ ORG Roasted Herbal Cofee (12 Pack) - G,Tea,inferred,,yes,5.0,8928,10.95,54.75,815.3,13.589,163.1,
2026-02-19,2026-02,Maisa 2+3,,Clean,Standard Clean,Tea,inferred,,,5.0,0,1.35,6.75,,,,
2026-02-19,2026-02,WeighRight,,80060,ORG Hazelnut 11OZ Bag/6 Count Case - GA,Bag/Other,inferred,,,3.0,0,,,,,,
2026-02-19,2026-02,WeighRight,,80080,ORG Mocha 11OZ Bag/6 Count Case - GA,Bag/Other,inferred,,yes,3.0,1008,1.8,5.4,560.0,9.333,186.7,
2026-02-19,2026-02,WeighRight,,80083,ORG Mocha 11OZ Bag 3PK  - GA,Bag/Other,inferred,,yes,3.0,160,1.25,3.75,128.0,2.133,42.7,
2026-02-19,2026-02,WeighRight,,82060L,ORG Maple Pecan 11OZ Bag/Box of 24 - GA,Bag/Other,inferred,,yes,3.0,621,0.967,2.9,642.4,10.707,214.1,
2026-02-19,2026-02,WeighRight,,Clean,Standard Clean,Bag/Other,inferred,,,3.0,0,0.75,2.25,,,,
2026-02-19,2026-02,WeighRight,,Clean,Standard Clean,Bag/Other,inferred,,,3.0,0,,,,,,
2026-02-23,2026-02,AMS,handpack,10006A,WWB AMZN Organic Lemon Balm (6 Oz) ,Bag/Other,inferred,,yes,4.0,180,1.367,5.467,131.7,2.195,32.9,
2026-02-23,2026-02,AMS,handpack,10013,"ORG Hibisicus, 8 Oz Bag",Bag/Other,inferred,,yes,3.0,168,2.9,8.7,57.9,0.966,19.3,
2026-02-23,2026-02,AMS,handpack,10016,Organic Turmeric Powder - 1 Lb Bag,Bag/Other,inferred,,yes,3.0,480,4.183,12.55,114.7,1.912,38.2,
2026-02-23,2026-02,AMS,handpack,10071,AMZN - WWB - ORG Roasted Barley - 1 Lb - G,Bag/Other,inferred,,yes,3.0,60,0.3,0.9,200.0,3.333,66.7,
2026-02-23,2026-02,AMS,handpack,40086,Mocha Tagless Tea Bag - 50 Ct - GA,Tea,governed,high,yes,3.0,228,1.617,4.85,141.0,2.351,47.0,
2026-02-23,2026-02,Assembly,,31007,ORG Instant Miraculous Mushrooms AP Latte 6Ct Case ,Instant,inferred,,yes,1.0,5,0.1,0.1,50.0,0.833,50.0,
2026-02-23,2026-02,Assembly,,43220L,Org Dandelion Caramel Nut 10 Ct Tea Bag Loose - A,Tea,governed,high,yes,1.0,238,16.967,16.967,14.0,0.234,14.0,
2026-02-23,2026-02,Assembly,,43224,DO NOT MAKE ORG Dandelion Caramel Nut 10CT Tea Bag 4PK X0019VIU9N,Tea,inferred,,yes,1.0,59,3.75,3.75,15.7,0.262,15.7,
2026-02-23,2026-02,Assembly,,45001L,Mushroom Adapt Tea Bag Sampler Box,Sampler,governed,high,yes,2.0,310,8.417,16.833,36.8,0.614,18.4,
2026-02-23,2026-02,Assembly,,50093,Wellness Packet Sampler Pack,Sampler,governed,high,yes,1.0,25,0.85,0.85,29.4,0.49,29.4,
2026-02-23,2026-02,Assembly,,50096,Top Six Packet Sampler pack,Sampler,inferred,,yes,1.0,120,3.333,3.333,36.0,0.6,36.0,
2026-02-23,2026-02,Maisa 1,,45051,ORG Turkey Tail Astragalus 25 Ct Tea Bag - G,Tea,governed,high,yes,3.0,552,4.05,12.15,136.3,2.272,45.4,
2026-02-23,2026-02,Maisa 1,,TB505,ORG Turkey Tail Astragalus Loose Tea Bag - G,Tea bag (intermediate),item-code,,yes,3.0,21500,5.933,17.8,3623.6,60.393,1207.9,
2026-02-23,2026-02,Maisa 2+3,,43310,ORG Dandelion Mocha Mint 10CT Tea Bag - A,Tea,inferred,,yes,5.0,4140,4.367,21.833,948.1,15.802,189.6,
2026-02-23,2026-02,Maisa 2+3,,43310F,Dandelion Mocha Mint Dual Language 10 cnt TB - A,Tea,inferred,,yes,3.0,720,1.483,4.45,485.4,8.09,161.8,
2026-02-23,2026-02,Maisa 2+3,,43314,DO NOT MAKE ORG Dandelion Mocha Mint 10CT Tea Bag 4PK - A,Tea,inferred,,yes,3.0,224,1.617,4.85,138.6,2.309,46.2,
2026-02-23,2026-02,Maisa 2+3,,45070,ORG Miraculous Mushrooms A&P 10Ct/6Pk Tea Bag,Tea,inferred,,yes,5.0,900,1.083,5.417,830.8,13.846,166.2,
2026-02-23,2026-02,Maisa 2+3,,CleanA,Clean + Almond Test,Tea,inferred,,,5.0,0,0.517,2.583,,,,
2026-02-23,2026-02,Maisa 2+3,,CleanG,Clean + Gluten Test,Tea,inferred,,,3.0,0,0.583,1.75,,,,
2026-02-23,2026-02,Maisa 2+3,,NTB0080,Mocha Tagless 6g Tea Bag - GA,Tea bag (intermediate),item-code,,yes,2.0,11796,2.333,4.667,5055.4,84.257,2527.7,
2026-02-23,2026-02,Maisa 2+3,,TB331,ORG Dandelion Mocha Mint Tea Bag - A,Tea bag (intermediate),item-code,,yes,4.0,8000,0.817,3.267,9795.9,163.265,2449.0,
2026-02-23,2026-02,WeighRight,,66010,ORG Dark Chocolate 5 Lb Bag,Bag/Other,inferred,,yes,3.0,20,0.333,1.0,60.0,1.0,20.0,
2026-02-23,2026-02,WeighRight,,80080,ORG Mocha 11OZ Bag/6 Count Case - GA,Bag/Other,inferred,,yes,3.0,1308,2.717,8.15,481.5,8.025,160.5,
2026-02-23,2026-02,WeighRight,,82110L,ORG French Vanilla 11OZ Bag/Box of 24 - G,Bag/Other,inferred,,yes,3.0,719,1.733,5.2,414.8,6.913,138.3,
2026-02-23,2026-02,WeighRight,,82130L,ORG Mexican Chocolate 11OZ Bag/Box of 24 - G,APG,governed,high,yes,3.0,330,0.933,2.8,353.6,5.893,117.9,
2026-02-23,2026-02,WeighRight,,86010,ORG Dark Chocolate 10 Oz Bag/6 Count Case,Bag/Other,inferred,,yes,3.0,276,0.733,2.2,376.4,6.273,125.5,
2026-02-23,2026-02,WeighRight,,86010L,ORG Dark Chocolate 10 Oz Bag/Box of 24,Bag/Other,inferred,,yes,3.0,1158,2.233,6.7,518.5,8.642,172.8,
2026-02-23,2026-02,WeighRight,,Clean,Standard Clean,Bag/Other,inferred,,,3.0,0,0.483,1.45,,,,
2026-02-23,2026-02,WeighRight,,Clean,Standard Clean,Bag/Other,inferred,,,3.0,0,0.417,1.25,,,,
2026-02-23,2026-02,WeighRight,,Clean,Standard Clean,Bag/Other,inferred,,,3.0,0,0.25,0.75,,,,
2026-02-23,2026-02,WeighRight,,CleanGA,Clean + Gluten + Almond Tests,Bag/Other,inferred,,,3.0,0,0.4,1.2,,,,
2026-02-24,2026-02,AMS,handpack,10006A,WWB AMZN Organic Lemon Balm (6 Oz) ,Bag/Other,inferred,,yes,4.0,2220,8.05,32.2,275.8,4.596,68.9,
2026-02-24,2026-02,AMS,handpack,10013,"ORG Hibisicus, 8 Oz Bag",Bag/Other,inferred,,yes,3.0,326,1.4,4.2,232.9,3.881,77.6,
2026-02-24,2026-02,Assembly,,43224,DO NOT MAKE ORG Dandelion Caramel Nut 10CT Tea Bag 4PK X0019VIU9N,Tea,inferred,,yes,1.0,37,10.267,10.267,3.6,0.06,3.6,
2026-02-24,2026-02,Assembly,,45001L,Mushroom Adapt Tea Bag Sampler Box,Sampler,governed,high,yes,2.0,319,8.367,16.733,38.1,0.635,19.1,
2026-02-24,2026-02,Assembly,,50096,Top Six Packet Sampler pack,Sampler,inferred,,yes,1.0,30,4.75,4.75,6.3,0.105,6.3,
2026-02-24,2026-02,Assembly,,GDB060,ORG Hazelnut Packet Goody Bag - GA,Bag/Other,inferred,,yes,1.0,20,0.083,0.083,240.0,4.0,240.0,
2026-02-24,2026-02,Assembly,,GDB080,ORG Mocha Packet Goody Bag,Bag/Other,inferred,,yes,1.0,20,0.083,0.083,240.0,4.0,240.0,
2026-02-24,2026-02,Assembly,,GDB311,ORG Dandelion Dark Roast Packet Goody Bag,Bag/Other,inferred,,yes,1.0,20,0.083,0.083,240.0,4.0,240.0,
2026-02-24,2026-02,Assembly,,GDB501,ORG Reishi Eleuthero Packet Goody Bag - G,Bag/Other,inferred,,yes,1.0,20,0.1,0.1,200.0,3.333,200.0,
2026-02-24,2026-02,Assembly,,GDB502,ORG Chaga Ashwaganda Packet Goody Bag,Bag/Other,inferred,,yes,1.0,20,0.083,0.083,240.0,4.0,240.0,
2026-02-24,2026-02,Assembly,,TGB501,Reishi Eleuthero Tea Goody Bag - G,Bag/Other,inferred,,yes,1.0,20,0.15,0.15,133.3,2.222,133.3,
2026-02-24,2026-02,Assembly,,TGB502,Chaga Ashwaganda Tea Goody Bag,Bag/Other,inferred,,yes,1.0,20,0.083,0.083,240.0,4.0,240.0,
2026-02-24,2026-02,Assembly,,TGB505,Turkey Tail Astragalus Tea Goody Bag - G,Bag/Other,inferred,,yes,1.0,20,0.083,0.083,240.0,4.0,240.0,
2026-02-24,2026-02,Maisa 1,,45050,ORG Turkey Tail Astragalus 10 Ct Tea Bag/6 Count Case - G,Tea,inferred,,yes,3.0,1920,5.017,15.05,382.7,6.379,127.6,
2026-02-24,2026-02,Maisa 1,,45051,ORG Turkey Tail Astragalus 25 Ct Tea Bag - G,Tea,governed,high,yes,3.0,648,4.883,14.65,132.7,2.212,44.2,
2026-02-24,2026-02,Maisa 1,,Clean,Standard Clean,Tea,inferred,,,3.0,0,0.417,1.25,,,,
2026-02-24,2026-02,Maisa 2+3,,43110,ORG Dandelion Dark Roast 10ct/6pk Tea Bag,Tea,inferred,,yes,5.0,1716,2.333,11.667,735.4,12.257,147.1,
2026-02-24,2026-02,Maisa 2+3,,43110F,Dandelion Dark Roast Dual Language 10ct/6pk Tea Bag,Tea,inferred,,yes,5.0,1380,1.6,8.0,862.5,14.375,172.5,
2026-02-24,2026-02,Maisa 2+3,,43113,ORG Dandelion Dark Roast 25CT Tea Bag 3PK,Tea,inferred,,yes,5.0,216,1.733,8.667,124.6,2.077,24.9,
2026-02-24,2026-02,Maisa 2+3,,45070,ORG Miraculous Mushrooms A&P 10Ct/6Pk Tea Bag,Tea,inferred,,yes,5.0,1860,2.517,12.583,739.1,12.318,147.8,
2026-02-24,2026-02,Maisa 2+3,,45070L,Org Miraculous Mushroom A&P 10Ct Tea Bag Loose,Tea,inferred,,yes,5.0,432,0.667,3.333,648.0,10.8,129.6,
2026-02-24,2026-02,Maisa 2+3,,45071,ORG Miraculous Mushroom A&P 25 Ct Tea Bag,Tea,inferred,,yes,5.0,274,0.483,2.417,566.9,9.448,113.4,
2026-02-24,2026-02,Maisa 2+3,,Clean,Standard Clean,Tea,inferred,,,5.0,0,0.667,3.333,,,,
2026-02-24,2026-02,WeighRight,,10027,Organic Licorice C/S - 8 Oz Bag,Bag/Other,inferred,,yes,3.0,1160,2.883,8.65,402.3,6.705,134.1,
2026-02-24,2026-02,WeighRight,,20111,ORG French Roast 300G Dual Language Bag - 6Ct Case - G,Bag/Other,inferred,,yes,3.0,1080,2.183,6.55,494.7,8.244,164.9,
2026-02-24,2026-02,WeighRight,,82080L,ORG Irish Cream 11 Oz Bag/Box of 24 - G,Bag/Other,inferred,,yes,3.0,528,0.9,2.7,586.7,9.778,195.6,
2026-02-24,2026-02,WeighRight,,83220A,AMZN Dandelion Caramel Nut 10 Oz Bag/Box of 24 - A,Bag/Other,inferred,,yes,3.0,432,0.767,2.3,563.5,9.391,187.8,
2026-02-24,2026-02,WeighRight,,83220L,Dandelion Caramel Nut 10 Oz Bag/Box of 24 - A,Bag/Other,inferred,,yes,3.0,600,1.35,4.05,444.4,7.407,148.1,
2026-02-24,2026-02,WeighRight,,Clean,Standard Clean,Bag/Other,inferred,,,3.0,0,1.05,3.15,,,,
2026-02-24,2026-02,WeighRight,,CleanA,Clean + Almond Test,Bag/Other,inferred,,,3.0,0,0.45,1.35,,,,
2026-02-24,2026-02,WeighRight,,CleanG,Clean + Gluten Test,Bag/Other,inferred,,,3.0,0,0.517,1.55,,,,
2026-02-25,2026-02,AMS,handpack,10006A,WWB AMZN Organic Lemon Balm (6 Oz) ,Bag/Other,inferred,,yes,4.0,134,1.0,4.0,134.0,2.233,33.5,
2026-02-25,2026-02,AMS,handpack,10012,"ORG Lemon Grass, 7 Oz Bag",Bag/Other,inferred,,yes,4.0,1800,8.433,33.733,213.4,3.557,53.4,
2026-02-25,2026-02,AMS,handpack,CleanP,,Bag/Other,inferred,,,4.0,0,0.317,1.267,,,,
2026-02-25,2026-02,Assembly,,43220L,Org Dandelion Caramel Nut 10 Ct Tea Bag Loose - A,Tea,governed,high,yes,1.0,194,3.883,3.883,50.0,0.833,50.0,
2026-02-25,2026-02,Assembly,,45001L,Mushroom Adapt Tea Bag Sampler Box,Sampler,governed,high,yes,2.0,389,6.833,13.667,56.9,0.949,28.5,
2026-02-25,2026-02,Assembly,,TGB311,ORG Dandelion Dark Roast Tea Bag Goody Bag,Tea,inferred,,yes,1.0,50,0.133,0.133,375.0,6.25,375.0,
2026-02-25,2026-02,Assembly,,TGB322,Dandelion Caramel Nut Tea Bag Goody Bag - A,Tea,inferred,,yes,1.0,50,0.2,0.2,250.0,4.167,250.0,
2026-02-25,2026-02,Assembly,,TGB502,Chaga Ashwaganda Tea Goody Bag,Bag/Other,inferred,,yes,1.0,25,0.083,0.083,300.0,5.0,300.0,
2026-02-25,2026-02,Assembly,,TGB507,ORG Miraculous Mushroom AP Tea Bag Goody Bag,Tea,inferred,,yes,1.0,10,0.033,0.033,300.0,5.0,300.0,
2026-02-25,2026-02,Maisa 1,,40021,ORG Chocolate Mint 25CT Tea Bag - GA,Tea,governed,high,yes,3.0,672,3.6,10.8,186.7,3.111,62.2,
2026-02-25,2026-02,Maisa 1,,40121,DO NOT MAKE ORG Maya Chai 25CT Tea Bag - G,Tea,governed,high,yes,3.0,376,2.15,6.45,174.9,2.915,58.3,
2026-02-25,2026-02,Maisa 1,,42080,ORG Irish Cream 10ct/6pk Tea Bag - G,Tea,inferred,,yes,3.0,1278,2.85,8.55,448.4,7.474,149.5,
2026-02-25,2026-02,Maisa 1,,Clean,Standard Clean,Tea,inferred,,,3.0,0,0.533,1.6,,,,
2026-02-25,2026-02,Maisa 1,,Clean,Standard Clean,Tea,inferred,,,3.0,0,0.367,1.1,,,,
2026-02-25,2026-02,Maisa 1,,Clean,Standard Clean,Tea,inferred,,,3.0,0,0.5,1.5,,,,
2026-02-25,2026-02,Maisa 2+3,,43110,ORG Dandelion Dark Roast 10ct/6pk Tea Bag,Tea,inferred,,yes,5.0,6564,7.833,39.167,838.0,13.966,167.6,
2026-02-25,2026-02,Maisa 2+3,,43110L,Org Dandelion Dark Roast 10 Ct Tea Bag Loose,Tea,governed,high,yes,5.0,720,0.9,4.5,800.0,13.333,160.0,
2026-02-25,2026-02,Maisa 2+3,,Clean,Standard Clean,Tea,inferred,,,5.0,0,1.6,8.0,,,,
2026-02-25,2026-02,WeighRight,,60110,ORG French Roast 5 Lb Bag - G,Bag/Other,inferred,,yes,3.0,120,0.883,2.65,135.8,2.264,45.3,
2026-02-25,2026-02,WeighRight,,80110,ORG French Roast 11OZ Bag/6 Count Case - G,Bag/Other,inferred,,yes,3.0,1980,5.333,16.0,371.2,6.187,123.8,
2026-02-25,2026-02,WeighRight,,80110A,AMZN Org French Roast 11OZ Bag/Box of 24 - G,Bag/Other,inferred,,yes,3.0,1800,3.333,10.0,540.0,9.0,180.0,
2026-02-26,2026-02,AMS,handpack,10017,ORG Lemon Balm (+8) 1LB Bag - 7-9523910017,Bag/Other,inferred,,yes,4.0,952,7.883,31.533,120.8,2.013,30.2,
2026-02-26,2026-02,AMS,handpack,10201,WWB - ORG Peppermint Leaf - 4 Oz Bag,Bag/Other,inferred,,yes,4.0,276,1.3,5.2,212.3,3.538,53.1,
2026-02-26,2026-02,AMS,handpack,Air clean out,Air Clean out of Machine (no testing necessary),Bag/Other,inferred,,,4.0,0,0.517,2.067,,,,
2026-02-26,2026-02,Assembly,,45001L,Mushroom Adapt Tea Bag Sampler Box,Sampler,governed,high,yes,2.0,398,10.267,20.533,38.8,0.646,19.4,
2026-02-26,2026-02,Assembly,,45031,ORG Lion's Mane Rhodiola 25 Ct Tea Bag - G,Tea,inferred,,yes,1.0,32,8.333,8.333,3.8,0.064,3.8,
2026-02-26,2026-02,Assembly,,insert01,Mailer Insert for Healthcare Practitioner Insert,Bag/Other,inferred,,yes,1.0,90,2.433,2.433,37.0,0.616,37.0,
2026-02-26,2026-02,Maisa 1,,42061,ORG Maple Pecan 25CT Tea Bag - GA,Tea,governed,high,yes,3.0,552,3.05,9.15,181.0,3.016,60.3,
2026-02-26,2026-02,Maisa 1,,48003,WWB ORG Lemon Balm 25ct Tea Bag 2.25g,Tea,inferred,,yes,3.0,792,6.0,18.0,132.0,2.2,44.0,
2026-02-26,2026-02,Maisa 1,,CleanGA,Clean + Gluten + Almond Tests,Tea,inferred,,,3.0,0,0.7,2.1,,,,
2026-02-26,2026-02,Maisa 2+3,,46010,ORG Dark Chocolate 10 Ct Tea Bag/6 Count Case,Tea,inferred,,yes,5.0,2760,3.8,19.0,726.3,12.105,145.3,
2026-02-26,2026-02,Maisa 2+3,,46010L,ORG Dark Chocolate 10 Ct Tea Bag/36 Count Box,Tea,governed,high,yes,5.0,936,1.85,9.25,505.9,8.432,101.2,
2026-02-26,2026-02,Maisa 2+3,,46011,ORG Dark Chocolate 25 Ct Tea Bag,Tea,governed,high,yes,5.0,1200,3.5,17.5,342.9,5.714,68.6,
2026-02-26,2026-02,Maisa 2+3,,TB601,ORG Dark Chocolate Loose Tea Bag,Tea bag (intermediate),item-code,,yes,2.0,7000,0.917,1.833,7636.4,127.273,3818.2,
2026-02-26,2026-02,WeighRight,,56010,Dark Chocolate 30g Trial Size Packet,Bag/Other,inferred,,yes,3.0,1800,3.267,9.8,551.0,9.184,183.7,
2026-02-26,2026-02,WeighRight,,60030,ORG Almond Amaretto 5 Lb Bag - GA,Bag/Other,inferred,,yes,3.0,40,0.483,1.45,82.8,1.379,27.6,
2026-02-26,2026-02,WeighRight,,66010,ORG Dark Chocolate 5 Lb Bag,Bag/Other,inferred,,yes,3.0,20,0.267,0.8,75.0,1.25,25.0,
2026-02-26,2026-02,WeighRight,,80110,ORG French Roast 11OZ Bag/6 Count Case - G,Bag/Other,inferred,,yes,3.0,834,0.983,2.95,848.1,14.136,282.7,
2026-02-26,2026-02,WeighRight,,85070L,ORG Miraculous Mushrooms A&P 10oz Bag/Box of 24,Bag/Other,inferred,,yes,3.0,779,1.9,5.7,410.0,6.833,136.7,
2026-02-26,2026-02,WeighRight,,86010L,ORG Dark Chocolate 10 Oz Bag/Box of 24,Bag/Other,inferred,,yes,3.0,288,1.15,3.45,250.4,4.174,83.5,
2026-02-26,2026-02,WeighRight,,Clean,Standard Clean,Bag/Other,inferred,,,3.0,0,0.483,1.45,,,,
2026-02-26,2026-02,WeighRight,,Clean,Standard Clean,Bag/Other,inferred,,,3.0,0,0.283,0.85,,,,
2026-02-26,2026-02,WeighRight,,CleanGA,Clean + Gluten + Almond Tests,Bag/Other,inferred,,,3.0,0,1.05,3.15,,,,
2026-02-27,2026-02,Maisa 2+3,,43220,ORG Dandelion Caramel Nut 10ct/6pk Tea Bag - A,Tea,inferred,,yes,5.0,8280,9.917,49.583,835.0,13.916,167.0,
2026-02-27,2026-02,Maisa 2+3,,Clean,Standard Clean,Tea,inferred,,,5.0,0,0.267,1.333,,,,
2026-03-02,2026-03,AMS,handpack,10008,"Org Rooibos, 8 Oz Bag",Bag/Other,inferred,,yes,4.0,12,0.15,0.6,80.0,1.333,20.0,
2026-03-02,2026-03,AMS,handpack,10201,WWB - ORG Peppermint Leaf - 4 Oz Bag,Bag/Other,inferred,,yes,4.0,1524,6.533,26.133,233.3,3.888,58.3,
2026-03-02,2026-03,AMS,handpack,10202,ORG Peppermint 1 Lb Bag,Bag/Other,inferred,,yes,4.0,280,2.417,9.667,115.9,1.931,29.0,
2026-03-02,2026-03,AMS,handpack,Air clean out,Air Clean out of Machine (no testing necessary),Bag/Other,inferred,,,4.0,0,0.95,3.8,,,,
2026-03-02,2026-03,Assembly,,45001,Mushroom Adaptogen TB Sampler Box - 6 Count Case - G,Sampler,inferred,,yes,4.0,129,7.733,30.933,16.7,0.278,4.2,
2026-03-02,2026-03,Assembly,,45001L,Mushroom Adapt Tea Bag Sampler Box,Sampler,governed,high,yes,2.0,174,2.583,5.167,67.4,1.123,33.7,
2026-03-02,2026-03,Assembly,,45031,ORG Lion's Mane Rhodiola 25 Ct Tea Bag - G,Tea,inferred,,yes,1.0,104,3.983,3.983,26.1,0.435,26.1,
2026-03-02,2026-03,Assembly,,80013,ORG Vanilla Nut 11oz Bag 3PK - GA,Bag/Other,inferred,,yes,1.0,32,0.95,0.95,33.7,0.561,33.7,
2026-03-02,2026-03,Maisa 1,,48003,WWB ORG Lemon Balm 25ct Tea Bag 2.25g,Tea,inferred,,yes,3.0,960,5.517,16.55,174.0,2.9,58.0,
2026-03-02,2026-03,Maisa 1,,48004,WWB ORG French Chicory 25ct Tea Bag,Tea,inferred,,yes,3.0,528,3.75,11.25,140.8,2.347,46.9,
2026-03-02,2026-03,Maisa 1,,Clean,Standard Clean,Tea,inferred,,,3.0,0,0.733,2.2,,,,
2026-03-02,2026-03,Maisa 2+3,,43220,ORG Dandelion Caramel Nut 10ct/6pk Tea Bag - A,Tea,inferred,,yes,5.0,2760,3.117,15.583,885.6,14.759,177.1,
2026-03-02,2026-03,Maisa 2+3,,43220L,Org Dandelion Caramel Nut 10 Ct Tea Bag Loose - A,Tea,governed,high,yes,5.0,864,1.117,5.583,773.7,12.896,154.7,
2026-03-02,2026-03,Maisa 2+3,,43221,ORG Dandelion Caramel Nut 25CT Tea Bag - A,Tea,governed,high,yes,5.0,1200,4.2,21.0,285.7,4.762,57.1,
2026-03-02,2026-03,Maisa 2+3,,43224,DO NOT MAKE ORG Dandelion Caramel Nut 10CT Tea Bag 4PK X0019VIU9N,Tea,inferred,,yes,5.0,160,0.85,4.25,188.2,3.137,37.6,
2026-03-02,2026-03,Maisa 2+3,,CleanA,Clean + Almond Test,Tea,inferred,,,5.0,0,4.733,23.667,,,,
2026-03-02,2026-03,Maisa 2+3,,NTB3220,Dandelion Caramel Nut Tagless 6g Tea Bag - A,Tea bag (intermediate),item-code,,yes,2.0,38000,9.5,19.0,4000.0,66.667,2000.0,
2026-03-02,2026-03,Maisa 2+3,,NTB3220,Dandelion Caramel Nut Tagless 6g Tea Bag - A,Tea bag (intermediate),item-code,,yes,2.0,4000,1.0,2.0,4000.0,66.667,2000.0,
2026-03-02,2026-03,Maisa 2+3,,TB322,ORG Dandelion Caramel Nut Tea Bag - A,Tea bag (intermediate),item-code,,yes,2.0,3000,0.75,1.5,4000.0,66.667,2000.0,
2026-03-02,2026-03,WeighRight,,53110,Dandelion Dark Roast 30g Trial Size Packet,APG,governed,high,yes,3.0,1665,3.133,9.4,531.4,8.856,177.1,
2026-03-02,2026-03,WeighRight,,55020,Chaga Ashwagandha 30g Trial Size Packet,Bag/Other,inferred,,yes,3.0,1175,2.117,6.35,555.1,9.252,185.0,
2026-03-02,2026-03,WeighRight,,83110L,ORG Dandelion Dark Roast 10 oz Bag/Box of 24,APG,governed,high,yes,3.0,720,1.483,4.45,485.4,8.09,161.8,
2026-03-02,2026-03,WeighRight,,86010,ORG Dark Chocolate 10 Oz Bag/6 Count Case,Bag/Other,inferred,,yes,3.0,414,0.967,2.9,428.3,7.138,142.8,
2026-03-02,2026-03,WeighRight,,86010L,ORG Dark Chocolate 10 Oz Bag/Box of 24,Bag/Other,inferred,,yes,3.0,624,1.133,3.4,550.6,9.176,183.5,
2026-03-02,2026-03,WeighRight,,Air Clean Out,Air Clean out of Machine (no testing necessary),Bag/Other,inferred,,,3.0,0,0.533,1.6,,,,
2026-03-02,2026-03,WeighRight,,Clean,Standard Clean,Bag/Other,inferred,,,3.0,0,0.8,2.4,,,,
2026-03-03,2026-03,AMS,handpack,10008,"Org Rooibos, 8 Oz Bag",Bag/Other,inferred,,yes,4.0,423,1.5,6.0,282.0,4.7,70.5,
2026-03-03,2026-03,AMS,handpack,10013,"ORG Hibisicus, 8 Oz Bag",Bag/Other,inferred,,yes,4.0,792,4.9,19.6,161.6,2.694,40.4,
2026-03-03,2026-03,AMS,handpack,10045,AMZN- WWB-ORG Rooibos - 1 Lb Bag,Bag/Other,inferred,,yes,4.0,600,3.333,13.333,180.0,3.0,45.0,
2026-03-03,2026-03,AMS,handpack,Air clean out,Air Clean out of Machine (no testing necessary),Bag/Other,inferred,,,4.0,0,0.4,1.6,,,,
2026-03-03,2026-03,Assembly,,40097,Teecino Tea Bag 12 Flavor Sampler,Sampler,governed,high,yes,1.0,30,1.7,1.7,17.6,0.294,17.6,
2026-03-03,2026-03,Assembly,,45001,Mushroom Adaptogen TB Sampler Box - 6 Count Case - G,Sampler,inferred,,yes,2.0,67,10.3,20.6,6.5,0.108,3.3,
2026-03-03,2026-03,Assembly,,45031,ORG Lion's Mane Rhodiola 25 Ct Tea Bag - G,Tea,inferred,,yes,1.0,128,3.933,3.933,32.5,0.542,32.5,
2026-03-03,2026-03,Maisa 1,,40010,ORG Vanilla Nut 10ct/6pk Tea Bag - GA,Tea,inferred,,yes,3.0,4140,8.917,26.75,464.3,7.738,154.8,
2026-03-03,2026-03,Maisa 1,,48004,WWB ORG French Chicory 25ct Tea Bag,Tea,inferred,,yes,3.0,10,0.383,1.15,26.1,0.435,8.7,
2026-03-03,2026-03,Maisa 1,,Clean,Standard Clean,Tea,inferred,,,3.0,0,0.7,2.1,,,,
2026-03-03,2026-03,Maisa 2+3,,45020,ORG Chaga Ashwagandha 10 Ct Tea Bag/6 Count Case,Tea,inferred,,yes,3.0,4476,8.1,24.3,552.6,9.21,184.2,
2026-03-03,2026-03,Maisa 2+3,,45020F,Chaga Ashwagandha Dual Language 10 cnt TB,Tea,inferred,,yes,3.0,2760,3.583,10.75,770.2,12.837,256.7,
2026-03-03,2026-03,Maisa 2+3,,TB322,ORG Dandelion Caramel Nut Tea Bag - A,Tea bag (intermediate),item-code,,yes,2.0,7000,1.45,2.9,4827.6,80.46,2413.8,
2026-03-03,2026-03,WeighRight,,10039A,AMZN Roasted French Chicory 2 X 1 Lb Bag,Bag/Other,inferred,,yes,3.0,1152,4.333,13.0,265.8,4.431,88.6,
2026-03-03,2026-03,WeighRight,,55020,Chaga Ashwagandha 30g Trial Size Packet,Bag/Other,inferred,,yes,3.0,625,1.033,3.1,604.8,10.081,201.6,
2026-03-03,2026-03,WeighRight,,85020,ORG Chaga Ashwagandha 10 Oz Bag/6 Count Case,Bag/Other,inferred,,yes,3.0,1380,4.4,13.2,313.6,5.227,104.5,
2026-03-03,2026-03,WeighRight,,Clean,Standard Clean,Bag/Other,inferred,,,3.0,0,0.433,1.3,,,,
2026-03-04,2026-03,AMS,handpack,10013,"ORG Hibisicus, 8 Oz Bag",Bag/Other,inferred,,yes,4.0,648,3.017,12.067,214.8,3.58,53.7,
2026-03-04,2026-03,AMS,handpack,30005L,ORG GF Dandelion Blend 312g Bag,Instant,governed,high,yes,4.0,48,0.5,2.0,96.0,1.6,24.0,
2026-03-04,2026-03,AMS,handpack,30013,Instant Miraculous Mushrooms C+5 135g Bag / 6 Count Case,Instant,inferred,,,4.0,0,,,,,,
2026-03-04,2026-03,AMS,handpack,30013L,ORG Miraculous Mushrooms Cacao 135g Bag,Bag/Other,inferred,,,4.0,0,9.9,39.6,,,,
2026-03-04,2026-03,AMS,handpack,Different tooling,,Bag/Other,inferred,,,4.0,0,0.717,2.867,,,,
2026-03-04,2026-03,Assembly,,40097,Teecino Tea Bag 12 Flavor Sampler,Sampler,governed,high,yes,1.0,180,3.967,3.967,45.4,0.756,45.4,
2026-03-04,2026-03,Assembly,,45001,Mushroom Adaptogen TB Sampler Box - 6 Count Case - G,Sampler,inferred,,yes,2.0,34,2.967,5.933,11.5,0.191,5.7,
2026-03-04,2026-03,Assembly,,45031,ORG Lion's Mane Rhodiola 25 Ct Tea Bag - G,Tea,inferred,,,1.0,0,3.967,3.967,,,,
2026-03-04,2026-03,Assembly,,45050L,ORG Turkey Tail Astragalus 10-Ct Tea Bag - G,Tea,governed,high,yes,1.0,288,1.733,1.733,166.2,2.769,166.2,
2026-03-04,2026-03,Assembly,,50097,Teeccino 30g Packet 10 Flavor Sampler,Sampler,governed,high,yes,1.0,47,1.15,1.15,40.9,0.681,40.9,
2026-03-04,2026-03,Assembly,,85050,ORG Turkey Tail Astragalus 10 Oz Bag/6 Count Case - G,Bag/Other,inferred,,yes,1.0,120,2.017,2.017,59.5,0.992,59.5,
2026-03-04,2026-03,Maisa 1,,40010,ORG Vanilla Nut 10ct/6pk Tea Bag - GA,Tea,inferred,,yes,3.0,4140,8.917,26.75,464.3,7.738,154.8,
2026-03-04,2026-03,Maisa 1,,43340,ORG Dandelion Coconut 10CT Tea Bag - A,Tea,inferred,,yes,3.0,4140,9.9,29.7,418.2,6.97,139.4,
2026-03-04,2026-03,Maisa 1,,CleanG,Clean + Gluten Test,Tea,inferred,,,3.0,0,0.217,0.65,,,,
2026-03-04,2026-03,Maisa 2+3,,45020,ORG Chaga Ashwagandha 10 Ct Tea Bag/6 Count Case,Tea,inferred,,yes,5.0,4476,8.1,40.5,552.6,9.21,110.5,
2026-03-04,2026-03,Maisa 2+3,,45020L,ORG Chaga Ashwagandha 10-Ct Tea Bag,Tea,governed,high,,5.0,0,,,,,,
2026-03-04,2026-03,Maisa 2+3,,TB502,ORG Chaga Ashwagandha Loose Tea Bag,Tea bag (intermediate),item-code,,yes,4.0,3500,1.85,7.4,1891.9,31.532,473.0,
2026-03-04,2026-03,WeighRight,,10031,Roasted Chicory Root - 1 Lb Bag,Bag/Other,inferred,,yes,3.0,1383,1.817,5.45,761.3,12.688,253.8,
2026-03-04,2026-03,WeighRight,,10039A,AMZN Roasted French Chicory 2 X 1 Lb Bag,Bag/Other,inferred,,yes,3.0,120,1.617,4.85,74.2,1.237,24.7,
2026-03-04,2026-03,WeighRight,,55030,Lion's Mane Rhodiola 30g Trial Size Packet - G,APG,governed,high,yes,3.0,1800,3.833,11.5,469.6,7.826,156.5,
2026-03-04,2026-03,WeighRight,,Air Clean Out,Air Clean out of Machine (no testing necessary),Bag/Other,inferred,,,3.0,0,0.483,1.45,,,,
2026-03-04,2026-03,WeighRight,,Clean,Standard Clean,Bag/Other,inferred,,,3.0,0,10.983,32.95,,,,
2026-03-04,2026-03,WeighRight,,Clean,Standard Clean,Bag/Other,inferred,,,3.0,0,0.583,1.75,,,,
2026-03-04,2026-03,WeighRight,,Handpack Instant,,Bag/Other,inferred,,,3.0,0,1.833,5.5,,,,
2026-03-05,2026-03,AMS,handpack,30005L,ORG GF Dandelion Blend 312g Bag,Instant,governed,high,yes,4.0,912,9.25,37.0,98.6,1.643,24.6,
2026-03-05,2026-03,AMS,handpack,30010,Instant Hazelnut 100g Bag / 6 Count Case - G,Instant,inferred,,yes,4.0,240,1.683,6.733,142.6,2.376,35.6,
2026-03-05,2026-03,AMS,handpack,30010L,ORG Instant Hazelnut 100g Bag - G,Instant,governed,high,,4.0,0,,,,,,
2026-03-05,2026-03,AMS,handpack,30013L,ORG Miraculous Mushrooms Cacao 135g Bag,Bag/Other,inferred,,yes,4.0,630,3.25,13.0,193.8,3.231,48.5,
2026-03-05,2026-03,AMS,handpack,30013L,ORG Miraculous Mushrooms Cacao 135g Bag,Bag/Other,inferred,,yes,4.0,270,1.1,4.4,245.5,4.091,61.4,
2026-03-05,2026-03,AMS,handpack,31007,ORG Instant Miraculous Mushrooms AP Latte 6Ct Case ,Instant,inferred,,yes,4.0,114,2.517,10.067,45.3,0.755,11.3,
2026-03-05,2026-03,AMS,handpack,CleanG,Clean + Gluten Test,Bag/Other,inferred,,,,0,2.1,,,,,
2026-03-05,2026-03,Assembly,,43371,ORG Blueberry Vanilla 25-Ct Tea Bag,Tea,inferred,,yes,1.0,120,2.667,2.667,45.0,0.75,45.0,
2026-03-05,2026-03,Assembly,,45001,Mushroom Adaptogen TB Sampler Box - 6 Count Case - G,Sampler,inferred,,yes,1.0,35,2.017,2.017,17.4,0.289,17.4,
2026-03-05,2026-03,Assembly,,45031,ORG Lion's Mane Rhodiola 25 Ct Tea Bag - G,Tea,inferred,,,1.0,0,18.967,18.967,,,,
2026-03-05,2026-03,Assembly,,45050L,ORG Turkey Tail Astragalus 10-Ct Tea Bag - G,Tea,governed,high,yes,1.0,88,18.933,18.933,4.6,0.077,4.6,
2026-03-05,2026-03,Assembly,,insert01,Mailer Insert for Healthcare Practitioner Insert,Bag/Other,inferred,,yes,2.0,479,3.333,6.667,143.7,2.395,71.9,
2026-03-05,2026-03,Maisa 1,,43340L,Org Dandelion Coconut 10 Ct Tea Bag Loose - A,Tea,governed,high,yes,3.0,612,1.317,3.95,464.8,7.747,154.9,
2026-03-05,2026-03,Maisa 1,,43341,Dandelion Coconut 25 Count Tea Bag - A,Tea,governed,high,yes,3.0,816,4.7,14.1,173.6,2.894,57.9,
2026-03-05,2026-03,Maisa 1,,TB334,ORG Dandelion Coconut Tea Bag - A,Tea bag (intermediate),item-code,,yes,3.0,18350,3.767,11.3,4871.7,81.195,1623.9,
2026-03-05,2026-03,Maisa 2+3,,40010A,AMZN Org Vanilla Nut 10 Ct Tea Bag Loose - GA,Tea,inferred,,yes,5.0,360,0.667,3.333,540.0,9.0,108.0,
2026-03-05,2026-03,Maisa 2+3,,40011,ORG Vanila Nut 25CT Tea Bag - GA,Tea,governed,high,yes,5.0,432,1.433,7.167,301.4,5.023,60.3,
2026-03-05,2026-03,Maisa 2+3,,40013,ORG Vanila Nut 25CT Tea Bag 3PK - GA,Tea,inferred,,yes,5.0,120,1.783,8.917,67.3,1.121,13.5,
2026-03-05,2026-03,Maisa 2+3,,40060,ORG Hazelnut 10ct/6pk Tea Bag - GA,Tea,inferred,,yes,5.0,1380,1.883,9.417,732.7,12.212,146.5,
2026-03-05,2026-03,Maisa 2+3,,Clean,Standard Clean,Tea,inferred,,,5.0,0,0.417,2.083,,,,
2026-03-05,2026-03,Maisa 2+3,,Clean,Standard Clean,Tea,inferred,,,5.0,0,12.783,63.917,,,,
2026-03-05,2026-03,Maisa 2+3,,TB010,ORG Vanilla Nut Tea Bag Loose - GA,Tea bag (intermediate),item-code,,yes,4.0,14000,1.933,7.733,7241.4,120.69,1810.3,
2026-03-05,2026-03,Maisa 2+3,,TB502,ORG Chaga Ashwagandha Loose Tea Bag,Tea bag (intermediate),item-code,,yes,4.0,10500,0.767,3.067,13695.7,228.261,3423.9,
2026-03-05,2026-03,WeighRight,,Handpack Instant,,Bag/Other,inferred,,,3.0,0,10.333,31.0,,,,
2026-03-09,2026-03,AMS,handpack,10005A,WWB AMZN Organic Chia (1lb),Bag/Other,inferred,,yes,4.0,280,1.533,6.133,182.6,3.043,45.7,
2026-03-09,2026-03,AMS,handpack,31005,ORG Instant Dandelion Blend Latte 6Ct Case ,Instant,inferred,,yes,4.0,6,0.133,0.533,45.0,0.75,11.2,
2026-03-09,2026-03,AMS,handpack,31005,ORG Instant Dandelion Blend Latte 6Ct Case ,Instant,inferred,,yes,4.0,120,0.583,2.333,205.7,3.429,51.4,
2026-03-09,2026-03,AMS,handpack,31005L,ORG GF Instant Dandelion Latte 224g Bag,Instant,governed,high,yes,4.0,1026,4.067,16.267,252.3,4.205,63.1,
2026-03-09,2026-03,AMS,handpack,31007,ORG Instant Miraculous Mushrooms AP Latte 6Ct Case ,Instant,inferred,,yes,4.0,6,0.167,0.667,36.0,0.6,9.0,
2026-03-09,2026-03,AMS,handpack,31007L,ORG Instant Miraculous Mushrooms AP Latte 224g Bag,Instant,governed,high,yes,4.0,932,3.033,12.133,307.3,5.121,76.8,
2026-03-09,2026-03,AMS,handpack,43226,Dandelion Caramel Nut Tagless Tea Bag - 50 Ct - A,Tea,governed,high,yes,1.0,192,4.95,4.95,38.8,0.646,38.8,
2026-03-09,2026-03,Assembly,,80080A,AMZN Org Mocha 11OZ Bag/Box of 24 - GA,Bag/Other,inferred,,yes,1.0,144,1.283,1.283,112.2,1.87,112.2,
2026-03-09,2026-03,Assembly,,insert01,Mailer Insert for Healthcare Practitioner Insert,Bag/Other,inferred,,yes,1.0,265,10.333,10.333,25.6,0.427,25.6,
2026-03-09,2026-03,Maisa 1,,40030L,ORG Almond Amaretto 10ct Tea Bag Individual Unit- GA,Tea,governed,high,yes,3.0,720,1.517,4.55,474.7,7.912,158.2,
2026-03-09,2026-03,Maisa 1,,40031,ORG Almond Amaretto 25CT Tea Bag - GA,Tea,governed,high,yes,3.0,624,3.2,9.6,195.0,3.25,65.0,
2026-03-09,2026-03,Maisa 1,,48003,WWB ORG Lemon Balm 25ct Tea Bag 2.25g,Tea,inferred,,yes,3.0,240,2.867,8.6,83.7,1.395,27.9,
2026-03-09,2026-03,Maisa 1,,Clean,Standard Clean,Tea,inferred,,,3.0,0,0.517,1.55,,,,
2026-03-09,2026-03,Maisa 1,,Clean,Standard Clean,Tea,inferred,,,3.0,0,0.6,1.8,,,,
2026-03-09,2026-03,Maisa 1,,TB030,ORG Almond Amaretto Tea Bag - GA,Tea bag (intermediate),item-code,,yes,3.0,5000,1.633,4.9,3061.2,51.02,1020.4,
2026-03-09,2026-03,Maisa 2+3,,40060,ORG Hazelnut 10ct/6pk Tea Bag - GA,Tea,inferred,,yes,5.0,2760,3.183,15.917,867.0,14.45,173.4,
2026-03-09,2026-03,Maisa 2+3,,40061,ORG Hazelnut 25CT Tea Bag - GA,Tea,governed,high,yes,5.0,1200,3.667,18.333,327.3,5.455,65.5,
2026-03-09,2026-03,Maisa 2+3,,TB060,ORG Hazelnut Tea Bag Loose - GA,Tea bag (intermediate),item-code,,yes,4.0,24500,3.133,12.533,7819.1,130.319,1954.8,
2026-03-09,2026-03,WeighRight,,65010,ORG Reishi Eleuthero 5 Lb Bag - G,APG,governed,high,yes,3.0,28,0.417,1.25,67.2,1.12,22.4,
2026-03-09,2026-03,WeighRight,,80030A,AMZN Org Almond Amaretto 11OZ Bag/Box of 24 - GA,Bag/Other,inferred,,yes,3.0,960,2.417,7.25,397.2,6.621,132.4,
2026-03-09,2026-03,WeighRight,,80033,ORG Almond Amaretto 11OZ Bag 3PK - GA,Bag/Other,inferred,,yes,3.0,240,1.317,3.95,182.3,3.038,60.8,
2026-03-09,2026-03,WeighRight,,85010L,ORG Reishi Eleuthero 10 Oz Bag/Box of 24 - G,APG,governed,high,yes,3.0,488,1.167,3.5,418.3,6.971,139.4,
2026-03-09,2026-03,WeighRight,,Clean,Standard Clean,Bag/Other,inferred,,,3.0,0,0.567,1.7,,,,
2026-03-09,2026-03,WeighRight,,Handpack Instant,,Bag/Other,inferred,,,3.0,0,10.333,31.0,,,,
2026-03-10,2026-03,AMS,handpack,10005A,WWB AMZN Organic Chia (1lb),Bag/Other,inferred,,yes,4.0,1681,6.033,24.133,278.6,4.644,69.7,
2026-03-10,2026-03,AMS,handpack,10101,WWB - ORG Medium Roasted Carob Flour - 1 Lb Bag,Bag/Other,inferred,,yes,4.0,600,3.517,14.067,170.6,2.844,42.7,
2026-03-10,2026-03,AMS,handpack,43226,Dandelion Caramel Nut Tagless Tea Bag - 50 Ct - A,Tea,governed,high,yes,1.0,324,4.95,4.95,65.5,1.091,65.5,
2026-03-10,2026-03,AMS,handpack,clean,Standard Clean,Bag/Other,inferred,,,,0,0.617,,,,,
2026-03-10,2026-03,Assembly,,40001,Herbal Tea Sampler Box - 6 Count Case,Sampler,inferred,,yes,2.0,30,4.617,9.233,6.5,0.108,3.2,
2026-03-10,2026-03,Assembly,,insert01,Mailer Insert for Healthcare Practitioner Insert,Bag/Other,inferred,,yes,2.0,435,10.383,20.767,41.9,0.698,20.9,
2026-03-10,2026-03,Maisa 1,,40051,Org English Toffee 25-Ct Tea Bag - GA,Tea,inferred,,yes,3.0,600,3.417,10.25,175.6,2.927,58.5,
2026-03-10,2026-03,Maisa 1,,45071,ORG Miraculous Mushroom A&P 25 Ct Tea Bag,Tea,inferred,,yes,3.0,528,2.817,8.45,187.5,3.124,62.5,
2026-03-10,2026-03,Maisa 1,,48003,WWB ORG Lemon Balm 25ct Tea Bag 2.25g,Tea,inferred,,yes,3.0,384,2.767,8.3,138.8,2.313,46.3,
2026-03-10,2026-03,Maisa 1,,Clean,Standard Clean,Tea,inferred,,,3.0,0,0.4,1.2,,,,
2026-03-10,2026-03,Maisa 1,,CleanGA,Clean + Gluten + Almond Tests,Tea,inferred,,,3.0,0,0.6,1.8,,,,
2026-03-10,2026-03,Maisa 2+3,,43081,ORG Dandelion Mocha 25CT Tea Bag - A,Tea,governed,high,yes,5.0,624,1.717,8.583,363.5,6.058,72.7,
2026-03-10,2026-03,Maisa 2+3,,43310L,Org Dandelion Mocha Mint 10 Ct Tea Bag Loose - A,Tea,governed,high,yes,5.0,2102,2.4,12.0,875.8,14.597,175.2,
2026-03-10,2026-03,Maisa 2+3,,43311F,ORG Dandelion Mocha Mint DL 25CT Tea Bag AMZN (24pk) - A,Tea,inferred,,,5.0,96,,,,,,
2026-03-10,2026-03,Maisa 2+3,,45030,ORG Lion's Mane Rhodiola 10 Ct Tea Bag/6 Count Case - G,Tea,inferred,,yes,5.0,1380,2.3,11.5,600.0,10.0,120.0,
2026-03-10,2026-03,Maisa 2+3,,45030L,ORG Lion's Mane Rhodiola 10-Ct Tea Bag - G,Tea,inferred,,yes,5.0,692,0.783,3.917,883.4,14.723,176.7,
2026-03-10,2026-03,Maisa 2+3,,Clean,Standard Clean,Tea,inferred,,,5.0,0,0.367,1.833,,,,
2026-03-10,2026-03,Maisa 2+3,,CleanA,Clean + Almond Test,Tea,inferred,,,5.0,0,0.2,1.0,,,,
2026-03-10,2026-03,Maisa 2+3,,CleanG,Clean + Gluten Test,Tea,inferred,,,5.0,0,0.4,2.0,,,,
2026-03-10,2026-03,Maisa 2+3,,TB060,ORG Hazelnut Tea Bag Loose - GA,Tea bag (intermediate),item-code,,yes,4.0,7500,0.767,3.067,9782.6,163.043,2445.7,
2026-03-10,2026-03,Maisa 2+3,,TB308,ORG Dandelion Mocha Tea Bag - A,Tea bag (intermediate),item-code,,yes,4.0,8000,0.717,2.867,11162.8,186.047,2790.7,
2026-03-10,2026-03,WeighRight,,50010,ORG Vanilla Nut 30g Trial Size Packet - GA,Bag/Other,inferred,,yes,3.0,1800,2.967,8.9,606.7,10.112,202.2,
2026-03-10,2026-03,WeighRight,,80010,ORG Vanilla Nut 11oz Bag/6 Count Case - GA,Bag/Other,inferred,,yes,3.0,1380,3.283,9.85,420.3,7.005,140.1,
2026-03-10,2026-03,WeighRight,,80010A,AMZN Org Vanilla Nut 11OZ Bag/Box of 24 - GA,Bag/Other,inferred,,yes,3.0,1440,3.2,9.6,450.0,7.5,150.0,
2026-03-10,2026-03,WeighRight,,80030A,AMZN Org Almond Amaretto 11OZ Bag/Box of 24 - GA,Bag/Other,inferred,,yes,3.0,336,0.35,1.05,960.0,16.0,320.0,
2026-03-10,2026-03,WeighRight,,Air Clean Out,Air Clean out of Machine (no testing necessary),Bag/Other,inferred,,,3.0,0,0.267,0.8,,,,
2026-03-11,2026-03,AMS,handpack,10061A,AMZN - WWB - ORG Date Sugar - 1 Lb,Bag/Other,inferred,,yes,4.0,336,2.05,8.2,163.9,2.732,41.0,
2026-03-11,2026-03,AMS,handpack,10101,WWB - ORG Medium Roasted Carob Flour - 1 Lb Bag,Bag/Other,inferred,,yes,4.0,840,3.133,12.533,268.1,4.468,67.0,
2026-03-11,2026-03,AMS,handpack,10102,WWB - ORG Medium Roasted Carob 1 Lb x 2,Bag/Other,inferred,,yes,4.0,144,1.033,4.133,139.4,2.323,34.8,
2026-03-11,2026-03,AMS,handpack,43226,Dandelion Caramel Nut Tagless Tea Bag - 50 Ct - A,Tea,governed,high,yes,3.0,369,7.133,21.4,51.7,0.862,17.2,
2026-03-11,2026-03,AMS,handpack,Different tooling,,Bag/Other,inferred,,,4.0,0,0.3,1.2,,,,
2026-03-11,2026-03,AMS,handpack,Handpack,,Bag/Other,inferred,,,4.0,0,0.633,2.533,,,,
2026-03-11,2026-03,Assembly,,40001,Herbal Tea Sampler Box - 6 Count Case,Sampler,inferred,,yes,2.0,70,10.3,20.6,6.8,0.113,3.4,
2026-03-11,2026-03,Assembly,,43111F,ORG Dandelion Dark Roast DL 25CT Tea Bag AMZN (24pk),Tea,inferred,,yes,1.0,120,1.517,1.517,79.1,1.319,79.1,
2026-03-11,2026-03,Assembly,,49011,DO NOT MAKE 25 Count Variety Pack (CM/CH/PDC),Bundle,inferred,,yes,1.0,90,2.7,2.7,33.3,0.556,33.3,
2026-03-11,2026-03,Assembly,,insert01,Mailer Insert for Healthcare Practitioner Insert,Bag/Other,inferred,,yes,1.0,226,5.883,5.883,38.4,0.64,38.4,
2026-03-11,2026-03,Maisa 1,,43370F,Dandelion Blueberry Vanilla Dual Language 10 cnt TB,Tea,inferred,,yes,3.0,2178,5.133,15.4,424.3,7.071,141.4,
2026-03-11,2026-03,Maisa 1,,45071,ORG Miraculous Mushroom A&P 25 Ct Tea Bag,Tea,inferred,,yes,3.0,537,3.083,9.25,174.2,2.903,58.1,
2026-03-11,2026-03,Maisa 1,,Clean,Standard Clean,Tea,inferred,,,3.0,0,0.45,1.35,,,,
2026-03-11,2026-03,Maisa 1,,TB337,ORG Blueberry Vanilla Tea Bag,Tea bag (intermediate),item-code,,yes,3.0,6000,1.417,4.25,4235.3,70.588,1411.8,
2026-03-11,2026-03,Maisa 2+3,,40081,ORG Mocha 25CT Tea Bag - GA,Tea,governed,high,yes,3.0,984,5.3,15.9,185.7,3.094,61.9,
2026-03-11,2026-03,Maisa 2+3,,42040,ORG Snickerdoodle 10ct/6pk Tea Bag - GA,Tea,inferred,,yes,5.0,3300,3.783,18.917,872.2,14.537,174.4,
2026-03-11,2026-03,Maisa 2+3,,Clean,Standard Clean,Tea,inferred,,,5.0,0,0.383,1.917,,,,
2026-03-11,2026-03,Maisa 2+3,,Clean,Standard Clean,Tea,inferred,,,5.0,0,0.517,2.583,,,,
2026-03-11,2026-03,Maisa 2+3,,NTB0080,Mocha Tagless 6g Tea Bag - GA,Tea bag (intermediate),item-code,,yes,2.0,30000,5.667,11.333,5294.1,88.235,2647.1,
2026-03-11,2026-03,WeighRight,,80010,ORG Vanilla Nut 11oz Bag/6 Count Case - GA,Bag/Other,inferred,,yes,3.0,1656,3.3,9.9,501.8,8.364,167.3,
2026-03-11,2026-03,WeighRight,,80040L,ORG Blood Orange 11OZ Bag/Box of 24 - GA,Bag/Other,inferred,,yes,3.0,288,6.417,19.25,44.9,0.748,15.0,
2026-03-11,2026-03,WeighRight,,Air Clean Out,Air Clean out of Machine (no testing necessary),Bag/Other,inferred,,,3.0,0,0.367,1.1,,,,
2026-03-12,2026-03,AMS,handpack,10061A,AMZN - WWB - ORG Date Sugar - 1 Lb,Bag/Other,inferred,,yes,4.0,1195,6.467,25.867,184.8,3.08,46.2,
2026-03-12,2026-03,AMS,handpack,30009,Instant Vanilla Nut 100g Bag / 6 Count Case - G,Instant,inferred,,yes,3.0,360,2.817,8.45,127.8,2.13,42.6,
2026-03-12,2026-03,AMS,handpack,40086,Mocha Tagless Tea Bag - 50 Ct - GA,Tea,governed,high,yes,2.0,372,7.1,14.2,52.4,0.873,26.2,
2026-03-12,2026-03,AMS,handpack,Different tooling,,Bag/Other,inferred,,,,0,0.367,,,,,
2026-03-12,2026-03,Assembly,,40001,Herbal Tea Sampler Box - 6 Count Case,Sampler,inferred,,yes,2.0,83,10.3,20.6,8.1,0.134,4.0,
2026-03-12,2026-03,Assembly,,49011,DO NOT MAKE 25 Count Variety Pack (CM/CH/PDC),Bundle,inferred,,yes,1.0,6,1.917,1.917,3.1,0.052,3.1,
2026-03-12,2026-03,Assembly,,49999,Teeccino Herbal Tea Shipper,Bag/Other,inferred,,yes,1.0,2,0.75,0.75,2.7,0.044,2.7,
2026-03-12,2026-03,Maisa 1,,43310,ORG Dandelion Mocha Mint 10CT Tea Bag - A,Tea,inferred,,yes,3.0,1818,4.333,13.0,419.5,6.992,139.8,
2026-03-12,2026-03,Maisa 1,,Clean,Standard Clean,Tea,inferred,,,3.0,0,0.45,1.35,,,,
2026-03-12,2026-03,Maisa 1,,TB331,ORG Dandelion Mocha Mint Tea Bag - A,Tea bag (intermediate),item-code,,yes,3.0,18000,3.8,11.4,4736.8,78.947,1578.9,
2026-03-12,2026-03,Maisa 1,,TB337,ORG Blueberry Vanilla Tea Bag,Tea bag (intermediate),item-code,,yes,3.0,5000,1.25,3.75,4000.0,66.667,1333.3,
2026-03-12,2026-03,Maisa 2+3,,40081,ORG Mocha 25CT Tea Bag - GA,Tea,governed,high,yes,5.0,216,0.6,3.0,360.0,6.0,72.0,
2026-03-12,2026-03,Maisa 2+3,,43110,ORG Dandelion Dark Roast 10ct/6pk Tea Bag,Tea,inferred,,yes,5.0,1926,2.85,14.25,675.8,11.263,135.2,
2026-03-12,2026-03,Maisa 2+3,,45020F,Chaga Ashwagandha Dual Language 10 cnt TB,Tea,inferred,,yes,5.0,1536,2.467,12.333,622.7,10.378,124.5,
2026-03-12,2026-03,Maisa 2+3,,CLEAN,Standard Clean,Tea,inferred,,,5.0,0,0.1,0.5,,,,
2026-03-12,2026-03,Maisa 2+3,,Clean,Standard Clean,Tea,inferred,,,5.0,0,0.35,1.75,,,,
2026-03-12,2026-03,Maisa 2+3,,TB502,ORG Chaga Ashwagandha Loose Tea Bag,Tea bag (intermediate),item-code,,yes,4.0,28000,3.5,14.0,8000.0,133.333,2000.0,
2026-03-12,2026-03,WeighRight,,10051,ORG Roasted Chicory Root - 1 Lb Bag,Bag/Other,inferred,,yes,3.0,300,0.867,2.6,346.2,5.769,115.4,
2026-03-12,2026-03,WeighRight,,80040L,ORG Blood Orange 11OZ Bag/Box of 24 - GA,Bag/Other,inferred,,yes,3.0,7080,8.167,24.5,866.9,14.449,289.0,
2026-03-12,2026-03,WeighRight,,Clean,Standard Clean,Bag/Other,inferred,,,3.0,0,0.8,2.4,,,,
2026-03-13,2026-03,AMS,handpack,31009L,ORG Instant Vanilla Nut Latte 224g Bag,Instant,governed,high,yes,3.0,840,5.5,16.5,152.7,2.545,50.9,
2026-03-16,2026-03,AMS,handpack,10001A,Sage 2 Oz Bags AMZN,Bag/Other,inferred,,yes,1.0,183,5.917,5.917,30.9,0.515,30.9,
2026-03-16,2026-03,AMS,handpack,30012,Instant Dandelion Blend 100g Bag / 6 Count Case,Instant,inferred,,yes,4.0,960,4.133,16.533,232.3,3.871,58.1,
2026-03-16,2026-03,AMS,handpack,30012L,ORG GF Dandelion Blend 100g Bag,Bag/Other,inferred,,yes,4.0,180,0.5,2.0,360.0,6.0,90.0,
2026-03-16,2026-03,AMS,handpack,40086,Mocha Tagless Tea Bag - 50 Ct - GA,Tea,governed,high,yes,2.0,211,1.767,3.533,119.4,1.991,59.7,
2026-03-16,2026-03,Assembly,,40001,Herbal Tea Sampler Box - 6 Count Case,Sampler,inferred,,yes,1.0,27,4.967,4.967,5.4,0.091,5.4,
2026-03-16,2026-03,Maisa 1,,40071,ORG Java 25CT Tea Bag - GA,Tea,governed,high,yes,3.0,432,1.45,4.35,297.9,4.966,99.3,
2026-03-16,2026-03,Maisa 1,,43310,ORG Dandelion Mocha Mint 10CT Tea Bag - A,Tea,inferred,,yes,3.0,2268,4.967,14.9,456.6,7.611,152.2,
2026-03-16,2026-03,Maisa 1,,CLEAN,Standard Clean,Tea,inferred,,,3.0,0,0.517,1.55,,,,
2026-03-16,2026-03,Maisa 1,,Clean,Standard Clean,Tea,inferred,,,3.0,0,0.45,1.35,,,,
2026-03-16,2026-03,Maisa 1,,TB020,ORG Chocolate Mint Tea Bag - GA,Tea bag (intermediate),item-code,,yes,3.0,11,2.533,7.6,4.3,0.072,1.4,
2026-03-16,2026-03,Maisa 2+3,,43110,ORG Dandelion Dark Roast 10ct/6pk Tea Bag,Tea,inferred,,yes,5.0,3594,7.55,37.75,476.0,7.934,95.2,
2026-03-16,2026-03,Maisa 2+3,,43111,ORG Dandelion Dark Roast 25CT Tea Bag,Tea,governed,high,yes,5.0,504,1.783,8.917,282.6,4.71,56.5,
2026-03-16,2026-03,Maisa 2+3,,43111F,ORG Dandelion Dark Roast DL 25CT Tea Bag AMZN (24pk),Tea,inferred,,yes,5.0,240,0.75,3.75,320.0,5.333,64.0,
2026-03-16,2026-03,WeighRight,,10051,ORG Roasted Chicory Root - 1 Lb Bag,Bag/Other,inferred,,yes,3.0,2580,5.167,15.5,499.4,8.323,166.5,
2026-03-16,2026-03,WeighRight,,10059A,AMZN ORG French Chicory 2 X 1 Lb Bag,Bag/Other,inferred,,yes,3.0,576,2.833,8.5,203.3,3.388,67.8,
2026-03-16,2026-03,WeighRight,,80080A,AMZN Org Mocha 11OZ Bag/Box of 24 - GA,Bag/Other,inferred,,yes,3.0,672,1.15,3.45,584.3,9.739,194.8,
2026-03-16,2026-03,WeighRight,,Clean,Standard Clean,Bag/Other,inferred,,,3.0,0,0.883,2.65,,,,
2026-03-17,2026-03,AMS,handpack,30008,Instant French Roast 100g Bag / 6 Count Case - G,Instant,inferred,,yes,4.0,474,2.083,8.333,227.5,3.792,56.9,
2026-03-17,2026-03,AMS,handpack,30012L,ORG GF Dandelion Blend 100g Bag,Bag/Other,inferred,,yes,4.0,636,1.883,7.533,337.7,5.628,84.4,
2026-03-17,2026-03,AMS,handpack,31014,ORG Instant Miraculous Mushroom Matcha Latte 6Ct Case,Instant,inferred,,yes,4.0,82,1.367,5.467,60.0,1.0,15.0,
2026-03-17,2026-03,AMS,handpack,31014L,ORG Instant Miraculous Mushroom Matcha Latte 252g Bag,Instant,inferred,,yes,4.0,576,2.917,11.667,197.5,3.291,49.4,
2026-03-17,2026-03,AMS,handpack,Air clean out,Air Clean out of Machine (no testing necessary),Bag/Other,inferred,,,4.0,0,0.967,3.867,,,,
2026-03-17,2026-03,AMS,handpack,Air clean out,Air Clean out of Machine (no testing necessary),Bag/Other,inferred,,,4.0,0,0.883,3.533,,,,
2026-03-17,2026-03,Assembly,,31008,ORG Instant French Roast Latte 6Ct Case,Instant,inferred,,yes,1.0,12,0.417,0.417,28.8,0.48,28.8,
2026-03-17,2026-03,Assembly,,40001,Herbal Tea Sampler Box - 6 Count Case,Sampler,inferred,,yes,3.0,117,10.3,30.9,11.4,0.189,3.8,
2026-03-17,2026-03,Maisa 1,,40071,ORG Java 25CT Tea Bag - GA,Tea,governed,high,yes,3.0,432,1.333,4.0,324.0,5.4,108.0,
2026-03-17,2026-03,Maisa 1,,45070,ORG Miraculous Mushrooms A&P 10Ct/6Pk Tea Bag,Tea,inferred,,yes,3.0,888,2.2,6.6,403.6,6.727,134.5,
2026-03-17,2026-03,Maisa 1,,Clean,Standard Clean,Tea,inferred,,,3.0,0,0.467,1.4,,,,
2026-03-17,2026-03,Maisa 1,,CleanGA,Clean + Gluten + Almond Tests,Tea,inferred,,,3.0,0,0.783,2.35,,,,
2026-03-17,2026-03,Maisa 1,,TB060,ORG Hazelnut Tea Bag Loose - GA,Tea bag (intermediate),item-code,,yes,3.0,24000,5.133,15.4,4675.3,77.922,1558.4,
2026-03-17,2026-03,Maisa 2+3,,43111,ORG Dandelion Dark Roast 25CT Tea Bag,Tea,governed,high,yes,5.0,936,2.833,14.167,330.4,5.506,66.1,
2026-03-17,2026-03,Maisa 2+3,,46010,ORG Dark Chocolate 10 Ct Tea Bag/6 Count Case,Tea,inferred,,yes,5.0,2760,3.867,19.333,713.8,11.897,142.8,
2026-03-17,2026-03,Maisa 2+3,,46010L,ORG Dark Chocolate 10 Ct Tea Bag/36 Count Box,Tea,governed,high,yes,5.0,648,0.667,3.333,972.0,16.2,194.4,
2026-03-17,2026-03,Maisa 2+3,,46011,ORG Dark Chocolate 25 Ct Tea Bag,Tea,governed,high,yes,5.0,384,1.117,5.583,343.9,5.731,68.8,
2026-03-17,2026-03,Maisa 2+3,,46013,ORG Dark Chocolate 25CT Tea Bag 3PK,Tea,inferred,,yes,5.0,120,0.933,4.667,128.6,2.143,25.7,
2026-03-17,2026-03,Maisa 2+3,,Clean,Standard Clean,Tea,inferred,,,5.0,0,0.45,2.25,,,,
2026-03-17,2026-03,WeighRight,,50070,ORG Java 30g Trial Size Packet - GA,Bag/Other,inferred,,yes,3.0,2160,4.0,12.0,540.0,9.0,180.0,
2026-03-17,2026-03,WeighRight,,80080,ORG Mocha 11OZ Bag/6 Count Case - GA,Bag/Other,inferred,,yes,3.0,1380,3.217,9.65,429.0,7.15,143.0,
2026-03-17,2026-03,WeighRight,,80080L,Org Mocha 11OZ Bag/Box of 24 - GA,Bag/Other,inferred,,,3.0,0,2.6,7.8,,,,
2026-03-17,2026-03,WeighRight,,Air Clean Out,Air Clean out of Machine (no testing necessary),Bag/Other,inferred,,,3.0,0,0.267,0.8,,,,
2026-03-18,2026-03,AMS,handpack,30008,Instant French Roast 100g Bag / 6 Count Case - G,Instant,inferred,,yes,4.0,906,2.083,8.333,434.9,7.248,108.7,
2026-03-18,2026-03,AMS,handpack,30008L,ORG Instant French Roast 100g Bag - G,Instant,governed,high,yes,4.0,941,4.05,16.2,232.3,3.872,58.1,
2026-03-18,2026-03,AMS,handpack,30011,Instant Mocha 100g Bag / 6 Count Case - G,Instant,inferred,,yes,4.0,720,2.467,9.867,291.9,4.865,73.0,
2026-03-18,2026-03,AMS,handpack,30011L,ORG Instant Mocha 100g Bag - G,Instant,inferred,,yes,4.0,390,1.383,5.533,281.9,4.699,70.5,
2026-03-18,2026-03,AMS,handpack,Air clean out,Air Clean out of Machine (no testing necessary),Bag/Other,inferred,,,4.0,0,0.183,0.733,,,,
2026-03-18,2026-03,Assembly,,40001,Herbal Tea Sampler Box - 6 Count Case,Sampler,inferred,,yes,4.0,120,10.333,41.333,11.6,0.194,2.9,
2026-03-18,2026-03,Assembly,,GDB010,ORG Vanilla Nut Packet Goody Bag - GA,Bag/Other,inferred,,yes,1.0,25,0.25,0.25,100.0,1.667,100.0,
2026-03-18,2026-03,Assembly,,GDB060,ORG Hazelnut Packet Goody Bag - GA,Bag/Other,inferred,,yes,1.0,25,0.267,0.267,93.8,1.563,93.8,
2026-03-18,2026-03,Assembly,,TGB010,ORG Vanilla Nut Tea Bag Goody Bag - GA,Tea,inferred,,yes,1.0,25,0.267,0.267,93.8,1.563,93.8,
2026-03-18,2026-03,Assembly,,TGB060,ORG Hazelnut Tea Bag Goody Bag - GA,Tea,inferred,,yes,1.0,25,0.217,0.217,115.4,1.923,115.4,
2026-03-18,2026-03,Assembly,,TGB311,ORG Dandelion Dark Roast Tea Bag Goody Bag,Tea,inferred,,yes,1.0,25,0.333,0.333,75.0,1.25,75.0,
2026-03-18,2026-03,Assembly,,TGB322,Dandelion Caramel Nut Tea Bag Goody Bag - A,Tea,inferred,,yes,1.0,25,0.25,0.25,100.0,1.667,100.0,
2026-03-18,2026-03,Assembly,,TGB502,Chaga Ashwaganda Tea Goody Bag,Bag/Other,inferred,,yes,1.0,25,0.15,0.15,166.7,2.778,166.7,
2026-03-18,2026-03,Assembly,,TGB503,Lion's Mane Rhodiola Tea Goody Bag - G,Bag/Other,inferred,,yes,1.0,25,0.2,0.2,125.0,2.083,125.0,
2026-03-18,2026-03,Assembly,,TGB505,Turkey Tail Astragalus Tea Goody Bag - G,Bag/Other,inferred,,yes,1.0,25,0.15,0.15,166.7,2.778,166.7,
2026-03-18,2026-03,Maisa 1,,40110,ORG French Roast 10 Count Tea Bag - G,Tea,inferred,,yes,3.0,1842,5.1,15.3,361.2,6.02,120.4,
2026-03-18,2026-03,Maisa 1,,45070,ORG Miraculous Mushrooms A&P 10Ct/6Pk Tea Bag,Tea,inferred,,yes,3.0,1872,4.35,13.05,430.3,7.172,143.4,
2026-03-18,2026-03,Maisa 1,,Clean,Standard Clean,Tea,inferred,,,3.0,0,0.633,1.9,,,,
2026-03-18,2026-03,Maisa 2+3,,40010,ORG Vanilla Nut 10ct/6pk Tea Bag - GA,Tea,inferred,,yes,5.0,5352,7.233,36.167,739.9,12.332,148.0,
2026-03-18,2026-03,Maisa 2+3,,46011,ORG Dark Chocolate 25 Ct Tea Bag,Tea,governed,high,yes,5.0,624,2.717,13.583,229.7,3.828,45.9,
2026-03-18,2026-03,Maisa 2+3,,Clean,Standard Clean,Tea,inferred,,,5.0,0,0.25,1.25,,,,
2026-03-18,2026-03,WeighRight,,50070,ORG Java 30g Trial Size Packet - GA,Bag/Other,inferred,,yes,3.0,720,1.033,3.1,696.8,11.613,232.3,
2026-03-18,2026-03,WeighRight,,53110,Dandelion Dark Roast 30g Trial Size Packet,APG,governed,high,yes,2.0,1080,2.383,4.767,453.1,7.552,226.6,
2026-03-18,2026-03,WeighRight,,80050L,ORG English Toffee 11oz Bag/Box of 24 - GA,Bag/Other,inferred,,yes,3.0,565,0.95,2.85,594.7,9.912,198.2,
2026-03-18,2026-03,WeighRight,,80070,ORG Java 11OZ Bag/6 Count Case - GA,Bag/Other,inferred,,yes,3.0,720,1.25,3.75,576.0,9.6,192.0,
2026-03-18,2026-03,WeighRight,,80070A,AMZN Org Java 11OZ Bag/Box of 24 - GA,Bag/Other,inferred,,yes,3.0,600,1.233,3.7,486.5,8.108,162.2,
2026-03-18,2026-03,WeighRight,,80070L,Org Java 11OZ Bag/Box of 24 - GA,Bag/Other,inferred,,yes,3.0,1070,1.833,5.5,583.6,9.727,194.5,
2026-03-18,2026-03,WeighRight,,85070L,ORG Miraculous Mushrooms A&P 10oz Bag/Box of 24,Bag/Other,inferred,,yes,2.0,24,0.167,0.333,144.0,2.4,72.0,
2026-03-18,2026-03,WeighRight,,Air Clean Out,Air Clean out of Machine (no testing necessary),Bag/Other,inferred,,,3.0,0,0.383,1.15,,,,
2026-03-18,2026-03,WeighRight,,Air Clean Out,Air Clean out of Machine (no testing necessary),Bag/Other,inferred,,,2.0,0,0.367,0.733,,,,
2026-03-18,2026-03,WeighRight,,CleanGA,Clean + Gluten + Almond Tests,Bag/Other,inferred,,,3.0,0,0.583,1.75,,,,
2026-03-19,2026-03,AMS,handpack,10102,WWB - ORG Medium Roasted Carob 1 Lb x 2,Bag/Other,inferred,,yes,4.0,240,2.733,10.933,87.8,1.463,22.0,
2026-03-19,2026-03,AMS,handpack,10302A,WWB Organic Cinnamon Powder 1lb - AMZN Label,Bag/Other,inferred,,yes,4.0,264,3.133,12.533,84.3,1.404,21.1,
2026-03-19,2026-03,AMS,handpack,30011L,ORG Instant Mocha 100g Bag - G,Instant,inferred,,yes,4.0,448,1.417,5.667,316.2,5.271,79.1,
2026-03-19,2026-03,AMS,handpack,Air clean out,Air Clean out of Machine (no testing necessary),Bag/Other,inferred,,,4.0,0,0.417,1.667,,,,
2026-03-19,2026-03,AMS,handpack,Air clean out,Air Clean out of Machine (no testing necessary),Bag/Other,inferred,,,4.0,0,0.45,1.8,,,,
2026-03-19,2026-03,Assembly,,40001,Herbal Tea Sampler Box - 6 Count Case,Sampler,inferred,,yes,3.0,13,0.667,2.0,19.5,0.325,6.5,
2026-03-19,2026-03,Assembly,,40001L,Herbal Tea Sampler Box - Loose,Sampler,governed,high,,4.0,0,9.667,38.667,,,,
2026-03-19,2026-03,Maisa 1,,40110,ORG French Roast 10 Count Tea Bag - G,Tea,inferred,,yes,3.0,2298,4.767,14.3,482.1,8.035,160.7,
2026-03-19,2026-03,Maisa 1,,40113,ORG French Roast 25CT Tea Bag 3PK - G,Tea,inferred,,yes,3.0,192,5.0,15.0,38.4,0.64,12.8,
2026-03-19,2026-03,Maisa 2+3,,40010,ORG Vanilla Nut 10ct/6pk Tea Bag - GA,Tea,inferred,,yes,5.0,2928,3.7,18.5,791.4,13.189,158.3,
2026-03-19,2026-03,Maisa 2+3,,40011,ORG Vanila Nut 25CT Tea Bag - GA,Tea,governed,high,yes,5.0,672,2.433,12.167,276.2,4.603,55.2,
2026-03-19,2026-03,Maisa 2+3,,40011A,ORG 25 CT Vanilla Nut AMZN - GA,Tea,inferred,,yes,5.0,768,2.233,11.167,343.9,5.731,68.8,
2026-03-19,2026-03,Maisa 2+3,,TB010,ORG Vanilla Nut Tea Bag Loose - GA,Tea bag (intermediate),item-code,,yes,4.0,13000,1.717,6.867,7572.8,126.214,1893.2,
2026-03-19,2026-03,WeighRight,,10026,ORG Orange Peel 8 Oz Bag,Bag/Other,inferred,,yes,3.0,387,1.1,3.3,351.8,5.864,117.3,
2026-03-19,2026-03,WeighRight,,63010,ORG Dandelion Vanilla Nut 5 Lb Bag - A,Bag/Other,inferred,,yes,3.0,12,0.2,0.6,60.0,1.0,20.0,
2026-03-19,2026-03,WeighRight,,83010L,ORG Dandelion Vanilla Nut 10 Oz Bag/Box of 24 - A,Bag/Other,inferred,,yes,3.0,536,1.65,4.95,324.8,5.414,108.3,
2026-03-19,2026-03,WeighRight,,83080L,ORG Dandelion Mocha 10 Oz Bag/Box of 24 - A,Bag/Other,inferred,,yes,3.0,490,1.217,3.65,402.7,6.712,134.2,
2026-03-19,2026-03,WeighRight,,83310L,ORG Dandelion Mocha Mint 10 Oz Bag/Box of 24 - A,Bag/Other,inferred,,yes,3.0,317,0.9,2.7,352.2,5.87,117.4,
2026-03-19,2026-03,WeighRight,,85070L,ORG Miraculous Mushrooms A&P 10oz Bag/Box of 24,Bag/Other,inferred,,yes,3.0,1608,3.167,9.5,507.8,8.463,169.3,
2026-03-19,2026-03,WeighRight,,Air Clean Out,Air Clean out of Machine (no testing necessary),Bag/Other,inferred,,,3.0,0,0.717,2.15,,,,
2026-03-19,2026-03,WeighRight,,Air Clean Out,Air Clean out of Machine (no testing necessary),Bag/Other,inferred,,,3.0,0,0.317,0.95,,,,
2026-03-19,2026-03,WeighRight,,Air Clean Out,Air Clean out of Machine (no testing necessary),Bag/Other,inferred,,,3.0,0,0.317,0.95,,,,
2026-03-19,2026-03,WeighRight,,Air Clean Out,Air Clean out of Machine (no testing necessary),Bag/Other,inferred,,,3.0,0,0.217,0.65,,,,
2026-03-19,2026-03,WeighRight,,Air Clean Out,Air Clean out of Machine (no testing necessary),Bag/Other,inferred,,,3.0,0,0.283,0.85,,,,
2026-03-23,2026-03,AMS,handpack,10302A,WWB Organic Cinnamon Powder 1lb - AMZN Label,Bag/Other,inferred,,yes,3.0,113,1.517,4.55,74.5,1.242,24.8,
2026-03-23,2026-03,AMS,handpack,10402A,AMZN- WWB-ORG Rama Tulsi - 8 OZ Bag,Bag/Other,inferred,,yes,4.0,336,2.633,10.533,127.6,2.127,31.9,
2026-03-23,2026-03,AMS,handpack,Air clean out,Air Clean out of Machine (no testing necessary),Bag/Other,inferred,,,4.0,0,0.65,2.6,,,,
2026-03-23,2026-03,AMS,handpack,Different tooling,,Bag/Other,inferred,,,4.0,0,1.1,4.4,,,,
2026-03-23,2026-03,Assembly,,40001L,Herbal Tea Sampler Box - Loose,Sampler,governed,high,,4.0,0,5.8,23.2,,,,
2026-03-23,2026-03,Assembly,,40091,Teeccino Intro Tea Bag Sampler,Sampler,governed,high,yes,2.0,102,1.667,3.333,61.2,1.02,30.6,
2026-03-23,2026-03,Assembly,,40097,Teecino Tea Bag 12 Flavor Sampler,Sampler,governed,high,yes,2.0,240,4.65,9.3,51.6,0.86,25.8,
2026-03-23,2026-03,Maisa 1,,40111,ORG French Roast 25CT Tea Bag - G,Tea,governed,high,yes,3.0,1200,6.85,20.55,175.2,2.92,58.4,
2026-03-23,2026-03,Maisa 1,,40113,ORG French Roast 25CT Tea Bag 3PK - G,Tea,inferred,,yes,3.0,48,0.483,1.45,99.3,1.655,33.1,
2026-03-23,2026-03,Maisa 1,,TB110,ORG French Roast Tea Bag Loose - G,Tea bag (intermediate),item-code,,yes,3.0,11000,2.683,8.05,4099.4,68.323,1366.5,
2026-03-23,2026-03,Maisa 2+3,,45050,ORG Turkey Tail Astragalus 10 Ct Tea Bag/6 Count Case - G,Tea,inferred,,yes,5.0,2760,3.1,15.5,890.3,14.839,178.1,
2026-03-23,2026-03,Maisa 2+3,,45050F,Turkey Tail Astragalus Dual Language 10 cnt TB - G,Tea,inferred,,yes,5.0,2760,3.683,18.417,749.3,12.489,149.9,
2026-03-23,2026-03,Maisa 2+3,,45050L,ORG Turkey Tail Astragalus 10-Ct Tea Bag - G,Tea,governed,high,yes,5.0,720,1.45,7.25,496.6,8.276,99.3,
2026-03-23,2026-03,Maisa 2+3,,Clean,Standard Clean,Tea,inferred,,,2.0,0,0.833,1.667,,,,
2026-03-23,2026-03,Maisa 2+3,,CleanA,Clean + Almond Test,Tea,inferred,,,5.0,0,0.283,1.417,,,,
2026-03-23,2026-03,Maisa 2+3,,CleanG,Clean + Gluten Test,Tea,inferred,,,5.0,0,0.533,2.667,,,,
2026-03-23,2026-03,Maisa 2+3,,TB010,ORG Vanilla Nut Tea Bag Loose - GA,Tea bag (intermediate),item-code,,yes,2.0,1000,0.15,0.3,6666.7,111.111,3333.3,
2026-03-23,2026-03,Maisa 2+3,,TB333,ORG Dandelion Turmeric Tea Bag,Tea bag (intermediate),item-code,,yes,2.0,1500,1.067,2.133,1406.3,23.438,703.1,
2026-03-23,2026-03,Maisa 2+3,,TB504,ORG Cordyceps Schisandra Loose Tea Bag,Tea bag (intermediate),item-code,,yes,2.0,3000,0.9,1.8,3333.3,55.556,1666.7,
2026-03-23,2026-03,WeighRight,,50060,ORG Hazelnut 30g Trial Size Packet - GA,Bag/Other,inferred,,yes,2.0,2700,5.817,11.633,464.2,7.736,232.1,
2026-03-23,2026-03,WeighRight,,80060,ORG Hazelnut 11OZ Bag/6 Count Case - GA,Bag/Other,inferred,,yes,3.0,1698,4.183,12.55,405.9,6.765,135.3,
2026-03-24,2026-03,AMS,handpack,10202,ORG Peppermint 1 Lb Bag,Bag/Other,inferred,,yes,4.0,196,3.4,13.6,57.6,0.961,14.4,
2026-03-24,2026-03,AMS,handpack,10402A,AMZN- WWB-ORG Rama Tulsi - 8 OZ Bag,Bag/Other,inferred,,yes,4.0,720,4.467,17.867,161.2,2.687,40.3,
2026-03-24,2026-03,AMS,handpack,Air clean out,Air Clean out of Machine (no testing necessary),Bag/Other,inferred,,,,0,0.933,,,,,
2026-03-24,2026-03,AMS,handpack,Different tooling,,Bag/Other,inferred,,,4.0,0,1.567,6.267,,,,
2026-03-24,2026-03,Assembly,,10009A,AMZN ORG Chia 2 X 1 Lb Bag,Bag/Other,inferred,,yes,1.0,144,4.45,4.45,32.4,0.539,32.4,
2026-03-24,2026-03,Assembly,,40091,Teeccino Intro Tea Bag Sampler,Sampler,governed,high,yes,2.0,198,0.567,1.133,349.4,5.824,174.7,
2026-03-24,2026-03,Assembly,,43001,Dandelion Tea Sampler Box - 6 Count Case,Sampler,inferred,,yes,2.0,46,1.933,3.867,23.8,0.397,11.9,
2026-03-24,2026-03,Maisa 1,,43116,Dandelion DarkRoast Tagless Tea Bag - 50 Ct,Tea,governed,high,yes,3.0,264,3.25,9.75,81.2,1.354,27.1,
2026-03-24,2026-03,Maisa 1,,CleanG,Clean + Gluten Test,Tea,inferred,,,3.0,0,1.95,5.85,,,,
2026-03-24,2026-03,Maisa 1,,TB110,ORG French Roast Tea Bag Loose - G,Tea bag (intermediate),item-code,,yes,3.0,7800,4.717,14.15,1653.7,27.562,551.2,
2026-03-24,2026-03,Maisa 2+3,,43220,ORG Dandelion Caramel Nut 10ct/6pk Tea Bag - A,Tea,inferred,,yes,5.0,2466,3.717,18.583,663.5,11.058,132.7,
2026-03-24,2026-03,Maisa 2+3,,Clean,Standard Clean,Tea,inferred,,,2.0,0,0.483,0.967,,,,
2026-03-24,2026-03,Maisa 2+3,,TB333,ORG Dandelion Turmeric Tea Bag,Tea bag (intermediate),item-code,,yes,2.0,24000,5.85,11.7,4102.6,68.376,2051.3,
2026-03-24,2026-03,Maisa 2+3,,TB504,ORG Cordyceps Schisandra Loose Tea Bag,Tea bag (intermediate),item-code,,yes,2.0,24075,6.967,13.933,3455.7,57.596,1727.9,
2026-03-24,2026-03,WeighRight,,53110,Dandelion Dark Roast 30g Trial Size Packet,APG,governed,high,yes,3.0,2880,4.733,14.2,608.5,10.141,202.8,
2026-03-24,2026-03,WeighRight,,80060,ORG Hazelnut 11OZ Bag/6 Count Case - GA,Bag/Other,inferred,,yes,3.0,1062,2.2,6.6,482.7,8.045,160.9,
2026-03-24,2026-03,WeighRight,,83110L,ORG Dandelion Dark Roast 10 oz Bag/Box of 24,APG,governed,high,yes,3.0,1320,2.8,8.4,471.4,7.857,157.1,
2026-03-24,2026-03,WeighRight,,CleanGA,Clean + Gluten + Almond Tests,Bag/Other,inferred,,,3.0,0,0.383,1.15,,,,
2026-03-25,2026-03,AMS,handpack,10005A,WWB AMZN Organic Chia (1lb),Bag/Other,inferred,,yes,4.0,1080,4.1,16.4,263.4,4.39,65.9,
2026-03-25,2026-03,AMS,handpack,10042,ORG Burdock 1 Lb Bag,Bag/Other,inferred,,yes,4.0,531,3.883,15.533,136.7,2.279,34.2,
2026-03-25,2026-03,AMS,handpack,Air clean out,Air Clean out of Machine (no testing necessary),Bag/Other,inferred,,,4.0,0,1.15,4.6,,,,
2026-03-25,2026-03,AMS,handpack,Air clean out,Air Clean out of Machine (no testing necessary),Bag/Other,inferred,,,4.0,0,0.983,3.933,,,,
2026-03-25,2026-03,Assembly,,43001,Dandelion Tea Sampler Box - 6 Count Case,Sampler,inferred,,yes,2.0,70,2.25,4.5,31.1,0.519,15.6,
2026-03-25,2026-03,Assembly,,GDB010,ORG Vanilla Nut Packet Goody Bag - GA,Bag/Other,inferred,,yes,1.0,25,0.25,0.25,100.0,1.667,100.0,
2026-03-25,2026-03,Assembly,,GDB060,ORG Hazelnut Packet Goody Bag - GA,Bag/Other,inferred,,yes,1.0,25,0.25,0.25,100.0,1.667,100.0,
2026-03-25,2026-03,Assembly,,GDB110,ORG French Roast Packet Goody Bag - G,Bag/Other,inferred,,yes,1.0,25,0.25,0.25,100.0,1.667,100.0,
2026-03-25,2026-03,Assembly,,GDB501,ORG Reishi Eleuthero Packet Goody Bag - G,Bag/Other,inferred,,yes,1.0,25,0.25,0.25,100.0,1.667,100.0,
2026-03-25,2026-03,Assembly,,TGB010,ORG Vanilla Nut Tea Bag Goody Bag - GA,Tea,inferred,,yes,1.0,50,0.5,0.5,100.0,1.667,100.0,
2026-03-25,2026-03,Assembly,,TGB311,ORG Dandelion Dark Roast Tea Bag Goody Bag,Tea,inferred,,yes,1.0,25,0.25,0.25,100.0,1.667,100.0,
2026-03-25,2026-03,Assembly,,TGB311,ORG Dandelion Dark Roast Tea Bag Goody Bag,Tea,inferred,,yes,1.0,50,0.533,0.533,93.8,1.563,93.8,
2026-03-25,2026-03,Assembly,,TGB322,Dandelion Caramel Nut Tea Bag Goody Bag - A,Tea,inferred,,yes,1.0,25,0.25,0.25,100.0,1.667,100.0,
2026-03-25,2026-03,Assembly,,TGB331,ORG Dandelion Mocha Mint Tea Bag Goody Bag - A,Tea,inferred,,yes,1.0,25,0.25,0.25,100.0,1.667,100.0,
2026-03-25,2026-03,Assembly,,TGB502,Chaga Ashwaganda Tea Goody Bag,Bag/Other,inferred,,yes,1.0,25,0.25,0.25,100.0,1.667,100.0,
2026-03-25,2026-03,Assembly,,TGB507,ORG Miraculous Mushroom AP Tea Bag Goody Bag,Tea,inferred,,yes,1.0,25,0.25,0.25,100.0,1.667,100.0,
2026-03-25,2026-03,Assembly,,TGB507,ORG Miraculous Mushroom AP Tea Bag Goody Bag,Tea,inferred,,yes,1.0,50,0.5,0.5,100.0,1.667,100.0,
2026-03-25,2026-03,Assembly,,TGB601,ORG Dark Chocolate Tea Bag Goody Bag,Tea,inferred,,yes,1.0,25,0.25,0.25,100.0,1.667,100.0,
2026-03-25,2026-03,Assembly,,TGB601,ORG Dark Chocolate Tea Bag Goody Bag,Tea,inferred,,yes,1.0,50,0.5,0.5,100.0,1.667,100.0,
2026-03-25,2026-03,Maisa 1,,43116,Dandelion DarkRoast Tagless Tea Bag - 50 Ct,Tea,governed,high,yes,3.0,552,6.6,19.8,83.6,1.394,27.9,
2026-03-25,2026-03,Maisa 1,,TB311,ORG Dandelion Dark Roast Tea Bag,Tea bag (intermediate),item-code,,yes,3.0,6000,3.4,10.2,1764.7,29.412,588.2,
2026-03-25,2026-03,Maisa 2+3,,43220,ORG Dandelion Caramel Nut 10ct/6pk Tea Bag - A,Tea,inferred,,yes,5.0,7740,10.1,50.5,766.3,12.772,153.3,
2026-03-25,2026-03,WeighRight,,50110,ORG French Roast 30g Trial Size Packet - G,Bag/Other,inferred,,yes,3.0,1440,2.5,7.5,576.0,9.6,192.0,
2026-03-25,2026-03,WeighRight,,60120,DO NOT MAKE ORG Maya Chai 5 Lb Bag - G,Bag/Other,inferred,,yes,3.0,63,0.333,1.0,189.0,3.15,63.0,
2026-03-25,2026-03,WeighRight,,80110,ORG French Roast 11OZ Bag/6 Count Case - G,Bag/Other,inferred,,yes,3.0,1380,16.167,48.5,85.4,1.423,28.5,
2026-03-25,2026-03,WeighRight,,80113,ORG French Roast 11OZ Bag 3PK - G,Bag/Other,inferred,,yes,3.0,320,1.917,5.75,167.0,2.783,55.7,
2026-03-25,2026-03,WeighRight,,83110L,ORG Dandelion Dark Roast 10 oz Bag/Box of 24,APG,governed,high,yes,3.0,120,0.25,0.75,480.0,8.0,160.0,
2026-03-25,2026-03,WeighRight,,Air Clean Out,Air Clean out of Machine (no testing necessary),Bag/Other,inferred,,,3.0,0,0.5,1.5,,,,
2026-03-25,2026-03,WeighRight,,Clean,Standard Clean,Bag/Other,inferred,,,3.0,0,0.25,0.75,,,,
2026-03-26,2026-03,AMS,handpack,10071,AMZN - WWB - ORG Roasted Barley - 1 Lb - G,Bag/Other,inferred,,yes,4.0,840,2.617,10.467,321.0,5.35,80.3,
2026-03-26,2026-03,AMS,handpack,CleanG,Clean + Gluten Test,Bag/Other,inferred,,,4.0,0,0.167,0.667,,,,
2026-03-26,2026-03,Assembly,,40033,DO NOT MAKE - ORG Almond Amaretto 25CT Tea Bag 3PK - GA,Tea,inferred,,yes,1.0,30,4.167,4.167,7.2,0.12,7.2,
2026-03-26,2026-03,Assembly,,43001,Dandelion Tea Sampler Box - 6 Count Case,Sampler,inferred,,yes,2.0,68,7.25,14.5,9.4,0.156,4.7,
2026-03-26,2026-03,Maisa 1,,43111,ORG Dandelion Dark Roast 25CT Tea Bag,Tea,governed,high,yes,3.0,42731,4.55,13.65,9391.4,156.524,3130.5,
2026-03-26,2026-03,Maisa 1,,45031,ORG Lion's Mane Rhodiola 25 Ct Tea Bag - G,Tea,inferred,,yes,3.0,22,0.15,0.45,146.7,2.444,48.9,
2026-03-26,2026-03,Maisa 1,,Clean,Standard Clean,Tea,inferred,,,3.0,0,0.633,1.9,,,,
2026-03-26,2026-03,Maisa 1,,TB311,ORG Dandelion Dark Roast Tea Bag,Tea bag (intermediate),item-code,,yes,3.0,14000,4.6,13.8,3043.5,50.725,1014.5,
2026-03-26,2026-03,Maisa 2+3,,43220,ORG Dandelion Caramel Nut 10ct/6pk Tea Bag - A,Tea,inferred,,yes,5.0,2214,2.733,13.667,810.0,13.5,162.0,
2026-03-26,2026-03,Maisa 2+3,,43220F,Dandelion Caramel Nut Dual Language 10 cnt TB - A,Tea,inferred,,yes,5.0,720,1.017,5.083,708.2,11.803,141.6,
2026-03-26,2026-03,Maisa 2+3,,43220L,Org Dandelion Caramel Nut 10 Ct Tea Bag Loose - A,Tea,governed,high,yes,5.0,864,1.917,9.583,450.8,7.513,90.2,
2026-03-26,2026-03,Maisa 2+3,,43221,ORG Dandelion Caramel Nut 25CT Tea Bag - A,Tea,governed,high,yes,5.0,520,1.383,6.917,375.9,6.265,75.2,
2026-03-26,2026-03,Maisa 2+3,,45020,ORG Chaga Ashwagandha 10 Ct Tea Bag/6 Count Case,Tea,inferred,,yes,5.0,1380,1.5,7.5,920.0,15.333,184.0,
2026-03-26,2026-03,Maisa 2+3,,CleanA,Clean + Almond Test,Tea,inferred,,,5.0,0,1.283,6.417,,,,
2026-03-26,2026-03,WeighRight,,56010,Dark Chocolate 30g Trial Size Packet,Bag/Other,inferred,,yes,3.0,1320,2.283,6.85,578.1,9.635,192.7,
2026-03-26,2026-03,WeighRight,,60110,ORG French Roast 5 Lb Bag - G,Bag/Other,inferred,,yes,3.0,142,0.983,2.95,144.4,2.407,48.1,
2026-03-26,2026-03,WeighRight,,80110,ORG French Roast 11OZ Bag/6 Count Case - G,Bag/Other,inferred,,yes,3.0,1626,6.0,18.0,271.0,4.517,90.3,
2026-03-26,2026-03,WeighRight,,CleanG,Clean + Gluten Test,Bag/Other,inferred,,,3.0,0,0.567,1.7,,,,
2026-03-30,2026-03,AMS,handpack,30007,Instant Miraculous Mushrooms A&P 100g Bag / 6 Count Case,Instant,inferred,,yes,4.0,738,4.5,18.0,164.0,2.733,41.0,
2026-03-30,2026-03,AMS,handpack,31008,ORG Instant French Roast Latte 6Ct Case,Instant,inferred,,yes,4.0,124,3.717,14.867,33.4,0.556,8.3,
2026-03-30,2026-03,AMS,handpack,Air clean out,Air Clean out of Machine (no testing necessary),Bag/Other,inferred,,,4.0,0,0.4,1.6,,,,
2026-03-30,2026-03,Assembly,,40033,DO NOT MAKE - ORG Almond Amaretto 25CT Tea Bag 3PK - GA,Tea,inferred,,yes,1.0,30,5.0,5.0,6.0,0.1,6.0,
2026-03-30,2026-03,Assembly,,43001,Dandelion Tea Sampler Box - 6 Count Case,Sampler,inferred,,yes,2.0,46,1.667,3.333,27.6,0.46,13.8,
2026-03-30,2026-03,Assembly,,43001L,Dandelion Tea Sampler Box - Loose - G,Sampler,governed,high,yes,2.0,244,0.833,1.667,292.8,4.88,146.4,
2026-03-30,2026-03,Assembly,,50097,Teeccino 30g Packet 10 Flavor Sampler,Sampler,governed,high,yes,1.0,122,5.0,5.0,24.4,0.407,24.4,
2026-03-30,2026-03,Assembly,,80013,ORG Vanilla Nut 11oz Bag 3PK - GA,Bag/Other,inferred,,yes,1.0,96,4.25,4.25,22.6,0.376,22.6,
2026-03-30,2026-03,Maisa 1,,45030,ORG Lion's Mane Rhodiola 10 Ct Tea Bag/6 Count Case - G,Tea,inferred,,yes,3.0,2898,6.117,18.35,473.8,7.896,157.9,
2026-03-30,2026-03,Maisa 1,,45031,ORG Lion's Mane Rhodiola 25 Ct Tea Bag - G,Tea,inferred,,yes,3.0,698,3.8,11.4,183.7,3.061,61.2,
2026-03-30,2026-03,Maisa 2+3,,45020,ORG Chaga Ashwagandha 10 Ct Tea Bag/6 Count Case,Tea,inferred,,yes,5.0,4140,5.917,29.583,699.7,11.662,139.9,
2026-03-30,2026-03,Maisa 2+3,,45020L,ORG Chaga Ashwagandha 10-Ct Tea Bag,Tea,governed,high,yes,5.0,648,1.2,6.0,540.0,9.0,108.0,
2026-03-30,2026-03,Maisa 2+3,,45021,ORG Chaga Ashwagandha 25 Ct Tea Bag,Tea,governed,high,yes,5.0,792,2.783,13.917,284.6,4.743,56.9,
2026-03-30,2026-03,WeighRight,,55070,ORG Miraculous Mushrooms A+P 30g Trial Size Packet,Bag/Other,inferred,,yes,3.0,180,0.85,2.55,211.8,3.529,70.6,
2026-03-30,2026-03,WeighRight,,56010,Dark Chocolate 30g Trial Size Packet,Bag/Other,inferred,,yes,3.0,1380,2.233,6.7,617.9,10.299,206.0,
2026-03-30,2026-03,WeighRight,,86010,ORG Dark Chocolate 10 Oz Bag/6 Count Case,Bag/Other,inferred,,yes,3.0,720,1.65,4.95,436.4,7.273,145.5,
2026-03-30,2026-03,WeighRight,,86010L,ORG Dark Chocolate 10 Oz Bag/Box of 24,Bag/Other,inferred,,yes,3.0,1440,3.4,10.2,423.5,7.059,141.2,
2026-03-30,2026-03,WeighRight,,Air Clean Out,Air Clean out of Machine (no testing necessary),Bag/Other,inferred,,,3.0,0,0.583,1.75,,,,
2026-03-31,2026-03,AMS,handpack,10022,ORG Raw Dandelion1 Lb Bag,Bag/Other,inferred,,yes,4.0,972,3.767,15.067,258.1,4.301,64.5,
2026-03-31,2026-03,AMS,handpack,31008,ORG Instant French Roast Latte 6Ct Case,Instant,inferred,,yes,4.0,106,1.4,5.6,75.7,1.262,18.9,
2026-03-31,2026-03,AMS,handpack,31008L,ORG Instant French Roast Latte 224g Bag,Instant,governed,high,yes,4.0,633,1.683,6.733,376.0,6.267,94.0,
2026-03-31,2026-03,AMS,handpack,31010,ORG Instant Hazelnut Latte 6Ct Case,Instant,inferred,,yes,4.0,30,0.7,2.8,42.9,0.714,10.7,
2026-03-31,2026-03,AMS,handpack,31010L,ORG Instant Hazelnut Latte 224g Bag,Instant,governed,high,yes,4.0,184,0.667,2.667,276.0,4.6,69.0,
2026-03-31,2026-03,AMS,handpack,Air clean out,Air Clean out of Machine (no testing necessary),Bag/Other,inferred,,,4.0,0,0.55,2.2,,,,
2026-03-31,2026-03,AMS,handpack,CleanG,Clean + Gluten Test,Bag/Other,inferred,,,4.0,0,0.65,2.6,,,,
2026-03-31,2026-03,Assembly,,43001L,Dandelion Tea Sampler Box - Loose - G,Sampler,governed,high,yes,2.0,420,2.5,5.0,168.0,2.8,84.0,
2026-03-31,2026-03,Assembly,,43311,Dandelion Mocha Mint 25 Count Tea Bag - A,Tea,governed,high,,1.0,0,3.95,3.95,,,,
2026-03-31,2026-03,Assembly,,50097,Teeccino 30g Packet 10 Flavor Sampler,Sampler,governed,high,yes,1.0,130,4.3,4.3,30.2,0.504,30.2,
2026-03-31,2026-03,Assembly,,80063,ORG Hazelnut 11OZ Bag 3PK  - GA,Bag/Other,inferred,,yes,1.0,96,2.883,2.883,33.3,0.555,33.3,
2026-03-31,2026-03,Assembly,,80113,ORG French Roast 11OZ Bag 3PK - G,Bag/Other,inferred,,yes,1.0,96,3.083,3.083,31.1,0.519,31.1,
2026-03-31,2026-03,Maisa 1,,45030,ORG Lion's Mane Rhodiola 10 Ct Tea Bag/6 Count Case - G,Tea,inferred,,yes,3.0,372,8.733,26.2,42.6,0.71,14.2,
2026-03-31,2026-03,Maisa 1,,45030F,Lion's Mane Rhodiola Dual Language 10 cnt TB - G,Tea,inferred,,yes,3.0,2400,1.15,3.45,2087.0,34.783,695.7,
2026-03-31,2026-03,Maisa 2+3,,45021,ORG Chaga Ashwagandha 25 Ct Tea Bag,Tea,governed,high,yes,5.0,408,1.483,7.417,275.1,4.584,55.0,
2026-03-31,2026-03,Maisa 2+3,,46010,ORG Dark Chocolate 10 Ct Tea Bag/6 Count Case,Tea,inferred,,yes,5.0,3696,6.283,31.417,588.2,9.804,117.6,
2026-03-31,2026-03,Maisa 2+3,,46013,ORG Dark Chocolate 25CT Tea Bag 3PK,Tea,inferred,,yes,5.0,216,1.783,8.917,121.1,2.019,24.2,
2026-03-31,2026-03,Maisa 2+3,,Clean,Standard Clean,Tea,inferred,,,5.0,0,0.45,2.25,,,,
2026-03-31,2026-03,WeighRight,,10023,WWB - ORG Elderberries - 1 Lb Bag,Bag/Other,inferred,,yes,3.0,368,1.25,3.75,294.4,4.907,98.1,
2026-03-31,2026-03,WeighRight,,55070,ORG Miraculous Mushrooms A+P 30g Trial Size Packet,Bag/Other,inferred,,yes,3.0,2160,3.167,9.5,682.1,11.368,227.4,
2026-03-31,2026-03,WeighRight,,63340,ORG Dandelion Coconut 5 Lb Bag - A,APG,governed,high,yes,3.0,20,0.283,0.85,70.6,1.176,23.5,
2026-03-31,2026-03,WeighRight,,83340L,ORG Dandelion Coconut 10 Oz Bag/Box of 24 - A,APG,governed,high,yes,3.0,672,1.233,3.7,544.9,9.081,181.6,
2026-03-31,2026-03,WeighRight,,85050,ORG Turkey Tail Astragalus 10 Oz Bag/6 Count Case - G,Bag/Other,inferred,,yes,3.0,720,1.333,4.0,540.0,9.0,180.0,
2026-03-31,2026-03,WeighRight,,85050L,ORG Turkey Tail Astragalus 10 Oz Bag/Box of 24 - G,Bag/Other,inferred,,yes,3.0,576,1.583,4.75,363.8,6.063,121.3,
2026-03-31,2026-03,WeighRight,,Air Clean Out,Air Clean out of Machine (no testing necessary),Bag/Other,inferred,,,3.0,0,0.417,1.25,,,,
2026-03-31,2026-03,WeighRight,,Air Clean Out,Air Clean out of Machine (no testing necessary),Bag/Other,inferred,,,3.0,0,0.367,1.1,,,,
2026-03-31,2026-03,WeighRight,,CleanA,Clean + Almond Test,Bag/Other,inferred,,,3.0,0,0.45,1.35,,,,
2026-04-01,2026-04,AMS,machine(Amy),10022,ORG Raw Dandelion1 Lb Bag,Bag/Other,inferred,,yes,4.0,2220,8.683,34.733,255.7,4.261,63.9,
2026-04-01,2026-04,AMS,machine(Amy),Air clean out,Air Clean out of Machine (no testing necessary),Bag/Other,inferred,,,4.0,0,0.367,1.467,,,,
2026-04-01,2026-04,AMS,machine(Amy),Different tooling,,Bag/Other,inferred,,,1.0,0,0.75,0.75,,,,
2026-04-01,2026-04,Assembly,,43001L,Dandelion Tea Sampler Box - Loose - G,Sampler,governed,high,yes,2.0,420,2.5,5.0,168.0,2.8,84.0,
2026-04-01,2026-04,Assembly,,50096,Top Six Packet Sampler pack,Sampler,inferred,,yes,1.0,310,10.167,10.167,30.5,0.508,30.5,
2026-04-01,2026-04,Assembly,,50096,Top Six Packet Sampler pack,Sampler,inferred,,yes,1.0,110,4.5,4.5,24.4,0.407,24.4,
2026-04-01,2026-04,Assembly,,85010,ORG Reishi Eleuthero 10 Oz Bag/6 Count Case - G,Bag/Other,inferred,,yes,1.0,240,1.217,1.217,197.3,3.288,197.3,
2026-04-01,2026-04,Assembly,,TGB010,ORG Vanilla Nut Tea Bag Goody Bag - GA,Tea,inferred,,yes,1.0,50,0.267,0.267,187.5,3.125,187.5,
2026-04-01,2026-04,Assembly,,TGB311,ORG Dandelion Dark Roast Tea Bag Goody Bag,Tea,inferred,,yes,1.0,50,0.133,0.133,375.0,6.25,375.0,
2026-04-01,2026-04,Assembly,,TGB322,Dandelion Caramel Nut Tea Bag Goody Bag - A,Tea,inferred,,yes,1.0,50,0.267,0.267,187.5,3.125,187.5,
2026-04-01,2026-04,Assembly,,TGB502,Chaga Ashwaganda Tea Goody Bag,Bag/Other,inferred,,yes,1.0,50,0.267,0.267,187.5,3.125,187.5,
2026-04-01,2026-04,Assembly,,TGB601,ORG Dark Chocolate Tea Bag Goody Bag,Tea,inferred,,yes,1.0,50,0.267,0.267,187.5,3.125,187.5,
2026-04-01,2026-04,Maisa 1,,42080,ORG Irish Cream 10ct/6pk Tea Bag - G,Tea,inferred,,yes,3.0,1380,3.8,11.4,363.2,6.053,121.1,
2026-04-01,2026-04,Maisa 1,,42081,ORG Irish Cream 25Ct Tea Bag Box - G,Tea,inferred,,yes,3.0,8,0.117,0.35,68.6,1.143,22.9,
2026-04-01,2026-04,Maisa 1,,45030F,Lion's Mane Rhodiola Dual Language 10 cnt TB - G,Tea,inferred,,yes,3.0,1380,5.367,16.1,257.1,4.286,85.7,
2026-04-01,2026-04,Maisa 1,,Clean,Standard Clean,Tea,inferred,,,3.0,0,0.75,2.25,,,,
2026-04-01,2026-04,Maisa 2+3,,43340,ORG Dandelion Coconut 10CT Tea Bag - A,Tea,inferred,,yes,5.0,108,0.717,3.583,150.7,2.512,30.1,
2026-04-01,2026-04,Maisa 2+3,,46010,ORG Dark Chocolate 10 Ct Tea Bag/6 Count Case,Tea,inferred,,yes,5.0,444,0.617,3.083,720.0,12.0,144.0,
2026-04-01,2026-04,Maisa 2+3,,46010L,ORG Dark Chocolate 10 Ct Tea Bag/36 Count Box,Tea,governed,high,yes,5.0,1152,1.233,6.167,934.1,15.568,186.8,
2026-04-01,2026-04,Maisa 2+3,,46011,ORG Dark Chocolate 25 Ct Tea Bag,Tea,governed,high,yes,5.0,1464,5.1,25.5,287.1,4.784,57.4,
2026-04-01,2026-04,Maisa 2+3,,Clean,Standard Clean,Tea,inferred,,,5.0,0,0.667,3.333,,,,
2026-04-01,2026-04,Maisa 2+3,,TB334,ORG Dandelion Coconut Tea Bag - A,Tea bag (intermediate),item-code,,yes,4.0,14500,1.85,7.4,7837.8,130.631,1959.5,
2026-04-01,2026-04,WeighRight,,55020,Chaga Ashwagandha 30g Trial Size Packet,Bag/Other,inferred,,yes,3.0,2160,3.65,10.95,591.8,9.863,197.3,
2026-04-01,2026-04,WeighRight,,60020,ORG Chocolate Mint 5 Lb Bag - GA,Bag/Other,inferred,,yes,3.0,32,0.283,0.85,112.9,1.882,37.6,
2026-04-01,2026-04,WeighRight,,60030,ORG Almond Amaretto 5 Lb Bag - GA,Bag/Other,inferred,,yes,3.0,60,0.417,1.25,144.0,2.4,48.0,
2026-04-01,2026-04,WeighRight,,80020A,AMZN Org Chocolate Mint11OZ Bag/Box of 24 - GA,Bag/Other,inferred,,yes,3.0,288,0.833,2.5,345.6,5.76,115.2,
2026-04-01,2026-04,WeighRight,,80030,ORG Almond Amaretto 11OZ Bag/6 Count Case - GA,Bag/Other,inferred,,yes,3.0,720,1.183,3.55,608.5,10.141,202.8,
2026-04-01,2026-04,WeighRight,,80030L,ORG Almond Amaretto 11OZ Bag/Box of 24 - GA,Bag/Other,inferred,,yes,3.0,672,1.45,4.35,463.4,7.724,154.5,
2026-04-01,2026-04,WeighRight,,85050L,ORG Turkey Tail Astragalus 10 Oz Bag/Box of 24 - G,Bag/Other,inferred,,yes,3.0,430,0.833,2.5,516.0,8.6,172.0,
2026-04-01,2026-04,WeighRight,,Air Clean Out,Air Clean out of Machine (no testing necessary),Bag/Other,inferred,,,3.0,0,0.417,1.25,,,,
2026-04-01,2026-04,WeighRight,,Air Clean Out,Air Clean out of Machine (no testing necessary),Bag/Other,inferred,,,3.0,0,0.283,0.85,,,,
2026-04-01,2026-04,WeighRight,,CleanGA,Clean + Gluten + Almond Tests,Bag/Other,inferred,,,3.0,0,0.583,1.75,,,,
2026-04-02,2026-04,AMS,machine(Amy),10044,AMZN- WWB-ORG Hibiscus - 1 Lb Bag,Bag/Other,inferred,,yes,4.0,300,1.117,4.467,268.7,4.478,67.2,
2026-04-02,2026-04,AMS,machine(Amy),Air clean out,Air Clean out of Machine (no testing necessary),Bag/Other,inferred,,,1.0,0,0.467,0.467,,,,
2026-04-02,2026-04,Assembly,,43001L,Dandelion Tea Sampler Box - Loose - G,Sampler,governed,high,yes,2.0,432,7.333,14.667,58.9,0.982,29.5,
2026-04-02,2026-04,Assembly,,80099,DO NOT MAKE ORG Raspberry Mocha 11OZ Bag 3PK - GA,Bag/Other,inferred,,yes,1.0,80,1.5,1.5,53.3,0.889,53.3,
2026-04-02,2026-04,Assembly,,TGB010,ORG Vanilla Nut Tea Bag Goody Bag - GA,Tea,inferred,,yes,1.0,250,0.667,0.667,375.0,6.25,375.0,
2026-04-02,2026-04,Assembly,,TGB060,ORG Hazelnut Tea Bag Goody Bag - GA,Tea,inferred,,yes,1.0,250,0.583,0.583,428.6,7.143,428.6,
2026-04-02,2026-04,Assembly,,TGB311,ORG Dandelion Dark Roast Tea Bag Goody Bag,Tea,inferred,,yes,1.0,250,1.167,1.167,214.3,3.571,214.3,
2026-04-02,2026-04,Assembly,,TGB322,Dandelion Caramel Nut Tea Bag Goody Bag - A,Tea,inferred,,yes,1.0,250,0.833,0.833,300.0,5.0,300.0,
2026-04-02,2026-04,Assembly,,TGB502,Chaga Ashwaganda Tea Goody Bag,Bag/Other,inferred,,yes,1.0,250,1.017,1.017,245.9,4.098,245.9,
2026-04-02,2026-04,Assembly,,TGB601,ORG Dark Chocolate Tea Bag Goody Bag,Tea,inferred,,yes,1.0,250,1.817,1.817,137.6,2.294,137.6,
2026-04-02,2026-04,Maisa 1,,40033,DO NOT MAKE - ORG Almond Amaretto 25CT Tea Bag 3PK - GA,Tea,inferred,,yes,3.0,120,2.617,7.85,45.9,0.764,15.3,
2026-04-02,2026-04,Maisa 1,,40060,ORG Hazelnut 10ct/6pk Tea Bag - GA,Tea,inferred,,yes,3.0,30,0.433,1.3,69.2,1.154,23.1,
2026-04-02,2026-04,Maisa 1,,42081,ORG Irish Cream 25Ct Tea Bag Box - G,Tea,inferred,,yes,3.0,320,2.917,8.75,109.7,1.829,36.6,
2026-04-02,2026-04,Maisa 1,,Clean,Standard Clean,Tea,inferred,,,3.0,0,0.5,1.5,,,,
2026-04-02,2026-04,Maisa 1,,Clean,Standard Clean,Tea,inferred,,,3.0,0,0.45,1.35,,,,
2026-04-02,2026-04,Maisa 1,,Clean,Standard Clean,Tea,inferred,,,3.0,0,0.683,2.05,,,,
2026-04-02,2026-04,Maisa 1,,TB030,ORG Almond Amaretto Tea Bag - GA,Tea bag (intermediate),item-code,,yes,3.0,1209,0.333,1.0,3627.0,60.45,1209.0,
2026-04-02,2026-04,Maisa 1,,TB080,ORG Mocha Tea Bag - GA,Tea bag (intermediate),item-code,,yes,3.0,8000,1.85,5.55,4324.3,72.072,1441.4,
2026-04-02,2026-04,Maisa 2+3,,40011,ORG Vanila Nut 25CT Tea Bag - GA,Tea,governed,high,yes,5.0,24,1.6,8.0,15.0,0.25,3.0,
2026-04-02,2026-04,Maisa 2+3,,43340,ORG Dandelion Coconut 10CT Tea Bag - A,Tea,inferred,,yes,5.0,1944,2.483,12.417,782.8,13.047,156.6,
2026-04-02,2026-04,Maisa 2+3,,Clean,Standard Clean,Tea,inferred,,,5.0,0,0.583,2.917,,,,
2026-04-02,2026-04,Maisa 2+3,,CleanA,Clean + Almond Test,Tea,inferred,,,5.0,0,0.433,2.167,,,,
2026-04-02,2026-04,Maisa 2+3,,TB130,ORG Maca Chocolate Tea Bag - G,Tea bag (intermediate),item-code,,yes,4.0,31340,5.6,22.4,5596.4,93.274,1399.1,
2026-04-02,2026-04,WeighRight,,10026,ORG Orange Peel 8 Oz Bag,Bag/Other,inferred,,yes,3.0,378,1.017,3.05,371.8,6.197,123.9,
2026-04-02,2026-04,WeighRight,,50130,ORG MACA Chocolate 30g Trial Size Packet - G,Bag/Other,inferred,,yes,3.0,1080,1.667,5.0,648.0,10.8,216.0,
2026-04-02,2026-04,WeighRight,,60130,ORG MACA Chocolate 5 Lb Bag - G,Bag/Other,inferred,,yes,3.0,28,0.283,0.85,98.8,1.647,32.9,
2026-04-02,2026-04,WeighRight,,80063,ORG Hazelnut 11OZ Bag 3PK  - GA,Bag/Other,inferred,,yes,3.0,320,1.617,4.85,197.9,3.299,66.0,
2026-04-02,2026-04,WeighRight,,80130,ORG MACA Chocolate 11OZ Bag/6 Count Case - G,Bag/Other,inferred,,yes,3.0,906,1.483,4.45,610.8,10.18,203.6,
2026-04-02,2026-04,WeighRight,,85020,ORG Chaga Ashwagandha 10 Oz Bag/6 Count Case,Bag/Other,inferred,,yes,3.0,924,2.55,7.65,362.4,6.039,120.8,
2026-04-02,2026-04,WeighRight,,Air Clean Out,Air Clean out of Machine (no testing necessary),Bag/Other,inferred,,,3.0,0,0.45,1.35,,,,
2026-04-02,2026-04,WeighRight,,Air Clean Out,Air Clean out of Machine (no testing necessary),Bag/Other,inferred,,,3.0,0,0.4,1.2,,,,
2026-04-02,2026-04,WeighRight,,Air Clean Out,Air Clean out of Machine (no testing necessary),Bag/Other,inferred,,,3.0,0,0.317,0.95,,,,
2026-04-02,2026-04,WeighRight,,Air Clean Out,Air Clean out of Machine (no testing necessary),Bag/Other,inferred,,,3.0,0,0.467,1.4,,,,
2026-04-06,2026-04,AMS,machine(Amy),10006A,WWB AMZN Organic Lemon Balm (6 Oz) ,Bag/Other,inferred,,yes,4.0,1050,6.567,26.267,159.9,2.665,40.0,
2026-04-06,2026-04,Assembly,,43001L,Dandelion Tea Sampler Box - Loose - G,Sampler,governed,high,yes,1.0,284,3.85,3.85,73.8,1.229,73.8,
2026-04-06,2026-04,Assembly,,43311F,ORG Dandelion Mocha Mint DL 25CT Tea Bag AMZN (24pk) - A,Tea,inferred,,yes,2.0,57,1.5,3.0,38.0,0.633,19.0,
2026-04-06,2026-04,Assembly,,43311F,ORG Dandelion Mocha Mint DL 25CT Tea Bag AMZN (24pk) - A,Tea,inferred,,yes,1.0,15,1.0,1.0,15.0,0.25,15.0,
2026-04-06,2026-04,Assembly,,45001,Mushroom Adaptogen TB Sampler Box - 6 Count Case - G,Sampler,inferred,,yes,1.0,66,5.0,5.0,13.2,0.22,13.2,
2026-04-06,2026-04,Assembly,,45001,Mushroom Adaptogen TB Sampler Box - 6 Count Case - G,Sampler,inferred,,yes,1.0,39,3.5,3.5,11.1,0.186,11.1,
2026-04-06,2026-04,Assembly,,55092A,AMZN Mushroom 6 Packet Sampler,Sampler,inferred,,yes,1.0,150,3.633,3.633,41.3,0.688,41.3,
2026-04-06,2026-04,Maisa 1,,40060,ORG Hazelnut 10ct/6pk Tea Bag - GA,Tea,inferred,,yes,3.0,4998,10.083,30.25,495.7,8.261,165.2,
2026-04-06,2026-04,Maisa 2+3,,40010,ORG Vanilla Nut 10ct/6pk Tea Bag - GA,Tea,inferred,,yes,5.0,3468,6.7,33.5,517.6,8.627,103.5,
2026-04-06,2026-04,Maisa 2+3,,40011,ORG Vanila Nut 25CT Tea Bag - GA,Tea,governed,high,yes,3.0,468,3.433,10.3,136.3,2.272,45.4,
2026-04-06,2026-04,Maisa 2+3,,TB010,ORG Vanilla Nut Tea Bag Loose - GA,Tea bag (intermediate),item-code,,yes,2.0,7500,1.75,3.5,4285.7,71.429,2142.9,
2026-04-06,2026-04,WeighRight,,50010,ORG Vanilla Nut 30g Trial Size Packet - GA,Bag/Other,inferred,,yes,3.0,2160,3.45,10.35,626.1,10.435,208.7,
2026-04-06,2026-04,WeighRight,,60080,ORG Mocha 5 Lb Bag - GA,Bag/Other,inferred,,yes,3.0,48,0.45,1.35,106.7,1.778,35.6,
2026-04-06,2026-04,WeighRight,,80013,ORG Vanilla Nut 11oz Bag 3PK - GA,Bag/Other,inferred,,yes,3.0,432,2.65,7.95,163.0,2.717,54.3,
2026-04-06,2026-04,WeighRight,,80080,ORG Mocha 11OZ Bag/6 Count Case - GA,Bag/Other,inferred,,yes,3.0,840,2.133,6.4,393.8,6.563,131.3,
2026-04-06,2026-04,WeighRight,,85070,ORG Miraculous Mushrooms A&P 6Ct/10Oz APG Bag,APG,inferred,,yes,3.0,180,0.517,1.55,348.4,5.806,116.1,
2026-04-06,2026-04,WeighRight,,Air Clean Out,Air Clean out of Machine (no testing necessary),Bag/Other,inferred,,,3.0,0,0.217,0.65,,,,
2026-04-06,2026-04,WeighRight,,CleanGA,Clean + Gluten + Almond Tests,Bag/Other,inferred,,,3.0,0,0.733,2.2,,,,
2026-04-07,2026-04,AMS,machine(Amy),10006A,WWB AMZN Organic Lemon Balm (6 Oz) ,Bag/Other,inferred,,yes,4.0,990,4.683,18.733,211.4,3.523,52.8,
2026-04-07,2026-04,AMS,machine(Amy),10101,WWB - ORG Medium Roasted Carob Flour - 1 Lb Bag,Bag/Other,inferred,,yes,4.0,816,4.55,18.2,179.3,2.989,44.8,
2026-04-07,2026-04,AMS,machine(Amy),Air clean out,Air Clean out of Machine (no testing necessary),Bag/Other,inferred,,,1.0,0,0.417,0.417,,,,
2026-04-07,2026-04,AMS,machine(Amy),Different tooling,,Bag/Other,inferred,,,1.0,0,0.683,0.683,,,,
2026-04-07,2026-04,Assembly,,40011F,ORG Vanilla Nut DL 25CT Tea Bag AMZN (24pk) - GA,Tea,inferred,,yes,2.0,72,1.483,2.967,48.5,0.809,24.3,
2026-04-07,2026-04,Assembly,,43221F,ORG Dandelion Caramel Nut DL 25CT Tea Bag AMZN (24pk) - A,Tea,inferred,,yes,2.0,72,1.333,2.667,54.0,0.9,27.0,
2026-04-07,2026-04,Assembly,,45001,Mushroom Adaptogen TB Sampler Box - 6 Count Case - G,Sampler,inferred,,,1.0,0,9.917,9.917,,,,
2026-04-07,2026-04,Maisa 1,,40060,ORG Hazelnut 10ct/6pk Tea Bag - GA,Tea,inferred,,yes,3.0,522,1.15,3.45,453.9,7.565,151.3,
2026-04-07,2026-04,Maisa 1,,40061,ORG Hazelnut 25CT Tea Bag - GA,Tea,governed,high,yes,3.0,816,4.767,14.3,171.2,2.853,57.1,
2026-04-07,2026-04,Maisa 1,,43226,Dandelion Caramel Nut Tagless Tea Bag - 50 Ct - A,Tea,governed,high,yes,3.0,27,0.267,0.8,101.2,1.687,33.7,
2026-04-07,2026-04,Maisa 1,,CleanG,Clean + Gluten Test,Tea,inferred,,,3.0,0,0.683,2.05,,,,
2026-04-07,2026-04,Maisa 1,,TB060,ORG Hazelnut Tea Bag Loose - GA,Tea bag (intermediate),item-code,,yes,3.0,13500,3.133,9.4,4308.5,71.809,1436.2,
2026-04-07,2026-04,Maisa 2+3,,40010,ORG Vanilla Nut 10ct/6pk Tea Bag - GA,Tea,inferred,,yes,5.0,672,0.733,3.667,916.4,15.273,183.3,
2026-04-07,2026-04,Maisa 2+3,,40031,ORG Almond Amaretto 25CT Tea Bag - GA,Tea,governed,high,yes,5.0,672,2.067,10.333,325.2,5.419,65.0,
2026-04-07,2026-04,Maisa 2+3,,Clean,Standard Clean,Tea,inferred,,,5.0,0,0.633,3.167,,,,
2026-04-07,2026-04,Maisa 2+3,,CleanA,Clean + Almond Test,Tea,inferred,,,5.0,0,,,,,,
2026-04-07,2026-04,Maisa 2+3,,TB010,ORG Vanilla Nut Tea Bag Loose - GA,Tea bag (intermediate),item-code,,yes,4.0,19340,2.733,10.933,7075.6,117.927,1768.9,
2026-04-07,2026-04,Maisa 2+3,,TB030,ORG Almond Amaretto Tea Bag - GA,Tea bag (intermediate),item-code,,yes,4.0,20000,2.167,8.667,9230.8,153.846,2307.7,
2026-04-07,2026-04,Maisa 2+3,,TB503,ORG Lion's Mane Rhodiola Loose Tea Bag - G,Tea bag (intermediate),item-code,,yes,4.0,4000,1.367,5.467,2926.8,48.78,731.7,
2026-04-07,2026-04,WeighRight,,53220,Dandelion Caramel Nut 30g Trial Size Packet - A,Bag/Other,inferred,,yes,3.0,2700,4.317,12.95,625.5,10.425,208.5,
2026-04-07,2026-04,WeighRight,,80140L,ORG Original 10oz Bag/Box of 24 - G,APG,governed,high,yes,3.0,672,2.083,6.25,322.6,5.376,107.5,
2026-04-07,2026-04,WeighRight,,83220A,AMZN Dandelion Caramel Nut 10 Oz Bag/Box of 24 - A,Bag/Other,inferred,,yes,3.0,432,0.75,2.25,576.0,9.6,192.0,
2026-04-07,2026-04,WeighRight,,83220L,Dandelion Caramel Nut 10 Oz Bag/Box of 24 - A,Bag/Other,inferred,,yes,3.0,432,0.867,2.6,498.5,8.308,166.2,
2026-04-07,2026-04,WeighRight,,85070,ORG Miraculous Mushrooms A&P 6Ct/10Oz APG Bag,APG,inferred,,yes,3.0,846,1.217,3.65,695.3,11.589,231.8,
2026-04-07,2026-04,WeighRight,,Air Clean Out,Air Clean out of Machine (no testing necessary),Bag/Other,inferred,,,3.0,0,0.383,1.15,,,,
2026-04-07,2026-04,WeighRight,,CleanA,Clean + Almond Test,Bag/Other,inferred,,,3.0,0,0.25,0.75,,,,
2026-04-08,2026-04,AMS,machine(Amy),10026,ORG Orange Peel 8 Oz Bag,Bag/Other,inferred,,yes,4.0,528,3.083,12.333,171.2,2.854,42.8,
2026-04-08,2026-04,Assembly,,29002,ORG FR/HZ/VN 300g Variety Pack,Bundle,inferred,,yes,1.0,35,1.667,1.667,21.0,0.35,21.0,
2026-04-08,2026-04,Assembly,,90012,,Bag/Other,inferred,,yes,1.0,25,3.133,3.133,8.0,0.133,8.0,
2026-04-08,2026-04,Assembly,,TGB331,ORG Dandelion Mocha Mint Tea Bag Goody Bag - A,Tea,inferred,,yes,1.0,25,0.167,0.167,150.0,2.5,150.0,
2026-04-08,2026-04,Assembly,,TGB334,ORG Dandelion Coconut Tea Bag Goody Bag - A,Tea,inferred,,yes,1.0,25,0.783,0.783,31.9,0.532,31.9,
2026-04-08,2026-04,Assembly,,TGB503,Lion's Mane Rhodiola Tea Goody Bag - G,Bag/Other,inferred,,yes,1.0,250,0.917,0.917,272.7,4.545,272.7,
2026-04-08,2026-04,Assembly,,TGB505,Turkey Tail Astragalus Tea Goody Bag - G,Bag/Other,inferred,,yes,1.0,250,0.8,0.8,312.5,5.208,312.5,
2026-04-08,2026-04,Maisa 1,,43226,Dandelion Caramel Nut Tagless Tea Bag - 50 Ct - A,Tea,governed,high,yes,3.0,453,5.417,16.25,83.6,1.394,27.9,
2026-04-08,2026-04,Maisa 1,,TB322,ORG Dandelion Caramel Nut Tea Bag - A,Tea bag (intermediate),item-code,,yes,3.0,19000,4.317,12.95,4401.5,73.359,1467.2,
2026-04-08,2026-04,Maisa 2+3,,42041,Snickerdoodle 25CT Tea Bag - GA,Tea,governed,high,yes,5.0,735,2.283,11.417,321.9,5.365,64.4,
2026-04-08,2026-04,Maisa 2+3,,43221,ORG Dandelion Caramel Nut 25CT Tea Bag - A,Tea,governed,high,yes,5.0,840,3.267,16.333,257.1,4.286,51.4,
2026-04-08,2026-04,Maisa 2+3,,43223,ORG Dandelion Caramel Nut 25CT Tea Bag 3PK - A,Tea,inferred,,yes,5.0,240,2.567,12.833,93.5,1.558,18.7,
2026-04-08,2026-04,Maisa 2+3,,Clean,Standard Clean,Tea,inferred,,,5.0,0,0.383,1.917,,,,
2026-04-08,2026-04,Maisa 2+3,,CleanG,Clean + Gluten Test,Tea,inferred,,,5.0,0,0.567,2.833,,,,
2026-04-08,2026-04,Maisa 2+3,,TB503,ORG Lion's Mane Rhodiola Loose Tea Bag - G,Tea bag (intermediate),item-code,,yes,4.0,5550,0.933,3.733,5946.4,99.107,1486.6,
2026-04-08,2026-04,WeighRight,,50070,ORG Java 30g Trial Size Packet - GA,Bag/Other,inferred,,yes,3.0,1440,2.583,7.75,557.4,9.29,185.8,
2026-04-08,2026-04,WeighRight,,50110,ORG French Roast 30g Trial Size Packet - G,Bag/Other,inferred,,yes,3.0,1620,2.7,8.1,600.0,10.0,200.0,
2026-04-08,2026-04,WeighRight,,60070,ORG Java 5 Lb Bag - GA,Bag/Other,inferred,,yes,3.0,80,0.733,2.2,109.1,1.818,36.4,
2026-04-08,2026-04,WeighRight,,80070,ORG Java 11OZ Bag/6 Count Case - GA,Bag/Other,inferred,,yes,3.0,480,1.0,3.0,480.0,8.0,160.0,
2026-04-08,2026-04,WeighRight,,80073,ORG Java 11OZ Bag 3PK - GA,Bag/Other,inferred,,yes,3.0,352,1.833,5.5,192.0,3.2,64.0,
2026-04-08,2026-04,WeighRight,,80140L,ORG Original 10oz Bag/Box of 24 - G,APG,governed,high,yes,3.0,56,0.283,0.85,197.6,3.294,65.9,
2026-04-08,2026-04,WeighRight,,Air Clean Out,Air Clean out of Machine (no testing necessary),Bag/Other,inferred,,,3.0,0,0.267,0.8,,,,
2026-04-08,2026-04,WeighRight,,CleanA,Clean + Almond Test,Bag/Other,inferred,,,3.0,0,0.633,1.9,,,,
2026-04-09,2026-04,AMS,machine(Amy),85050L,ORG Turkey Tail Astragalus 10 Oz Bag/Box of 24 - G,Bag/Other,inferred,,yes,2.0,240,1.417,2.833,169.4,2.824,84.7,
2026-04-09,2026-04,AMS,machine(Amy),Converting jobs,,Bag/Other,inferred,,,,0,10.167,,,,,
2026-04-09,2026-04,AMS,machine(Amy),TB332,ORG Dandelion Red Chai Tea Bag,Tea bag (intermediate),item-code,,yes,2.0,9025,5.0,10.0,1805.0,30.083,902.5,
2026-04-09,2026-04,Assembly,,29002,ORG FR/HZ/VN 300g Variety Pack,Bundle,inferred,,,1.0,0,3.0,3.0,,,,
2026-04-09,2026-04,Assembly,,40130,ORG Maca Chocolate 10ct/6pk Tea Bag - G,Tea,inferred,,yes,1.0,492,9.517,9.517,51.7,0.862,51.7,
2026-04-09,2026-04,Assembly,,43110F,Dandelion Dark Roast Dual Language 10ct/6pk Tea Bag,Tea,inferred,,yes,1.0,420,5.083,5.083,82.6,1.377,82.6,
2026-04-09,2026-04,Assembly,,45001,Mushroom Adaptogen TB Sampler Box - 6 Count Case - G,Sampler,inferred,,yes,4.0,54,0.4,1.6,135.0,2.25,33.8,
2026-04-09,2026-04,Assembly,,TGB110,ORG French Roast Tea Bag Goody Bag - G,Tea,inferred,,yes,1.0,250,1.167,1.167,214.3,3.571,214.3,
2026-04-09,2026-04,Maisa 1,,47010,75147 TJ ORG Roasted Herbal Cofee (12 Pack) - G,Tea,inferred,,yes,3.0,2448,7.917,23.75,309.2,5.154,103.1,
2026-04-09,2026-04,Maisa 1,,CleanA,Clean + Almond Test,Tea,inferred,,,3.0,0,0.217,0.65,,,,
2026-04-09,2026-04,Maisa 1,,TB322,ORG Dandelion Caramel Nut Tea Bag - A,Tea bag (intermediate),item-code,,yes,3.0,8096,1.617,4.85,5007.8,83.464,1669.3,
2026-04-09,2026-04,Maisa 2+3,,47010,75147 TJ ORG Roasted Herbal Cofee (12 Pack) - G,Tea,inferred,,yes,5.0,7056,9.667,48.333,729.9,12.166,146.0,
2026-04-09,2026-04,Maisa 2+3,,CleanA,Clean + Almond Test,Tea,inferred,,,5.0,0,0.25,1.25,,,,
2026-04-09,2026-04,WeighRight,,50110,ORG French Roast 30g Trial Size Packet - G,Bag/Other,inferred,,yes,3.0,2520,1.467,4.4,1718.2,28.636,572.7,
2026-04-09,2026-04,WeighRight,,80110,ORG French Roast 11OZ Bag/6 Count Case - G,Bag/Other,inferred,,,3.0,0,3.2,9.6,,,,
2026-04-09,2026-04,WeighRight,,80110A,AMZN Org French Roast 11OZ Bag/Box of 24 - G,Bag/Other,inferred,,yes,3.0,864,1.767,5.3,489.1,8.151,163.0,
2026-04-09,2026-04,WeighRight,,80110L,Org French Roast 11oz Bag/Box of 24 - G,Bag/Other,inferred,,yes,3.0,816,1.583,4.75,515.4,8.589,171.8,
2026-04-09,2026-04,WeighRight,,80113,ORG French Roast 11OZ Bag 3PK - G,Bag/Other,inferred,,yes,3.0,320,1.75,5.25,182.9,3.048,61.0,
2026-04-13,2026-04,AMS,machine(Amy),40060L,Org Hazelnut 10 Ct Tea Bag Loose - GA,Tea,governed,high,yes,2.0,192,0.867,1.733,221.5,3.692,110.8,
2026-04-13,2026-04,AMS,machine(Amy),40060L,Org Hazelnut 10 Ct Tea Bag Loose - GA,Tea,governed,high,yes,2.0,320,1.417,2.833,225.9,3.765,112.9,
2026-04-13,2026-04,AMS,machine(Amy),43341,Dandelion Coconut 25 Count Tea Bag - A,Tea,governed,high,,4.0,0,,,,,,
2026-04-13,2026-04,AMS,machine(Amy),80040L,ORG Blood Orange 11OZ Bag/Box of 24 - GA,Bag/Other,inferred,,yes,4.0,576,3.2,12.8,180.0,3.0,45.0,
2026-04-13,2026-04,Assembly,,40001,Herbal Tea Sampler Box - 6 Count Case,Sampler,inferred,,yes,2.0,76,1.25,2.5,60.8,1.013,30.4,
2026-04-13,2026-04,Assembly,,40130,ORG Maca Chocolate 10ct/6pk Tea Bag - G,Tea,inferred,,yes,1.0,228,4.483,4.483,50.9,0.848,50.9,
2026-04-13,2026-04,Assembly,,42080L,ORG Irish Cream 10ct Loose - G,Bag/Other,inferred,,yes,1.0,144,2.75,2.75,52.4,0.873,52.4,
2026-04-13,2026-04,Assembly,,43110F,Dandelion Dark Roast Dual Language 10ct/6pk Tea Bag,Tea,inferred,,yes,1.0,300,22.517,22.517,13.3,0.222,13.3,
2026-04-13,2026-04,Assembly,,50093,Wellness Packet Sampler Pack,Sampler,governed,high,yes,1.0,90,4.583,4.583,19.6,0.327,19.6,
2026-04-13,2026-04,Assembly,,85010L,ORG Reishi Eleuthero 10 Oz Bag/Box of 24 - G,APG,governed,high,yes,2.0,288,0.5,1.0,576.0,9.6,288.0,
2026-04-13,2026-04,Maisa 1,,47010,75147 TJ ORG Roasted Herbal Cofee (12 Pack) - G,Tea,inferred,,yes,3.0,4296,10.0,30.0,429.6,7.16,143.2,
2026-04-13,2026-04,Maisa 2+3,,47010,75147 TJ ORG Roasted Herbal Cofee (12 Pack) - G,Tea,inferred,,yes,5.0,8328,10.05,50.25,828.7,13.811,165.7,
2026-04-13,2026-04,WeighRight,,52040,ORG Snickerdoodle 30g Trial Size Packet - GA,APG,governed,high,yes,3.0,593,1.15,3.45,515.7,8.594,171.9,
2026-04-13,2026-04,WeighRight,,53310,Dandelion Mocha Mint 30g Trial Size Packet - A,Bag/Other,inferred,,yes,3.0,1440,2.65,7.95,543.4,9.057,181.1,
2026-04-13,2026-04,WeighRight,,62060,ORG Maple Pecan 5 Lb Bag - GA,Bag/Other,inferred,,,3.0,0,0.317,0.95,,,,
2026-04-13,2026-04,WeighRight,,80110,ORG French Roast 11OZ Bag/6 Count Case - G,Bag/Other,inferred,,yes,3.0,1740,2.433,7.3,715.1,11.918,238.4,
2026-04-13,2026-04,WeighRight,,80130A,AMZN Org Maca Chocolate 11OZ Bag/Box of 24 - G,Bag/Other,inferred,,yes,3.0,480,1.167,3.5,411.4,6.857,137.1,
2026-04-13,2026-04,WeighRight,,83310L,ORG Dandelion Mocha Mint 10 Oz Bag/Box of 24 - A,Bag/Other,inferred,,yes,3.0,249,0.867,2.6,287.3,4.788,95.8,
2026-04-13,2026-04,WeighRight,,83310L,ORG Dandelion Mocha Mint 10 Oz Bag/Box of 24 - A,Bag/Other,inferred,,yes,3.0,249,0.867,2.6,287.3,4.788,95.8,
2026-04-13,2026-04,WeighRight,,Air Clean Out,Air Clean out of Machine (no testing necessary),Bag/Other,inferred,,,3.0,0,0.833,2.5,,,,
2026-04-13,2026-04,WeighRight,,Air Clean Out,Air Clean out of Machine (no testing necessary),Bag/Other,inferred,,,3.0,0,0.35,1.05,,,,
2026-04-13,2026-04,WeighRight,,CleanA,Clean + Almond Test,Bag/Other,inferred,,,3.0,0,0.417,1.25,,,,
2026-04-13,2026-04,WeighRight,,CleanG,Clean + Gluten Test,Bag/Other,inferred,,,3.0,0,0.467,1.4,,,,
2026-04-14,2026-04,AMS,machine(Amy),10013,"ORG Hibisicus, 8 Oz Bag",Bag/Other,inferred,,yes,4.0,1776,5.483,21.933,323.9,5.398,81.0,
2026-04-14,2026-04,Assembly,,40001,Herbal Tea Sampler Box - 6 Count Case,Sampler,inferred,,yes,2.0,77,7.083,14.167,10.9,0.181,5.4,
2026-04-14,2026-04,Assembly,,40081,ORG Mocha 25CT Tea Bag - GA,Tea,governed,high,yes,2.0,225,0.5,1.0,450.0,7.5,225.0,
2026-04-14,2026-04,Assembly,,42080L,ORG Irish Cream 10ct Loose - G,Bag/Other,inferred,,yes,1.0,288,9.0,9.0,32.0,0.533,32.0,
2026-04-14,2026-04,Assembly,,45051,ORG Turkey Tail Astragalus 25 Ct Tea Bag - G,Tea,governed,high,yes,2.0,324,1.667,3.333,194.4,3.24,97.2,
2026-04-14,2026-04,Assembly,,TGB130,ORG Maca Chocolate Tea Bag Goody Bag,Tea,inferred,,yes,1.0,250,1.583,1.583,157.9,2.632,157.9,
2026-04-14,2026-04,Maisa 1,,47010,75147 TJ ORG Roasted Herbal Cofee (12 Pack) - G,Tea,inferred,,yes,3.0,4296,10.0,30.0,429.6,7.16,143.2,
2026-04-14,2026-04,Maisa 2+3,,47010,75147 TJ ORG Roasted Herbal Cofee (12 Pack) - G,Tea,inferred,,yes,3.0,4416,10.0,30.0,441.6,7.36,147.2,
2026-04-14,2026-04,WeighRight,,80060,ORG Hazelnut 11OZ Bag/6 Count Case - GA,Bag/Other,inferred,,yes,3.0,1380,3.783,11.35,364.8,6.079,121.6,
2026-04-14,2026-04,WeighRight,,80060A,AMZN Org Hazelnut 11OZ Bag/Box of 24 - GA,Bag/Other,inferred,,yes,3.0,1200,3.133,9.4,383.0,6.383,127.7,
2026-04-14,2026-04,WeighRight,,80063,ORG Hazelnut 11OZ Bag 3PK  - GA,Bag/Other,inferred,,yes,3.0,320,1.8,5.4,177.8,2.963,59.3,
2026-04-14,2026-04,WeighRight,,Air Clean Out,Air Clean out of Machine (no testing necessary),Bag/Other,inferred,,,3.0,0,1.033,3.1,,,,
2026-04-15,2026-04,AMS,machine(Amy),10013,"ORG Hibisicus, 8 Oz Bag",Bag/Other,inferred,,yes,4.0,2772,9.75,39.0,284.3,4.738,71.1,
2026-04-15,2026-04,Assembly,,40001,Herbal Tea Sampler Box - 6 Count Case,Sampler,inferred,,yes,2.0,77,7.083,14.167,10.9,0.181,5.4,
2026-04-15,2026-04,Assembly,,40063,ORG Hazelnut 25CT Tea Bag 3PK - GA,Tea,inferred,,yes,1.0,44,8.05,8.05,5.5,0.091,5.5,
2026-04-15,2026-04,Maisa 1,,43310L,Org Dandelion Mocha Mint 10 Ct Tea Bag Loose - A,Tea,governed,high,yes,3.0,432,1.767,5.3,244.5,4.075,81.5,
2026-04-15,2026-04,Maisa 1,,43311,Dandelion Mocha Mint 25 Count Tea Bag - A,Tea,governed,high,yes,3.0,504,5.9,17.7,85.4,1.424,28.5,
2026-04-15,2026-04,Maisa 1,,47010,75147 TJ ORG Roasted Herbal Cofee (12 Pack) - G,Tea,inferred,,yes,3.0,1656,1.5,4.5,1104.0,18.4,368.0,
2026-04-15,2026-04,Maisa 1,,CleanG,Clean + Gluten Test,Tea,inferred,,,3.0,0,0.833,2.5,,,,
2026-04-15,2026-04,Maisa 2+3,,45050,ORG Turkey Tail Astragalus 10 Ct Tea Bag/6 Count Case - G,Tea,inferred,,yes,5.0,4140,6.533,32.667,633.7,10.561,126.7,
2026-04-15,2026-04,Maisa 2+3,,47010,75147 TJ ORG Roasted Herbal Cofee (12 Pack) - G,Tea,inferred,,yes,5.0,3312,2.8,14.0,1182.9,19.714,236.6,
2026-04-15,2026-04,Maisa 2+3,,Clean,Standard Clean,Tea,inferred,,,5.0,0,0.583,2.917,,,,
2026-04-15,2026-04,WeighRight,,60060,ORG Hazelnut 5 Lb Bag - GA,Bag/Other,inferred,,yes,3.0,80,0.733,2.2,109.1,1.818,36.4,
2026-04-15,2026-04,WeighRight,,80010,ORG Vanilla Nut 11oz Bag/6 Count Case - GA,Bag/Other,inferred,,yes,3.0,1380,3.05,9.15,452.5,7.541,150.8,
2026-04-15,2026-04,WeighRight,,80060,ORG Hazelnut 11OZ Bag/6 Count Case - GA,Bag/Other,inferred,,yes,3.0,1380,3.567,10.7,386.9,6.449,129.0,
2026-04-16,2026-04,AMS,machine(Amy),10013,"ORG Hibisicus, 8 Oz Bag",Bag/Other,inferred,,yes,4.0,264,0.717,2.867,368.4,6.14,92.1,
2026-04-16,2026-04,AMS,machine(Amy),10027,Organic Licorice C/S - 8 Oz Bag,Bag/Other,inferred,,yes,4.0,70,0.333,1.333,210.0,3.5,52.5,
2026-04-16,2026-04,AMS,machine(Amy),10044,AMZN- WWB-ORG Hibiscus - 1 Lb Bag,Bag/Other,inferred,,yes,4.0,405,2.233,8.933,181.3,3.022,45.3,
2026-04-16,2026-04,AMS,machine(Amy),10201,WWB - ORG Peppermint Leaf - 4 Oz Bag,Bag/Other,inferred,,yes,4.0,1080,5.333,21.333,202.5,3.375,50.6,
2026-04-16,2026-04,AMS,machine(Amy),Air clean out,Air Clean out of Machine (no testing necessary),Bag/Other,inferred,,,4.0,0,0.4,1.6,,,,
2026-04-16,2026-04,AMS,machine(Amy),Different tooling,,Bag/Other,inferred,,,1.0,0,0.5,0.5,,,,
2026-04-16,2026-04,Assembly,,40001L,Herbal Tea Sampler Box - Loose,Sampler,governed,high,yes,2.0,460,2.5,5.0,184.0,3.067,92.0,
2026-04-16,2026-04,Assembly,,40063,ORG Hazelnut 25CT Tea Bag 3PK - GA,Tea,inferred,,yes,1.0,76,7.467,7.467,10.2,0.17,10.2,
2026-04-16,2026-04,Assembly,,43371,ORG Blueberry Vanilla 25-Ct Tea Bag,Tea,inferred,,yes,1.0,25,2.95,2.95,8.5,0.141,8.5,
2026-04-16,2026-04,Maisa 1,,43011,ORG Dandelion Vanilla Nut 25CT Tea Bag - A,Tea,governed,high,yes,3.0,380,2.1,6.3,181.0,3.016,60.3,
2026-04-16,2026-04,Maisa 1,,43311,Dandelion Mocha Mint 25 Count Tea Bag - A,Tea,governed,high,yes,3.0,931,7.067,21.2,131.7,2.196,43.9,
2026-04-16,2026-04,Maisa 1,,Clean,Standard Clean,Tea,inferred,,,3.0,0,0.55,1.65,,,,
2026-04-16,2026-04,Maisa 2+3,,CleanG,Clean + Gluten Test,Tea,inferred,,,2.0,0,0.417,0.833,,,,
2026-04-16,2026-04,Maisa 2+3,,Dissambling jobs,,Tea,inferred,,,2.0,0,2.5,5.0,,,,
2026-04-16,2026-04,Maisa 2+3,,TB505,ORG Turkey Tail Astragalus Loose Tea Bag - G,Tea bag (intermediate),item-code,,yes,2.0,18000,7.283,14.567,2471.4,41.19,1235.7,
2026-04-16,2026-04,WeighRight,,10023,WWB - ORG Elderberries - 1 Lb Bag,Bag/Other,inferred,,yes,3.0,600,2.167,6.5,276.9,4.615,92.3,
2026-04-16,2026-04,WeighRight,,50089,ORG Raspberry Mocha 30g Trial Size Packet - GA,Bag/Other,inferred,,yes,3.0,857,1.817,5.45,471.7,7.862,157.2,
2026-04-16,2026-04,WeighRight,,55050,Turkey Tail Astragalus 30g Trial Size Packet - G,Bag/Other,inferred,,yes,3.0,766,1.433,4.3,534.4,8.907,178.1,
2026-04-16,2026-04,WeighRight,,60010,ORG Vanilla Nut 5 Lb Bag - GA,Bag/Other,inferred,,yes,3.0,56,23.483,70.45,2.4,0.04,0.8,
2026-04-16,2026-04,WeighRight,,65050,ORG Turkey Tail Astragalus 5 Lb Bag - G,Bag/Other,inferred,,yes,3.0,27,0.25,0.75,108.0,1.8,36.0,
2026-04-16,2026-04,WeighRight,,80010,ORG Vanilla Nut 11oz Bag/6 Count Case - GA,Bag/Other,inferred,,yes,3.0,510,1.067,3.2,478.1,7.969,159.4,
2026-04-16,2026-04,WeighRight,,Air Clean Out,Air Clean out of Machine (no testing necessary),Bag/Other,inferred,,,3.0,0,1.783,5.35,,,,
2026-04-16,2026-04,WeighRight,,Air Clean Out,Air Clean out of Machine (no testing necessary),Bag/Other,inferred,,,3.0,0,0.95,2.85,,,,
2026-04-16,2026-04,WeighRight,,Air Clean Out,Air Clean out of Machine (no testing necessary),Bag/Other,inferred,,,3.0,0,0.317,0.95,,,,
2026-04-16,2026-04,WeighRight,,CleanGA,Clean + Gluten + Almond Tests,Bag/Other,inferred,,,3.0,0,1.383,4.15,,,,
2026-04-20,2026-04,AMS,machine(Amy),10027,Organic Licorice C/S - 8 Oz Bag,Bag/Other,inferred,,yes,4.0,650,2.8,11.2,232.1,3.869,58.0,
2026-04-20,2026-04,AMS,machine(Amy),10033,Powdered Fine Date Sugar - 1 Lb Bag,Bag/Other,inferred,,yes,4.0,120,0.667,2.667,180.0,3.0,45.0,
2026-04-20,2026-04,AMS,machine(Amy),10302A,WWB Organic Cinnamon Powder 1lb - AMZN Label,Bag/Other,inferred,,yes,4.0,180,1.667,6.667,108.0,1.8,27.0,
2026-04-20,2026-04,AMS,machine(Amy),40071,ORG Java 25CT Tea Bag - GA,Tea,governed,high,yes,1.0,108,0.75,0.75,144.0,2.4,144.0,
2026-04-20,2026-04,AMS,machine(Amy),40071,ORG Java 25CT Tea Bag - GA,Tea,governed,high,yes,1.0,108,0.75,0.75,144.0,2.4,144.0,
2026-04-20,2026-04,AMS,machine(Amy),Air clean out,Air Clean out of Machine (no testing necessary),Bag/Other,inferred,,,,0,0.417,,,,,
2026-04-20,2026-04,AMS,machine(Amy),Air clean out,Air Clean out of Machine (no testing necessary),Bag/Other,inferred,,,,0,1.617,,,,,
2026-04-20,2026-04,Assembly,,40001L,Herbal Tea Sampler Box - Loose,Sampler,governed,high,yes,4.0,1208,7.167,28.667,168.6,2.809,42.1,
2026-04-20,2026-04,Assembly,,43371,ORG Blueberry Vanilla 25-Ct Tea Bag,Tea,inferred,,yes,1.0,95,1.117,1.117,85.1,1.418,85.1,
2026-04-20,2026-04,Assembly,,80030L,ORG Almond Amaretto 11OZ Bag/Box of 24 - GA,Bag/Other,inferred,,yes,1.0,80,2.5,2.5,32.0,0.533,32.0,
2026-04-20,2026-04,Assembly,,INSERT01,Mailer Insert for Healthcare Practitioner Insert,Bag/Other,inferred,,yes,2.0,275,4.25,8.5,64.7,1.078,32.4,
2026-04-20,2026-04,Maisa 1,,40016,Vanilla Nut Tagless Tea Bag - 50 Ct - GA,Tea,governed,high,yes,3.0,180,3.017,9.05,59.7,0.994,19.9,
2026-04-20,2026-04,Maisa 1,,43011,ORG Dandelion Vanilla Nut 25CT Tea Bag - A,Tea,governed,high,yes,3.0,203,1.25,3.75,162.4,2.707,54.1,
2026-04-20,2026-04,Maisa 1,,43341,Dandelion Coconut 25 Count Tea Bag - A,Tea,governed,high,yes,3.0,576,3.483,10.45,165.4,2.756,55.1,
2026-04-20,2026-04,Maisa 1,,Clean,Standard Clean,Tea,inferred,,,3.0,0,0.383,1.15,,,,
2026-04-20,2026-04,Maisa 1,,Clean,Standard Clean,Tea,inferred,,,3.0,0,0.533,1.6,,,,
2026-04-20,2026-04,Maisa 1,,Clean,Standard Clean,Tea,inferred,,,3.0,0,0.55,1.65,,,,
2026-04-20,2026-04,Maisa 1,,TB070,ORG Java Tea Bag - GA,Tea bag (intermediate),item-code,,yes,3.0,3000,0.717,2.15,4186.0,69.767,1395.3,
2026-04-20,2026-04,Maisa 2+3,,43110,ORG Dandelion Dark Roast 10ct/6pk Tea Bag,Tea,inferred,,yes,5.0,7038,9.967,49.833,706.2,11.769,141.2,
2026-04-20,2026-04,WeighRight,,10042,ORG Burdock 1 Lb Bag,Bag/Other,inferred,,yes,3.0,840,2.333,7.0,360.0,6.0,120.0,
2026-04-20,2026-04,WeighRight,,50030,Almond Amaretto 30g Trial Size Packet - GA,Bag/Other,inferred,,yes,3.0,900,2.617,7.85,343.9,5.732,114.6,
2026-04-20,2026-04,WeighRight,,50089,ORG Raspberry Mocha 30g Trial Size Packet - GA,Bag/Other,inferred,,yes,3.0,223,0.5,1.5,446.0,7.433,148.7,
2026-04-20,2026-04,WeighRight,,80089L,ORG Raspberry Mocha 11OZ Bag/Box of 24 - GA,APG,governed,high,yes,3.0,840,1.833,5.5,458.2,7.636,152.7,
2026-04-20,2026-04,WeighRight,,Air Clean Out,Air Clean out of Machine (no testing necessary),Bag/Other,inferred,,,3.0,0,0.8,2.4,,,,
2026-04-20,2026-04,WeighRight,,Air Clean Out,Air Clean out of Machine (no testing necessary),Bag/Other,inferred,,,3.0,0,0.417,1.25,,,,
2026-04-20,2026-04,WeighRight,,CleanGA,Clean + Gluten + Almond Tests,Bag/Other,inferred,,,3.0,0,0.583,1.75,,,,
2026-04-21,2026-04,AMS,machine(Amy),40110L,Org French Roast 10 Ct Tea Bag Loose - G,Tea,governed,high,yes,1.0,768,4.467,4.467,171.9,2.866,171.9,
2026-04-21,2026-04,AMS,machine(Amy),40130L,Org Maca Chocolate 10 Ct Tea Bag Loose - G,Tea,governed,high,yes,1.0,448,1.917,1.917,233.7,3.896,233.7,
2026-04-21,2026-04,AMS,machine(Amy),40132,ORG Maca Chocolate 25CT Tea Bag - G,Tea,governed,high,yes,1.0,360,2.6,2.6,138.5,2.308,138.5,
2026-04-21,2026-04,AMS,machine(Amy),43220L,Org Dandelion Caramel Nut 10 Ct Tea Bag Loose - A,Tea,governed,high,yes,1.0,356,0.85,0.85,418.8,6.98,418.8,
2026-04-21,2026-04,AMS,machine(Amy),43310L,Org Dandelion Mocha Mint 10 Ct Tea Bag Loose - A,Tea,governed,high,yes,1.0,192,0.95,0.95,202.1,3.368,202.1,
2026-04-21,2026-04,AMS,machine(Amy),43311,Dandelion Mocha Mint 25 Count Tea Bag - A,Tea,governed,high,yes,1.0,216,1.367,1.367,158.0,2.634,158.0,
2026-04-21,2026-04,AMS,machine(Amy),45031,ORG Lion's Mane Rhodiola 25 Ct Tea Bag - G,Tea,inferred,,yes,1.0,144,1.383,1.383,104.1,1.735,104.1,
2026-04-21,2026-04,AMS,machine(Amy),80020L,ORG Chocolate Mint 11OZ Bag/Box of 24 - GA,Bag/Other,inferred,,yes,1.0,384,1.9,1.9,202.1,3.368,202.1,
2026-04-21,2026-04,AMS,machine(Amy),80020L,ORG Chocolate Mint 11OZ Bag/Box of 24 - GA,Bag/Other,inferred,,yes,1.0,240,0.9,0.9,266.7,4.444,266.7,
2026-04-21,2026-04,AMS,machine(Amy),80020L,ORG Chocolate Mint 11OZ Bag/Box of 24 - GA,Bag/Other,inferred,,yes,1.0,48,1.65,1.65,29.1,0.485,29.1,
2026-04-21,2026-04,AMS,machine(Amy),83220,ORG Dandelion Caramel Nut 10 Oz Bag/6 Count Case - A,Bag/Other,inferred,,yes,1.0,384,2.167,2.167,177.2,2.954,177.2,
2026-04-21,2026-04,AMS,machine(Amy),83220,ORG Dandelion Caramel Nut 10 Oz Bag/6 Count Case - A,Bag/Other,inferred,,yes,1.0,192,1.267,1.267,151.6,2.526,151.6,
2026-04-21,2026-04,Assembly,,40001L,Herbal Tea Sampler Box - Loose,Sampler,governed,high,yes,2.0,420,2.5,5.0,168.0,2.8,84.0,
2026-04-21,2026-04,Assembly,,INSERT01,Mailer Insert for Healthcare Practitioner Insert,Bag/Other,inferred,,yes,2.0,525,10.317,20.633,50.9,0.848,25.4,
2026-04-21,2026-04,Maisa 1,,40016,Vanilla Nut Tagless Tea Bag - 50 Ct - GA,Tea,governed,high,yes,3.0,180,1.117,3.35,161.2,2.687,53.7,
2026-04-21,2026-04,Maisa 1,,CleanGA,Clean + Gluten + Almond Tests,Tea,inferred,,,3.0,0,0.7,2.1,,,,
2026-04-21,2026-04,Maisa 1,,dissambling jobs,,Tea,inferred,,,3.0,0,,,,,,
2026-04-21,2026-04,Maisa 2+3,,43110,ORG Dandelion Dark Roast 10ct/6pk Tea Bag,Tea,inferred,,yes,5.0,1242,2.1,10.5,591.4,9.857,118.3,
2026-04-21,2026-04,Maisa 2+3,,43110A,AMZN Org Dandelion Dark Roast 10 Ct Tea Bag Loose,Tea,inferred,,yes,5.0,432,0.583,2.917,740.6,12.343,148.1,
2026-04-21,2026-04,Maisa 2+3,,43110F,Dandelion Dark Roast Dual Language 10ct/6pk Tea Bag,Tea,inferred,,yes,5.0,1380,2.417,12.083,571.0,9.517,114.2,
2026-04-21,2026-04,Maisa 2+3,,43111,ORG Dandelion Dark Roast 25CT Tea Bag,Tea,governed,high,yes,5.0,768,3.167,15.833,242.5,4.042,48.5,
2026-04-21,2026-04,Maisa 2+3,,Clean,Standard Clean,Tea,inferred,,,5.0,0,0.55,2.75,,,,
2026-04-21,2026-04,Maisa 2+3,,TB311,ORG Dandelion Dark Roast Tea Bag,Tea bag (intermediate),item-code,,yes,4.0,18000,5.45,21.8,3302.8,55.046,825.7,
2026-04-21,2026-04,Maisa 2+3,,TB311,ORG Dandelion Dark Roast Tea Bag,Tea bag (intermediate),item-code,,yes,4.0,2000,2.283,9.133,875.9,14.599,219.0,
2026-04-21,2026-04,WeighRight,,53080,Dandelion Mocha 30g Trial Size Packet - A,Bag/Other,inferred,,yes,3.0,1291,2.133,6.4,605.2,10.086,201.7,
2026-04-21,2026-04,WeighRight,,53340,Dandelion Coconut 30g Trial Size Packet - A,APG,governed,high,yes,3.0,2160,3.567,10.7,605.6,10.093,201.9,
2026-04-21,2026-04,WeighRight,,63080,ORG Dandelion Mocha 5 Lb Bag - A,Bag/Other,inferred,,yes,3.0,32,0.3,0.9,106.7,1.778,35.6,
2026-04-21,2026-04,WeighRight,,63110,ORG Dandelion Dark Roast 5 Lb Bag,APG,governed,high,yes,3.0,80,0.533,1.6,150.0,2.5,50.0,
2026-04-21,2026-04,WeighRight,,63340,ORG Dandelion Coconut 5 Lb Bag - A,APG,governed,high,yes,3.0,20,0.183,0.55,109.1,1.818,36.4,
2026-04-21,2026-04,WeighRight,,66010,ORG Dark Chocolate 5 Lb Bag,Bag/Other,inferred,,yes,3.0,48,0.283,0.85,169.4,2.824,56.5,
2026-04-21,2026-04,WeighRight,,83340L,ORG Dandelion Coconut 10 Oz Bag/Box of 24 - A,APG,governed,high,yes,3.0,432,0.9,2.7,480.0,8.0,160.0,
2026-04-21,2026-04,WeighRight,,86010,ORG Dark Chocolate 10 Oz Bag/6 Count Case,Bag/Other,inferred,,yes,3.0,720,1.533,4.6,469.6,7.826,156.5,
2026-04-21,2026-04,WeighRight,,Air Clean Out,Air Clean out of Machine (no testing necessary),Bag/Other,inferred,,,3.0,0,0.117,0.35,,,,
2026-04-21,2026-04,WeighRight,,Air Clean Out,Air Clean out of Machine (no testing necessary),Bag/Other,inferred,,,3.0,0,0.3,0.9,,,,
2026-04-21,2026-04,WeighRight,,Air Clean Out,Air Clean out of Machine (no testing necessary),Bag/Other,inferred,,,3.0,0,0.2,0.6,,,,
2026-04-21,2026-04,WeighRight,,Air Clean Out,Air Clean out of Machine (no testing necessary),Bag/Other,inferred,,,3.0,0,0.317,0.95,,,,
2026-04-22,2026-04,AMS,machine(Amy),43081,ORG Dandelion Mocha 25CT Tea Bag - A,Tea,governed,high,yes,1.0,504,2.417,2.417,208.6,3.476,208.6,
2026-04-22,2026-04,AMS,machine(Amy),85020L,ORG Chaga Ashwagandha 10 Oz Bag/Box of 24,Bag/Other,inferred,,,1.0,0,,,,,,
2026-04-22,2026-04,AMS,machine(Amy),TB333,ORG Dandelion Turmeric Tea Bag,Tea bag (intermediate),item-code,,yes,1.0,3700,3.833,3.833,965.2,16.087,965.2,
2026-04-22,2026-04,AMS,machine(Amy),TB333,ORG Dandelion Turmeric Tea Bag,Tea bag (intermediate),item-code,,yes,2.0,3500,0.85,1.7,4117.6,68.627,2058.8,
2026-04-22,2026-04,Assembly,,40130,ORG Maca Chocolate 10ct/6pk Tea Bag - G,Tea,inferred,,yes,2.0,72,0.95,1.9,75.8,1.263,37.9,
2026-04-22,2026-04,Assembly,,50096,Top Six Packet Sampler pack,Sampler,inferred,,yes,2.0,150,4.367,8.733,34.4,0.573,17.2,
2026-04-22,2026-04,Assembly,,INSERT01,Mailer Insert for Healthcare Practitioner Insert,Bag/Other,inferred,,yes,1.0,200,6.55,6.55,30.5,0.509,30.5,
2026-04-22,2026-04,Maisa 1,,dissambling jobs,,Tea,inferred,,,3.0,0,,,,,,
2026-04-22,2026-04,Maisa 2+3,,46010,ORG Dark Chocolate 10 Ct Tea Bag/6 Count Case,Tea,inferred,,yes,5.0,4140,3.917,19.583,1057.0,17.617,211.4,
2026-04-22,2026-04,WeighRight,,50060,ORG Hazelnut 30g Trial Size Packet - GA,Bag/Other,inferred,,yes,3.0,2340,4.867,14.6,480.8,8.014,160.3,
2026-04-22,2026-04,WeighRight,,50070,ORG Java 30g Trial Size Packet - GA,Bag/Other,inferred,,yes,3.0,2160,3.8,11.4,568.4,9.474,189.5,
2026-04-22,2026-04,WeighRight,,52060,Maple Pecan 30g Trial Size Packet - GA,Bag/Other,inferred,,yes,3.0,360,0.8,2.4,450.0,7.5,150.0,
2026-04-22,2026-04,WeighRight,,Air Clean Out,Air Clean out of Machine (no testing necessary),Bag/Other,inferred,,,3.0,0,0.2,0.6,,,,
2026-04-22,2026-04,WeighRight,,Air Clean Out,Air Clean out of Machine (no testing necessary),Bag/Other,inferred,,,3.0,0,0.383,1.15,,,,
2026-04-23,2026-04,AMS,machine(Amy),40031,ORG Almond Amaretto 25CT Tea Bag - GA,Tea,governed,high,yes,1.0,360,1.35,1.35,266.7,4.444,266.7,
2026-04-23,2026-04,AMS,machine(Amy),43081,ORG Dandelion Mocha 25CT Tea Bag - A,Tea,governed,high,yes,2.0,432,0.95,1.9,454.7,7.579,227.4,
2026-04-23,2026-04,Maisa 1,,dissambling jobs,,Tea,inferred,,,3.0,0,,,,,,
2026-04-23,2026-04,Maisa 2+3,,45020,ORG Chaga Ashwagandha 10 Ct Tea Bag/6 Count Case,Tea,inferred,,yes,5.0,1440,2.833,14.167,508.2,8.471,101.6,
2026-04-23,2026-04,Maisa 2+3,,46010,ORG Dark Chocolate 10 Ct Tea Bag/6 Count Case,Tea,inferred,,yes,5.0,4824,5.117,25.583,942.8,15.713,188.6,
2026-04-23,2026-04,Maisa 2+3,,Clean,Standard Clean,Tea,inferred,,,5.0,0,0.45,2.25,,,,
2026-04-23,2026-04,Maisa 2+3,,TB601,ORG Dark Chocolate Loose Tea Bag,Tea bag (intermediate),item-code,,yes,4.0,12547,1.467,5.867,8554.8,142.58,2138.7,
2026-04-23,2026-04,WeighRight,,52060,Maple Pecan 30g Trial Size Packet - GA,Bag/Other,inferred,,yes,3.0,1501,2.7,8.1,555.9,9.265,185.3,
2026-04-23,2026-04,WeighRight,,55020,Chaga Ashwagandha 30g Trial Size Packet,Bag/Other,inferred,,yes,3.0,1800,3.5,10.5,514.3,8.571,171.4,
2026-04-23,2026-04,WeighRight,,85020,ORG Chaga Ashwagandha 10 Oz Bag/6 Count Case,Bag/Other,inferred,,yes,3.0,1236,3.333,10.0,370.8,6.18,123.6,
2026-04-23,2026-04,WeighRight,,CleanGA,Clean + Gluten + Almond Tests,Bag/Other,inferred,,,3.0,0,0.417,1.25,,,,
2026-04-27,2026-04,AMS,machine(Amy),30004,Instant Barley - 6 Oz Bag - G,Instant,inferred,,yes,4.0,144,0.8,3.2,180.0,3.0,45.0,
2026-04-27,2026-04,AMS,machine(Amy),30014L,Organic Instant Chicory 8 Oz Bag,Instant,inferred,,yes,4.0,600,3.7,14.8,162.2,2.703,40.5,
2026-04-27,2026-04,AMS,machine(Amy),40031,ORG Almond Amaretto 25CT Tea Bag - GA,Tea,governed,high,yes,2.0,180,0.833,1.667,216.0,3.6,108.0,
2026-04-27,2026-04,AMS,machine(Amy),Different tooling,,Bag/Other,inferred,,,4.0,0,,,,,,
2026-04-27,2026-04,Assembly,,50096,Top Six Packet Sampler pack,Sampler,inferred,,yes,1.0,120,3.917,3.917,30.6,0.511,30.6,
2026-04-27,2026-04,Maisa 1,,work on other projects,,Tea,inferred,,,3.0,0,,,,,,
2026-04-27,2026-04,Maisa 2+3,,45011,ORG Reishi Eleuthero 25 Ct Tea Bag - G,Tea,governed,high,yes,5.0,168,0.833,4.167,201.6,3.36,40.3,
2026-04-27,2026-04,Maisa 2+3,,45020,ORG Chaga Ashwagandha 10 Ct Tea Bag/6 Count Case,Tea,inferred,,yes,5.0,1320,1.283,6.417,1028.6,17.143,205.7,
2026-04-27,2026-04,Maisa 2+3,,45020,ORG Chaga Ashwagandha 10 Ct Tea Bag/6 Count Case,Tea,inferred,,yes,5.0,4230,6.783,33.917,623.6,10.393,124.7,
2026-04-27,2026-04,Maisa 2+3,,Clean,Standard Clean,Tea,inferred,,,5.0,0,0.75,3.75,,,,
2026-04-27,2026-04,WeighRight,,80010,ORG Vanilla Nut 11oz Bag/6 Count Case - GA,Bag/Other,inferred,,yes,3.0,978,2.317,6.95,422.2,7.036,140.7,
2026-04-27,2026-04,WeighRight,,80010,ORG Vanilla Nut 11oz Bag/6 Count Case - GA,Bag/Other,inferred,,yes,3.0,1236,2.7,8.1,457.8,7.63,152.6,
2026-04-27,2026-04,WeighRight,,80010,ORG Vanilla Nut 11oz Bag/6 Count Case - GA,Bag/Other,inferred,,yes,3.0,354,1.0,3.0,354.0,5.9,118.0,
2026-04-27,2026-04,WeighRight,,85020,ORG Chaga Ashwagandha 10 Oz Bag/6 Count Case,Bag/Other,inferred,,yes,3.0,144,0.5,1.5,288.0,4.8,96.0,
2026-04-27,2026-04,WeighRight,,85070L,ORG Miraculous Mushrooms A&P 10oz Bag/Box of 24,Bag/Other,inferred,,yes,3.0,1200,2.567,7.7,467.5,7.792,155.8,
2026-04-27,2026-04,WeighRight,,Air Clean Out,Air Clean out of Machine (no testing necessary),Bag/Other,inferred,,,3.0,0,0.367,1.1,,,,
2026-04-27,2026-04,WeighRight,,Air Clean Out,Air Clean out of Machine (no testing necessary),Bag/Other,inferred,,,3.0,0,0.4,1.2,,,,
2026-04-28,2026-04,AMS,machine(Amy),30004,Instant Barley - 6 Oz Bag - G,Instant,inferred,,yes,4.0,156,1.2,4.8,130.0,2.167,32.5,
2026-04-28,2026-04,AMS,machine(Amy),30007L,ORG Instant Miraculous Mushrooms AP 100g Bag,Instant,governed,high,yes,4.0,570,2.4,9.6,237.5,3.958,59.4,
2026-04-28,2026-04,Assembly,,40021,ORG Chocolate Mint 25CT Tea Bag - GA,Tea,governed,high,yes,1.0,180,4.8,4.8,37.5,0.625,37.5,
2026-04-28,2026-04,Assembly,,40097,Teecino Tea Bag 12 Flavor Sampler,Sampler,governed,high,yes,1.0,120,5.75,5.75,20.9,0.348,20.9,
2026-04-28,2026-04,Assembly,,50096,Top Six Packet Sampler pack,Sampler,inferred,,yes,1.0,90,5.0,5.0,18.0,0.3,18.0,
2026-04-28,2026-04,Assembly,,50097,Teeccino 30g Packet 10 Flavor Sampler,Sampler,governed,high,yes,1.0,60,1.667,1.667,36.0,0.6,36.0,
2026-04-28,2026-04,Maisa 1,,work on other projects,,Tea,inferred,,,3.0,0,,,,,,
2026-04-28,2026-04,Maisa 2+3,,45010,ORG Reishi Eleuthero 10 Ct Tea Bag/6 Count Case - G,Tea,inferred,,yes,5.0,4140,6.133,30.667,675.0,11.25,135.0,
2026-04-28,2026-04,Maisa 2+3,,45010L,ORG Reishi Eleuthero 10-Ct Tea Bag - G,Tea,governed,high,yes,5.0,288,0.433,2.167,664.6,11.077,132.9,
2026-04-28,2026-04,Maisa 2+3,,45011,ORG Reishi Eleuthero 25 Ct Tea Bag - G,Tea,governed,high,yes,5.0,264,0.95,4.75,277.9,4.632,55.6,
2026-04-28,2026-04,Maisa 2+3,,TB501,ORG Reishi Eleuthero Loose Tea Bag - G,Tea bag (intermediate),item-code,,yes,5.0,13000,2.15,10.75,6046.5,100.775,1209.3,
2026-04-28,2026-04,WeighRight,,50010,ORG Vanilla Nut 30g Trial Size Packet - GA,Bag/Other,inferred,,yes,3.0,1080,1.967,5.9,549.2,9.153,183.1,
2026-04-28,2026-04,WeighRight,,80010,ORG Vanilla Nut 11oz Bag/6 Count Case - GA,Bag/Other,inferred,,yes,3.0,402,1.0,3.0,402.0,6.7,134.0,
2026-04-28,2026-04,WeighRight,,80010,ORG Vanilla Nut 11oz Bag/6 Count Case - GA,Bag/Other,inferred,,yes,3.0,78,0.15,0.45,520.0,8.667,173.3,
2026-04-28,2026-04,WeighRight,,80010,ORG Vanilla Nut 11oz Bag/6 Count Case - GA,Bag/Other,inferred,,yes,3.0,714,1.133,3.4,630.0,10.5,210.0,
2026-04-28,2026-04,WeighRight,,80010,ORG Vanilla Nut 11oz Bag/6 Count Case - GA,Bag/Other,inferred,,yes,3.0,714,1.383,4.15,516.1,8.602,172.0,
2026-04-28,2026-04,WeighRight,,80010,ORG Vanilla Nut 11oz Bag/6 Count Case - GA,Bag/Other,inferred,,yes,3.0,906,1.183,3.55,765.6,12.761,255.2,
2026-04-28,2026-04,WeighRight,,80010,ORG Vanilla Nut 11oz Bag/6 Count Case - GA,Bag/Other,inferred,,yes,3.0,978,2.233,6.7,437.9,7.299,146.0,
2026-04-28,2026-04,WeighRight,,80010,ORG Vanilla Nut 11oz Bag/6 Count Case - GA,Bag/Other,inferred,,yes,3.0,516,0.767,2.3,673.0,11.217,224.3,
2026-04-29,2026-04,AMS,machine(Amy),30007L,ORG Instant Miraculous Mushrooms AP 100g Bag,Instant,governed,high,yes,4.0,210,0.85,3.4,247.1,4.118,61.8,
2026-04-29,2026-04,AMS,machine(Amy),30008L,ORG Instant French Roast 100g Bag - G,Instant,governed,high,yes,4.0,498,2.033,8.133,244.9,4.082,61.2,
2026-04-29,2026-04,AMS,machine(Amy),30010L,ORG Instant Hazelnut 100g Bag - G,Instant,governed,high,yes,4.0,605,2.083,8.333,290.4,4.84,72.6,
2026-04-29,2026-04,AMS,machine(Amy),31010L,ORG Instant Hazelnut Latte 224g Bag,Instant,governed,high,yes,4.0,447,1.983,7.933,225.4,3.756,56.3,
2026-04-29,2026-04,AMS,machine(Amy),Air clean out,Air Clean out of Machine (no testing necessary),Bag/Other,inferred,,,,0,0.4,,,,,
2026-04-29,2026-04,AMS,machine(Amy),Air clean out,Air Clean out of Machine (no testing necessary),Bag/Other,inferred,,,,0,0.65,,,,,
2026-04-29,2026-04,AMS,machine(Amy),Air clean out,Air Clean out of Machine (no testing necessary),Bag/Other,inferred,,,,0,0.467,,,,,
2026-04-29,2026-04,AMS,machine(Amy),CleanG,Clean + Gluten Test,Bag/Other,inferred,,,,0,1.883,,,,,
2026-04-29,2026-04,Assembly,,40013,ORG Vanila Nut 25CT Tea Bag 3PK - GA,Tea,inferred,,yes,1.0,48,1.15,1.15,41.7,0.696,41.7,
2026-04-29,2026-04,Assembly,,40021,ORG Chocolate Mint 25CT Tea Bag - GA,Tea,governed,high,yes,1.0,180,9.917,9.917,18.2,0.303,18.2,
2026-04-29,2026-04,Assembly,,40097,Teecino Tea Bag 12 Flavor Sampler,Sampler,governed,high,yes,1.0,88,2.933,2.933,30.0,0.5,30.0,
2026-04-29,2026-04,Assembly,,50097,Teeccino 30g Packet 10 Flavor Sampler,Sampler,governed,high,yes,1.0,119,3.833,3.833,31.0,0.517,31.0,
2026-04-29,2026-04,Assembly,,90013,,Bundle,governed,high,yes,1.0,20,1.4,1.4,14.3,0.238,14.3,
2026-04-29,2026-04,Maisa 1,,work on other projects,,Tea,inferred,,,3.0,0,,,,,,
2026-04-29,2026-04,Maisa 2+3,,43340,ORG Dandelion Coconut 10CT Tea Bag - A,Tea,inferred,,yes,5.0,1302,1.367,6.833,952.7,15.878,190.5,
2026-04-29,2026-04,Maisa 2+3,,45070,ORG Miraculous Mushrooms A&P 10Ct/6Pk Tea Bag,Tea,inferred,,yes,5.0,1380,1.833,9.167,752.7,12.545,150.5,
2026-04-29,2026-04,Maisa 2+3,,Clean,Standard Clean,Tea,inferred,,,5.0,0,1.033,5.167,,,,
2026-04-29,2026-04,Maisa 2+3,,CleanG,Clean + Gluten Test,Tea,inferred,,,5.0,0,0.4,2.0,,,,
2026-04-29,2026-04,Maisa 2+3,,CleanGA,Clean + Gluten + Almond Tests,Tea,inferred,,,5.0,0,0.617,3.083,,,,
2026-04-29,2026-04,Maisa 2+3,,TB060,ORG Hazelnut Tea Bag Loose - GA,Tea bag (intermediate),item-code,,yes,5.0,22764,2.583,12.917,8811.9,146.865,1762.4,
2026-04-29,2026-04,Maisa 2+3,,TB334,ORG Dandelion Coconut Tea Bag - A,Tea bag (intermediate),item-code,,yes,5.0,8000,1.217,6.083,6575.3,109.589,1315.1,
2026-04-29,2026-04,Maisa 2+3,,TB501,ORG Reishi Eleuthero Loose Tea Bag - G,Tea bag (intermediate),item-code,,yes,5.0,4880,1.067,5.333,4575.0,76.25,915.0,
2026-04-29,2026-04,WeighRight,,50010,ORG Vanilla Nut 30g Trial Size Packet - GA,Bag/Other,inferred,,yes,2.0,720,1.25,2.5,576.0,9.6,288.0,
2026-04-29,2026-04,WeighRight,,50110,ORG French Roast 30g Trial Size Packet - G,Bag/Other,inferred,,yes,3.0,2160,3.667,11.0,589.1,9.818,196.4,
2026-04-29,2026-04,WeighRight,,55010,Reishi Eleuthero 30g Trial Size Packet - G,APG,governed,high,yes,3.0,165,0.417,1.25,396.0,6.6,132.0,
2026-04-29,2026-04,WeighRight,,60010,ORG Vanilla Nut 5 Lb Bag - GA,Bag/Other,inferred,,yes,2.0,32,0.3,0.6,106.7,1.778,53.3,
2026-04-29,2026-04,WeighRight,,80110A,AMZN Org French Roast 11OZ Bag/Box of 24 - G,Bag/Other,inferred,,yes,3.0,384,1.25,3.75,307.2,5.12,102.4,
2026-04-29,2026-04,WeighRight,,82130L,ORG Mexican Chocolate 11OZ Bag/Box of 24 - G,APG,governed,high,yes,3.0,432,1.0,3.0,432.0,7.2,144.0,
2026-04-29,2026-04,WeighRight,,Air Clean Out,Air Clean out of Machine (no testing necessary),Bag/Other,inferred,,,3.0,0,0.367,1.1,,,,
2026-04-29,2026-04,WeighRight,,Air Clean Out,Air Clean out of Machine (no testing necessary),Bag/Other,inferred,,,3.0,0,0.917,2.75,,,,
2026-04-29,2026-04,WeighRight,,CleanA,Clean + Almond Test,Bag/Other,inferred,,,2.0,0,0.833,1.667,,,,
2026-04-30,2026-04,AMS,machine(Amy),30013L,ORG Miraculous Mushrooms Cacao 135g Bag,Bag/Other,inferred,,yes,4.0,627,2.467,9.867,254.2,4.236,63.5,
2026-04-30,2026-04,AMS,machine(Amy),Air clean out,Air Clean out of Machine (no testing necessary),Bag/Other,inferred,,,,0,0.45,,,,,
2026-04-30,2026-04,Assembly,,40001A,AMZN Labeled Herbal Tea Sampler Box/Variety Pack,Bundle,inferred,,yes,1.0,267,5.5,5.5,48.5,0.809,48.5,
2026-04-30,2026-04,Maisa 1,,work on other projects,,Tea,inferred,,,3.0,0,,,,,,
2026-04-30,2026-04,Maisa 2+3,,43111,ORG Dandelion Dark Roast 25CT Tea Bag,Tea,governed,high,yes,5.0,1077,3.183,15.917,338.3,5.639,67.7,
2026-04-30,2026-04,Maisa 2+3,,45070,ORG Miraculous Mushrooms A&P 10Ct/6Pk Tea Bag,Tea,inferred,,yes,5.0,258,0.25,1.25,1032.0,17.2,206.4,
2026-04-30,2026-04,Maisa 2+3,,Clean,Standard Clean,Tea,inferred,,,5.0,0,0.517,2.583,,,,
2026-04-30,2026-04,Maisa 2+3,,Clean,Standard Clean,Tea,inferred,,,5.0,0,0.25,1.25,,,,
2026-04-30,2026-04,WeighRight,,80110A,AMZN Org French Roast 11OZ Bag/Box of 24 - G,Bag/Other,inferred,,yes,3.0,552,0.967,2.9,571.0,9.517,190.3,
2026-05-04,2026-05,AMS,machine(Amy),10005A,WWB AMZN Organic Chia (1lb),Bag/Other,inferred,,yes,4.0,879,3.417,13.667,257.3,4.288,64.3,
2026-05-04,2026-05,AMS,machine(Amy),10008,"Org Rooibos, 8 Oz Bag",Bag/Other,inferred,,yes,4.0,720,4.4,17.6,163.6,2.727,40.9,
2026-05-04,2026-05,AMS,machine(Amy),Clean,Standard Clean,Bag/Other,inferred,,,,0,0.433,,,,,
2026-05-04,2026-05,Assembly,,43310F,Dandelion Mocha Mint Dual Language 10 cnt TB - A,Tea,inferred,,yes,1.0,360,4.767,4.767,75.5,1.259,75.5,
2026-05-04,2026-05,Assembly,,50097,Teeccino 30g Packet 10 Flavor Sampler,Sampler,governed,high,,1.0,0,3.967,3.967,,,,
2026-05-04,2026-05,Maisa 1,,Running Amy,,Tea,inferred,,,3.0,0,,,,,,
2026-05-04,2026-05,Maisa 2+3,,45001,Mushroom Adaptogen TB Sampler Box - 6 Count Case - G,Sampler,inferred,,yes,5.0,109,4.833,24.167,22.6,0.376,4.5,
2026-05-04,2026-05,Maisa 2+3,,TB506,ORG Tremella Tulsi Loose Tea Bag,Tea bag (intermediate),item-code,,yes,4.0,29765,5.383,21.533,5529.1,92.152,1382.3,
2026-05-04,2026-05,WeighRight,,80110,ORG French Roast 11OZ Bag/6 Count Case - G,Bag/Other,inferred,,yes,3.0,2622,7.567,22.7,346.5,5.775,115.5,
2026-05-04,2026-05,WeighRight,,80110A,AMZN Org French Roast 11OZ Bag/Box of 24 - G,Bag/Other,inferred,,yes,3.0,504,0.833,2.5,604.8,10.08,201.6,
2026-05-04,2026-05,WeighRight,,80113,ORG French Roast 11OZ Bag 3PK - G,Bag/Other,inferred,,yes,3.0,224,1.683,5.05,133.1,2.218,44.4,
2026-05-05,2026-05,AMS,machine(Amy),10008,"Org Rooibos, 8 Oz Bag",Bag/Other,inferred,,yes,4.0,348,1.067,4.267,326.3,5.438,81.6,
2026-05-05,2026-05,AMS,machine(Amy),10039A,AMZN Roasted French Chicory 2 X 1 Lb Bag,Bag/Other,inferred,,yes,4.0,240,1.917,7.667,125.2,2.087,31.3,
2026-05-05,2026-05,AMS,machine(Amy),10039A,AMZN Roasted French Chicory 2 X 1 Lb Bag,Bag/Other,inferred,,yes,4.0,204,1.883,7.533,108.3,1.805,27.1,
2026-05-05,2026-05,AMS,machine(Amy),10039A,AMZN Roasted French Chicory 2 X 1 Lb Bag,Bag/Other,inferred,,yes,4.0,216,1.75,7.0,123.4,2.057,30.9,
2026-05-05,2026-05,AMS,machine(Amy),10039A,AMZN Roasted French Chicory 2 X 1 Lb Bag,Bag/Other,inferred,,yes,4.0,192,0.817,3.267,235.1,3.918,58.8,
2026-05-05,2026-05,AMS,machine(Amy),10039A,AMZN Roasted French Chicory 2 X 1 Lb Bag,Bag/Other,inferred,,yes,4.0,384,1.683,6.733,228.1,3.802,57.0,
2026-05-05,2026-05,AMS,machine(Amy),Air clean out,Air Clean out of Machine (no testing necessary),Bag/Other,inferred,,,,0,0.9,,,,,
2026-05-05,2026-05,Assembly,,40097,Teecino Tea Bag 12 Flavor Sampler,Sampler,governed,high,yes,1.0,92,6.467,6.467,14.2,0.237,14.2,
2026-05-05,2026-05,Assembly,,49999,Teeccino Herbal Tea Shipper,Bag/Other,inferred,,yes,1.0,1,0.333,0.333,3.0,0.05,3.0,
2026-05-05,2026-05,Assembly,,GDB060,ORG Hazelnut Packet Goody Bag - GA,Bag/Other,inferred,,yes,1.0,50,0.383,0.383,130.4,2.174,130.4,
2026-05-05,2026-05,Assembly,,GDB080,ORG Mocha Packet Goody Bag,Bag/Other,inferred,,yes,1.0,50,0.4,0.4,125.0,2.083,125.0,
2026-05-05,2026-05,Assembly,,GDB502,ORG Chaga Ashwaganda Packet Goody Bag,Bag/Other,inferred,,yes,1.0,50,0.333,0.333,150.0,2.5,150.0,
2026-05-05,2026-05,Assembly,,GDB601,ORG Dark Chocolate Packet Goody Bag,Bag/Other,inferred,,yes,1.0,50,0.417,0.417,120.0,2.0,120.0,
2026-05-05,2026-05,Assembly,,TGB030,,Bag/Other,inferred,,yes,1.0,50,0.667,0.667,75.0,1.25,75.0,
2026-05-05,2026-05,Assembly,,TGB204,ORG Snickerdoodle Tea Bag Goody Bag - GA,Tea,inferred,,yes,1.0,50,0.367,0.367,136.4,2.273,136.4,
2026-05-05,2026-05,Assembly,,TGB208,ORG Irish Cream Tea Bag Goody Bag - G,Tea,inferred,,yes,1.0,50,0.383,0.383,130.4,2.174,130.4,
2026-05-05,2026-05,Assembly,,TGB337,ORG Blueberry Vanilla Tea Bag Goody Bag,Tea,inferred,,yes,1.0,50,0.383,0.383,130.4,2.174,130.4,
2026-05-05,2026-05,Maisa 1,,Running Amy,,Tea,inferred,,,3.0,0,,,,,,
2026-05-05,2026-05,Maisa 2+3,,45001,Mushroom Adaptogen TB Sampler Box - 6 Count Case - G,Sampler,inferred,,yes,5.0,131,22.283,111.417,5.9,0.098,1.2,
2026-05-05,2026-05,WeighRight,,10035,Chicory 5 Lb Bag,Bag/Other,inferred,,yes,3.0,176,1.35,4.05,130.4,2.173,43.5,
2026-05-05,2026-05,WeighRight,,10035,Chicory 5 Lb Bag,Bag/Other,inferred,,yes,3.0,164,1.05,3.15,156.2,2.603,52.1,
2026-05-05,2026-05,WeighRight,,10035,Chicory 5 Lb Bag,Bag/Other,inferred,,yes,5.0,176,1.233,6.167,142.7,2.378,28.5,
2026-05-05,2026-05,WeighRight,,10051,ORG Roasted Chicory Root - 1 Lb Bag,Bag/Other,inferred,,yes,3.0,1548,3.1,9.3,499.4,8.323,166.5,
2026-05-05,2026-05,WeighRight,,60110,ORG French Roast 5 Lb Bag - G,Bag/Other,inferred,,yes,3.0,56,0.483,1.45,115.9,1.931,38.6,
2026-05-05,2026-05,WeighRight,,80110,ORG French Roast 11OZ Bag/6 Count Case - G,Bag/Other,inferred,,yes,3.0,138,0.417,1.25,331.2,5.52,110.4,
2026-05-05,2026-05,WeighRight,,Air Clean Out,Air Clean out of Machine (no testing necessary),Bag/Other,inferred,,,3.0,0,0.317,0.95,,,,
2026-05-05,2026-05,WeighRight,,CleanG,Clean + Gluten Test,Bag/Other,inferred,,,3.0,0,1.933,5.8,,,,
2026-05-06,2026-05,AMS,machine(Amy),10031,Roasted Chicory Root - 1 Lb Bag,Bag/Other,inferred,,yes,4.0,1968,4.383,17.533,449.0,7.483,112.2,
2026-05-06,2026-05,AMS,machine(Amy),10031,Roasted Chicory Root - 1 Lb Bag,Bag/Other,inferred,,yes,4.0,1632,4.333,17.333,376.6,6.277,94.2,
2026-05-06,2026-05,AMS,machine(Amy),10039A,AMZN Roasted French Chicory 2 X 1 Lb Bag,Bag/Other,inferred,,yes,4.0,96,0.167,0.667,576.0,9.6,144.0,
2026-05-06,2026-05,Assembly,,40030,ORG Almond Amaretto 10ct/6pk Tea Bag - GA,Tea,inferred,,yes,1.0,282,3.3,3.3,85.5,1.424,85.5,
2026-05-06,2026-05,Assembly,,43370,ORG Dandelion Blueberry Vanilla 10ct/6pk Tea Bag,Tea,inferred,,yes,1.0,6,0.317,0.317,18.9,0.316,18.9,
2026-05-06,2026-05,Assembly,,GDB010,ORG Vanilla Nut Packet Goody Bag - GA,Bag/Other,inferred,,yes,1.0,50,0.467,0.467,107.1,1.786,107.1,
2026-05-06,2026-05,Assembly,,GDB110,ORG French Roast Packet Goody Bag - G,Bag/Other,inferred,,yes,1.0,50,0.5,0.5,100.0,1.667,100.0,
2026-05-06,2026-05,Maisa 1,,Running Amy,,Tea,inferred,,,3.0,0,,,,,,
2026-05-06,2026-05,Maisa 2+3,,45001,Mushroom Adaptogen TB Sampler Box - 6 Count Case - G,Sampler,inferred,,yes,5.0,240,3.333,16.667,72.0,1.2,14.4,
2026-05-06,2026-05,Maisa 2+3,,Clean,Standard Clean,Tea,inferred,,,5.0,0,0.5,2.5,,,,
2026-05-06,2026-05,WeighRight,,10031,Roasted Chicory Root - 1 Lb Bag,Bag/Other,inferred,,yes,3.0,2220,4.483,13.45,495.2,8.253,165.1,
2026-05-06,2026-05,WeighRight,,10031,Roasted Chicory Root - 1 Lb Bag,Bag/Other,inferred,,yes,3.0,348,3.367,10.1,103.4,1.723,34.5,
2026-05-06,2026-05,WeighRight,,10035,Chicory 5 Lb Bag,Bag/Other,inferred,,yes,3.0,152,0.733,2.2,207.3,3.455,69.1,
2026-05-06,2026-05,WeighRight,,10035,Chicory 5 Lb Bag,Bag/Other,inferred,,yes,3.0,212,0.967,2.9,219.3,3.655,73.1,
2026-05-07,2026-05,Maisa 1,,Running Amy,,Tea,inferred,,,3.0,0,,,,,,
2026-05-07,2026-05,WeighRight,,10031,Roasted Chicory Root - 1 Lb Bag,Bag/Other,inferred,,yes,3.0,1800,0.583,1.75,3085.7,51.429,1028.6,
2026-05-07,2026-05,WeighRight,,10031,Roasted Chicory Root - 1 Lb Bag,Bag/Other,inferred,,yes,3.0,2160,3.517,10.55,614.2,10.237,204.7,
2026-05-11,2026-05,Assembly,,40030,ORG Almond Amaretto 10ct/6pk Tea Bag - GA,Tea,inferred,,yes,1.0,336,3.983,3.983,84.4,1.406,84.4,
2026-05-11,2026-05,Maisa 1,,45001L,Mushroom Adapt Tea Bag Sampler Box,Sampler,governed,high,yes,3.0,1044,8.5,25.5,122.8,2.047,40.9,
2026-05-11,2026-05,Maisa 2+3,,40130,ORG Maca Chocolate 10ct/6pk Tea Bag - G,Tea,inferred,,yes,5.0,36,0.1,0.5,360.0,6.0,72.0,
2026-05-11,2026-05,Maisa 2+3,,46011,ORG Dark Chocolate 25 Ct Tea Bag,Tea,governed,high,yes,5.0,1485,6.683,33.417,222.2,3.703,44.4,
2026-05-11,2026-05,Maisa 2+3,,48003,WWB ORG Lemon Balm 25ct Tea Bag 2.25g,Tea,inferred,,yes,5.0,432,1.983,9.917,217.8,3.63,43.6,
2026-05-11,2026-05,Maisa 2+3,,Clean,Standard Clean,Tea,inferred,,,5.0,0,0.85,4.25,,,,
2026-05-11,2026-05,Maisa 2+3,,Clean,Standard Clean,Tea,inferred,,,5.0,0,0.483,2.417,,,,
2026-05-11,2026-05,WeighRight,,10031,Roasted Chicory Root - 1 Lb Bag,Bag/Other,inferred,,yes,3.0,3456,8.017,24.05,431.1,7.185,143.7,
2026-05-11,2026-05,WeighRight,,10039A,AMZN Roasted French Chicory 2 X 1 Lb Bag,Bag/Other,inferred,,yes,3.0,252,1.983,5.95,127.1,2.118,42.4,
2026-05-12,2026-05,AMS,machine(Amy),10028L,"Organic Cacao Nibs, 1 Lb Bag",Bag/Other,inferred,,yes,4.0,300,1.35,5.4,222.2,3.704,55.6,
2026-05-12,2026-05,AMS,machine(Amy),10201,WWB - ORG Peppermint Leaf - 4 Oz Bag,Bag/Other,inferred,,yes,4.0,588,2.817,11.267,208.8,3.479,52.2,
2026-05-12,2026-05,AMS,handpack,20081,ORG Mocha 300G Dual Language Bag - 6Ct Case - GA,Bag/Other,inferred,,yes,1.0,24,12.75,12.75,1.9,0.031,1.9,
2026-05-12,2026-05,AMS,machine(Amy),Air clean out,Air Clean out of Machine (no testing necessary),Bag/Other,inferred,,,4.0,0,0.267,1.067,,,,
2026-05-12,2026-05,AMS,machine(Amy),different tooling,,Bag/Other,inferred,,,4.0,0,0.75,3.0,,,,
2026-05-12,2026-05,AMS,machine(Amy),different tooling,,Bag/Other,inferred,,,4.0,0,0.917,3.667,,,,
2026-05-12,2026-05,Assembly,,40030,ORG Almond Amaretto 10ct/6pk Tea Bag - GA,Tea,inferred,,yes,1.0,540,10.25,10.25,52.7,0.878,52.7,
2026-05-12,2026-05,Assembly,,90014,Practitioner Wellness Box,Bundle,governed,high,yes,1.0,10,1.15,1.15,8.7,0.145,8.7,
2026-05-12,2026-05,Maisa 1,,45001L,Mushroom Adapt Tea Bag Sampler Box,Sampler,governed,high,yes,3.0,756,1.983,5.95,381.2,6.353,127.1,
2026-05-12,2026-05,Maisa 2+3,,40130,ORG Maca Chocolate 10ct/6pk Tea Bag - G,Tea,inferred,,yes,5.0,5484,7.933,39.667,691.3,11.521,138.3,
2026-05-12,2026-05,Maisa 2+3,,40132,ORG Maca Chocolate 25CT Tea Bag - G,Tea,governed,high,yes,5.0,491,2.0,10.0,245.5,4.092,49.1,
2026-05-12,2026-05,WeighRight,,10022,ORG Raw Dandelion1 Lb Bag,Bag/Other,inferred,,yes,3.0,92,1.483,4.45,62.0,1.034,20.7,
2026-05-12,2026-05,WeighRight,,10024,ORG Lavender 4 Oz Bag - 79523910024,Bag/Other,inferred,,yes,3.0,696,2.167,6.5,321.2,5.354,107.1,
2026-05-12,2026-05,WeighRight,,10031,Roasted Chicory Root - 1 Lb Bag,Bag/Other,inferred,,yes,3.0,2304,4.233,12.7,544.3,9.071,181.4,
2026-05-12,2026-05,WeighRight,,Air Clean Out,Air Clean out of Machine (no testing necessary),Bag/Other,inferred,,,3.0,0,0.683,2.05,,,,
2026-05-12,2026-05,WeighRight,,Air Clean Out,Air Clean out of Machine (no testing necessary),Bag/Other,inferred,,,3.0,0,0.5,1.5,,,,
2026-05-12,2026-05,WeighRight,,clean,Standard Clean,Bag/Other,inferred,,,3.0,0,1.217,3.65,,,,
2026-05-13,2026-05,AMS,machine(Amy),10029L,"Organic Maca Powder, 1 Lb Bag",Bag/Other,inferred,,yes,4.0,300,2.55,10.2,117.6,1.961,29.4,
2026-05-13,2026-05,AMS,machine(Amy),different tooling,,Bag/Other,inferred,,,4.0,0,0.283,1.133,,,,
2026-05-13,2026-05,Assembly,,40030,ORG Almond Amaretto 10ct/6pk Tea Bag - GA,Tea,inferred,,yes,1.0,504,8.333,8.333,60.5,1.008,60.5,
2026-05-13,2026-05,Maisa 2+3,,40132,ORG Maca Chocolate 25CT Tea Bag - G,Tea,governed,high,yes,3.0,709,4.333,13.0,163.6,2.727,54.5,
2026-05-13,2026-05,Maisa 2+3,,43220,ORG Dandelion Caramel Nut 10ct/6pk Tea Bag - A,Tea,inferred,,yes,3.0,1380,4.567,13.7,302.2,5.036,100.7,
2026-05-13,2026-05,Maisa 2+3,,CleanG,Clean + Gluten Test,Tea,inferred,,,5.0,0,0.467,2.333,,,,
2026-05-13,2026-05,Maisa 2+3,,TB130,ORG Maca Chocolate Tea Bag - G,Tea bag (intermediate),item-code,,yes,2.0,1000,0.283,0.567,3529.4,58.824,1764.7,
2026-05-13,2026-05,WeighRight,,10042,ORG Burdock 1 Lb Bag,Bag/Other,inferred,,yes,3.0,840,1.717,5.15,489.3,8.155,163.1,
2026-05-13,2026-05,WeighRight,,10051,ORG Roasted Chicory Root - 1 Lb Bag,Bag/Other,inferred,,yes,3.0,1440,2.05,6.15,702.4,11.707,234.1,
2026-05-13,2026-05,WeighRight,,Air Clean Out,Air Clean out of Machine (no testing necessary),Bag/Other,inferred,,,3.0,0,0.75,2.25,,,,
2026-05-14,2026-05,Assembly,,40071,ORG Java 25CT Tea Bag - GA,Tea,governed,high,yes,1.0,96,2.967,2.967,32.4,0.539,32.4,
2026-05-14,2026-05,Assembly,,42011,ORG Pumpkin Spice 25CT Tea Bag - GA,Tea,governed,high,yes,1.0,60,2.0,2.0,30.0,0.5,30.0,
2026-05-18,2026-05,Assembly,,40041,DO NOT MAKE - ORG Blood Orange 25CT Tea Bag - GA,Tea,governed,high,yes,1.0,60,2.25,2.25,26.7,0.444,26.7,
2026-05-18,2026-05,Assembly,,42011,ORG Pumpkin Spice 25CT Tea Bag - GA,Tea,governed,high,yes,1.0,240,10.333,10.333,23.2,0.387,23.2,
2026-05-18,2026-05,Assembly,,45022,Chaga Ashwaganda TB Demo Tray,Tea,inferred,,yes,1.0,5,0.75,0.75,6.7,0.111,6.7,
2026-05-18,2026-05,Assembly,,45032,ORG Lion's Mane Rhodiola Tea Bag Demo Tray - G,Tea,inferred,,yes,1.0,5,0.75,0.75,6.7,0.111,6.7,
2026-05-18,2026-05,Assembly,,45052,Turkey Tail Astragalus TB Demo Tray - G,Tea,inferred,,yes,1.0,5,0.75,0.75,6.7,0.111,6.7,
2026-05-18,2026-05,Assembly,,80033,ORG Almond Amaretto 11OZ Bag 3PK - GA,Bag/Other,inferred,,yes,1.0,15,0.6,0.6,25.0,0.417,25.0,
2026-05-18,2026-05,Assembly,,80133,ORG MACA Chocolate 11OZ Bag 3PK - G,Bag/Other,inferred,,yes,1.0,160,4.167,4.167,38.4,0.64,38.4,
2026-05-18,2026-05,Maisa 2+3,,43220,ORG Dandelion Caramel Nut 10ct/6pk Tea Bag - A,Tea,inferred,,yes,5.0,4140,8.217,41.083,503.9,8.398,100.8,
2026-05-18,2026-05,Maisa 2+3,,43310F,Dandelion Mocha Mint Dual Language 10 cnt TB - A,Tea,inferred,,yes,5.0,876,1.533,7.667,571.3,9.522,114.3,
2026-05-18,2026-05,Maisa 2+3,,Clean,Standard Clean,Tea,inferred,,,5.0,0,0.3,1.5,,,,
2026-05-18,2026-05,Maisa 2+3,,TB130,ORG Maca Chocolate Tea Bag - G,Tea bag (intermediate),item-code,,yes,2.0,27000,3.9,7.8,6923.1,115.385,3461.5,
2026-05-18,2026-05,WeighRight,,10042,ORG Burdock 1 Lb Bag,Bag/Other,inferred,,yes,3.0,360,0.683,2.05,526.8,8.78,175.6,
2026-05-18,2026-05,WeighRight,,20081,ORG Mocha 300G Dual Language Bag - 6Ct Case - GA,Bag/Other,inferred,,yes,3.0,720,1.85,5.55,389.2,6.486,129.7,
2026-05-18,2026-05,WeighRight,,50080,ORG Mocha 30g Trial Size Packet - GA,Bag/Other,inferred,,yes,3.0,540,1.467,4.4,368.2,6.136,122.7,
2026-05-18,2026-05,WeighRight,,63110,ORG Dandelion Dark Roast 5 Lb Bag,APG,governed,high,yes,3.0,35,0.45,1.35,77.8,1.296,25.9,
2026-05-18,2026-05,WeighRight,,83110L,ORG Dandelion Dark Roast 10 oz Bag/Box of 24,APG,governed,high,yes,3.0,1656,4.617,13.85,358.7,5.978,119.6,
2026-05-18,2026-05,WeighRight,,Air Clean Out,Air Clean out of Machine (no testing necessary),Bag/Other,inferred,,,3.0,0,0.533,1.6,,,,
2026-05-18,2026-05,WeighRight,,CLean,Standard Clean,Bag/Other,inferred,,,3.0,0,0.45,1.35,,,,
2026-05-19,2026-05,AMS,machine(Amy),10013,"ORG Hibisicus, 8 Oz Bag",Bag/Other,inferred,,yes,4.0,120,0.683,2.733,175.6,2.927,43.9,
2026-05-19,2026-05,AMS,machine(Amy),10044,AMZN- WWB-ORG Hibiscus - 1 Lb Bag,Bag/Other,inferred,,yes,4.0,600,5.367,21.467,111.8,1.863,28.0,
2026-05-19,2026-05,Assembly,,40001A,AMZN Labeled Herbal Tea Sampler Box/Variety Pack,Bundle,inferred,,yes,1.0,220,3.267,3.267,67.3,1.122,67.3,
2026-05-19,2026-05,Assembly,,42011,ORG Pumpkin Spice 25CT Tea Bag - GA,Tea,governed,high,yes,1.0,250,10.417,10.417,24.0,0.4,24.0,
2026-05-19,2026-05,Assembly,,42021,DO NOT MAKE - ORG Caramel Nut 25CT Tea Bag - GA,Tea,governed,high,,1.0,0,4.967,4.967,,,,
2026-05-19,2026-05,Assembly,,80033,ORG Almond Amaretto 11OZ Bag 3PK - GA,Bag/Other,inferred,,yes,1.0,65,1.583,1.583,41.1,0.684,41.1,
2026-05-19,2026-05,Assembly,,TGB502,Chaga Ashwaganda Tea Goody Bag,Bag/Other,inferred,,yes,1.0,150,2.25,2.25,66.7,1.111,66.7,
2026-05-19,2026-05,Assembly,,TGB601,ORG Dark Chocolate Tea Bag Goody Bag,Tea,inferred,,yes,1.0,500,1.283,1.283,389.6,6.494,389.6,
2026-05-19,2026-05,Maisa 1,,40066,Hazelnut Tagless Tea Bag - 50 Ct - GA,Tea,governed,high,yes,3.0,240,4.5,13.5,53.3,0.889,17.8,
2026-05-19,2026-05,Maisa 2+3,,43310F,Dandelion Mocha Mint Dual Language 10 cnt TB - A,Tea,inferred,,yes,5.0,204,0.183,0.917,1112.7,18.545,222.5,
2026-05-19,2026-05,Maisa 2+3,,43310L,Org Dandelion Mocha Mint 10 Ct Tea Bag Loose - A,Tea,governed,high,yes,5.0,360,0.367,1.833,981.8,16.364,196.4,
2026-05-19,2026-05,Maisa 2+3,,43311F,ORG Dandelion Mocha Mint DL 25CT Tea Bag AMZN (24pk) - A,Tea,inferred,,yes,5.0,216,0.667,3.333,324.0,5.4,64.8,
2026-05-19,2026-05,Maisa 2+3,,43370L,Org Dandelion Blueberry Vanilla 10Ct Tea Bag Loose,Tea,inferred,,yes,5.0,360,0.683,3.417,526.8,8.78,105.4,
2026-05-19,2026-05,Maisa 2+3,,43371,ORG Blueberry Vanilla 25-Ct Tea Bag,Tea,inferred,,yes,5.0,308,0.867,4.333,355.4,5.923,71.1,
2026-05-19,2026-05,Maisa 2+3,,45071,ORG Miraculous Mushroom A&P 25 Ct Tea Bag,Tea,inferred,,yes,5.0,480,4.35,21.75,110.3,1.839,22.1,
2026-05-19,2026-05,Maisa 2+3,,Clean,Standard Clean,Tea,inferred,,,5.0,0,0.483,2.417,,,,
2026-05-19,2026-05,Maisa 2+3,,Clean,Standard Clean,Tea,inferred,,,3.0,0,0.8,2.4,,,,
2026-05-19,2026-05,Maisa 2+3,,CleanA,Clean + Almond Test,Tea,inferred,,,5.0,0,0.483,2.417,,,,
2026-05-19,2026-05,Maisa 2+3,,TB507,ORG Miraculous Mushroom A&P Loose Tea Bag,Tea bag (intermediate),item-code,,yes,2.0,4000,1.367,2.733,2926.8,48.78,1463.4,
2026-05-19,2026-05,WeighRight,,50080,ORG Mocha 30g Trial Size Packet - GA,Bag/Other,inferred,,yes,3.0,1260,1.833,5.5,687.3,11.455,229.1,
2026-05-19,2026-05,WeighRight,,60070,ORG Java 5 Lb Bag - GA,Bag/Other,inferred,,yes,3.0,32,0.267,0.8,120.0,2.0,40.0,
2026-05-19,2026-05,WeighRight,,62060,ORG Maple Pecan 5 Lb Bag - GA,Bag/Other,inferred,,yes,3.0,20,0.183,0.55,109.1,1.818,36.4,
2026-05-19,2026-05,WeighRight,,80080,ORG Mocha 11OZ Bag/6 Count Case - GA,Bag/Other,inferred,,yes,3.0,1974,6.083,18.25,324.5,5.408,108.2,
2026-05-19,2026-05,WeighRight,,82060L,ORG Maple Pecan 11OZ Bag/Box of 24 - GA,Bag/Other,inferred,,yes,3.0,240,0.983,2.95,244.1,4.068,81.4,
2026-05-19,2026-05,WeighRight,,Air Clean Out,Air Clean out of Machine (no testing necessary),Bag/Other,inferred,,,3.0,0,0.317,0.95,,,,
2026-05-19,2026-05,WeighRight,,Air Clean Out,Air Clean out of Machine (no testing necessary),Bag/Other,inferred,,,3.0,0,0.2,0.6,,,,
2026-05-19,2026-05,WeighRight,,Air Clean Out,Air Clean out of Machine (no testing necessary),Bag/Other,inferred,,,3.0,0,0.467,1.4,,,,
2026-05-20,2026-05,Assembly,,40001A,AMZN Labeled Herbal Tea Sampler Box/Variety Pack,Bundle,inferred,,yes,1.0,390,5.0,5.0,78.0,1.3,78.0,
2026-05-20,2026-05,Assembly,,42011,ORG Pumpkin Spice 25CT Tea Bag - GA,Tea,governed,high,yes,1.0,135,5.0,5.0,27.0,0.45,27.0,
2026-05-20,2026-05,Assembly,,42021,DO NOT MAKE - ORG Caramel Nut 25CT Tea Bag - GA,Tea,governed,high,yes,1.0,55,5.0,5.0,11.0,0.183,11.0,
2026-05-20,2026-05,Assembly,,GDB060,ORG Hazelnut Packet Goody Bag - GA,Bag/Other,inferred,,yes,1.0,100,2.817,2.817,35.5,0.592,35.5,
2026-05-20,2026-05,Assembly,,TGB502,Chaga Ashwaganda Tea Goody Bag,Bag/Other,inferred,,yes,1.0,350,2.183,2.183,160.3,2.672,160.3,
2026-05-20,2026-05,Maisa 1,,40063,ORG Hazelnut 25CT Tea Bag 3PK - GA,Tea,inferred,,yes,3.0,120,2.417,7.25,49.7,0.828,16.6,
2026-05-20,2026-05,Maisa 1,,40066,Hazelnut Tagless Tea Bag - 50 Ct - GA,Tea,governed,high,yes,3.0,192,1.317,3.95,145.8,2.43,48.6,
2026-05-20,2026-05,Maisa 2+3,,45010F,Reishi Eleuthero Dual Language 10 cnt TB - G,Tea,inferred,,yes,3.0,1380,3.7,11.1,373.0,6.216,124.3,
2026-05-20,2026-05,Maisa 2+3,,Clean,Standard Clean,Tea,inferred,,,3.0,0,20.5,61.5,,,,
2026-05-20,2026-05,WeighRight,,52040,ORG Snickerdoodle 30g Trial Size Packet - GA,APG,governed,high,yes,3.0,379,0.733,2.2,516.8,8.614,172.3,
2026-05-20,2026-05,WeighRight,,62040,Snickerdoodle 5 LB bag - GA,APG,governed,high,yes,3.0,40,0.5,1.5,80.0,1.333,26.7,
2026-05-20,2026-05,WeighRight,,62040,Snickerdoodle 5 LB bag - GA,APG,governed,high,yes,3.0,4,0.067,0.2,60.0,1.0,20.0,
2026-05-20,2026-05,WeighRight,,85070L,ORG Miraculous Mushrooms A&P 10oz Bag/Box of 24,Bag/Other,inferred,,yes,3.0,1237,2.583,7.75,478.8,7.981,159.6,
2026-05-20,2026-05,WeighRight,,Air Clean Out,Air Clean out of Machine (no testing necessary),Bag/Other,inferred,,,3.0,0,0.583,1.75,,,,
2026-05-20,2026-05,WeighRight,,CleanGA,Clean + Gluten + Almond Tests,Bag/Other,inferred,,,3.0,0,0.417,1.25,,,,
2026-05-21,2026-05,Assembly,,40001A,AMZN Labeled Herbal Tea Sampler Box/Variety Pack,Bundle,inferred,,yes,1.0,409,5.0,5.0,81.8,1.363,81.8,
2026-05-21,2026-05,Assembly,,42021,DO NOT MAKE - ORG Caramel Nut 25CT Tea Bag - GA,Tea,governed,high,yes,1.0,89,4.667,4.667,19.1,0.318,19.1,
2026-05-26,2026-05,AMS,machine(Amy),10013,"ORG Hibisicus, 8 Oz Bag",Bag/Other,inferred,,yes,4.0,594,1.65,6.6,360.0,6.0,90.0,
2026-05-26,2026-05,AMS,machine(Amy),30009L,ORG Instant Vanilla Nut 100g Bag - G,Instant,governed,high,yes,4.0,458,1.9,7.6,241.1,4.018,60.3,
2026-05-26,2026-05,AMS,machine(Amy),30010,Instant Hazelnut 100g Bag / 6 Count Case - G,Instant,inferred,,yes,4.0,750,2.7,10.8,277.8,4.63,69.4,
2026-05-26,2026-05,AMS,machine(Amy),Air clean out,Air Clean out of Machine (no testing necessary),Bag/Other,inferred,,,4.0,0,0.533,2.133,,,,
2026-05-26,2026-05,AMS,machine(Amy),Air clean out,Air Clean out of Machine (no testing necessary),Bag/Other,inferred,,,,0,0.367,,,,,
2026-05-26,2026-05,AMS,machine(Amy),Different tooling,,Bag/Other,inferred,,,4.0,0,3.133,12.533,,,,
2026-05-26,2026-05,Assembly,,40001A,AMZN Labeled Herbal Tea Sampler Box/Variety Pack,Bundle,inferred,,yes,1.0,410,5.0,5.0,82.0,1.367,82.0,
2026-05-26,2026-05,Assembly,,GDB060,ORG Hazelnut Packet Goody Bag - GA,Bag/Other,inferred,,yes,1.0,260,10.683,10.683,24.3,0.406,24.3,
2026-05-26,2026-05,Assembly,,GDB080,ORG Mocha Packet Goody Bag,Bag/Other,inferred,,yes,1.0,180,0.35,0.35,514.3,8.571,514.3,
2026-05-26,2026-05,Assembly,,GDB110,ORG French Roast Packet Goody Bag - G,Bag/Other,inferred,,yes,1.0,360,1.083,1.083,332.3,5.538,332.3,
2026-05-26,2026-05,Assembly,,GDB502,ORG Chaga Ashwaganda Packet Goody Bag,Bag/Other,inferred,,yes,1.0,180,0.283,0.283,635.3,10.588,635.3,
2026-05-26,2026-05,Assembly,,TGB311,ORG Dandelion Dark Roast Tea Bag Goody Bag,Tea,inferred,,yes,1.0,500,1.95,1.95,256.4,4.274,256.4,
2026-05-26,2026-05,Assembly,,TGB322,Dandelion Caramel Nut Tea Bag Goody Bag - A,Tea,inferred,,yes,1.0,50,0.25,0.25,200.0,3.333,200.0,
2026-05-26,2026-05,Assembly,,TGB334,ORG Dandelion Coconut Tea Bag Goody Bag - A,Tea,inferred,,yes,1.0,440,1.05,1.05,419.0,6.984,419.0,
2026-05-26,2026-05,Assembly,,TGB501,Reishi Eleuthero Tea Goody Bag - G,Bag/Other,inferred,,yes,1.0,500,2.017,2.017,247.9,4.132,247.9,
2026-05-26,2026-05,Assembly,,TGB507,ORG Miraculous Mushroom AP Tea Bag Goody Bag,Tea,inferred,,yes,1.0,500,3.0,3.0,166.7,2.778,166.7,
2026-05-26,2026-05,Maisa 1,,40060,ORG Hazelnut 10ct/6pk Tea Bag - GA,Tea,inferred,,yes,3.0,708,1.75,5.25,404.6,6.743,134.9,
2026-05-26,2026-05,Maisa 2+3,,45030,ORG Lion's Mane Rhodiola 10 Ct Tea Bag/6 Count Case - G,Tea,inferred,,yes,3.0,2922,9.2,27.6,317.6,5.293,105.9,
2026-05-26,2026-05,Maisa 2+3,,Clean,Standard Clean,Tea,inferred,,,3.0,0,0.633,1.9,,,,
2026-05-26,2026-05,WeighRight,,20111,ORG French Roast 300G Dual Language Bag - 6Ct Case - G,Bag/Other,inferred,,yes,3.0,90,0.567,1.7,158.8,2.647,52.9,
2026-05-26,2026-05,WeighRight,,63220,ORG Dandelion Caramel Nut 5 Lb Bag - A,Bag/Other,inferred,,yes,2.0,48,0.767,1.533,62.6,1.043,31.3,
2026-05-26,2026-05,WeighRight,,63310,ORG Dandelion Mocha Mint 5 Lb Bag - A,Bag/Other,inferred,,yes,3.0,24,0.267,0.8,90.0,1.5,30.0,
2026-05-26,2026-05,WeighRight,,80110A,AMZN Org French Roast 11OZ Bag/Box of 24 - G,Bag/Other,inferred,,yes,3.0,1200,3.983,11.95,301.3,5.021,100.4,
2026-05-26,2026-05,WeighRight,,80110L,Org French Roast 11oz Bag/Box of 24 - G,Bag/Other,inferred,,yes,3.0,1008,2.1,6.3,480.0,8.0,160.0,
2026-05-26,2026-05,WeighRight,,83010L,ORG Dandelion Vanilla Nut 10 Oz Bag/Box of 24 - A,Bag/Other,inferred,,yes,3.0,477,1.617,4.85,295.1,4.918,98.4,
2026-05-26,2026-05,WeighRight,,Air Clean Out,Air Clean out of Machine (no testing necessary),Bag/Other,inferred,,,2.0,0,0.383,0.767,,,,
2026-05-26,2026-05,WeighRight,,Air Clean Out,Air Clean out of Machine (no testing necessary),Bag/Other,inferred,,,3.0,0,0.167,0.5,,,,
2026-05-26,2026-05,WeighRight,,Air Clean Out,Air Clean out of Machine (no testing necessary),Bag/Other,inferred,,,3.0,0,0.15,0.45,,,,
2026-05-27,2026-05,AMS,machine(Amy),10402A,AMZN- WWB-ORG Rama Tulsi - 8 OZ Bag,Bag/Other,inferred,,yes,4.0,456,5.033,20.133,90.6,1.51,22.6,
2026-05-27,2026-05,AMS,machine(Amy),Air clean out,Air Clean out of Machine (no testing necessary),Bag/Other,inferred,,,4.0,0,0.25,1.0,,,,
2026-05-27,2026-05,Assembly,,40001A,AMZN Labeled Herbal Tea Sampler Box/Variety Pack,Bundle,inferred,,yes,1.0,104,1.333,1.333,78.0,1.3,78.0,
2026-05-27,2026-05,Assembly,,TGB010,ORG Vanilla Nut Tea Bag Goody Bag - GA,Tea,inferred,,yes,1.0,500,13.0,13.0,38.5,0.641,38.5,
2026-05-27,2026-05,Assembly,,TGB322,Dandelion Caramel Nut Tea Bag Goody Bag - A,Tea,inferred,,yes,1.0,450,2.5,2.5,180.0,3.0,180.0,
2026-05-27,2026-05,Assembly,,TGB331,ORG Dandelion Mocha Mint Tea Bag Goody Bag - A,Tea,inferred,,yes,1.0,150,0.5,0.5,300.0,5.0,300.0,
2026-05-27,2026-05,Assembly,,TGB334,ORG Dandelion Coconut Tea Bag Goody Bag - A,Tea,inferred,,yes,1.0,60,0.667,0.667,90.0,1.5,90.0,
2026-05-27,2026-05,Maisa 2+3,,42080,ORG Irish Cream 10ct/6pk Tea Bag - G,Tea,inferred,,yes,3.0,2760,7.767,23.3,355.4,5.923,118.5,
2026-05-27,2026-05,Maisa 2+3,,42081,ORG Irish Cream 25Ct Tea Bag Box - G,Tea,inferred,,yes,3.0,373,2.167,6.5,172.2,2.869,57.4,
2026-05-27,2026-05,WeighRight,,20061,ORG Hazelnut 300G Dual Language Bag - 6Ct Case - GA,Bag/Other,inferred,,yes,3.0,720,2.267,6.8,317.6,5.294,105.9,
2026-05-27,2026-05,WeighRight,,20111,ORG French Roast 300G Dual Language Bag - 6Ct Case - G,Bag/Other,inferred,,yes,3.0,630,1.233,3.7,510.8,8.514,170.3,
2026-05-27,2026-05,WeighRight,,80010,ORG Vanilla Nut 11oz Bag/6 Count Case - GA,Bag/Other,inferred,,yes,3.0,1524,3.75,11.25,406.4,6.773,135.5,
2026-05-27,2026-05,WeighRight,,85010,ORG Reishi Eleuthero 10 Oz Bag/6 Count Case - G,Bag/Other,inferred,,yes,3.0,720,1.917,5.75,375.7,6.261,125.2,
2026-05-27,2026-05,WeighRight,,Air Clean Out,Air Clean out of Machine (no testing necessary),Bag/Other,inferred,,,3.0,0,0.283,0.85,,,,
2026-05-27,2026-05,WeighRight,,Air Clean Out,Air Clean out of Machine (no testing necessary),Bag/Other,inferred,,,3.0,0,0.283,0.85,,,,
2026-05-27,2026-05,WeighRight,,Air Clean Out,Air Clean out of Machine (no testing necessary),Bag/Other,inferred,,,3.0,0,0.267,0.8,,,,
2026-05-28,2026-05,AMS,machine(Amy),10019,ORG Astragalus 8 Oz Bag,Bag/Other,inferred,,yes,4.0,1440,4.417,17.667,326.0,5.434,81.5,
2026-05-28,2026-05,AMS,machine(Amy),10402A,AMZN- WWB-ORG Rama Tulsi - 8 OZ Bag,Bag/Other,inferred,,yes,4.0,48,0.333,1.333,144.0,2.4,36.0,
2026-05-28,2026-05,AMS,machine(Amy),Air clean out,Air Clean out of Machine (no testing necessary),Bag/Other,inferred,,,4.0,0,0.567,2.267,,,,
2026-05-28,2026-05,AMS,machine(Amy),Air clean out,Air Clean out of Machine (no testing necessary),Bag/Other,inferred,,,4.0,0,0.433,1.733,,,,
2026-05-28,2026-05,Assembly,,TGB331,ORG Dandelion Mocha Mint Tea Bag Goody Bag - A,Tea,inferred,,yes,1.0,350,1.667,1.667,210.0,3.5,210.0,
2026-05-28,2026-05,Maisa 1,,40060,ORG Hazelnut 10ct/6pk Tea Bag - GA,Tea,inferred,,yes,3.0,2052,8.317,24.95,246.7,4.112,82.2,
2026-05-28,2026-05,Maisa 2+3,,40110,ORG French Roast 10 Count Tea Bag - G,Tea,inferred,,yes,3.0,2760,8.583,25.75,321.6,5.359,107.2,
2026-05-28,2026-05,Maisa 2+3,,40111,ORG French Roast 25CT Tea Bag - G,Tea,governed,high,yes,3.0,40,0.717,2.15,55.8,0.93,18.6,
2026-05-28,2026-05,Maisa 2+3,,Clean,Standard Clean,Tea,inferred,,,3.0,0,0.45,1.35,,,,
2026-05-28,2026-05,WeighRight,,20011,ORG Vanilla Nut 300G Dual Language Bag - 6Ct Case - GA,Bag/Other,inferred,,yes,3.0,1080,0.767,2.3,1408.7,23.478,469.6,
2026-05-28,2026-05,WeighRight,,80010,ORG Vanilla Nut 11oz Bag/6 Count Case - GA,Bag/Other,inferred,,yes,3.0,3072,6.617,19.85,464.3,7.738,154.8,
2026-05-28,2026-05,WeighRight,,80013,ORG Vanilla Nut 11oz Bag 3PK - GA,Bag/Other,inferred,,yes,3.0,300,2.85,8.55,105.3,1.754,35.1,
2026-06-01,2026-06,AMS,machine(Amy),30007,Instant Miraculous Mushrooms A&P 100g Bag / 6 Count Case,Instant,inferred,,yes,4.0,864,3.617,14.467,238.9,3.982,59.7,
2026-06-01,2026-06,Assembly,,12251L,Holiday Tea Bag Sampler Box ,Sampler,inferred,,yes,1.0,108,1.5,1.5,72.0,1.2,72.0,
2026-06-01,2026-06,Assembly,,42021,DO NOT MAKE - ORG Caramel Nut 25CT Tea Bag - GA,Tea,governed,high,yes,1.0,96,5.0,5.0,19.2,0.32,19.2,
2026-06-01,2026-06,Assembly,,49999,Teeccino Herbal Tea Shipper,Bag/Other,inferred,,yes,1.0,1,0.333,0.333,3.0,0.05,3.0,
2026-06-01,2026-06,Assembly,,TGB337,ORG Blueberry Vanilla Tea Bag Goody Bag,Tea,inferred,,yes,1.0,250,2.3,2.3,108.7,1.812,108.7,
2026-06-01,2026-06,Maisa 1,,40016,Vanilla Nut Tagless Tea Bag - 50 Ct - GA,Tea,governed,high,,3.0,0,5.133,15.4,,,,
2026-06-01,2026-06,Maisa 1,,40060F,Hazelnut Dual Language 10 cnt TB - GA,Tea,inferred,,yes,3.0,726,3.217,9.65,225.7,3.762,75.2,
2026-06-01,2026-06,Maisa 1,,Clean,Standard Clean,Tea,inferred,,,3.0,0,1.417,4.25,,,,
2026-06-01,2026-06,Maisa 2+3,,40111,ORG French Roast 25CT Tea Bag - G,Tea,governed,high,yes,3.0,576,5.817,17.45,99.0,1.65,33.0,
2026-06-01,2026-06,WeighRight,,60010,ORG Vanilla Nut 5 Lb Bag - GA,Bag/Other,inferred,,yes,3.0,32,0.267,0.8,120.0,2.0,40.0,
2026-06-01,2026-06,WeighRight,,60030,ORG Almond Amaretto 5 Lb Bag - GA,Bag/Other,inferred,,yes,3.0,28,0.15,0.45,186.7,3.111,62.2,
2026-06-01,2026-06,WeighRight,,80013,ORG Vanilla Nut 11oz Bag 3PK - GA,Bag/Other,inferred,,yes,3.0,52,1.917,5.75,27.1,0.452,9.0,
2026-06-01,2026-06,WeighRight,,80030L,ORG Almond Amaretto 11OZ Bag/Box of 24 - GA,Bag/Other,inferred,,yes,3.0,720,3.817,11.45,188.6,3.144,62.9,
2026-06-01,2026-06,WeighRight,,86010,ORG Dark Chocolate 10 Oz Bag/6 Count Case,Bag/Other,inferred,,yes,3.0,900,2.3,6.9,391.3,6.522,130.4,
2026-06-01,2026-06,WeighRight,,Air Clean Out,Air Clean out of Machine (no testing necessary),Bag/Other,inferred,,,3.0,0,0.233,0.7,,,,
2026-06-01,2026-06,WeighRight,,Air Clean Out,Air Clean out of Machine (no testing necessary),Bag/Other,inferred,,,3.0,0,0.367,1.1,,,,
2026-06-01,2026-06,WeighRight,,CleanGA,Clean + Gluten + Almond Tests,Bag/Other,inferred,,,3.0,0,2.85,8.55,,,,
2026-06-02,2026-06,AMS,machine(Amy),30007,Instant Miraculous Mushrooms A&P 100g Bag / 6 Count Case,Instant,inferred,,yes,4.0,552,0.817,3.267,675.9,11.265,169.0,
2026-06-02,2026-06,AMS,machine(Amy),30013,Instant Miraculous Mushrooms C+5 135g Bag / 6 Count Case,Instant,inferred,,yes,4.0,1416,4.45,17.8,318.2,5.303,79.6,
2026-06-02,2026-06,AMS,machine(Amy),31007,ORG Instant Miraculous Mushrooms AP Latte 6Ct Case ,Instant,inferred,,yes,4.0,217,4.017,16.067,54.0,0.9,13.5,
2026-06-02,2026-06,AMS,machine(Amy),Air clean out,Air Clean out of Machine (no testing necessary),Bag/Other,inferred,,,4.0,0,0.317,1.267,,,,
2026-06-02,2026-06,AMS,machine(Amy),Air clean out,Air Clean out of Machine (no testing necessary),Bag/Other,inferred,,,4.0,0,0.317,1.267,,,,
2026-06-02,2026-06,Assembly,,40141,ORG Original 25ct Tea Bag - G,Tea,governed,high,yes,1.0,79,4.8,4.8,16.5,0.274,16.5,
2026-06-02,2026-06,Assembly,,42011,ORG Pumpkin Spice 25CT Tea Bag - GA,Tea,governed,high,yes,1.0,175,6.517,6.517,26.9,0.448,26.9,
2026-06-02,2026-06,Assembly,,42021,DO NOT MAKE - ORG Caramel Nut 25CT Tea Bag - GA,Tea,governed,high,yes,1.0,111,8.5,8.5,13.1,0.218,13.1,
2026-06-02,2026-06,Maisa 1,,40016,Vanilla Nut Tagless Tea Bag - 50 Ct - GA,Tea,governed,high,,3.0,0,2.817,8.45,,,,
2026-06-02,2026-06,WeighRight,,10051,ORG Roasted Chicory Root - 1 Lb Bag,Bag/Other,inferred,,yes,4.0,1704,4.717,18.867,361.3,6.021,90.3,
2026-06-02,2026-06,WeighRight,,10059A,AMZN ORG French Chicory 2 X 1 Lb Bag,Bag/Other,inferred,,yes,4.0,432,2.8,11.2,154.3,2.571,38.6,
2026-06-03,2026-06,AMS,machine(Amy),31007,ORG Instant Miraculous Mushrooms AP Latte 6Ct Case ,Instant,inferred,,yes,4.0,21,0.4,1.6,52.5,0.875,13.1,
2026-06-03,2026-06,AMS,machine(Amy),31014,ORG Instant Miraculous Mushroom Matcha Latte 6Ct Case,Instant,inferred,,yes,4.0,240,3.983,15.933,60.3,1.004,15.1,
2026-06-03,2026-06,AMS,machine(Amy),Air clean out,Air Clean out of Machine (no testing necessary),Bag/Other,inferred,,,4.0,0,0.367,1.467,,,,
2026-06-03,2026-06,AMS,machine(Amy),Different tooling,,Bag/Other,inferred,,,4.0,0,0.45,1.8,,,,
2026-06-03,2026-06,Assembly,,40001,Herbal Tea Sampler Box - 6 Count Case,Sampler,inferred,,yes,1.0,53,3.833,3.833,13.8,0.23,13.8,
2026-06-03,2026-06,Assembly,,40141,ORG Original 25ct Tea Bag - G,Tea,governed,high,yes,1.0,30,1.017,1.017,29.5,0.492,29.5,
2026-06-03,2026-06,Assembly,,42011,ORG Pumpkin Spice 25CT Tea Bag - GA,Tea,governed,high,yes,1.0,141,4.583,4.583,30.8,0.513,30.8,
2026-06-03,2026-06,Assembly,,45001,Mushroom Adaptogen TB Sampler Box - 6 Count Case - G,Sampler,inferred,,yes,1.0,32,1.75,1.75,18.3,0.305,18.3,
2026-06-03,2026-06,Assembly,,50092,Teeccino Chocolate Flavor Sampler,Sampler,governed,high,yes,1.0,9,1.167,1.167,7.7,0.129,7.7,
2026-06-03,2026-06,WeighRight,,10035,Chicory 5 Lb Bag,Bag/Other,inferred,,yes,4.0,128,1.133,4.533,112.9,1.882,28.2,
2026-06-03,2026-06,WeighRight,,10051,ORG Roasted Chicory Root - 1 Lb Bag,Bag/Other,inferred,,yes,4.0,1368,3.117,12.467,438.9,7.316,109.7,
2026-06-08,2026-06,AMS,handpack,10202,ORG Peppermint 1 Lb Bag,Bag/Other,inferred,,yes,2.0,280,6.05,12.1,46.3,0.771,23.1,
2026-06-08,2026-06,Assembly,,40001,Herbal Tea Sampler Box - 6 Count Case,Sampler,inferred,,yes,1.0,58,8.083,8.083,7.2,0.12,7.2,
2026-06-08,2026-06,Assembly,,42011,ORG Pumpkin Spice 25CT Tea Bag - GA,Tea,governed,high,yes,1.0,101,6.167,6.167,16.4,0.273,16.4,
2026-06-08,2026-06,Assembly,,45001,Mushroom Adaptogen TB Sampler Box - 6 Count Case - G,Sampler,inferred,,yes,1.0,67,8.167,8.167,8.2,0.137,8.2,
2026-06-08,2026-06,Assembly,,50092,Teeccino Chocolate Flavor Sampler,Sampler,governed,high,yes,1.0,181,6.417,6.417,28.2,0.47,28.2,
2026-06-08,2026-06,Maisa 2+3,,40111,ORG French Roast 25CT Tea Bag - G,Tea,governed,high,yes,5.0,152,0.417,2.083,364.8,6.08,73.0,
2026-06-08,2026-06,Maisa 2+3,,40113,ORG French Roast 25CT Tea Bag 3PK - G,Tea,inferred,,yes,5.0,120,1.1,5.5,109.1,1.818,21.8,
2026-06-08,2026-06,Maisa 2+3,,40116,French Roast Tagless Tea Bag - 50 Ct - G,Tea,governed,high,yes,3.0,432,6.35,19.05,68.0,1.134,22.7,
2026-06-08,2026-06,Maisa 2+3,,43220F,Dandelion Caramel Nut Dual Language 10 cnt TB - A,Tea,inferred,,yes,3.0,282,1.367,4.1,206.3,3.439,68.8,
2026-06-08,2026-06,Maisa 2+3,,CleanG,Clean + Gluten Test,Tea,inferred,,,3.0,0,0.55,1.65,,,,
2026-06-08,2026-06,WeighRight,,10031,Roasted Chicory Root - 1 Lb Bag,Bag/Other,inferred,,yes,4.0,1080,2.45,9.8,440.8,7.347,110.2,
2026-06-08,2026-06,WeighRight,,10035,Chicory 5 Lb Bag,Bag/Other,inferred,,yes,4.0,156,1.183,4.733,131.8,2.197,33.0,
2026-06-08,2026-06,WeighRight,,10039A,AMZN Roasted French Chicory 2 X 1 Lb Bag,Bag/Other,inferred,,yes,4.0,1344,6.55,26.2,205.2,3.42,51.3,
2026-06-09,2026-06,AMS,machine(Amy),10006A,WWB AMZN Organic Lemon Balm (6 Oz) ,Bag/Other,inferred,,yes,4.0,1440,8.767,35.067,164.3,2.738,41.1,
2026-06-09,2026-06,AMS,handpack,10202,ORG Peppermint 1 Lb Bag,Bag/Other,inferred,,yes,2.0,56,0.917,1.833,61.1,1.018,30.5,
2026-06-09,2026-06,AMS,machine(Amy),Air clean out,Air Clean out of Machine (no testing necessary),Bag/Other,inferred,,,,0,0.3,,,,,
2026-06-09,2026-06,AMS,machine(Amy),Air clean out,Air Clean out of Machine (no testing necessary),Bag/Other,inferred,,,4.0,0,0.433,1.733,,,,
2026-06-09,2026-06,Assembly,,40001,Herbal Tea Sampler Box - 6 Count Case,Sampler,inferred,,yes,1.0,25,8.333,8.333,3.0,0.05,3.0,
2026-06-09,2026-06,Assembly,,42011,ORG Pumpkin Spice 25CT Tea Bag - GA,Tea,governed,high,yes,1.0,122,9.25,9.25,13.2,0.22,13.2,
2026-06-09,2026-06,Assembly,,45001,Mushroom Adaptogen TB Sampler Box - 6 Count Case - G,Sampler,inferred,,yes,1.0,21,8.333,8.333,2.5,0.042,2.5,
2026-06-09,2026-06,Assembly,,45021,ORG Chaga Ashwagandha 25 Ct Tea Bag,Tea,governed,high,yes,1.0,48,1.667,1.667,28.8,0.48,28.8,
2026-06-09,2026-06,Maisa 2+3,,43220F,Dandelion Caramel Nut Dual Language 10 cnt TB - A,Tea,inferred,,yes,3.0,438,0.917,2.75,477.8,7.964,159.3,
2026-06-09,2026-06,Maisa 2+3,,45020,ORG Chaga Ashwagandha 10 Ct Tea Bag/6 Count Case,Tea,inferred,,yes,3.0,882,2.417,7.25,365.0,6.083,121.7,
2026-06-09,2026-06,Maisa 2+3,,45021,ORG Chaga Ashwagandha 25 Ct Tea Bag,Tea,governed,high,yes,3.0,720,6.05,18.15,119.0,1.983,39.7,
2026-06-09,2026-06,Maisa 2+3,,CleanA,Clean + Almond Test,Tea,inferred,,,3.0,0,0.633,1.9,,,,
2026-06-09,2026-06,WeighRight,,10031,Roasted Chicory Root - 1 Lb Bag,Bag/Other,inferred,,yes,4.0,120,0.367,1.467,327.3,5.455,81.8,
2026-06-09,2026-06,WeighRight,,83110L,ORG Dandelion Dark Roast 10 oz Bag/Box of 24,APG,governed,high,yes,3.0,1800,4.583,13.75,392.7,6.545,130.9,
2026-06-09,2026-06,WeighRight,,83113,ORG Dandelion Dark Roast 10OZ Bag 3PK ,Bag/Other,inferred,,yes,3.0,512,4.067,12.2,125.9,2.098,42.0,
2026-06-09,2026-06,WeighRight,,83220L,Dandelion Caramel Nut 10 Oz Bag/Box of 24 - A,Bag/Other,inferred,,yes,3.0,288,0.7,2.1,411.4,6.857,137.1,
2026-06-09,2026-06,WeighRight,,Air Clean Out,Air Clean out of Machine (no testing necessary),Bag/Other,inferred,,,3.0,0,0.45,1.35,,,,
2026-06-09,2026-06,WeighRight,,Clean,Standard Clean,Bag/Other,inferred,,,3.0,0,0.85,2.55,,,,
2026-06-10,2026-06,Assembly,,40001,Herbal Tea Sampler Box - 6 Count Case,Sampler,inferred,,yes,1.0,49,2.5,2.5,19.6,0.327,19.6,
2026-06-10,2026-06,Assembly,,45001,Mushroom Adaptogen TB Sampler Box - 6 Count Case - G,Sampler,inferred,,yes,1.0,35,4.0,4.0,8.8,0.146,8.8,
2026-06-10,2026-06,Maisa 2+3,,45020,ORG Chaga Ashwagandha 10 Ct Tea Bag/6 Count Case,Tea,inferred,,yes,3.0,1956,4.35,13.05,449.7,7.494,149.9,
2026-06-10,2026-06,WeighRight,,80060A,AMZN Org Hazelnut 11OZ Bag/Box of 24 - GA,Bag/Other,inferred,,yes,3.0,1200,1.8,5.4,666.7,11.111,222.2,
2026-06-10,2026-06,WeighRight,,82040L,ORG Snickerdoodle 11OZ Bag/Box of 24 - GA,APG,governed,high,yes,3.0,432,0.867,2.6,498.5,8.308,166.2,
2026-06-10,2026-06,WeighRight,,Air Clean Out,Air Clean out of Machine (no testing necessary),Bag/Other,inferred,,,3.0,0,0.3,0.9,,,,
2026-06-10,2026-06,WeighRight,,Air Clean Out,Air Clean out of Machine (no testing necessary),Bag/Other,inferred,,,3.0,0,0.55,1.65,,,,
2026-06-15,2026-06,Assembly,,40001,Herbal Tea Sampler Box - 6 Count Case,Sampler,inferred,,yes,1.0,45,9.583,9.583,4.7,0.078,4.7,
2026-06-15,2026-06,Assembly,,43111,ORG Dandelion Dark Roast 25CT Tea Bag,Tea,governed,high,yes,1.0,151,5.0,5.0,30.2,0.503,30.2,
2026-06-15,2026-06,Assembly,,45001,Mushroom Adaptogen TB Sampler Box - 6 Count Case - G,Sampler,inferred,,yes,1.0,75,6.2,6.2,12.1,0.202,12.1,
2026-06-15,2026-06,Maisa 2+3,,43111,ORG Dandelion Dark Roast 25CT Tea Bag,Tea,governed,high,yes,3.0,24,0.133,0.4,180.0,3.0,60.0,
2026-06-15,2026-06,Maisa 2+3,,45020,ORG Chaga Ashwagandha 10 Ct Tea Bag/6 Count Case,Tea,inferred,,yes,5.0,1302,1.85,9.25,703.8,11.73,140.8,
2026-06-15,2026-06,Maisa 2+3,,45020F,Chaga Ashwagandha Dual Language 10 cnt TB,Tea,inferred,,yes,5.0,1380,3.2,16.0,431.2,7.188,86.2,
2026-06-15,2026-06,Maisa 2+3,,45021,ORG Chaga Ashwagandha 25 Ct Tea Bag,Tea,governed,high,yes,5.0,738,3.667,18.333,201.3,3.355,40.3,
2026-06-15,2026-06,Maisa 2+3,,Clean,Standard Clean,Tea,inferred,,,5.0,0,1.167,5.833,,,,
2026-06-15,2026-06,WeighRight,,60060,ORG Hazelnut 5 Lb Bag - GA,Bag/Other,inferred,,yes,3.0,48,0.5,1.5,96.0,1.6,32.0,
2026-06-15,2026-06,WeighRight,,60070,ORG Java 5 Lb Bag - GA,Bag/Other,inferred,,yes,3.0,20,0.2,0.6,100.0,1.667,33.3,
2026-06-15,2026-06,WeighRight,,65020,ORG Chaga Ashwagandha 5 Lb Bag,Bag/Other,inferred,,yes,3.0,20,0.2,0.6,100.0,1.667,33.3,
2026-06-15,2026-06,WeighRight,,80050L,ORG English Toffee 11oz Bag/Box of 24 - GA,Bag/Other,inferred,,yes,3.0,717,1.433,4.3,500.2,8.337,166.7,
2026-06-15,2026-06,WeighRight,,80060L,Org Hazelnut 11OZ Bag/Box of 24 - GA,Bag/Other,inferred,,yes,3.0,672,1.3,3.9,516.9,8.615,172.3,
2026-06-15,2026-06,WeighRight,,85020,ORG Chaga Ashwagandha 10 Oz Bag/6 Count Case,Bag/Other,inferred,,yes,3.0,972,2.9,8.7,335.2,5.586,111.7,
2026-06-15,2026-06,WeighRight,,85070,ORG Miraculous Mushrooms A&P 6Ct/10Oz APG Bag,APG,inferred,,yes,3.0,246,1.283,3.85,191.7,3.195,63.9,
2026-06-15,2026-06,WeighRight,,Air Clean Out,Air Clean out of Machine (no testing necessary),Bag/Other,inferred,,,3.0,0,0.55,1.65,,,,
2026-06-15,2026-06,WeighRight,,Air Clean Out,Air Clean out of Machine (no testing necessary),Bag/Other,inferred,,,3.0,0,0.167,0.5,,,,
2026-06-15,2026-06,WeighRight,,Air Clean Out,Air Clean out of Machine (no testing necessary),Bag/Other,inferred,,,3.0,0,0.3,0.9,,,,
2026-06-15,2026-06,WeighRight,,CleanGA,Clean + Gluten + Almond Tests,Bag/Other,inferred,,,3.0,0,1.233,3.7,,,,
2026-06-16,2026-06,AMS,machine(Amy),10013,"ORG Hibisicus, 8 Oz Bag",Bag/Other,inferred,,yes,4.0,588,2.65,10.6,221.9,3.698,55.5,
2026-06-16,2026-06,Maisa 2+3,,10203L,Organic Peppermint 50Ct NTB - MAISA 1 only,Tea,inferred,,yes,3.0,276,4.25,12.75,64.9,1.082,21.6,
2026-06-16,2026-06,Maisa 2+3,,43111,ORG Dandelion Dark Roast 25CT Tea Bag,Tea,governed,high,yes,3.0,408,4.5,13.5,90.7,1.511,30.2,
2026-06-16,2026-06,Maisa 2+3,,Clean,Standard Clean,Tea,inferred,,,3.0,0,0.717,2.15,,,,
2026-06-16,2026-06,WeighRight,,55070,ORG Miraculous Mushrooms A+P 30g Trial Size Packet,Bag/Other,inferred,,yes,3.0,2365,5.067,15.2,466.8,7.78,155.6,
2026-06-16,2026-06,WeighRight,,66010,ORG Dark Chocolate 5 Lb Bag,Bag/Other,inferred,,,3.0,0,0.2,0.6,,,,
2026-06-16,2026-06,WeighRight,,83110,ORG Dandelion Dark Roast 10 Oz Bag/6 Count Case,Bag/Other,inferred,,yes,3.0,240,0.533,1.6,450.0,7.5,150.0,
2026-06-16,2026-06,WeighRight,,83110L,ORG Dandelion Dark Roast 10 oz Bag/Box of 24,APG,governed,high,yes,3.0,576,1.533,4.6,375.7,6.261,125.2,
2026-06-16,2026-06,WeighRight,,85070,ORG Miraculous Mushrooms A&P 6Ct/10Oz APG Bag,APG,inferred,,yes,3.0,234,0.55,1.65,425.5,7.091,141.8,
2026-06-16,2026-06,WeighRight,,85070L,ORG Miraculous Mushrooms A&P 10oz Bag/Box of 24,Bag/Other,inferred,,yes,3.0,840,1.383,4.15,607.2,10.12,202.4,
2026-06-16,2026-06,WeighRight,,Air Clean Out,Air Clean out of Machine (no testing necessary),Bag/Other,inferred,,,3.0,0,0.667,2.0,,,,
2026-06-16,2026-06,WeighRight,,Air Clean Out,Air Clean out of Machine (no testing necessary),Bag/Other,inferred,,,3.0,0,0.2,0.6,,,,
2026-06-17,2026-06,AMS,machine(Amy),10013,"ORG Hibisicus, 8 Oz Bag",Bag/Other,inferred,,yes,4.0,132,0.6,2.4,220.0,3.667,55.0,
2026-06-17,2026-06,AMS,machine(Amy),10044,AMZN- WWB-ORG Hibiscus - 1 Lb Bag,Bag/Other,inferred,,yes,4.0,305,2.0,8.0,152.5,2.542,38.1,
2026-06-17,2026-06,AMS,machine(Amy),10302A,WWB Organic Cinnamon Powder 1lb - AMZN Label,Bag/Other,inferred,,yes,4.0,516,1.133,4.533,455.3,7.588,113.8,
2026-06-17,2026-06,AMS,machine(Amy),Different Tooling,,Bag/Other,inferred,,,4.0,0,0.633,2.533,,,,
2026-06-17,2026-06,Assembly,,43111,ORG Dandelion Dark Roast 25CT Tea Bag,Tea,governed,high,yes,1.0,329,6.333,6.333,51.9,0.866,51.9,
2026-06-17,2026-06,Maisa 2+3,,10203L,Organic Peppermint 50Ct NTB - MAISA 1 only,Tea,inferred,,yes,3.0,24,0.3,0.9,80.0,1.333,26.7,
2026-06-17,2026-06,Maisa 2+3,,40131,ORG Mexican Chocolate 25CT Tea Bag - G,Tea,governed,high,yes,3.0,504,3.483,10.45,144.7,2.411,48.2,
2026-06-17,2026-06,Maisa 2+3,,Clean,Standard Clean,Tea,inferred,,,3.0,0,0.517,1.55,,,,
2026-06-17,2026-06,WeighRight,,60080,ORG Mocha 5 Lb Bag - GA,Bag/Other,inferred,,yes,1.0,32,1.0,1.0,32.0,0.533,32.0,
2026-06-17,2026-06,WeighRight,,80010A,AMZN Org Vanilla Nut 11OZ Bag/Box of 24 - GA,Bag/Other,inferred,,yes,3.0,600,1.1,3.3,545.5,9.091,181.8,
2026-06-17,2026-06,WeighRight,,83080L,ORG Dandelion Mocha 10 Oz Bag/Box of 24 - A,Bag/Other,inferred,,yes,3.0,786,1.9,5.7,413.7,6.895,137.9,
2026-06-17,2026-06,WeighRight,,83110L,ORG Dandelion Dark Roast 10 oz Bag/Box of 24,APG,governed,high,yes,3.0,357,0.867,2.6,411.9,6.865,137.3,
2026-06-17,2026-06,WeighRight,,Air Clean Out,Air Clean out of Machine (no testing necessary),Bag/Other,inferred,,,3.0,0,0.3,0.9,,,,
2026-06-17,2026-06,WeighRight,,Air Clean Out,Air Clean out of Machine (no testing necessary),Bag/Other,inferred,,,3.0,0,0.167,0.5,,,,
2026-06-22,2026-06,AMS,machine(Amy),10302A,WWB Organic Cinnamon Powder 1lb - AMZN Label,Bag/Other,inferred,,yes,4.0,516,1.883,7.533,274.0,4.566,68.5,
2026-06-22,2026-06,AMS,machine(Amy),30004,Instant Barley - 6 Oz Bag - G,Instant,inferred,,yes,4.0,434,2.65,10.6,163.8,2.73,40.9,
2026-06-22,2026-06,AMS,machine(Amy),30007,Instant Miraculous Mushrooms A&P 100g Bag / 6 Count Case,Instant,inferred,,yes,4.0,1080,2.95,11.8,366.1,6.102,91.5,
2026-06-22,2026-06,AMS,machine(Amy),30007L,ORG Instant Miraculous Mushrooms AP 100g Bag,Instant,governed,high,yes,4.0,180,1.3,5.2,138.5,2.308,34.6,
2026-06-22,2026-06,AMS,machine(Amy),Air clean out,Air Clean out of Machine (no testing necessary),Bag/Other,inferred,,,4.0,0,0.483,1.933,,,,
2026-06-22,2026-06,AMS,machine(Amy),CLEAN,Standard Clean,Bag/Other,inferred,,,4.0,0,0.817,3.267,,,,
2026-06-22,2026-06,AMS,machine(Amy),CleanG,Clean + Gluten Test,Bag/Other,inferred,,,1.0,0,0.483,0.483,,,,
2026-06-22,2026-06,Assembly,,40001,Herbal Tea Sampler Box - 6 Count Case,Sampler,inferred,,yes,2.0,102,5.0,10.0,20.4,0.34,10.2,
2026-06-22,2026-06,Assembly,,42121,ORG Chocolate Raspberry 25CT Tea Bag - G,Tea,governed,high,yes,1.0,54,2.667,2.667,20.3,0.338,20.3,
2026-06-22,2026-06,Assembly,,50096,Top Six Packet Sampler pack,Sampler,inferred,,yes,1.0,190,3.667,3.667,51.8,0.864,51.8,
2026-06-22,2026-06,Assembly,,80030,ORG Almond Amaretto 11OZ Bag/6 Count Case - GA,Bag/Other,inferred,,yes,1.0,240,0.967,0.967,248.3,4.138,248.3,
2026-06-22,2026-06,Assembly,,86010,ORG Dark Chocolate 10 Oz Bag/6 Count Case,Bag/Other,inferred,,yes,1.0,192,0.9,0.9,213.3,3.556,213.3,
2026-06-22,2026-06,Maisa 2+3,,40131,ORG Mexican Chocolate 25CT Tea Bag - G,Tea,governed,high,yes,5.0,328,1.083,5.417,302.8,5.046,60.6,
2026-06-22,2026-06,Maisa 2+3,,47010,75147 TJ ORG Roasted Herbal Cofee (12 Pack) - G,Tea,inferred,,yes,5.0,5856,8.75,43.75,669.3,11.154,133.9,
2026-06-22,2026-06,Maisa 2+3,,CleanG,Clean + Gluten Test,Tea,inferred,,,5.0,0,0.167,0.833,,,,
2026-06-22,2026-06,WeighRight,,Go to amy,,Bag/Other,inferred,,,3.0,0,10.0,30.0,,,,
2026-06-23,2026-06,AMS,machine(Amy),30007L,ORG Instant Miraculous Mushrooms AP 100g Bag,Instant,governed,high,yes,4.0,413,1.5,6.0,275.3,4.589,68.8,
2026-06-23,2026-06,AMS,machine(Amy),30013,Instant Miraculous Mushrooms C+5 135g Bag / 6 Count Case,Instant,inferred,,yes,4.0,1080,3.95,15.8,273.4,4.557,68.4,
2026-06-23,2026-06,AMS,machine(Amy),30013L,ORG Miraculous Mushrooms Cacao 135g Bag,Bag/Other,inferred,,yes,4.0,655,2.183,8.733,300.0,5.0,75.0,
2026-06-23,2026-06,AMS,machine(Amy),31007,ORG Instant Miraculous Mushrooms AP Latte 6Ct Case ,Instant,inferred,,yes,4.0,61,1.717,6.867,35.5,0.592,8.9,
2026-06-23,2026-06,AMS,machine(Amy),Air clean out,Air Clean out of Machine (no testing necessary),Bag/Other,inferred,,,4.0,0,0.417,1.667,,,,
2026-06-23,2026-06,AMS,machine(Amy),Air clean out,Air Clean out of Machine (no testing necessary),Bag/Other,inferred,,,4.0,0,0.367,1.467,,,,
2026-06-23,2026-06,Assembly,,40001,Herbal Tea Sampler Box - 6 Count Case,Sampler,inferred,,yes,1.0,59,5.0,5.0,11.8,0.197,11.8,
2026-06-23,2026-06,Assembly,,42111,ORG French Vanilla 25CT Tea Bag - G,Tea,governed,high,yes,1.0,22,1.25,1.25,17.6,0.293,17.6,
2026-06-23,2026-06,Assembly,,42121,ORG Chocolate Raspberry 25CT Tea Bag - G,Tea,governed,high,yes,1.0,45,3.667,3.667,12.3,0.205,12.3,
2026-06-23,2026-06,Assembly,,50096,Top Six Packet Sampler pack,Sampler,inferred,,yes,1.0,103,5.0,5.0,20.6,0.343,20.6,
2026-06-23,2026-06,Assembly,,80083,ORG Mocha 11OZ Bag 3PK  - GA,Bag/Other,inferred,,yes,1.0,32,0.517,0.517,61.9,1.032,61.9,
2026-06-23,2026-06,Maisa 2+3,,47010,75147 TJ ORG Roasted Herbal Cofee (12 Pack) - G,Tea,inferred,,yes,5.0,7548,10.083,50.417,748.6,12.476,149.7,
2026-06-23,2026-06,WeighRight,,Go to amy,,Bag/Other,inferred,,,3.0,0,10.0,30.0,,,,
2026-06-24,2026-06,AMS,machine(Amy),30008L,ORG Instant French Roast 100g Bag - G,Instant,governed,high,yes,4.0,612,1.783,7.133,343.2,5.72,85.8,
2026-06-24,2026-06,AMS,machine(Amy),31007,ORG Instant Miraculous Mushrooms AP Latte 6Ct Case ,Instant,inferred,,yes,4.0,130,2.533,10.133,51.3,0.855,12.8,
2026-06-24,2026-06,AMS,machine(Amy),31014,ORG Instant Miraculous Mushroom Matcha Latte 6Ct Case,Instant,inferred,,yes,4.0,189,4.9,19.6,38.6,0.643,9.6,
2026-06-24,2026-06,AMS,machine(Amy),Air clean out,Air Clean out of Machine (no testing necessary),Bag/Other,inferred,,,4.0,0,0.417,1.667,,,,
2026-06-24,2026-06,AMS,machine(Amy),Air clean out,Air Clean out of Machine (no testing necessary),Bag/Other,inferred,,,4.0,0,0.383,1.533,,,,
2026-06-24,2026-06,AMS,machine(Amy),Air clean out,Air Clean out of Machine (no testing necessary),Bag/Other,inferred,,,4.0,0,0.35,1.4,,,,
2026-06-24,2026-06,Assembly,,40001,Herbal Tea Sampler Box - 6 Count Case,Sampler,inferred,,yes,1.0,56,5.0,5.0,11.2,0.187,11.2,
2026-06-24,2026-06,Assembly,,42111,ORG French Vanilla 25CT Tea Bag - G,Tea,governed,high,yes,1.0,114,5.0,5.0,22.8,0.38,22.8,
2026-06-24,2026-06,Assembly,,50096,Top Six Packet Sampler pack,Sampler,inferred,,yes,1.0,37,4.5,4.5,8.2,0.137,8.2,
2026-06-24,2026-06,Maisa 2+3,,43310,ORG Dandelion Mocha Mint 10CT Tea Bag - A,Tea,inferred,,yes,5.0,2466,6.083,30.417,405.4,6.756,81.1,
2026-06-24,2026-06,Maisa 2+3,,47010,75147 TJ ORG Roasted Herbal Cofee (12 Pack) - G,Tea,inferred,,yes,5.0,3048,3.617,18.083,842.8,14.046,168.6,
2026-06-24,2026-06,Maisa 2+3,,CleanG,Clean + Gluten Test,Tea,inferred,,,5.0,0,0.4,2.0,,,,
2026-06-24,2026-06,Maisa 2+3,,TB331,ORG Dandelion Mocha Mint Tea Bag - A,Tea bag (intermediate),item-code,,yes,4.0,12000,1.75,7.0,6857.1,114.286,1714.3,
2026-06-24,2026-06,WeighRight,,Go to amy,,Bag/Other,inferred,,,3.0,0,10.0,30.0,,,,
2026-06-25,2026-06,AMS,machine(Amy),10046L,"Organic Dandelion Root Powder, Medium Roast, 1 Lb Bag",Bag/Other,inferred,,yes,4.0,300,1.317,5.267,227.8,3.797,57.0,
2026-06-25,2026-06,AMS,machine(Amy),30014L,Organic Instant Chicory 8 Oz Bag,Instant,inferred,,yes,4.0,372,2.667,10.667,139.5,2.325,34.9,
2026-06-25,2026-06,AMS,machine(Amy),Air clean out,Air Clean out of Machine (no testing necessary),Bag/Other,inferred,,,,0,0.867,,,,,
2026-06-25,2026-06,AMS,machine(Amy),Air clean out,Air Clean out of Machine (no testing necessary),Bag/Other,inferred,,,,0,0.667,,,,,
2026-06-25,2026-06,Assembly,,40001,Herbal Tea Sampler Box - 6 Count Case,Sampler,inferred,,yes,1.0,13,5.0,5.0,2.6,0.043,2.6,
2026-06-25,2026-06,Assembly,,42111,ORG French Vanilla 25CT Tea Bag - G,Tea,governed,high,yes,1.0,172,5.0,5.0,34.4,0.573,34.4,
2026-06-25,2026-06,Assembly,,83220L,Dandelion Caramel Nut 10 Oz Bag/Box of 24 - A,Bag/Other,inferred,,yes,1.0,48,0.167,0.167,288.0,4.8,288.0,
2026-06-25,2026-06,Maisa 2+3,,43221,ORG Dandelion Caramel Nut 25CT Tea Bag - A,Tea,governed,high,yes,5.0,72,2.367,11.833,30.4,0.507,6.1,
2026-06-25,2026-06,Maisa 2+3,,43226,Dandelion Caramel Nut Tagless Tea Bag - 50 Ct - A,Tea,governed,high,yes,5.0,480,2.917,14.583,164.6,2.743,32.9,
2026-06-25,2026-06,Maisa 2+3,,43310,ORG Dandelion Mocha Mint 10CT Tea Bag - A,Tea,inferred,,yes,5.0,954,0.983,4.917,970.2,16.169,194.0,
2026-06-25,2026-06,Maisa 2+3,,43340,ORG Dandelion Coconut 10CT Tea Bag - A,Tea,inferred,,yes,5.0,3768,4.817,24.083,782.3,13.038,156.5,
2026-06-25,2026-06,Maisa 2+3,,Clean,Standard Clean,Tea,inferred,,,5.0,0,0.267,1.333,,,,
2026-06-25,2026-06,Maisa 2+3,,Clean,Standard Clean,Tea,inferred,,,5.0,0,0.483,2.417,,,,
2026-06-25,2026-06,WeighRight,,80010A,AMZN Org Vanilla Nut 11OZ Bag/Box of 24 - GA,Bag/Other,inferred,,yes,3.0,600,1.65,4.95,363.6,6.061,121.2,
2026-06-25,2026-06,WeighRight,,80010L,Org Vanilla Nut 11OZ Bag/Box of 24 - GA,Bag/Other,inferred,,yes,3.0,432,0.833,2.5,518.4,8.64,172.8,
2026-06-25,2026-06,WeighRight,,80110A,AMZN Org French Roast 11OZ Bag/Box of 24 - G,Bag/Other,inferred,,yes,3.0,120,0.383,1.15,313.0,5.217,104.3,
2026-06-25,2026-06,WeighRight,,Air Clean Out,Air Clean out of Machine (no testing necessary),Bag/Other,inferred,,,3.0,0,0.667,2.0,,,,
2026-06-25,2026-06,WeighRight,,CleanA,Clean + Almond Test,Bag/Other,inferred,,,3.0,0,0.8,2.4,,,,
2026-06-25,2026-06,WeighRight,,Go to amy,,Bag/Other,inferred,,,3.0,0,10.0,30.0,,,,
2026-06-29,2026-06,Assembly,,42111,ORG French Vanilla 25CT Tea Bag - G,Tea,governed,high,yes,1.0,172,5.167,5.167,33.3,0.555,33.3,
2026-06-29,2026-06,Assembly,,43001L,Dandelion Tea Sampler Box - Loose - G,Sampler,governed,high,yes,1.0,420,3.5,3.5,120.0,2.0,120.0,
2026-06-29,2026-06,Maisa 2+3,,43220,ORG Dandelion Caramel Nut 10ct/6pk Tea Bag - A,Tea,inferred,,yes,5.0,5022,6.8,34.0,738.5,12.309,147.7,
2026-06-29,2026-06,Maisa 2+3,,43221,ORG Dandelion Caramel Nut 25CT Tea Bag - A,Tea,governed,high,yes,5.0,1128,3.283,16.417,343.6,5.726,68.7,
2026-06-29,2026-06,WeighRight,,80110,ORG French Roast 11OZ Bag/6 Count Case - G,Bag/Other,inferred,,yes,3.0,1962,4.783,14.35,410.2,6.836,136.7,
2026-06-29,2026-06,WeighRight,,80110A,AMZN Org French Roast 11OZ Bag/Box of 24 - G,Bag/Other,inferred,,yes,3.0,1320,3.117,9.35,423.5,7.059,141.2,
2026-06-29,2026-06,WeighRight,,80113,ORG French Roast 11OZ Bag 3PK - G,Bag/Other,inferred,,yes,3.0,176,0.533,1.6,330.0,5.5,110.0,
2026-06-30,2026-06,Assembly,,12251L,Holiday Tea Bag Sampler Box ,Sampler,inferred,,yes,1.0,144,1.817,1.817,79.3,1.321,79.3,
2026-06-30,2026-06,Assembly,,42099,Teeccino Herbal Tea Holiday Display,Bag/Other,inferred,,yes,1.0,1,0.583,0.583,1.7,0.029,1.7,
2026-06-30,2026-06,Assembly,,43001L,Dandelion Tea Sampler Box - Loose - G,Sampler,governed,high,yes,1.0,72,2.633,2.633,27.3,0.456,27.3,
2026-06-30,2026-06,Assembly,,46010L,ORG Dark Chocolate 10 Ct Tea Bag/36 Count Box,Tea,governed,high,yes,1.0,91,1.0,1.0,91.0,1.517,91.0,
2026-06-30,2026-06,Assembly,,80030,ORG Almond Amaretto 11OZ Bag/6 Count Case - GA,Bag/Other,inferred,,yes,1.0,72,1.117,1.117,64.5,1.075,64.5,
2026-06-30,2026-06,Assembly,,90001,Holiday Instant Gift Box,Bundle,governed,high,yes,1.0,20,1.167,1.167,17.1,0.286,17.1,
2026-06-30,2026-06,Maisa 1,,45070,ORG Miraculous Mushrooms A&P 10Ct/6Pk Tea Bag,Tea,inferred,,,3.0,276,,,,,,
2026-06-30,2026-06,Maisa 1,,CleanGA,Clean + Gluten + Almond Tests,Tea,inferred,,,,0,0.533,,,,,
2026-06-30,2026-06,Maisa 2+3,,43220,ORG Dandelion Caramel Nut 10ct/6pk Tea Bag - A,Tea,inferred,,yes,5.0,3258,4.333,21.667,751.8,12.531,150.4,
2026-06-30,2026-06,Maisa 2+3,,46011,ORG Dark Chocolate 25 Ct Tea Bag,Tea,governed,high,yes,5.0,672,4.65,23.25,144.5,2.409,28.9,
2026-06-30,2026-06,Maisa 2+3,,Cleana,Clean + Almond Test,Tea,inferred,,,5.0,0,1.083,5.417,,,,
2026-06-30,2026-06,WeighRight,,60110,ORG French Roast 5 Lb Bag - G,Bag/Other,inferred,,yes,3.0,64,0.5,1.5,128.0,2.133,42.7,
2026-06-30,2026-06,WeighRight,,80030,ORG Almond Amaretto 11OZ Bag/6 Count Case - GA,Bag/Other,inferred,,yes,3.0,480,12.867,38.6,37.3,0.622,12.4,
2026-06-30,2026-06,WeighRight,,80110,ORG French Roast 11OZ Bag/6 Count Case - G,Bag/Other,inferred,,yes,3.0,2178,4.333,13.0,502.6,8.377,167.5,
2026-06-30,2026-06,WeighRight,,80110L,Org French Roast 11oz Bag/Box of 24 - G,Bag/Other,inferred,,yes,3.0,720,1.6,4.8,450.0,7.5,150.0,
2026-06-30,2026-06,WeighRight,,Air Clean Out,Air Clean out of Machine (no testing necessary),Bag/Other,inferred,,,3.0,0,0.65,1.95,,,,
2026-06-30,2026-06,WeighRight,,CleanA,Clean + Almond Test,Bag/Other,inferred,,,3.0,0,1.75,5.25,,,,
2026-07-01,2026-07,Assembly,,12251L,Holiday Tea Bag Sampler Box ,Sampler,inferred,,yes,1.0,360,5.0,5.0,72.0,1.2,72.0,
2026-07-01,2026-07,Assembly,,43001L,Dandelion Tea Sampler Box - Loose - G,Sampler,governed,high,yes,1.0,278,4.667,4.667,59.6,0.993,59.6,
2026-07-01,2026-07,Assembly,,46010L,ORG Dark Chocolate 10 Ct Tea Bag/36 Count Box,Tea,governed,high,yes,1.0,528,4.833,4.833,109.2,1.821,109.2,
2026-07-01,2026-07,Maisa 1,,43116,Dandelion DarkRoast Tagless Tea Bag - 50 Ct,Tea,governed,high,yes,3.0,470,4.067,12.2,115.6,1.926,38.5,
2026-07-01,2026-07,Maisa 1,,43116,Dandelion DarkRoast Tagless Tea Bag - 50 Ct,Tea,governed,high,yes,3.0,10,1.883,5.65,5.3,0.088,1.8,
2026-07-01,2026-07,Maisa 1,,45070,ORG Miraculous Mushrooms A&P 10Ct/6Pk Tea Bag,Tea,inferred,,yes,3.0,2484,6.517,19.55,381.2,6.353,127.1,
2026-07-01,2026-07,Maisa 1,,Clean,Standard Clean,Tea,inferred,,,3.0,0,0.5,1.5,,,,
2026-07-01,2026-07,Maisa 2+3,,43110,ORG Dandelion Dark Roast 10ct/6pk Tea Bag,Tea,inferred,,yes,5.0,1062,4.25,21.25,249.9,4.165,50.0,
2026-07-01,2026-07,Maisa 2+3,,43110A,AMZN Org Dandelion Dark Roast 10 Ct Tea Bag Loose,Tea,inferred,,yes,5.0,360,1.667,8.333,216.0,3.6,43.2,
2026-07-01,2026-07,Maisa 2+3,,46011,ORG Dark Chocolate 25 Ct Tea Bag,Tea,governed,high,yes,5.0,432,3.567,17.833,121.1,2.019,24.2,
2026-07-01,2026-07,Maisa 2+3,,Clean,Standard Clean,Tea,inferred,,,5.0,0,0.6,3.0,,,,
2026-07-01,2026-07,WeighRight,,10042,ORG Burdock 1 Lb Bag,Bag/Other,inferred,,yes,3.0,1608,5.217,15.65,308.2,5.137,102.7,
2026-07-01,2026-07,WeighRight,,10051,ORG Roasted Chicory Root - 1 Lb Bag,Bag/Other,inferred,,yes,3.0,14,0.417,1.25,33.6,0.56,11.2,
2026-07-01,2026-07,WeighRight,,82110L,ORG French Vanilla 11OZ Bag/Box of 24 - G,Bag/Other,inferred,,yes,3.0,724,1.017,3.05,712.1,11.869,237.4,
2026-07-01,2026-07,WeighRight,,83116,Dandelion Dark Roast 500g APG Bag,APG,governed,high,yes,3.0,360,1.417,4.25,254.1,4.235,84.7,
2026-07-01,2026-07,WeighRight,,Air Clean Out,Air Clean out of Machine (no testing necessary),Bag/Other,inferred,,,3.0,0,12.667,38.0,,,,
2026-07-01,2026-07,WeighRight,,Air Clean Out,Air Clean out of Machine (no testing necessary),Bag/Other,inferred,,,3.0,0,0.117,0.35,,,,
2026-07-01,2026-07,WeighRight,,CleanG,Clean + Gluten Test,Bag/Other,inferred,,,3.0,0,0.567,1.7,,,,
2026-07-02,2026-07,AMS,handpack,10001A,Sage 2 Oz Bags AMZN,Bag/Other,inferred,,yes,1.0,140,4.433,4.433,31.6,0.526,31.6,
2026-07-02,2026-07,Assembly,,42099,Teeccino Herbal Tea Holiday Display,Bag/Other,inferred,,yes,1.0,6,1.633,1.633,3.7,0.061,3.7,
2026-07-02,2026-07,Assembly,,43001L,Dandelion Tea Sampler Box - Loose - G,Sampler,governed,high,yes,4.0,670,5.0,20.0,134.0,2.233,33.5,
2026-07-02,2026-07,Assembly,,46010L,ORG Dark Chocolate 10 Ct Tea Bag/36 Count Box,Tea,governed,high,yes,1.0,266,1.967,1.967,135.3,2.254,135.3,
2026-07-02,2026-07,Assembly,,49999,Teeccino Herbal Tea Shipper,Bag/Other,inferred,,yes,1.0,6,0.667,0.667,9.0,0.15,9.0,
2026-07-02,2026-07,Maisa 2+3,,43110,ORG Dandelion Dark Roast 10ct/6pk Tea Bag,Tea,inferred,,yes,5.0,3078,7.017,35.083,438.7,7.311,87.7,
2026-07-02,2026-07,Maisa 2+3,,45020,ORG Chaga Ashwagandha 10 Ct Tea Bag/6 Count Case,Tea,inferred,,yes,3.0,858,1.9,5.7,451.6,7.526,150.5,
2026-07-02,2026-07,Maisa 2+3,,Clean,Standard Clean,Tea,inferred,,,5.0,0,0.5,2.5,,,,
2026-07-02,2026-07,WeighRight,,10051,ORG Roasted Chicory Root - 1 Lb Bag,Bag/Other,inferred,,yes,3.0,186,5.767,17.3,32.3,0.538,10.8,
2026-07-02,2026-07,WeighRight,,62060,ORG Maple Pecan 5 Lb Bag - GA,Bag/Other,inferred,,yes,3.0,32,0.45,1.35,71.1,1.185,23.7,
2026-07-02,2026-07,WeighRight,,86010,ORG Dark Chocolate 10 Oz Bag/6 Count Case,Bag/Other,inferred,,yes,3.0,708,2.033,6.1,348.2,5.803,116.1,
2026-07-02,2026-07,WeighRight,,Air Clean Out,Air Clean out of Machine (no testing necessary),Bag/Other,inferred,,,3.0,0,2.867,8.6,,,,
2026-07-02,2026-07,WeighRight,,Air Clean Out,Air Clean out of Machine (no testing necessary),Bag/Other,inferred,,,3.0,0,0.783,2.35,,,,
2026-07-06,2026-07,AMS,handpack,10001A,Sage 2 Oz Bags AMZN,Bag/Other,inferred,,yes,3.0,580,4.717,14.15,123.0,2.049,41.0,
2026-07-06,2026-07,AMS,machine(Amy),10013,"ORG Hibisicus, 8 Oz Bag",Bag/Other,inferred,,yes,4.0,1416,4.667,18.667,303.4,5.057,75.9,
2026-07-06,2026-07,AMS,machine(Amy),Air clean out,Air Clean out of Machine (no testing necessary),Bag/Other,inferred,,,3.0,0,0.8,2.4,,,,
2026-07-06,2026-07,Assembly,,40012,ORG Vanilla Nut Tea Bag Demo Tray - GA,Tea,inferred,,yes,1.0,12,1.483,1.483,8.1,0.135,8.1,
2026-07-06,2026-07,Assembly,,43222,ORG Dandelion Caramel Nut Tea Bag Demo Tray - A,Tea,inferred,,yes,1.0,6,0.733,0.733,8.2,0.136,8.2,
2026-07-06,2026-07,Assembly,,43340L,Org Dandelion Coconut 10 Ct Tea Bag Loose - A,Tea,governed,high,yes,1.0,190,4.667,4.667,40.7,0.679,40.7,
2026-07-06,2026-07,Assembly,,43342,ORG Dandelion Coconut Tea Bag Demo Tray - A,Tea,inferred,,yes,1.0,6,0.683,0.683,8.8,0.146,8.8,
2026-07-06,2026-07,Assembly,,43371,ORG Blueberry Vanilla 25-Ct Tea Bag,Tea,inferred,,yes,1.0,44,1.5,1.5,29.3,0.489,29.3,
2026-07-06,2026-07,Assembly,,45001L,Mushroom Adapt Tea Bag Sampler Box,Sampler,governed,high,yes,1.0,541,3.833,3.833,141.1,2.352,141.1,
2026-07-06,2026-07,Assembly,,46012,ORG Dark Chocolate Tea Bag Demo Tray,Tea,inferred,,yes,1.0,6,0.633,0.633,9.5,0.158,9.5,
2026-07-06,2026-07,Assembly,,50110,ORG French Roast 30g Trial Size Packet - G,Bag/Other,inferred,,yes,1.0,200,0.383,0.383,521.7,8.696,521.7,
2026-07-06,2026-07,Assembly,,TB507,ORG Miraculous Mushroom A&P Loose Tea Bag,Tea bag (intermediate),item-code,,yes,1.0,200,0.5,0.5,400.0,6.667,400.0,
2026-07-06,2026-07,Maisa 2+3,,45020,ORG Chaga Ashwagandha 10 Ct Tea Bag/6 Count Case,Tea,inferred,,yes,3.0,3282,10.367,31.1,316.6,5.277,105.5,
2026-07-06,2026-07,WeighRight,,50130,ORG MACA Chocolate 30g Trial Size Packet - G,Bag/Other,inferred,,yes,3.0,221,1.067,3.2,207.2,3.453,69.1,
2026-07-06,2026-07,WeighRight,,60130,ORG MACA Chocolate 5 Lb Bag - G,Bag/Other,inferred,,yes,3.0,12,0.133,0.4,90.0,1.5,30.0,
2026-07-06,2026-07,WeighRight,,66010,ORG Dark Chocolate 5 Lb Bag,Bag/Other,inferred,,yes,3.0,28,0.7,2.1,40.0,0.667,13.3,
2026-07-06,2026-07,WeighRight,,80130L,Org Maca Chocoate 11oz Bag/Box of 24 - G,Bag/Other,inferred,,yes,3.0,432,0.833,2.5,518.4,8.64,172.8,
2026-07-06,2026-07,WeighRight,,86010,ORG Dark Chocolate 10 Oz Bag/6 Count Case,Bag/Other,inferred,,yes,3.0,672,1.667,5.0,403.2,6.72,134.4,
2026-07-06,2026-07,WeighRight,,86010L,ORG Dark Chocolate 10 Oz Bag/Box of 24,Bag/Other,inferred,,yes,3.0,1200,4.85,14.55,247.4,4.124,82.5,
2026-07-06,2026-07,WeighRight,,Air Clean Out,Air Clean out of Machine (no testing necessary),Bag/Other,inferred,,,3.0,0,0.5,1.5,,,,
2026-07-07,2026-07,AMS,machine(Amy),10013,"ORG Hibisicus, 8 Oz Bag",Bag/Other,inferred,,yes,3.0,24,0.067,0.2,360.0,6.0,120.0,
2026-07-07,2026-07,AMS,machine(Amy),10044,AMZN- WWB-ORG Hibiscus - 1 Lb Bag,Bag/Other,inferred,,yes,3.0,360,1.45,4.35,248.3,4.138,82.8,
2026-07-07,2026-07,AMS,machine(Amy),10046L,"Organic Dandelion Root Powder, Medium Roast, 1 Lb Bag",Bag/Other,inferred,,yes,4.0,360,1.933,7.733,186.2,3.103,46.6,
2026-07-07,2026-07,AMS,machine(Amy),30008L,ORG Instant French Roast 100g Bag - G,Instant,governed,high,yes,3.0,270,0.65,1.95,415.4,6.923,138.5,
2026-07-07,2026-07,AMS,machine(Amy),30012L,ORG GF Dandelion Blend 100g Bag,Bag/Other,inferred,,yes,4.0,618,2.917,11.667,211.9,3.531,53.0,
2026-07-07,2026-07,AMS,machine(Amy),Air clean out,Air Clean out of Machine (no testing necessary),Bag/Other,inferred,,,4.0,0,1.083,4.333,,,,
2026-07-07,2026-07,AMS,machine(Amy),Air clean out,Air Clean out of Machine (no testing necessary),Bag/Other,inferred,,,3.0,0,0.883,2.65,,,,
2026-07-07,2026-07,AMS,machine(Amy),Different Tooling,,Bag/Other,inferred,,,4.0,0,0.983,3.933,,,,
2026-07-07,2026-07,Assembly,,43340L,Org Dandelion Coconut 10 Ct Tea Bag Loose - A,Tea,governed,high,yes,1.0,86,3.283,3.283,26.2,0.437,26.2,
2026-07-07,2026-07,Assembly,,43371,ORG Blueberry Vanilla 25-Ct Tea Bag,Tea,inferred,,yes,1.0,196,4.967,4.967,39.5,0.658,39.5,
2026-07-07,2026-07,Maisa 2+3,,47010,75147 TJ ORG Roasted Herbal Cofee (12 Pack) - G,Tea,inferred,,yes,3.0,3036,9.667,29.0,314.1,5.234,104.7,
2026-07-07,2026-07,Maisa 2+3,,Clean,Standard Clean,Tea,inferred,,,3.0,0,0.417,1.25,,,,
2026-07-07,2026-07,WeighRight,,50130,ORG MACA Chocolate 30g Trial Size Packet - G,Bag/Other,inferred,,yes,3.0,859,1.583,4.75,542.5,9.042,180.8,
2026-07-07,2026-07,WeighRight,,60010,ORG Vanilla Nut 5 Lb Bag - GA,Bag/Other,inferred,,yes,3.0,48,0.267,0.8,180.0,3.0,60.0,
2026-07-07,2026-07,WeighRight,,60060,ORG Hazelnut 5 Lb Bag - GA,Bag/Other,inferred,,yes,3.0,52,0.383,1.15,135.7,2.261,45.2,
2026-07-07,2026-07,WeighRight,,80060,ORG Hazelnut 11OZ Bag/6 Count Case - GA,Bag/Other,inferred,,yes,3.0,1380,3.217,9.65,429.0,7.15,143.0,
2026-07-07,2026-07,WeighRight,,82060L,ORG Maple Pecan 11OZ Bag/Box of 24 - GA,Bag/Other,inferred,,yes,3.0,672,1.9,5.7,353.7,5.895,117.9,
2026-07-07,2026-07,WeighRight,,83220L,Dandelion Caramel Nut 10 Oz Bag/Box of 24 - A,Bag/Other,inferred,,yes,3.0,360,0.667,2.0,540.0,9.0,180.0,
2026-07-07,2026-07,WeighRight,,Air Clean Out,Air Clean out of Machine (no testing necessary),Bag/Other,inferred,,,3.0,0,0.833,2.5,,,,
2026-07-07,2026-07,WeighRight,,Air Clean Out,Air Clean out of Machine (no testing necessary),Bag/Other,inferred,,,3.0,0,0.367,1.1,,,,
2026-07-07,2026-07,WeighRight,,Air Clean Out,Air Clean out of Machine (no testing necessary),Bag/Other,inferred,,,3.0,0,0.283,0.85,,,,
2026-07-07,2026-07,WeighRight,,CleanA,Clean + Almond Test,Bag/Other,inferred,,,3.0,0,0.5,1.5,,,,
2026-07-07,2026-07,WeighRight,,CleanA,Clean + Almond Test,Bag/Other,inferred,,,3.0,0,0.267,0.8,,,,
2026-07-08,2026-07,AMS,machine(Amy),30003,Instant Chicory - 8 Oz Bag,Instant,inferred,,yes,4.0,840,5.383,21.533,156.0,2.601,39.0,
2026-07-08,2026-07,AMS,machine(Amy),30008L,ORG Instant French Roast 100g Bag - G,Instant,governed,high,yes,3.0,658,2.55,7.65,258.0,4.301,86.0,
2026-07-08,2026-07,AMS,machine(Amy),CLEAN,Standard Clean,Bag/Other,inferred,,,3.0,0,1.417,4.25,,,,
2026-07-08,2026-07,AMS,machine(Amy),CleanG,Clean + Gluten Test,Bag/Other,inferred,,,4.0,0,1.033,4.133,,,,
2026-07-08,2026-07,Assembly,,12251,Holiday Tea Bag Sampler Box - 6 Count Case,Sampler,inferred,,yes,2.0,40,2.733,5.467,14.6,0.244,7.3,
2026-07-08,2026-07,Assembly,,45001L,Mushroom Adapt Tea Bag Sampler Box,Sampler,governed,high,yes,1.0,161,2.067,2.067,77.9,1.298,77.9,
2026-07-08,2026-07,Assembly,,GDB311,ORG Dandelion Dark Roast Packet Goody Bag,Bag/Other,inferred,,yes,1.0,180,1.05,1.05,171.4,2.857,171.4,
2026-07-08,2026-07,Assembly,,GDB502,ORG Chaga Ashwaganda Packet Goody Bag,Bag/Other,inferred,,yes,1.0,180,1.683,1.683,106.9,1.782,106.9,
2026-07-08,2026-07,Maisa 2+3,,47010,75147 TJ ORG Roasted Herbal Cofee (12 Pack) - G,Tea,inferred,,yes,3.0,3888,10.083,30.25,385.6,6.426,128.5,
2026-07-08,2026-07,WeighRight,,60030,ORG Almond Amaretto 5 Lb Bag - GA,Bag/Other,inferred,,yes,3.0,40,0.283,0.85,141.2,2.353,47.1,
2026-07-08,2026-07,WeighRight,,60110,ORG French Roast 5 Lb Bag - G,Bag/Other,inferred,,yes,3.0,32,0.2,0.6,160.0,2.667,53.3,
2026-07-08,2026-07,WeighRight,,80030A,AMZN Org Almond Amaretto 11OZ Bag/Box of 24 - GA,Bag/Other,inferred,,yes,3.0,432,0.2,0.6,2160.0,36.0,720.0,
2026-07-08,2026-07,WeighRight,,80030L,ORG Almond Amaretto 11OZ Bag/Box of 24 - GA,Bag/Other,inferred,,yes,3.0,720,1.583,4.75,454.7,7.579,151.6,
2026-07-08,2026-07,WeighRight,,80033,ORG Almond Amaretto 11OZ Bag 3PK - GA,Bag/Other,inferred,,yes,3.0,160,0.95,2.85,168.4,2.807,56.1,
2026-07-08,2026-07,WeighRight,,80070L,Org Java 11OZ Bag/Box of 24 - GA,Bag/Other,inferred,,yes,3.0,24,0.083,0.25,288.0,4.8,96.0,
2026-07-08,2026-07,WeighRight,,80110A,AMZN Org French Roast 11OZ Bag/Box of 24 - G,Bag/Other,inferred,,yes,3.0,480,1.533,4.6,313.0,5.217,104.3,
2026-07-08,2026-07,WeighRight,,82130L,ORG Mexican Chocolate 11OZ Bag/Box of 24 - G,APG,governed,high,yes,3.0,717,1.35,4.05,531.1,8.852,177.0,
2026-07-08,2026-07,WeighRight,,85010L,ORG Reishi Eleuthero 10 Oz Bag/Box of 24 - G,APG,governed,high,yes,3.0,576,1.583,4.75,363.8,6.063,121.3,
2026-07-08,2026-07,WeighRight,,Air Clean Out,Air Clean out of Machine (no testing necessary),Bag/Other,inferred,,,3.0,0,0.233,0.7,,,,
2026-07-08,2026-07,WeighRight,,Air Clean Out,Air Clean out of Machine (no testing necessary),Bag/Other,inferred,,,3.0,0,0.2,0.6,,,,
2026-07-08,2026-07,WeighRight,,Air Clean Out,Air Clean out of Machine (no testing necessary),Bag/Other,inferred,,,3.0,0,0.35,1.05,,,,
2026-07-08,2026-07,WeighRight,,Air Clean Out,Air Clean out of Machine (no testing necessary),Bag/Other,inferred,,,3.0,0,1.233,3.7,,,,
2026-07-09,2026-07,AMS,machine(Amy),10013,"ORG Hibisicus, 8 Oz Bag",Bag/Other,inferred,,yes,4.0,1584,5.417,21.667,292.4,4.874,73.1,
2026-07-09,2026-07,AMS,machine(Amy),10028L,"Organic Cacao Nibs, 1 Lb Bag",Bag/Other,inferred,,yes,4.0,360,1.667,6.667,216.0,3.6,54.0,
2026-07-09,2026-07,AMS,machine(Amy),10081A,AMZN - WWB - ORG Roasted Ramon Granules - 1 Lb,Bag/Other,inferred,,yes,3.0,237,1.133,3.4,209.1,3.485,69.7,
2026-07-09,2026-07,AMS,machine(Amy),Air clean out,Air Clean out of Machine (no testing necessary),Bag/Other,inferred,,,4.0,0,0.617,2.467,,,,
2026-07-09,2026-07,AMS,machine(Amy),Air clean out,Air Clean out of Machine (no testing necessary),Bag/Other,inferred,,,4.0,0,0.667,2.667,,,,
2026-07-09,2026-07,Maisa 2+3,,47010,75147 TJ ORG Roasted Herbal Cofee (12 Pack) - G,Tea,inferred,,yes,3.0,3348,9.583,28.75,349.4,5.823,116.5,
2026-07-09,2026-07,WeighRight,,20081,ORG Mocha 300G Dual Language Bag - 6Ct Case - GA,Bag/Other,inferred,,yes,3.0,552,1.9,5.7,290.5,4.842,96.8,
2026-07-09,2026-07,WeighRight,,60070,ORG Java 5 Lb Bag - GA,Bag/Other,inferred,,yes,3.0,48,0.3,0.9,160.0,2.667,53.3,
2026-07-09,2026-07,WeighRight,,60080,ORG Mocha 5 Lb Bag - GA,Bag/Other,inferred,,yes,3.0,32,0.217,0.65,147.7,2.462,49.2,
2026-07-09,2026-07,WeighRight,,80070L,Org Java 11OZ Bag/Box of 24 - GA,Bag/Other,inferred,,yes,3.0,600,0.917,2.75,654.5,10.909,218.2,
2026-07-09,2026-07,WeighRight,,80080,ORG Mocha 11OZ Bag/6 Count Case - GA,Bag/Other,inferred,,yes,3.0,1380,2.667,8.0,517.5,8.625,172.5,
2026-07-09,2026-07,WeighRight,,80080A,AMZN Org Mocha 11OZ Bag/Box of 24 - GA,Bag/Other,inferred,,yes,3.0,432,1.25,3.75,345.6,5.76,115.2,
2026-07-09,2026-07,WeighRight,,80083,ORG Mocha 11OZ Bag 3PK  - GA,Bag/Other,inferred,,yes,3.0,224,1.8,5.4,124.4,2.074,41.5,
2026-07-09,2026-07,WeighRight,,Air Clean Out,Air Clean out of Machine (no testing necessary),Bag/Other,inferred,,,3.0,0,0.2,0.6,,,,
2026-07-13,2026-07,AMS,machine(Amy),10006A,WWB AMZN Organic Lemon Balm (6 Oz) ,Bag/Other,inferred,,yes,4.0,540,4.033,16.133,133.9,2.231,33.5,
2026-07-13,2026-07,AMS,machine(Amy),10013,"ORG Hibisicus, 8 Oz Bag",Bag/Other,inferred,,yes,3.0,576,1.9,5.7,303.2,5.053,101.1,
2026-07-13,2026-07,AMS,machine(Amy),10044,AMZN- WWB-ORG Hibiscus - 1 Lb Bag,Bag/Other,inferred,,yes,4.0,537,3.367,13.467,159.5,2.658,39.9,
2026-07-13,2026-07,AMS,machine(Amy),Air clean out,Air Clean out of Machine (no testing necessary),Bag/Other,inferred,,,4.0,0,0.8,3.2,,,,
2026-07-13,2026-07,Assembly,,29002,ORG FR/HZ/VN 300g Variety Pack,Bundle,inferred,,yes,1.0,48,0.667,0.667,72.0,1.2,72.0,
2026-07-13,2026-07,Assembly,,89002,HZ/JV/MO 11 Oz Variety Pack,Bundle,inferred,,yes,1.0,192,4.833,4.833,39.7,0.662,39.7,
2026-07-13,2026-07,Assembly,,TGB060,ORG Hazelnut Tea Bag Goody Bag - GA,Tea,inferred,,yes,1.0,350,2.5,2.5,140.0,2.333,140.0,
2026-07-13,2026-07,Assembly,,TGB601,ORG Dark Chocolate Tea Bag Goody Bag,Tea,inferred,,yes,1.0,500,1.0,1.0,500.0,8.333,500.0,
2026-07-13,2026-07,Maisa 2+3,,47010,75147 TJ ORG Roasted Herbal Cofee (12 Pack) - G,Tea,inferred,,yes,3.0,3804,10.067,30.2,377.9,6.298,126.0,
2026-07-13,2026-07,WeighRight,,63110,ORG Dandelion Dark Roast 5 Lb Bag,APG,governed,high,yes,3.0,40,0.45,1.35,88.9,1.481,29.6,
2026-07-13,2026-07,WeighRight,,80080L,Org Mocha 11OZ Bag/Box of 24 - GA,Bag/Other,inferred,,yes,3.0,624,1.217,3.65,512.9,8.548,171.0,
2026-07-13,2026-07,WeighRight,,83110L,ORG Dandelion Dark Roast 10 oz Bag/Box of 24,APG,governed,high,yes,3.0,1056,3.3,9.9,320.0,5.333,106.7,
2026-07-13,2026-07,WeighRight,,85070L,ORG Miraculous Mushrooms A&P 10oz Bag/Box of 24,Bag/Other,inferred,,yes,3.0,978,3.25,9.75,300.9,5.015,100.3,
2026-07-13,2026-07,WeighRight,,Air Clean Out,Air Clean out of Machine (no testing necessary),Bag/Other,inferred,,,3.0,0,0.433,1.3,,,,
2026-07-13,2026-07,WeighRight,,CleanGA,Clean + Gluten + Almond Tests,Bag/Other,inferred,,,3.0,0,1.233,3.7,,,,
2026-07-14,2026-07,AMS,machine(Amy),10006A,WWB AMZN Organic Lemon Balm (6 Oz) ,Bag/Other,inferred,,yes,4.0,1470,7.917,31.667,185.7,3.095,46.4,
2026-07-14,2026-07,AMS,machine(Amy),10012,"ORG Lemon Grass, 7 Oz Bag",Bag/Other,inferred,,yes,3.0,300,1.767,5.3,169.8,2.83,56.6,
2026-07-14,2026-07,AMS,machine(Amy),Air clean out,Air Clean out of Machine (no testing necessary),Bag/Other,inferred,,,4.0,0,0.383,1.533,,,,
2026-07-14,2026-07,Assembly,,40061F,ORG Hazelnut DL 25CT Tea Bag AMZN (24pk) - GA,Tea,inferred,,yes,1.0,85,3.833,3.833,22.2,0.37,22.2,
2026-07-14,2026-07,Assembly,,89002,HZ/JV/MO 11 Oz Variety Pack,Bundle,inferred,,yes,1.0,48,1.15,1.15,41.7,0.696,41.7,
2026-07-14,2026-07,Assembly,,TGB010,ORG Vanilla Nut Tea Bag Goody Bag - GA,Tea,inferred,,yes,1.0,500,1.833,1.833,272.7,4.545,272.7,
2026-07-14,2026-07,Assembly,,TGB060,ORG Hazelnut Tea Bag Goody Bag - GA,Tea,inferred,,yes,1.0,150,0.867,0.867,173.1,2.885,173.1,
2026-07-14,2026-07,Assembly,,TGB110,ORG French Roast Tea Bag Goody Bag - G,Tea,inferred,,yes,1.0,500,1.033,1.033,483.9,8.065,483.9,
2026-07-14,2026-07,Maisa 2+3,,40071,ORG Java 25CT Tea Bag - GA,Tea,governed,high,yes,3.0,144,1.45,4.35,99.3,1.655,33.1,
2026-07-14,2026-07,Maisa 2+3,,47010,75147 TJ ORG Roasted Herbal Cofee (12 Pack) - G,Tea,inferred,,yes,3.0,2484,7.717,23.15,321.9,5.365,107.3,
2026-07-14,2026-07,Maisa 2+3,,Clean,Standard Clean,Tea,inferred,,,3.0,0,0.817,2.45,,,,
2026-07-14,2026-07,WeighRight,,65020,ORG Chaga Ashwagandha 5 Lb Bag,Bag/Other,inferred,,yes,3.0,24,0.667,2.0,36.0,0.6,12.0,
2026-07-14,2026-07,WeighRight,,80010,ORG Vanilla Nut 11oz Bag/6 Count Case - GA,Bag/Other,inferred,,yes,3.0,1380,3.2,9.6,431.3,7.188,143.8,
2026-07-14,2026-07,WeighRight,,80016,Vanilla Nut 500g APG Bag - GA,APG,inferred,,yes,3.0,432,1.5,4.5,288.0,4.8,96.0,
2026-07-14,2026-07,WeighRight,,83110L,ORG Dandelion Dark Roast 10 oz Bag/Box of 24,APG,governed,high,yes,3.0,384,0.767,2.3,500.9,8.348,167.0,
2026-07-14,2026-07,WeighRight,,85020L,ORG Chaga Ashwagandha 10 Oz Bag/Box of 24,Bag/Other,inferred,,yes,3.0,720,1.95,5.85,369.2,6.154,123.1,
2026-07-14,2026-07,WeighRight,,Air Clean Out,Air Clean out of Machine (no testing necessary),Bag/Other,inferred,,,3.0,0,0.317,0.95,,,,
2026-07-14,2026-07,WeighRight,,Air Clean Out,Air Clean out of Machine (no testing necessary),Bag/Other,inferred,,,3.0,0,0.583,1.75,,,,
2026-07-14,2026-07,WeighRight,,CLEANGA,Clean + Gluten + Allergen Tests,Bag/Other,inferred,,,3.0,0,0.5,1.5,,,,
2026-07-15,2026-07,AMS,handpack,10012,"ORG Lemon Grass, 7 Oz Bag",Bag/Other,inferred,,yes,3.0,1230,10.25,30.75,120.0,2.0,40.0,
2026-07-15,2026-07,Maisa 2+3,,40071,ORG Java 25CT Tea Bag - GA,Tea,governed,high,yes,3.0,559,9.633,28.9,58.0,0.967,19.3,
2026-07-15,2026-07,WeighRight,,10031,Roasted Chicory Root - 1 Lb Bag,Bag/Other,inferred,,yes,3.0,1920,6.75,20.25,284.4,4.741,94.8,
2026-07-15,2026-07,WeighRight,,10059A,AMZN ORG French Chicory 2 X 1 Lb Bag,Bag/Other,inferred,,yes,3.0,600,2.617,7.85,229.3,3.822,76.4,
2026-07-15,2026-07,WeighRight,,Air Clean Out,Air Clean out of Machine (no testing necessary),Bag/Other,inferred,,,3.0,0,0.333,1.0,,,,
2026-07-16,2026-07,AMS,machine(Amy),10008,"Org Rooibos, 8 Oz Bag",Bag/Other,inferred,,yes,4.0,840,2.6,10.4,323.1,5.385,80.8,
2026-07-16,2026-07,AMS,handpack,10012,"ORG Lemon Grass, 7 Oz Bag",Bag/Other,inferred,,yes,4.0,570,1.483,5.933,384.3,6.404,96.1,
2026-07-16,2026-07,AMS,machine(Amy),10045,AMZN- WWB-ORG Rooibos - 1 Lb Bag,Bag/Other,inferred,,yes,4.0,450,2.183,8.733,206.1,3.435,51.5,
2026-07-16,2026-07,AMS,machine(Amy),30014L,Organic Instant Chicory 8 Oz Bag,Instant,inferred,,yes,4.0,528,2.983,11.933,177.0,2.95,44.2,
2026-07-16,2026-07,AMS,machine(Amy),Air clean out,Air Clean out of Machine (no testing necessary),Bag/Other,inferred,,,4.0,0,0.35,1.4,,,,
2026-07-16,2026-07,AMS,machine(Amy),Air clean out,Air Clean out of Machine (no testing necessary),Bag/Other,inferred,,,4.0,0,0.35,1.4,,,,
2026-07-16,2026-07,AMS,machine(Amy),Different Tooling,,Bag/Other,inferred,,,4.0,0,0.417,1.667,,,,
2026-07-16,2026-07,Assembly,,40061F,ORG Hazelnut DL 25CT Tea Bag AMZN (24pk) - GA,Tea,inferred,,yes,1.0,35,1.7,1.7,20.6,0.343,20.6,
2026-07-16,2026-07,Assembly,,43221F,ORG Dandelion Caramel Nut DL 25CT Tea Bag AMZN (24pk) - A,Tea,inferred,,yes,1.0,120,4.267,4.267,28.1,0.469,28.1,
2026-07-16,2026-07,Assembly,,TGB502,Chaga Ashwaganda Tea Goody Bag,Bag/Other,inferred,,yes,1.0,500,1.65,1.65,303.0,5.051,303.0,
2026-07-16,2026-07,Maisa 2+3,,40110,ORG French Roast 10 Count Tea Bag - G,Tea,inferred,,yes,3.0,1932,5.233,15.7,369.2,6.153,123.1,
2026-07-16,2026-07,Maisa 2+3,,CleanA,Clean + Almond Test,Tea,inferred,,,3.0,0,0.433,1.3,,,,
2026-07-16,2026-07,Maisa 2+3,,TB110,ORG French Roast Tea Bag Loose - G,Tea bag (intermediate),item-code,,yes,3.0,18000,4.533,13.6,3970.6,66.176,1323.5,
2026-07-16,2026-07,WeighRight,,10031,Roasted Chicory Root - 1 Lb Bag,Bag/Other,inferred,,yes,3.0,2280,5.7,17.1,400.0,6.667,133.3,
2026-07-16,2026-07,WeighRight,,80113,ORG French Roast 11OZ Bag 3PK - G,Bag/Other,inferred,,yes,3.0,384,3.633,10.9,105.7,1.761,35.2,
2026-07-16,2026-07,WeighRight,,Air Clean Out,Air Clean out of Machine (no testing necessary),Bag/Other,inferred,,,3.0,0,0.933,2.8,,,,
2026-07-20,2026-07,Assembly,,43001L,Dandelion Tea Sampler Box - Loose - G,Sampler,governed,high,yes,2.0,560,4.833,9.667,115.9,1.931,57.9,
2026-07-20,2026-07,Assembly,,45001L,Mushroom Adapt Tea Bag Sampler Box,Sampler,governed,high,yes,2.0,712,10.133,20.267,70.3,1.171,35.1,
2026-07-20,2026-07,Assembly,,65010,ORG Reishi Eleuthero 5 Lb Bag - G,APG,governed,high,yes,1.0,8,0.583,0.583,13.7,0.229,13.7,
2026-07-20,2026-07,Assembly,,insert01,Mailer Insert for Healthcare Practitioner Insert,Bag/Other,inferred,,yes,1.0,30,1.467,1.467,20.5,0.341,20.5,
2026-07-21,2026-07,Assembly,,43001L,Dandelion Tea Sampler Box - Loose - G,Sampler,governed,high,yes,1.0,350,1.833,1.833,190.9,3.182,190.9,
2026-07-21,2026-07,Assembly,,45001L,Mushroom Adapt Tea Bag Sampler Box,Sampler,governed,high,yes,1.0,458,8.167,8.167,56.1,0.935,56.1,
2026-07-21,2026-07,Assembly,,insert01,Mailer Insert for Healthcare Practitioner Insert,Bag/Other,inferred,,yes,1.0,210,5.0,5.0,42.0,0.7,42.0,
2026-07-22,2026-07,Assembly,,43001L,Dandelion Tea Sampler Box - Loose - G,Sampler,governed,high,yes,1.0,480,10.25,10.25,46.8,0.78,46.8,
2026-07-22,2026-07,Assembly,,43220F,Dandelion Caramel Nut Dual Language 10 cnt TB - A,Tea,inferred,,yes,1.0,324,4.867,4.867,66.6,1.11,66.6,
2026-07-22,2026-07,Assembly,,50098,Free Teeccino Herbal Coffee Sampler,Sampler,inferred,,yes,1.0,90,0.617,0.617,145.9,2.432,145.9,
2026-07-22,2026-07,Assembly,,insert01,Mailer Insert for Healthcare Practitioner Insert,Bag/Other,inferred,,yes,1.0,212,4.867,4.867,43.6,0.726,43.6,
2026-07-23,2026-07,Assembly,,43001L,Dandelion Tea Sampler Box - Loose - G,Sampler,governed,high,yes,1.0,390,8.317,8.317,46.9,0.782,46.9,
2026-07-23,2026-07,Assembly,,43220F,Dandelion Caramel Nut Dual Language 10 cnt TB - A,Tea,inferred,,yes,1.0,246,4.5,4.5,54.7,0.911,54.7,
2026-07-23,2026-07,Assembly,,49999,Teeccino Herbal Tea Shipper,Bag/Other,inferred,,yes,1.0,2,0.267,0.267,7.5,0.125,7.5,
2026-07-23,2026-07,Assembly,,insert01,Mailer Insert for Healthcare Practitioner Insert,Bag/Other,inferred,,yes,1.0,208,4.5,4.5,46.2,0.77,46.2,
2026-07-27,2026-07,Assembly,,30010L,ORG Instant Hazelnut 100g Bag - G,Instant,governed,high,yes,1.0,120,0.45,0.45,266.7,4.444,266.7,
2026-07-27,2026-07,Assembly,,43001L,Dandelion Tea Sampler Box - Loose - G,Sampler,governed,high,yes,1.0,128,4.833,4.833,26.5,0.441,26.5,
2026-07-27,2026-07,Assembly,,43220F,Dandelion Caramel Nut Dual Language 10 cnt TB - A,Tea,inferred,,yes,2.0,150,0.8,1.6,187.5,3.125,93.7,
2026-07-27,2026-07,Maisa 2+3,,40116,French Roast Tagless Tea Bag - 50 Ct - G,Tea,governed,high,yes,5.0,432,3.55,17.75,121.7,2.028,24.3,
2026-07-27,2026-07,Maisa 2+3,,40130,ORG Maca Chocolate 10ct/6pk Tea Bag - G,Tea,inferred,,yes,5.0,1470,1.45,7.25,1013.8,16.897,202.8,
2026-07-27,2026-07,Maisa 2+3,,45030,ORG Lion's Mane Rhodiola 10 Ct Tea Bag/6 Count Case - G,Tea,inferred,,yes,5.0,2760,3.317,16.583,832.2,13.869,166.4,
2026-07-27,2026-07,Maisa 2+3,,Clean,Standard Clean,Tea,inferred,,,5.0,0,0.433,2.167,,,,
2026-07-27,2026-07,Maisa 2+3,,Clean,Standard Clean,Tea,inferred,,,5.0,0,0.633,3.167,,,,
2026-07-27,2026-07,Maisa 2+3,,TB503,ORG Lion's Mane Rhodiola Loose Tea Bag - G,Tea bag (intermediate),item-code,,yes,4.0,4000,0.583,2.333,6857.1,114.286,1714.3,
2026-07-27,2026-07,WeighRight,,80110A,AMZN Org French Roast 11OZ Bag/Box of 24 - G,Bag/Other,inferred,,yes,3.0,1008,2.483,7.45,405.9,6.765,135.3,
2026-07-27,2026-07,WeighRight,,80110L,Org French Roast 11oz Bag/Box of 24 - G,Bag/Other,inferred,,yes,3.0,1200,2.717,8.15,441.7,7.362,147.2,
2026-07-27,2026-07,WeighRight,,80116A,French Roast 500g APG Bag - G,APG,inferred,,yes,3.0,432,1.567,4.7,275.7,4.596,91.9,
2026-07-27,2026-07,WeighRight,,85020,ORG Chaga Ashwagandha 10 Oz Bag/6 Count Case,Bag/Other,inferred,,yes,3.0,6,0.05,0.15,120.0,2.0,40.0,
2026-07-27,2026-07,WeighRight,,CleanG,Clean + Gluten Test,Bag/Other,inferred,,,3.0,0,0.383,1.15,,,,
2026-07-28,2026-07,Assembly,,12251,Holiday Tea Bag Sampler Box - 6 Count Case,Sampler,inferred,,yes,1.0,50,7.217,7.217,6.9,0.115,6.9,
2026-07-28,2026-07,Assembly,,insert01,Mailer Insert for Healthcare Practitioner Insert,Bag/Other,inferred,,yes,1.0,98,3.383,3.383,29.0,0.483,29.0,
2026-07-28,2026-07,Maisa 1,,48004,WWB ORG French Chicory 25ct Tea Bag,Tea,inferred,,yes,3.0,692,5.05,15.15,137.0,2.284,45.7,
2026-07-28,2026-07,Maisa 1,,CleanG,Clean + Gluten Test,Tea,inferred,,,3.0,0,0.383,1.15,,,,
2026-07-28,2026-07,Maisa 1,,TB207,ORG Candy Cane Tea Bag - G,Tea bag (intermediate),item-code,,yes,3.0,2000,0.45,1.35,4444.4,74.074,1481.5,
2026-07-28,2026-07,Maisa 2+3,,40016,Vanilla Nut Tagless Tea Bag - 50 Ct - GA,Tea,governed,high,yes,5.0,540,2.6,13.0,207.7,3.462,41.5,
2026-07-28,2026-07,Maisa 2+3,,40130,ORG Maca Chocolate 10ct/6pk Tea Bag - G,Tea,inferred,,yes,5.0,1290,1.6,8.0,806.3,13.438,161.3,
2026-07-28,2026-07,Maisa 2+3,,43110,ORG Dandelion Dark Roast 10ct/6pk Tea Bag,Tea,inferred,,yes,3.0,1986,4.85,14.55,409.5,6.825,136.5,
2026-07-28,2026-07,Maisa 2+3,,Clean,Standard Clean,Tea,inferred,,,5.0,0,0.467,2.333,,,,
2026-07-28,2026-07,Maisa 2+3,,CleanGA,Clean + Gluten + Almond Tests,Tea,inferred,,,5.0,0,0.5,2.5,,,,
2026-07-28,2026-07,WeighRight,,20061,ORG Hazelnut 300G Dual Language Bag - 6Ct Case - GA,Bag/Other,inferred,,yes,3.0,720,1.5,4.5,480.0,8.0,160.0,
2026-07-28,2026-07,WeighRight,,63220,ORG Dandelion Caramel Nut 5 Lb Bag - A,Bag/Other,inferred,,yes,3.0,28,0.3,0.9,93.3,1.556,31.1,
2026-07-28,2026-07,WeighRight,,80060,ORG Hazelnut 11OZ Bag/6 Count Case - GA,Bag/Other,inferred,,yes,3.0,1002,2.467,7.4,406.2,6.77,135.4,
2026-07-28,2026-07,WeighRight,,80089L,ORG Raspberry Mocha 11OZ Bag/Box of 24 - GA,APG,governed,high,yes,3.0,478,1.15,3.45,415.7,6.928,138.6,
2026-07-28,2026-07,WeighRight,,85020,ORG Chaga Ashwagandha 10 Oz Bag/6 Count Case,Bag/Other,inferred,,yes,3.0,1380,3.65,10.95,378.1,6.301,126.0,
2026-07-28,2026-07,WeighRight,,Air Clean Out,Air Clean out of Machine (no testing necessary),Bag/Other,inferred,,,3.0,0,0.417,1.25,,,,
2026-07-28,2026-07,WeighRight,,Air Clean Out,Air Clean out of Machine (no testing necessary),Bag/Other,inferred,,,3.0,0,0.267,0.8,,,,
2026-07-28,2026-07,WeighRight,,Air Clean Out,Air Clean out of Machine (no testing necessary),Bag/Other,inferred,,,3.0,0,0.383,1.15,,,,
2026-07-29,2026-07,Assembly,,45001,Mushroom Adaptogen TB Sampler Box - 6 Count Case - G,Sampler,inferred,,,1.0,0,6.8,6.8,,,,
2026-07-29,2026-07,Assembly,,insert01,Mailer Insert for Healthcare Practitioner Insert,Bag/Other,inferred,,yes,2.0,301,2.667,5.333,112.9,1.881,56.4,
2026-07-29,2026-07,Maisa 1,,Clean,Standard Clean,Tea,inferred,,,3.0,0,0.5,1.5,,,,
2026-07-29,2026-07,Maisa 2+3,,43110,ORG Dandelion Dark Roast 10ct/6pk Tea Bag,Tea,inferred,,yes,5.0,774,0.933,4.667,829.3,13.821,165.9,
2026-07-29,2026-07,Maisa 2+3,,43111,ORG Dandelion Dark Roast 25CT Tea Bag,Tea,governed,high,yes,5.0,1200,3.567,17.833,336.4,5.607,67.3,
2026-07-29,2026-07,Maisa 2+3,,45020,ORG Chaga Ashwagandha 10 Ct Tea Bag/6 Count Case,Tea,inferred,,yes,5.0,360,1.2,6.0,300.0,5.0,60.0,
2026-07-29,2026-07,Maisa 2+3,,45070,ORG Miraculous Mushrooms A&P 10Ct/6Pk Tea Bag,Tea,inferred,,yes,5.0,2760,3.433,17.167,803.9,13.398,160.8,
2026-07-29,2026-07,Maisa 2+3,,CLeanG,Clean + Gluten Test,Tea,inferred,,,5.0,0,0.4,2.0,,,,
2026-07-29,2026-07,Maisa 2+3,,Clean,Standard Clean,Tea,inferred,,,5.0,0,0.5,2.5,,,,
2026-07-29,2026-07,WeighRight,,60070,ORG Java 5 Lb Bag - GA,Bag/Other,inferred,,yes,3.0,28,0.233,0.7,120.0,2.0,40.0,
2026-07-29,2026-07,WeighRight,,60130,ORG MACA Chocolate 5 Lb Bag - G,Bag/Other,inferred,,yes,3.0,28,0.317,0.95,88.4,1.474,29.5,
2026-07-29,2026-07,WeighRight,,65010,ORG Reishi Eleuthero 5 Lb Bag - G,APG,governed,high,yes,3.0,32,0.267,0.8,120.0,2.0,40.0,
2026-07-29,2026-07,WeighRight,,80060,ORG Hazelnut 11OZ Bag/6 Count Case - GA,Bag/Other,inferred,,yes,3.0,1800,3.217,9.65,559.6,9.326,186.5,
2026-07-29,2026-07,WeighRight,,80060L,Org Hazelnut 11OZ Bag/Box of 24 - GA,Bag/Other,inferred,,yes,3.0,1200,1.617,4.85,742.3,12.371,247.4,
2026-07-29,2026-07,WeighRight,,80070,ORG Java 11OZ Bag/6 Count Case - GA,Bag/Other,inferred,,yes,3.0,480,0.883,2.65,543.4,9.057,181.1,
2026-07-29,2026-07,WeighRight,,80070A,AMZN Org Java 11OZ Bag/Box of 24 - GA,Bag/Other,inferred,,yes,3.0,432,0.833,2.5,518.4,8.64,172.8,
2026-07-29,2026-07,WeighRight,,80130L,Org Maca Chocoate 11oz Bag/Box of 24 - G,Bag/Other,inferred,,yes,3.0,432,1.017,3.05,424.9,7.082,141.6,
2026-07-29,2026-07,WeighRight,,Air Clean Out,Air Clean out of Machine (no testing necessary),Bag/Other,inferred,,,3.0,0,0.267,0.8,,,,
2026-07-29,2026-07,WeighRight,,Air Clean Out,Air Clean out of Machine (no testing necessary),Bag/Other,inferred,,,3.0,0,0.2,0.6,,,,
2026-07-29,2026-07,WeighRight,,CleanG,Clean + Gluten Test,Bag/Other,inferred,,,3.0,0,0.5,1.5,,,,
2026-07-29,2026-07,WeighRight,,CleanGA,Clean + Gluten + Almond Tests,Bag/Other,inferred,,,3.0,0,0.667,2.0,,,,
2026-07-30,2026-07,AMS,machine(Amy),10005A,WWB AMZN Organic Chia (1lb),Bag/Other,inferred,,yes,3.0,1800,8.0,24.0,225.0,3.75,75.0,
2026-07-30,2026-07,AMS,machine(Amy),10009A,AMZN ORG Chia 2 X 1 Lb Bag,Bag/Other,inferred,,yes,2.0,132,1.783,3.567,74.0,1.234,37.0,
2026-07-30,2026-07,Assembly,,12251L,Holiday Tea Bag Sampler Box ,Sampler,inferred,,yes,1.0,48,0.75,0.75,64.0,1.067,64.0,
2026-07-30,2026-07,Assembly,,42099,Teeccino Herbal Tea Holiday Display,Bag/Other,inferred,,yes,1.0,1,0.733,0.733,1.4,0.023,1.4,
2026-07-30,2026-07,Assembly,,45001,Mushroom Adaptogen TB Sampler Box - 6 Count Case - G,Sampler,inferred,,yes,1.0,101,10.25,10.25,9.9,0.164,9.9,
2026-07-30,2026-07,Assembly,,insert01,Mailer Insert for Healthcare Practitioner Insert,Bag/Other,inferred,,yes,1.0,101,8.417,8.417,12.0,0.2,12.0,
2026-07-30,2026-07,Maisa 2+3,,43220,ORG Dandelion Caramel Nut 10ct/6pk Tea Bag - A,Tea,inferred,,yes,5.0,2280,4.067,20.333,560.7,9.344,112.1,
2026-07-30,2026-07,Maisa 2+3,,45020,ORG Chaga Ashwagandha 10 Ct Tea Bag/6 Count Case,Tea,inferred,,yes,5.0,1020,5.467,27.333,186.6,3.11,37.3,
2026-07-30,2026-07,Maisa 2+3,,Clean,Standard Clean,Tea,inferred,,,5.0,0,0.467,2.333,,,,
2026-07-30,2026-07,WeighRight,,Go to Amy,,Bag/Other,inferred,,,3.0,0,10.5,31.5,,,,
2026-08-03,2026-08,AMS,machine(Amy),10009A,AMZN ORG Chia 2 X 1 Lb Bag,Bag/Other,inferred,,yes,4.0,446,4.167,16.667,107.0,1.784,26.8,
2026-08-03,2026-08,AMS,machine(Amy),Air clean out,Air Clean out of Machine (no testing necessary),Bag/Other,inferred,,,,0,0.3,,,,,
2026-08-03,2026-08,Assembly,,45001,Mushroom Adaptogen TB Sampler Box - 6 Count Case - G,Sampler,inferred,,yes,1.0,37,10.25,10.25,3.6,0.06,3.6,
2026-08-03,2026-08,Assembly,,insert01,Mailer Insert for Healthcare Practitioner Insert,Bag/Other,inferred,,yes,2.0,228,5.0,10.0,45.6,0.76,22.8,
2026-08-03,2026-08,Maisa 2+3,,43220,ORG Dandelion Caramel Nut 10ct/6pk Tea Bag - A,Tea,inferred,,yes,5.0,6000,6.733,33.667,891.1,14.851,178.2,
2026-08-03,2026-08,Maisa 2+3,,43221F,ORG Dandelion Caramel Nut DL 25CT Tea Bag AMZN (24pk) - A,Tea,inferred,,yes,5.0,240,1.283,6.417,187.0,3.117,37.4,
2026-08-03,2026-08,Maisa 2+3,,43226,Dandelion Caramel Nut Tagless Tea Bag - 50 Ct - A,Tea,governed,high,yes,5.0,216,1.8,9.0,120.0,2.0,24.0,
2026-08-03,2026-08,WeighRight,,10051,ORG Roasted Chicory Root - 1 Lb Bag,Bag/Other,inferred,,yes,3.0,2232,4.883,14.65,457.1,7.618,152.4,
2026-08-04,2026-08,Maisa 2+3,,40010,ORG Vanilla Nut 10ct/6pk Tea Bag - GA,Tea,inferred,,yes,5.0,2760,4.017,20.083,687.1,11.452,137.4,
2026-08-04,2026-08,Maisa 2+3,,42061,ORG Maple Pecan 25CT Tea Bag - GA,Tea,governed,high,yes,5.0,432,1.717,8.583,251.7,4.194,50.3,
2026-08-04,2026-08,Maisa 2+3,,43226,Dandelion Caramel Nut Tagless Tea Bag - 50 Ct - A,Tea,governed,high,yes,5.0,216,1.083,5.417,199.4,3.323,39.9,
2026-08-04,2026-08,Maisa 2+3,,Clean,Standard Clean,Tea,inferred,,,5.0,0,0.667,3.333,,,,
2026-08-04,2026-08,Maisa 2+3,,Clean,Standard Clean,Tea,inferred,,,5.0,0,0.783,3.917,,,,
2026-08-04,2026-08,Maisa 2+3,,CleanGA,Clean + Gluten + Almond Tests,Tea,inferred,,,5.0,0,0.833,4.167,,,,
2026-08-04,2026-08,WeighRight,,10031,Roasted Chicory Root - 1 Lb Bag,Bag/Other,inferred,,yes,3.0,1620,3.933,11.8,411.9,6.864,137.3,
2026-08-04,2026-08,WeighRight,,10039A,AMZN Roasted French Chicory 2 X 1 Lb Bag,Bag/Other,inferred,,yes,3.0,70,4.933,14.8,14.2,0.236,4.7,
2026-08-04,2026-08,WeighRight,,10051,ORG Roasted Chicory Root - 1 Lb Bag,Bag/Other,inferred,,yes,3.0,408,0.767,2.3,532.2,8.87,177.4,
2026-08-04,2026-08,WeighRight,,66010,ORG Dark Chocolate 5 Lb Bag,Bag/Other,inferred,,yes,3.0,4,0.167,0.5,24.0,0.4,8.0,
2026-08-04,2026-08,WeighRight,,Air Clean Out,Air Clean out of Machine (no testing necessary),Bag/Other,inferred,,,3.0,0,0.067,0.2,,,,
2026-08-04,2026-08,WeighRight,,Air Clean Out,Air Clean out of Machine (no testing necessary),Bag/Other,inferred,,,3.0,0,0.283,0.85,,,,
2026-08-05,2026-08,Maisa 2+3,,46011,ORG Dark Chocolate 25 Ct Tea Bag,Tea,governed,high,yes,5.0,24,1.333,6.667,18.0,0.3,3.6,
2026-08-05,2026-08,Maisa 2+3,,46016,Dark ChocolateTagless Tea Bag - 50 Ct,Tea,inferred,,yes,5.0,600,8.367,41.833,71.7,1.195,14.3,
2026-08-05,2026-08,WeighRight,,60080,ORG Mocha 5 Lb Bag - GA,Bag/Other,inferred,,yes,3.0,32,0.233,0.7,137.1,2.286,45.7,
2026-08-05,2026-08,WeighRight,,63110,ORG Dandelion Dark Roast 5 Lb Bag,APG,governed,high,yes,3.0,32,0.533,1.6,60.0,1.0,20.0,
2026-08-05,2026-08,WeighRight,,66010,ORG Dark Chocolate 5 Lb Bag,Bag/Other,inferred,,yes,3.0,24,0.317,0.95,75.8,1.263,25.3,
2026-08-05,2026-08,WeighRight,,80080,ORG Mocha 11OZ Bag/6 Count Case - GA,Bag/Other,inferred,,yes,3.0,558,2.033,6.1,274.4,4.574,91.5,
2026-08-05,2026-08,WeighRight,,80080L,Org Mocha 11OZ Bag/Box of 24 - GA,Bag/Other,inferred,,yes,3.0,648,1.717,5.15,377.5,6.291,125.8,
2026-08-05,2026-08,WeighRight,,86010L,ORG Dark Chocolate 10 Oz Bag/Box of 24,Bag/Other,inferred,,yes,3.0,1200,3.583,10.75,334.9,5.581,111.6,
2026-08-05,2026-08,WeighRight,,Air Clean Out,Air Clean out of Machine (no testing necessary),Bag/Other,inferred,,,3.0,0,0.967,2.9,,,,
2026-08-05,2026-08,WeighRight,,Air Clean Out,Air Clean out of Machine (no testing necessary),Bag/Other,inferred,,,3.0,0,0.417,1.25,,,,
2026-08-06,2026-08,Assembly,,45001,Mushroom Adaptogen TB Sampler Box - 6 Count Case - G,Sampler,inferred,,yes,1.0,90,8.25,8.25,10.9,0.182,10.9,
2026-08-06,2026-08,Maisa 2+3,,46010,ORG Dark Chocolate 10 Ct Tea Bag/6 Count Case,Tea,inferred,,yes,5.0,2148,5.3,26.5,405.3,6.755,81.1,
2026-08-06,2026-08,Maisa 2+3,,46011,ORG Dark Chocolate 25 Ct Tea Bag,Tea,governed,high,yes,5.0,816,4.017,20.083,203.2,3.386,40.6,
2026-08-06,2026-08,Maisa 2+3,,Clean,Standard Clean,Tea,inferred,,,5.0,0,0.75,3.75,,,,
2026-08-06,2026-08,WeighRight,,80080,ORG Mocha 11OZ Bag/6 Count Case - GA,Bag/Other,inferred,,yes,3.0,822,1.367,4.1,601.5,10.024,200.5,
2026-08-06,2026-08,WeighRight,,80110,ORG French Roast 11OZ Bag/6 Count Case - G,Bag/Other,inferred,,yes,3.0,2298,5.967,17.9,385.1,6.419,128.4,
2026-08-06,2026-08,WeighRight,,83370L,ORG Blueberry Vanilla 10 Oz Bag/Box of 24,Bag/Other,inferred,,yes,3.0,445,1.0,3.0,445.0,7.417,148.3,
2026-08-06,2026-08,WeighRight,,Air Clean Out,Air Clean out of Machine (no testing necessary),Bag/Other,inferred,,,3.0,0,0.333,1.0,,,,
2026-08-06,2026-08,WeighRight,,CleanGA,Clean + Gluten + Almond Tests,Bag/Other,inferred,,,3.0,0,1.05,3.15,,,,
2026-08-10,2026-08,Assembly,,12251,Holiday Tea Bag Sampler Box - 6 Count Case,Sampler,inferred,,yes,1.0,58,7.167,7.167,8.1,0.135,8.1,
2026-08-10,2026-08,Maisa 1,,TB207,ORG Candy Cane Tea Bag - G,Tea bag (intermediate),item-code,,yes,2.0,350,0.167,0.333,2100.0,35.0,1050.0,
2026-08-10,2026-08,Maisa 2+3,,42011,ORG Pumpkin Spice 25CT Tea Bag - GA,Tea,governed,high,yes,5.0,1800,5.967,29.833,301.7,5.028,60.3,
2026-08-10,2026-08,Maisa 2+3,,43311,Dandelion Mocha Mint 25 Count Tea Bag - A,Tea,governed,high,yes,5.0,672,2.0,10.0,336.0,5.6,67.2,
2026-08-10,2026-08,Maisa 2+3,,43340L,Org Dandelion Coconut 10 Ct Tea Bag Loose - A,Tea,governed,high,yes,3.0,144,0.317,0.95,454.7,7.579,151.6,
2026-08-10,2026-08,Maisa 2+3,,Clean,Standard Clean,Tea,inferred,,,5.0,0,0.833,4.167,,,,
2026-08-10,2026-08,Maisa 2+3,,CleanA,Clean + Almond Test,Tea,inferred,,,5.0,0,0.733,3.667,,,,
2026-08-10,2026-08,WeighRight,,60060,ORG Hazelnut 5 Lb Bag - GA,Bag/Other,inferred,,,3.0,72,,,,,,
2026-08-10,2026-08,WeighRight,,80060A,AMZN Org Hazelnut 11OZ Bag/Box of 24 - GA,Bag/Other,inferred,,yes,3.0,1032,2.633,7.9,391.9,6.532,130.6,
2026-08-10,2026-08,WeighRight,,80066A,Hazelnut 500g APG Bag - GA,APG,inferred,,yes,3.0,540,0.567,1.7,952.9,15.882,317.6,
2026-08-10,2026-08,WeighRight,,80110,ORG French Roast 11OZ Bag/6 Count Case - G,Bag/Other,inferred,,yes,3.0,462,0.833,2.5,554.4,9.24,184.8,
2026-08-10,2026-08,WeighRight,,80110A,AMZN Org French Roast 11OZ Bag/Box of 24 - G,Bag/Other,inferred,,yes,3.0,672,2.217,6.65,303.2,5.053,101.1,
2026-08-10,2026-08,WeighRight,,Air Clean Out,Air Clean out of Machine (no testing necessary),Bag/Other,inferred,,,3.0,0,0.35,1.05,,,,
2026-08-10,2026-08,WeighRight,,Air Clean Out,Air Clean out of Machine (no testing necessary),Bag/Other,inferred,,,3.0,0,2.7,8.1,,,,
2026-08-11,2026-08,AMS,machine(Amy),30005L,ORG GF Dandelion Blend 312g Bag,Instant,governed,high,yes,4.0,432,3.1,12.4,139.4,2.323,34.8,
2026-08-11,2026-08,AMS,machine(Amy),30012,Instant Dandelion Blend 100g Bag / 6 Count Case,Instant,inferred,,yes,3.0,240,1.3,3.9,184.6,3.077,61.5,
2026-08-11,2026-08,Assembly,,12251L,Holiday Tea Bag Sampler Box ,Sampler,inferred,,yes,1.0,590,5.633,5.633,104.7,1.746,104.7,
2026-08-11,2026-08,Assembly,,42099,Teeccino Herbal Tea Holiday Display,Bag/Other,inferred,,yes,1.0,3,0.5,0.5,6.0,0.1,6.0,
2026-08-11,2026-08,Maisa 1,,45070,ORG Miraculous Mushrooms A&P 10Ct/6Pk Tea Bag,Tea,inferred,,yes,3.0,360,1.033,3.1,348.4,5.806,116.1,
2026-08-11,2026-08,Maisa 1,,Clean,Standard Clean,Tea,inferred,,,2.0,0,1.0,2.0,,,,
2026-08-11,2026-08,Maisa 1,,CleanGA,Clean + Gluten + Almond Tests,Tea,inferred,,,2.0,0,0.467,0.933,,,,
2026-08-11,2026-08,Maisa 1,,TB204,ORG Snickerdoodle Tea Bag - GA,Tea bag (intermediate),item-code,,yes,2.0,16000,4.183,8.367,3824.7,63.745,1912.4,
2026-08-11,2026-08,Maisa 1,,TB207,ORG Candy Cane Tea Bag - G,Tea bag (intermediate),item-code,,yes,2.0,11650,3.067,6.133,3798.9,63.315,1899.5,
2026-08-11,2026-08,Maisa 2+3,,40061,ORG Hazelnut 25CT Tea Bag - GA,Tea,governed,high,yes,3.0,624,4.3,12.9,145.1,2.419,48.4,
2026-08-11,2026-08,Maisa 2+3,,43340L,Org Dandelion Coconut 10 Ct Tea Bag Loose - A,Tea,governed,high,yes,3.0,216,0.55,1.65,392.7,6.545,130.9,
2026-08-11,2026-08,Maisa 2+3,,Clean,Standard Clean,Tea,inferred,,,3.0,0,0.467,1.4,,,,
2026-08-11,2026-08,WeighRight,,60010,ORG Vanilla Nut 5 Lb Bag - GA,Bag/Other,inferred,,yes,3.0,72,0.3,0.9,240.0,4.0,80.0,
2026-08-11,2026-08,WeighRight,,80010,ORG Vanilla Nut 11oz Bag/6 Count Case - GA,Bag/Other,inferred,,yes,3.0,528,1.583,4.75,333.5,5.558,111.2,
2026-08-11,2026-08,WeighRight,,80010A,AMZN Org Vanilla Nut 11OZ Bag/Box of 24 - GA,Bag/Other,inferred,,yes,3.0,1560,4.717,14.15,330.7,5.512,110.2,
2026-08-11,2026-08,WeighRight,,80010L,Org Vanilla Nut 11OZ Bag/Box of 24 - GA,Bag/Other,inferred,,yes,3.0,1200,3.65,10.95,328.8,5.479,109.6,
2026-08-12,2026-08,AMS,machine(Amy),30009L,ORG Instant Vanilla Nut 100g Bag - G,Instant,governed,high,yes,4.0,448,1.383,5.533,323.9,5.398,81.0,
2026-08-12,2026-08,AMS,machine(Amy),30010L,ORG Instant Hazelnut 100g Bag - G,Instant,governed,high,yes,4.0,270,0.717,2.867,376.7,6.279,94.2,
2026-08-12,2026-08,AMS,machine(Amy),30012,Instant Dandelion Blend 100g Bag / 6 Count Case,Instant,inferred,,yes,4.0,240,0.75,3.0,320.0,5.333,80.0,
2026-08-12,2026-08,AMS,machine(Amy),30012L,ORG GF Dandelion Blend 100g Bag,Bag/Other,inferred,,yes,4.0,917,3.05,12.2,300.7,5.011,75.2,
2026-08-12,2026-08,AMS,machine(Amy),30013L,ORG Miraculous Mushrooms Cacao 135g Bag,Bag/Other,inferred,,yes,4.0,816,2.067,8.267,394.8,6.581,98.7,
2026-08-12,2026-08,AMS,machine(Amy),Air clean out,Air Clean out of Machine (no testing necessary),Bag/Other,inferred,,,4.0,0,1.2,4.8,,,,
2026-08-12,2026-08,AMS,machine(Amy),Air clean out,Air Clean out of Machine (no testing necessary),Bag/Other,inferred,,,4.0,0,0.5,2.0,,,,
2026-08-12,2026-08,AMS,machine(Amy),Air clean out,Air Clean out of Machine (no testing necessary),Bag/Other,inferred,,,4.0,0,0.267,1.067,,,,
2026-08-12,2026-08,Assembly,,12251L,Holiday Tea Bag Sampler Box ,Sampler,inferred,,yes,2.0,649,8.5,17.0,76.4,1.273,38.2,
2026-08-12,2026-08,Assembly,,42099,Teeccino Herbal Tea Holiday Display,Bag/Other,inferred,,yes,1.0,16,6.667,6.667,2.4,0.04,2.4,
2026-08-12,2026-08,Assembly,,80110A,AMZN Org French Roast 11OZ Bag/Box of 24 - G,Bag/Other,inferred,,yes,1.0,288,1.267,1.267,227.4,3.789,227.4,
2026-08-12,2026-08,Assembly,,90001,Holiday Instant Gift Box,Bundle,governed,high,yes,1.0,6,0.6,0.6,10.0,0.167,10.0,
2026-08-12,2026-08,Maisa 1,,45070,ORG Miraculous Mushrooms A&P 10Ct/6Pk Tea Bag,Tea,inferred,,yes,3.0,7920,4.067,12.2,1947.5,32.459,649.2,
2026-08-12,2026-08,Maisa 1,,Clean,Standard Clean,Tea,inferred,,,3.0,0,1.317,3.95,,,,
2026-08-12,2026-08,WeighRight,,80010,ORG Vanilla Nut 11oz Bag/6 Count Case - GA,Bag/Other,inferred,,yes,3.0,3612,8.633,25.9,418.4,6.973,139.5,
2026-08-12,2026-08,WeighRight,,82040L,ORG Snickerdoodle 11OZ Bag/Box of 24 - GA,APG,governed,high,yes,3.0,264,0.633,1.9,416.8,6.947,138.9,
2026-08-12,2026-08,WeighRight,,Air Clean Out,Air Clean out of Machine (no testing necessary),Bag/Other,inferred,,,3.0,0,0.7,2.1,,,,
2026-08-13,2026-08,AMS,machine(Amy),10101,WWB - ORG Medium Roasted Carob Flour - 1 Lb Bag,Bag/Other,inferred,,yes,3.0,84,0.45,1.35,186.7,3.111,62.2,
2026-08-13,2026-08,AMS,machine(Amy),10104,WWB - ORG Dark Roasted Carob Flour - 1 Lb Bag,Bag/Other,inferred,,yes,4.0,357,2.75,11.0,129.8,2.164,32.5,
2026-08-13,2026-08,AMS,machine(Amy),30010L,ORG Instant Hazelnut 100g Bag - G,Instant,governed,high,yes,4.0,168,0.583,2.333,288.0,4.8,72.0,
2026-08-13,2026-08,AMS,machine(Amy),30011L,ORG Instant Mocha 100g Bag - G,Instant,inferred,,yes,4.0,667,1.717,6.867,388.5,6.476,97.1,
2026-08-13,2026-08,AMS,machine(Amy),31011L,ORG Instant Mocha Latte 224g Bag,Instant,inferred,,yes,4.0,372,1.833,7.333,202.9,3.382,50.7,
2026-08-13,2026-08,AMS,machine(Amy),Air clean out,Air Clean out of Machine (no testing necessary),Bag/Other,inferred,,,4.0,0,0.3,1.2,,,,
2026-08-13,2026-08,AMS,machine(Amy),Air clean out,Air Clean out of Machine (no testing necessary),Bag/Other,inferred,,,4.0,0,0.383,1.533,,,,
2026-08-13,2026-08,AMS,machine(Amy),Air clean out,Air Clean out of Machine (no testing necessary),Bag/Other,inferred,,,4.0,0,0.433,1.733,,,,
2026-08-13,2026-08,AMS,machine(Amy),Air clean out,Air Clean out of Machine (no testing necessary),Bag/Other,inferred,,,4.0,0,1.467,5.867,,,,
2026-08-13,2026-08,Assembly,,12251,Holiday Tea Bag Sampler Box - 6 Count Case,Sampler,inferred,,yes,1.0,37,1.0,1.0,37.0,0.617,37.0,
2026-08-13,2026-08,Assembly,,12251L,Holiday Tea Bag Sampler Box ,Sampler,inferred,,yes,1.0,457,6.133,6.133,74.5,1.242,74.5,
2026-08-13,2026-08,Assembly,,42099,Teeccino Herbal Tea Holiday Display,Bag/Other,inferred,,yes,1.0,9,1.917,1.917,4.7,0.078,4.7,
2026-08-13,2026-08,Maisa 2+3,,45020F,Chaga Ashwagandha Dual Language 10 cnt TB,Tea,inferred,,yes,5.0,1380,4.9,24.5,281.6,4.694,56.3,
2026-08-13,2026-08,Maisa 2+3,,45021,ORG Chaga Ashwagandha 25 Ct Tea Bag,Tea,governed,high,yes,5.0,546,3.417,17.083,159.8,2.663,32.0,
2026-08-13,2026-08,Maisa 2+3,,Clean,Standard Clean,Tea,inferred,,,3.0,0,1.333,4.0,,,,
2026-08-13,2026-08,Maisa 2+3,,Clean,Standard Clean,Tea,inferred,,,5.0,0,1.317,6.583,,,,
2026-08-13,2026-08,Maisa 2+3,,Clean,Standard Clean,Tea,inferred,,,3.0,0,0.667,2.0,,,,
2026-08-13,2026-08,Maisa 2+3,,TB205,ORG Gingerbread Tea Bag - GA,Tea bag (intermediate),item-code,,yes,3.0,18500,5.0,15.0,3700.0,61.667,1233.3,
2026-08-13,2026-08,WeighRight,,52010,Pumpkin Spice 30g Trial Size Packet - GA,Bag/Other,inferred,,yes,3.0,540,1.567,4.7,344.7,5.745,114.9,
2026-08-13,2026-08,WeighRight,,62010,ORG Pumpkin Spice 5 Lb Bag - GA,Bag/Other,inferred,,yes,3.0,39,0.383,1.15,101.7,1.696,33.9,
2026-08-13,2026-08,WeighRight,,82010L,ORG Pumpkins Spice 11oz Bag/Box of 24 - GA,Bag/Other,inferred,,yes,3.0,2400,5.933,17.8,404.5,6.742,134.8,
2026-08-13,2026-08,WeighRight,,82040L,ORG Snickerdoodle 11OZ Bag/Box of 24 - GA,APG,governed,high,yes,3.0,168,0.45,1.35,373.3,6.222,124.4,
2026-08-13,2026-08,WeighRight,,82060L,ORG Maple Pecan 11OZ Bag/Box of 24 - GA,Bag/Other,inferred,,yes,3.0,96,0.333,1.0,288.0,4.8,96.0,
2026-08-13,2026-08,WeighRight,,Air Clean Out,Air Clean out of Machine (no testing necessary),Bag/Other,inferred,,,3.0,0,0.267,0.8,,,,
2026-08-13,2026-08,WeighRight,,Air Clean Out,Air Clean out of Machine (no testing necessary),Bag/Other,inferred,,,3.0,0,0.767,2.3,,,,
2026-08-17,2026-08,AMS,machine(Amy),10101,WWB - ORG Medium Roasted Carob Flour - 1 Lb Bag,Bag/Other,inferred,,yes,3.0,1116,7.7,23.1,144.9,2.416,48.3,
2026-08-17,2026-08,AMS,machine(Amy),10102,WWB - ORG Medium Roasted Carob 1 Lb x 2,Bag/Other,inferred,,yes,3.0,192,2.45,7.35,78.4,1.306,26.1,
2026-08-17,2026-08,Assembly,,12251,Holiday Tea Bag Sampler Box - 6 Count Case,Sampler,inferred,,yes,1.0,130,7.5,7.5,17.3,0.289,17.3,
2026-08-17,2026-08,Assembly,,30007L,ORG Instant Miraculous Mushrooms AP 100g Bag,Instant,governed,high,yes,1.0,240,0.917,0.917,261.8,4.364,261.8,
2026-08-17,2026-08,Assembly,,40081F,ORG Mocha DL 25CT Tea Bag AMZN (24pk) - GA,Tea,inferred,,yes,1.0,64,1.5,1.5,42.7,0.711,42.7,
2026-08-17,2026-08,Maisa 2+3,,40066,Hazelnut Tagless Tea Bag - 50 Ct - GA,Tea,governed,high,yes,3.0,432,5.267,15.8,82.0,1.367,27.3,
2026-08-17,2026-08,Maisa 2+3,,43116,Dandelion DarkRoast Tagless Tea Bag - 50 Ct,Tea,governed,high,yes,3.0,432,4.25,12.75,101.6,1.694,33.9,
2026-08-17,2026-08,Maisa 2+3,,CleanGA,Clean + Gluten + Almond Tests,Tea,inferred,,,3.0,0,0.683,2.05,,,,
2026-08-17,2026-08,WeighRight,,53310,Dandelion Mocha Mint 30g Trial Size Packet - A,Bag/Other,inferred,,yes,3.0,540,1.35,4.05,400.0,6.667,133.3,
2026-08-17,2026-08,WeighRight,,60030,ORG Almond Amaretto 5 Lb Bag - GA,Bag/Other,inferred,,yes,3.0,36,0.267,0.8,135.0,2.25,45.0,
2026-08-17,2026-08,WeighRight,,65050,ORG Turkey Tail Astragalus 5 Lb Bag - G,Bag/Other,inferred,,yes,3.0,28,0.267,0.8,105.0,1.75,35.0,
2026-08-17,2026-08,WeighRight,,80030,ORG Almond Amaretto 11OZ Bag/6 Count Case - GA,Bag/Other,inferred,,yes,3.0,720,1.683,5.05,427.7,7.129,142.6,
2026-08-17,2026-08,WeighRight,,80030A,AMZN Org Almond Amaretto 11OZ Bag/Box of 24 - GA,Bag/Other,inferred,,yes,3.0,720,1.917,5.75,375.7,6.261,125.2,
2026-08-17,2026-08,WeighRight,,80030L,ORG Almond Amaretto 11OZ Bag/Box of 24 - GA,Bag/Other,inferred,,yes,3.0,672,1.75,5.25,384.0,6.4,128.0,
2026-08-17,2026-08,WeighRight,,82060L,ORG Maple Pecan 11OZ Bag/Box of 24 - GA,Bag/Other,inferred,,yes,3.0,576,1.333,4.0,432.0,7.2,144.0,
2026-08-17,2026-08,WeighRight,,85020,ORG Chaga Ashwagandha 10 Oz Bag/6 Count Case,Bag/Other,inferred,,yes,3.0,6,0.133,0.4,45.0,0.75,15.0,
2026-08-17,2026-08,WeighRight,,Air Clean Out,Air Clean out of Machine (no testing necessary),Bag/Other,inferred,,,3.0,0,0.25,0.75,,,,
2026-08-17,2026-08,WeighRight,,CLeanG,Clean + Gluten Test,Bag/Other,inferred,,,3.0,0,0.533,1.6,,,,
2026-08-17,2026-08,WeighRight,,CleanA,Clean + Almond Test,Bag/Other,inferred,,,3.0,0,,,,,,
2026-08-17,2026-08,WeighRight,,CleanG,Clean + Gluten Test,Bag/Other,inferred,,,3.0,0,0.1,0.3,,,,
2026-08-18,2026-08,AMS,machine(Amy),10102,WWB - ORG Medium Roasted Carob 1 Lb x 2,Bag/Other,inferred,,yes,3.0,240,4.033,12.1,59.5,0.992,19.8,
2026-08-18,2026-08,AMS,machine(Amy),Air clean out,Air Clean out of Machine (no testing necessary),Bag/Other,inferred,,,3.0,0,0.833,2.5,,,,
2026-08-18,2026-08,Assembly,,12250,Advent Calendar,Accessory,governed,,yes,1.0,9,3.75,3.75,2.4,0.04,2.4,
2026-08-18,2026-08,Assembly,,12251,Holiday Tea Bag Sampler Box - 6 Count Case,Sampler,inferred,,yes,1.0,63,8.5,8.5,7.4,0.124,7.4,
2026-08-18,2026-08,Assembly,,12251L,Holiday Tea Bag Sampler Box ,Sampler,inferred,,yes,1.0,189,1.833,1.833,103.1,1.718,103.1,
2026-08-18,2026-08,Assembly,,40011F,ORG Vanilla Nut DL 25CT Tea Bag AMZN (24pk) - GA,Tea,inferred,,yes,1.0,24,0.667,0.667,36.0,0.6,36.0,
2026-08-18,2026-08,Assembly,,43111F,ORG Dandelion Dark Roast DL 25CT Tea Bag AMZN (24pk),Tea,inferred,,yes,1.0,24,0.35,0.35,68.6,1.143,68.6,
2026-08-18,2026-08,Assembly,,50095,Teeccino Holiday Flavor Sampler,Sampler,inferred,,yes,1.0,180,3.3,3.3,54.5,0.909,54.5,
2026-08-18,2026-08,Assembly,,TB089,ORG Rasperry Mocha Tea Bag - GA,Tea bag (intermediate),item-code,,yes,1.0,600,0.05,0.05,12000.0,200.0,12000.0,
2026-08-18,2026-08,Assembly,,TB211,ORG French Vanilla Tea Bag - G,Tea bag (intermediate),item-code,,yes,1.0,600,0.067,0.067,9000.0,150.0,9000.0,
2026-08-18,2026-08,Maisa 2+3,,43110,ORG Dandelion Dark Roast 10ct/6pk Tea Bag,Tea,inferred,,yes,5.0,8280,10.167,50.833,814.4,13.574,162.9,
2026-08-18,2026-08,WeighRight,,10059A,AMZN ORG French Chicory 2 X 1 Lb Bag,Bag/Other,inferred,,yes,3.0,144,1.25,3.75,115.2,1.92,38.4,
2026-08-18,2026-08,WeighRight,,85020,ORG Chaga Ashwagandha 10 Oz Bag/6 Count Case,Bag/Other,inferred,,yes,3.0,1992,8.267,24.8,241.0,4.016,80.3,
2026-08-18,2026-08,WeighRight,,Air Clean Out,Air Clean out of Machine (no testing necessary),Bag/Other,inferred,,,3.0,0,0.65,1.95,,,,
2026-08-19,2026-08,Assembly,,12250,Advent Calendar,Accessory,governed,,yes,2.0,30,5.0,10.0,6.0,0.1,3.0,
2026-08-19,2026-08,Assembly,,12251L,Holiday Tea Bag Sampler Box ,Sampler,inferred,,yes,2.0,755,6.75,13.5,111.9,1.864,55.9,
2026-08-19,2026-08,Maisa 1,,48002,WWB ORG Roasted Barley 25ct Tea Bag - G,Tea,inferred,,yes,3.0,360,1.717,5.15,209.7,3.495,69.9,
2026-08-19,2026-08,Maisa 2+3,,43110F,Dandelion Dark Roast Dual Language 10ct/6pk Tea Bag,Tea,inferred,,yes,5.0,1380,1.617,8.083,853.6,14.227,170.7,
2026-08-19,2026-08,Maisa 2+3,,45020,ORG Chaga Ashwagandha 10 Ct Tea Bag/6 Count Case,Tea,inferred,,yes,5.0,924,2.25,11.25,410.7,6.844,82.1,
2026-08-19,2026-08,Maisa 2+3,,46010L,ORG Dark Chocolate 10 Ct Tea Bag/36 Count Box,Tea,governed,high,yes,5.0,1216,2.433,12.167,499.7,8.329,99.9,
2026-08-19,2026-08,Maisa 2+3,,46013,ORG Dark Chocolate 25CT Tea Bag 3PK,Tea,inferred,,yes,5.0,168,1.967,9.833,85.4,1.424,17.1,
2026-08-19,2026-08,Maisa 2+3,,Clean,Standard Clean,Tea,inferred,,,5.0,0,0.767,3.833,,,,
2026-08-19,2026-08,Maisa 2+3,,Clean,Standard Clean,Tea,inferred,,,5.0,0,0.933,4.667,,,,
2026-08-19,2026-08,WeighRight,,10051,ORG Roasted Chicory Root - 1 Lb Bag,Bag/Other,inferred,,yes,3.0,2160,5.717,17.15,377.8,6.297,125.9,
2026-08-19,2026-08,WeighRight,,10059A,AMZN ORG French Chicory 2 X 1 Lb Bag,Bag/Other,inferred,,yes,3.0,696,4.083,12.25,170.4,2.841,56.8,
2026-08-20,2026-08,Assembly,,12250,Advent Calendar,Accessory,governed,,yes,1.0,18,3.5,3.5,5.1,0.086,5.1,
2026-08-20,2026-08,Assembly,,49999,Teeccino Herbal Tea Shipper,Bag/Other,inferred,,yes,1.0,6,1.583,1.583,3.8,0.063,3.8,
2026-08-20,2026-08,Assembly,,50095,Teeccino Holiday Flavor Sampler,Sampler,inferred,,,1.0,0,3.667,3.667,,,,
2026-08-20,2026-08,Maisa 2+3,,45020,ORG Chaga Ashwagandha 10 Ct Tea Bag/6 Count Case,Tea,inferred,,,5.0,0,6.0,30.0,,,,
2026-08-20,2026-08,Maisa 2+3,,45070,ORG Miraculous Mushrooms A&P 10Ct/6Pk Tea Bag,Tea,inferred,,yes,5.0,54,0.133,0.667,405.0,6.75,81.0,
2026-08-20,2026-08,Maisa 2+3,,Clean,Standard Clean,Tea,inferred,,,5.0,0,0.667,3.333,,,,
2026-08-20,2026-08,WeighRight,,10035,Chicory 5 Lb Bag,Bag/Other,inferred,,yes,3.0,525,3.917,11.75,134.0,2.234,44.7,
2026-08-20,2026-08,WeighRight,,10039A,AMZN Roasted French Chicory 2 X 1 Lb Bag,Bag/Other,inferred,,yes,3.0,36,0.233,0.7,154.3,2.571,51.4,
2026-08-20,2026-08,WeighRight,,10051,ORG Roasted Chicory Root - 1 Lb Bag,Bag/Other,inferred,,yes,3.0,892,1.733,5.2,514.6,8.577,171.5,
2026-08-20,2026-08,WeighRight,,Air Clean Out,Air Clean out of Machine (no testing necessary),Bag/Other,inferred,,,3.0,0,0.517,1.55,,,,
2026-08-24,2026-08,AMS,machine(Amy),10042,ORG Burdock 1 Lb Bag,Bag/Other,inferred,,yes,3.0,1272,5.167,15.5,246.2,4.103,82.1,
2026-08-24,2026-08,AMS,handpack,10302A,WWB Organic Cinnamon Powder 1lb - AMZN Label,Bag/Other,inferred,,yes,3.0,480,3.55,10.65,135.2,2.254,45.1,
2026-08-24,2026-08,AMS,machine(Amy),Air clean out,Air Clean out of Machine (no testing necessary),Bag/Other,inferred,,,3.0,0,1.417,4.25,,,,
2026-08-24,2026-08,Assembly,,12250,Advent Calendar,Accessory,governed,,yes,2.0,69,8.5,17.0,8.1,0.135,4.1,
2026-08-24,2026-08,Assembly,,40121,DO NOT MAKE ORG Maya Chai 25CT Tea Bag - G,Tea,governed,high,yes,1.0,24,1.8,1.8,13.3,0.222,13.3,
2026-08-24,2026-08,Maisa 2+3,,45030F,Lion's Mane Rhodiola Dual Language 10 cnt TB - G,Tea,inferred,,yes,3.0,126,0.533,1.6,236.3,3.938,78.8,
2026-08-24,2026-08,Maisa 2+3,,45031,ORG Lion's Mane Rhodiola 25 Ct Tea Bag - G,Tea,inferred,,yes,3.0,576,3.8,11.4,151.6,2.526,50.5,
2026-08-24,2026-08,Maisa 2+3,,45070,ORG Miraculous Mushrooms A&P 10Ct/6Pk Tea Bag,Tea,inferred,,yes,3.0,1524,3.75,11.25,406.4,6.773,135.5,
2026-08-24,2026-08,Maisa 2+3,,Clean,Standard Clean,Tea,inferred,,,3.0,0,1.6,4.8,,,,
2026-08-24,2026-08,WeighRight,,10031,Roasted Chicory Root - 1 Lb Bag,Bag/Other,inferred,,yes,3.0,1212,3.333,10.0,363.6,6.06,121.2,
2026-08-24,2026-08,WeighRight,,10039A,AMZN Roasted French Chicory 2 X 1 Lb Bag,Bag/Other,inferred,,yes,3.0,1272,6.417,19.25,198.2,3.304,66.1,
2026-08-25,2026-08,AMS,machine(Amy),10005A,WWB AMZN Organic Chia (1lb),Bag/Other,inferred,,yes,3.0,36,0.6,1.8,60.0,1.0,20.0,
2026-08-25,2026-08,AMS,machine(Amy),10022,ORG Raw Dandelion1 Lb Bag,Bag/Other,inferred,,yes,3.0,1008,4.6,13.8,219.1,3.652,73.0,
2026-08-25,2026-08,AMS,machine(Amy),10042,ORG Burdock 1 Lb Bag,Bag/Other,inferred,,yes,3.0,444,1.817,5.45,244.4,4.073,81.5,
2026-08-25,2026-08,AMS,machine(Amy),Air clean out,Air Clean out of Machine (no testing necessary),Bag/Other,inferred,,,,0,1.733,,,,,
2026-08-25,2026-08,AMS,machine(Amy),Air clean out,Air Clean out of Machine (no testing necessary),Bag/Other,inferred,,,,0,1.267,,,,,
2026-08-25,2026-08,Assembly,,12250,Advent Calendar,Accessory,governed,,yes,1.0,48,10.333,10.333,4.6,0.077,4.6,
2026-08-25,2026-08,Maisa 2+3,,40086,Mocha Tagless Tea Bag - 50 Ct - GA,Tea,governed,high,yes,3.0,204,2.0,6.0,102.0,1.7,34.0,
2026-08-25,2026-08,Maisa 2+3,,45030,ORG Lion's Mane Rhodiola 10 Ct Tea Bag/6 Count Case - G,Tea,inferred,,yes,3.0,1986,4.567,13.7,434.9,7.248,145.0,
2026-08-25,2026-08,Maisa 2+3,,45030F,Lion's Mane Rhodiola Dual Language 10 cnt TB - G,Tea,inferred,,yes,3.0,594,1.95,5.85,304.6,5.077,101.5,
2026-08-25,2026-08,Maisa 2+3,,Clean,Standard Clean,Tea,inferred,,,3.0,0,1.5,4.5,,,,
2026-08-25,2026-08,WeighRight,,10031,Roasted Chicory Root - 1 Lb Bag,Bag/Other,inferred,,yes,3.0,3828,9.817,29.45,389.9,6.499,130.0,
2026-08-26,2026-08,AMS,machine(Amy),10005A,WWB AMZN Organic Chia (1lb),Bag/Other,inferred,,yes,3.0,972,8.083,24.25,120.2,2.004,40.1,
2026-08-26,2026-08,AMS,machine(Amy),10006A,WWB AMZN Organic Lemon Balm (6 Oz) ,Bag/Other,inferred,,yes,3.0,48,0.667,2.0,72.0,1.2,24.0,
2026-08-26,2026-08,AMS,machine(Amy),Air clean out,Air Clean out of Machine (no testing necessary),Bag/Other,inferred,,,3.0,0,1.483,4.45,,,,
2026-08-26,2026-08,AMS,machine(Amy),Different Tooling,,Bag/Other,inferred,,,3.0,0,,,,,,
2026-08-26,2026-08,Assembly,,12250,Advent Calendar,Accessory,governed,,yes,1.0,54,8.917,8.917,6.1,0.101,6.1,
2026-08-26,2026-08,Assembly,,43011,ORG Dandelion Vanilla Nut 25CT Tea Bag - A,Tea,governed,high,,1.0,0,4.533,4.533,,,,
2026-08-26,2026-08,Maisa 2+3,,40016,Vanilla Nut Tagless Tea Bag - 50 Ct - GA,Tea,governed,high,yes,3.0,480,4.75,14.25,101.1,1.684,33.7,
2026-08-26,2026-08,Maisa 2+3,,40086,Mocha Tagless Tea Bag - 50 Ct - GA,Tea,governed,high,yes,3.0,276,3.05,9.15,90.5,1.508,30.2,
2026-08-26,2026-08,Maisa 2+3,,Clean,Standard Clean,Tea,inferred,,,3.0,0,2.333,7.0,,,,
2026-08-26,2026-08,WeighRight,,10031,Roasted Chicory Root - 1 Lb Bag,Bag/Other,inferred,,yes,3.0,1824,3.2,9.6,570.0,9.5,190.0,
2026-08-26,2026-08,WeighRight,,53110,Dandelion Dark Roast 30g Trial Size Packet,APG,governed,high,yes,3.0,180,0.5,1.5,360.0,6.0,120.0,
2026-08-26,2026-08,WeighRight,,83110L,ORG Dandelion Dark Roast 10 oz Bag/Box of 24,APG,governed,high,yes,3.0,1200,3.917,11.75,306.4,5.106,102.1,
2026-08-26,2026-08,WeighRight,,Air Clean Out,Air Clean out of Machine (no testing necessary),Bag/Other,inferred,,,3.0,0,2.5,7.5,,,,
2026-08-27,2026-08,AMS,machine(Amy),10006A,WWB AMZN Organic Lemon Balm (6 Oz) ,Bag/Other,inferred,,yes,3.0,1392,10.25,30.75,135.8,2.263,45.3,
2026-08-27,2026-08,Assembly,,12250,Advent Calendar,Accessory,governed,,yes,1.0,54,19.0,19.0,2.8,0.047,2.8,
2026-08-27,2026-08,Assembly,,40001,Herbal Tea Sampler Box - 6 Count Case,Sampler,inferred,,,2.0,0,14.0,28.0,,,,
2026-08-27,2026-08,Assembly,,43011,ORG Dandelion Vanilla Nut 25CT Tea Bag - A,Tea,governed,high,,1.0,0,,,,,,
2026-08-27,2026-08,Maisa 2+3,,40016,Vanilla Nut Tagless Tea Bag - 50 Ct - GA,Tea,governed,high,yes,3.0,180,1.6,4.8,112.5,1.875,37.5,
2026-08-27,2026-08,Maisa 2+3,,43310,ORG Dandelion Mocha Mint 10CT Tea Bag - A,Tea,inferred,,,3.0,0,4.283,12.85,,,,
2026-08-27,2026-08,Maisa 2+3,,43311,Dandelion Mocha Mint 25 Count Tea Bag - A,Tea,governed,high,,3.0,0,12.583,37.75,,,,
2026-08-27,2026-08,Maisa 2+3,,CleanA,Clean + Almond Test,Tea,inferred,,,3.0,0,0.65,1.95,,,,
2026-08-27,2026-08,WeighRight,,53110,Dandelion Dark Roast 30g Trial Size Packet,APG,governed,high,yes,3.0,1260,2.117,6.35,595.3,9.921,198.4,
2026-08-27,2026-08,WeighRight,,85070,ORG Miraculous Mushrooms A&P 6Ct/10Oz APG Bag,APG,inferred,,yes,3.0,1380,3.033,9.1,454.9,7.582,151.6,
2026-08-27,2026-08,WeighRight,,85070L,ORG Miraculous Mushrooms A&P 10oz Bag/Box of 24,Bag/Other,inferred,,yes,3.0,1200,3.45,10.35,347.8,5.797,115.9,
2026-08-27,2026-08,WeighRight,,Air Clean Out,Air Clean out of Machine (no testing necessary),Bag/Other,inferred,,,3.0,0,0.517,1.55,,,,
2026-08-27,2026-08,WeighRight,,Air Clean Out,Air Clean out of Machine (no testing necessary),Bag/Other,inferred,,,3.0,0,0.717,2.15,,,,
