date,month,machine,ams_mode,item,description,category,category_source,style_confidence,is_production_run,operators,units_packs,machine_hrs,operator_hrs,units_per_machine_hr,units_per_machine_min,units_per_operator_hr,data_flag
2026-01-02,2026-01,AMS,handpack,10006A,WWB AMZN Organic Lemon Balm (6 Oz) ,Bag/Other,inferred,,yes,3.0,1202,8.383,25.15,143.4,2.39,47.8,
2026-01-02,2026-01,Assembly,,45001,Mushroom Adaptogen TB Sampler Box - 6 Count Case - G,Sampler,inferred,,yes,5.0,159,8.0,40.0,19.9,0.331,4.0,
2026-01-02,2026-01,WeighRight,,60060,ORG Hazelnut 5 Lb Bag - GA,Bag/Other,inferred,,yes,3.0,120,1.217,3.65,98.6,1.644,32.9,
2026-01-02,2026-01,WeighRight,,80060A,AMZN Org Hazelnut 11OZ Bag/Box of 24 - GA,Bag/Other,inferred,,yes,3.0,744,1.5,4.5,496.0,8.267,165.3,
2026-01-02,2026-01,WeighRight,,80060A,AMZN Org Hazelnut 11OZ Bag/Box of 24 - GA,Bag/Other,inferred,,yes,3.0,780,1.7,5.1,458.8,7.647,152.9,
2026-01-02,2026-01,WeighRight,,80060L,Org Hazelnut 11OZ Bag/Box of 24 - GA,Bag/Other,inferred,,yes,3.0,1632,2.833,8.5,576.0,9.6,192.0,
2026-01-02,2026-01,WeighRight,,85070L,ORG Miraculous Mushrooms 10oz Bag/Box of 24,Bag/Other,inferred,,yes,3.0,120,0.333,1.0,360.0,6.0,120.0,
2026-01-02,2026-01,WeighRight,,CleanGA,Clean + Gluten + Allergen Tests,Bag/Other,inferred,,,3.0,0,0.75,2.25,,,,
2026-01-05,2026-01,AMS,handpack,10006A,WWB AMZN Organic Lemon Balm (6 Oz) ,Bag/Other,inferred,,yes,3.0,450,1.667,5.0,270.0,4.5,90.0,
2026-01-05,2026-01,AMS,handpack,10006A,WWB AMZN Organic Lemon Balm (6 Oz) ,Bag/Other,inferred,,yes,3.0,600,4.167,12.5,144.0,2.4,48.0,
2026-01-05,2026-01,AMS,handpack,10061A,AMZN - WWB - ORG Date Sugar - 1 Lb,Bag/Other,inferred,,yes,3.0,540,5.683,17.05,95.0,1.584,31.7,
2026-01-05,2026-01,AMS,handpack,30005L,ORG GF Dandelion Blend 312g Bag,Instant,governed,high,yes,3.0,108,1.4,4.2,77.1,1.286,25.7,
2026-01-05,2026-01,Assembly,,40001L,Herbal Tea Sampler Box - Loose,Sampler,governed,high,yes,2.0,180,2.333,4.667,77.1,1.286,38.6,
2026-01-05,2026-01,Assembly,,43001,Dandelion Tea Sampler Box - 6 Count Case,Sampler,inferred,,yes,2.0,120,0.95,1.9,126.3,2.105,63.2,
2026-01-05,2026-01,Assembly,,45001,Mushroom Adaptogen TB Sampler Box - 6 Count Case - G,Sampler,inferred,,yes,6.0,161,7.367,44.2,21.9,0.364,3.6,
2026-01-05,2026-01,Assembly,,45050F,Turkey Tail Astragalus Dual Language 10 cnt TB - G,Tea,inferred,,yes,2.0,40,2.367,4.733,16.9,0.282,8.5,
2026-01-05,2026-01,Assembly,,86010L,ORG Dark Chocolate 10 Oz Bag/Box of 24,Bag/Other,inferred,,yes,2.0,480,1.2,2.4,400.0,6.667,200.0,
2026-01-05,2026-01,Maisa 1,,43321,Dandelion Red Chai 25 Count Tea Bag,Tea,governed,high,yes,3.0,1200,10.55,31.65,113.7,1.896,37.9,
2026-01-05,2026-01,Maisa 1,,TB332,ORG Dandelion Red Chai Tea Bag,Tea bag (intermediate),item-code,,yes,3.0,3500,1.217,3.65,2876.7,47.945,958.9,
2026-01-05,2026-01,Maisa 2+3,,43220,ORG Dandelion Caramel Nut 10ct/6pk Tea Bag - A,Tea,inferred,,yes,5.0,8232,11.95,59.75,688.9,11.481,137.8,
2026-01-05,2026-01,WeighRight,,60120,DO NOT MAKE ORG Maya Chai 5 Lb Bag - G,Bag/Other,inferred,,yes,3.0,32,0.417,1.25,76.8,1.28,25.6,
2026-01-05,2026-01,WeighRight,,65020,ORG Chaga Ashwagandha 5 Lb Bag,Bag/Other,inferred,,yes,3.0,80,1.05,3.15,76.2,1.27,25.4,
2026-01-05,2026-01,WeighRight,,80110A,AMZN Org French Roast 11OZ Bag/Box of 24 - G,Bag/Other,inferred,,yes,3.0,1440,2.3,6.9,626.1,10.435,208.7,
2026-01-05,2026-01,WeighRight,,80113,ORG French Roast 11OZ Bag 3PK - G,Bag/Other,inferred,,yes,3.0,320,2.067,6.2,154.8,2.581,51.6,
2026-01-05,2026-01,WeighRight,,85020L,ORG Chaga Ashwagandha 10 Oz Bag/Box of 24,Bag/Other,inferred,,yes,3.0,1224,2.667,8.0,459.0,7.65,153.0,
2026-01-05,2026-01,WeighRight,,85070L,ORG Miraculous Mushrooms 10oz Bag/Box of 24,Bag/Other,inferred,,yes,3.0,432,0.783,2.35,551.5,9.191,183.8,
2026-01-05,2026-01,WeighRight,,Clean,Standard Clean,Bag/Other,inferred,,,3.0,0,0.467,1.4,,,,
2026-01-05,2026-01,WeighRight,,Clean,Standard Clean,Bag/Other,inferred,,,3.0,0,0.45,1.35,,,,
2026-01-05,2026-01,WeighRight,,Clean,Standard Clean,Bag/Other,inferred,,,3.0,0,0.083,0.25,,,,
2026-01-05,2026-01,WeighRight,,help handpack instants,,Bag/Other,inferred,,,3.0,0,1.633,4.9,,,,
2026-01-06,2026-01,AMS,handpack,10402A,AMZN- WWB-ORG Rama Tulsi - 8 OZ Bag,Bag/Other,inferred,,yes,1.0,272,4.0,4.0,68.0,1.133,68.0,
2026-01-06,2026-01,AMS,handpack,30003,Instant Chicory - 8 Oz Bag,Instant,inferred,,yes,3.0,343,6.033,18.1,56.9,0.948,19.0,
2026-01-06,2026-01,AMS,handpack,30005L,ORG GF Dandelion Blend 312g Bag,Instant,governed,high,yes,3.0,519,4.85,14.55,107.0,1.784,35.7,
2026-01-06,2026-01,AMS,handpack,30013L,ORG Miraculous Mushrooms Cacao 135g Bag,Bag/Other,inferred,,yes,3.0,270,5.4,16.2,50.0,0.833,16.7,
2026-01-06,2026-01,AMS,handpack,31005L,ORG GF Instant Dandelion Latte 224g Bag,Instant,governed,high,yes,3.0,461,2.75,8.25,167.6,2.794,55.9,
2026-01-06,2026-01,AMS,handpack,31007L,ORG Instant Miraculous Mushrooms AP Latte 224g Bag,Instant,governed,high,yes,3.0,450,2.533,7.6,177.6,2.961,59.2,
2026-01-06,2026-01,AMS,handpack,31008L,ORG Instant French Roast Latte 224g Bag,Instant,governed,high,yes,3.0,446,3.2,9.6,139.4,2.323,46.5,
2026-01-06,2026-01,AMS,handpack,31010L,ORG Instant Hazelnut Latte 224g Bag,Instant,governed,high,yes,3.0,168,3.317,9.95,50.7,0.844,16.9,
2026-01-06,2026-01,AMS,handpack,43116,Dandelion DarkRoast Tagless Tea Bag - 50 Ct,Tea,governed,high,yes,3.0,425,4.583,13.75,92.7,1.545,30.9,
2026-01-06,2026-01,Assembly,,40001L,Herbal Tea Sampler Box - Loose,Sampler,governed,high,yes,2.0,936,8.45,16.9,110.8,1.846,55.4,
2026-01-06,2026-01,Assembly,,40132F,ORG Maca Chocolate DL 25CT Tea Bag AMZN (24pk) - G,Tea,inferred,,yes,3.0,240,2.75,8.25,87.3,1.455,29.1,
2026-01-06,2026-01,Maisa 1,,Clean,Standard Clean,Tea,inferred,,,3.0,0,1.083,3.25,,,,
2026-01-06,2026-01,Maisa 1,,TB110,ORG French Roast Tea Bag Loose - G,Tea bag (intermediate),item-code,,yes,3.0,11000,3.167,9.5,3473.7,57.895,1157.9,
2026-01-06,2026-01,Maisa 1,,TB332,ORG Dandelion Red Chai Tea Bag,Tea bag (intermediate),item-code,,yes,3.0,19628,7.75,23.25,2532.6,42.211,844.2,
2026-01-06,2026-01,Maisa 2+3,,43110,ORG Dandelion Dark Roast 10ct/6pk Tea Bag,Tea,inferred,,yes,5.0,2694,4.333,21.667,621.7,10.362,124.3,
2026-01-06,2026-01,Maisa 2+3,,43220,ORG Dandelion Caramel Nut 10ct/6pk Tea Bag - A,Tea,inferred,,yes,5.0,1500,2.15,10.75,697.7,11.628,139.5,
2026-01-06,2026-01,Maisa 2+3,,CleanA,Clean + Allergen Tests,Tea,inferred,,,5.0,0,0.383,1.917,,,,
2026-01-06,2026-01,Maisa 2+3,,NTB3220,Dandelion Caramel Nut Tagless 6g Tea Bag - A,Tea bag (intermediate),item-code,,yes,2.0,31200,5.683,11.367,5489.7,91.496,2744.9,
2026-01-06,2026-01,Maisa 2+3,,TB311,ORG Dandelion Dark Roast Tea Bag,Tea bag (intermediate),item-code,,yes,2.0,2500,0.7,1.4,3571.4,59.524,1785.7,
2026-01-06,2026-01,Maisa 2+3,,TB322,ORG Dandelion Caramel Nut Tea Bag - A,Tea bag (intermediate),item-code,,yes,2.0,18000,5.3,10.6,3396.2,56.604,1698.1,
2026-01-06,2026-01,WeighRight,,20081,ORG Mocha 300G Dual Language Bag - 6Ct Case - GA,Bag/Other,inferred,,yes,3.0,12,1.233,3.7,9.7,0.162,3.2,
2026-01-06,2026-01,WeighRight,,80116A,French Roast 500g APG Bag - G,APG,inferred,,yes,3.0,96,0.333,1.0,288.0,4.8,96.0,
2026-01-06,2026-01,WeighRight,,help handpack instants,,Bag/Other,inferred,,,3.0,0,12.183,36.55,,,,
2026-01-07,2026-01,AMS,handpack,10005A,WWB AMZN Organic Chia (1lb),Bag/Other,inferred,,yes,2.0,288,3.9,7.8,73.8,1.231,36.9,
2026-01-07,2026-01,AMS,handpack,30009L,ORG Instant Vanilla Nut 100g Bag - G,Instant,governed,high,yes,3.0,746,5.767,17.3,129.4,2.156,43.1,
2026-01-07,2026-01,AMS,handpack,30010L,ORG Instant Hazelnut 100g Bag - G,Instant,governed,high,yes,2.0,739,4.283,8.567,172.5,2.875,86.3,
2026-01-07,2026-01,AMS,handpack,30011L,ORG Instant Mocha 100g Bag - G,Instant,inferred,,yes,3.0,740,4.2,12.6,176.2,2.937,58.7,
2026-01-07,2026-01,AMS,handpack,30013L,ORG Miraculous Mushrooms Cacao 135g Bag,Bag/Other,inferred,,yes,3.0,474,8.067,24.2,58.8,0.979,19.6,
2026-01-07,2026-01,AMS,handpack,31010L,ORG Instant Hazelnut Latte 224g Bag,Instant,governed,high,yes,3.0,168,0.717,2.15,234.4,3.907,78.1,
2026-01-07,2026-01,Maisa 1,,40111,ORG French Roast 25CT Tea Bag - G,Tea,governed,high,yes,3.0,984,8.617,25.85,114.2,1.903,38.1,
2026-01-07,2026-01,Maisa 1,,TB110,ORG French Roast Tea Bag Loose - G,Tea bag (intermediate),item-code,,yes,3.0,7000,3.333,10.0,2100.0,35.0,700.0,
2026-01-07,2026-01,Maisa 2+3,,43110,ORG Dandelion Dark Roast 10ct/6pk Tea Bag,Tea,inferred,,yes,5.0,2826,3.817,19.083,740.4,12.341,148.1,
2026-01-07,2026-01,Maisa 2+3,,43111,ORG Dandelion Dark Roast 25CT Tea Bag,Tea,governed,high,yes,5.0,1200,4.117,20.583,291.5,4.858,58.3,
2026-01-07,2026-01,Maisa 2+3,,43114,ORG Dandelion Dark Roast 10CT Tea Bag 4PK (with DCO/DMM Goody Bag),Tea,inferred,,yes,5.0,96,0.433,2.167,221.5,3.692,44.3,
2026-01-07,2026-01,Maisa 2+3,,NTB3110,Dandelion Dark Roast Tagless 6g Tea Bag,Tea bag (intermediate),item-code,,yes,2.0,16800,3.7,7.4,4540.5,75.676,2270.3,
2026-01-07,2026-01,Maisa 2+3,,TB311,ORG Dandelion Dark Roast Tea Bag,Tea bag (intermediate),item-code,,yes,2.0,14500,3.7,7.4,3918.9,65.315,1959.5,
2026-01-07,2026-01,WeighRight,,80110L,Org French Roast 11oz Bag/Box of 24 - G,Bag/Other,inferred,,yes,3.0,240,1.383,4.15,173.5,2.892,57.8,
2026-01-07,2026-01,WeighRight,,80116A,French Roast 500g APG Bag - G,APG,inferred,,yes,3.0,552,1.2,3.6,460.0,7.667,153.3,
2026-01-07,2026-01,WeighRight,,help handpack instants,,Bag/Other,inferred,,,3.0,0,11.833,35.5,,,,
2026-01-08,2026-01,AMS,machine(Amy),10005A,WWB AMZN Organic Chia (1lb),Bag/Other,inferred,,yes,5.0,1008,7.067,35.333,142.6,2.377,28.5,
2026-01-08,2026-01,AMS,handpack,10101,WWB - ORG Medium Roasted Carob Flour - 1 Lb Bag,Bag/Other,inferred,,yes,3.0,276,4.317,12.95,63.9,1.066,21.3,
2026-01-08,2026-01,Assembly,,40081,ORG Mocha 25CT Tea Bag - GA,Tea,governed,high,yes,2.0,40,1.867,3.733,21.4,0.357,10.7,
2026-01-08,2026-01,Assembly,,55092,Mushroom 6 Packet Sampler,Sampler,governed,high,yes,1.0,240,5.5,5.5,43.6,0.727,43.6,
2026-01-08,2026-01,Maisa 1,,40111,ORG French Roast 25CT Tea Bag - G,Tea,governed,high,yes,3.0,456,3.717,11.15,122.7,2.045,40.9,
2026-01-08,2026-01,Maisa 1,,43310,ORG Dandelion Mocha Mint 10CT Tea Bag - A,Tea,inferred,,yes,3.0,2070,6.533,19.6,316.8,5.281,105.6,
2026-01-08,2026-01,Maisa 1,,CleanG,Clean + Gluten Test,Tea,inferred,,,3.0,0,1.483,4.45,,,,
2026-01-08,2026-01,Maisa 2+3,,45020,ORG Chaga Ashwagandha 10 Ct Tea Bag/6 Count Case,Tea,inferred,,yes,5.0,3324,6.583,32.917,504.9,8.415,101.0,
2026-01-08,2026-01,Maisa 2+3,,Clean,Standard Clean,Tea,inferred,,,5.0,0,0.85,4.25,,,,
2026-01-08,2026-01,Maisa 2+3,,Clean,Standard Clean,Tea,inferred,,,5.0,0,0.5,2.5,,,,
2026-01-08,2026-01,Maisa 2+3,,NTB3110,Dandelion Dark Roast Tagless 6g Tea Bag,Tea bag (intermediate),item-code,,yes,2.0,15804,3.017,6.033,5238.9,87.315,2619.4,
2026-01-08,2026-01,Maisa 2+3,,TB311,ORG Dandelion Dark Roast Tea Bag,Tea bag (intermediate),item-code,,yes,2.0,7500,1.767,3.533,4245.3,70.755,2122.6,
2026-01-08,2026-01,Maisa 2+3,,TB502,ORG Chaga Ashwagandha Loose Tea Bag,Tea bag (intermediate),item-code,,yes,4.0,8500,2.317,9.267,3669.1,61.151,917.3,
2026-01-08,2026-01,WeighRight,,10051,ORG Roasted Chicory Root - 1 Lb Bag,Bag/Other,inferred,,yes,3.0,468,1.35,4.05,346.7,5.778,115.6,
2026-01-08,2026-01,WeighRight,,10059A,AMZN ORG French Chicory 2 X 1 Lb Bag,Bag/Other,inferred,,yes,3.0,576,2.567,7.7,224.4,3.74,74.8,
2026-01-08,2026-01,WeighRight,,60110,ORG French Roast 5 Lb Bag - G,Bag/Other,inferred,,yes,3.0,80,0.683,2.05,117.1,1.951,39.0,
2026-01-08,2026-01,WeighRight,,80110L,Org French Roast 11oz Bag/Box of 24 - G,Bag/Other,inferred,,yes,3.0,1560,2.667,8.0,585.0,9.75,195.0,
2026-01-08,2026-01,WeighRight,,85030L,ORG Lion's Mane Rhodiola 10 Oz Bag/Box of 24 - G,APG,governed,high,yes,3.0,1192,3.0,9.0,397.3,6.622,132.4,
2026-01-08,2026-01,WeighRight,,Clean,Standard Clean,Bag/Other,inferred,,,3.0,0,0.483,1.45,,,,
2026-01-08,2026-01,WeighRight,,CleanG,Clean + Gluten Test,Bag/Other,inferred,,,3.0,0,1.083,3.25,,,,
2026-01-12,2026-01,AMS,handpack,10101,WWB - ORG Medium Roasted Carob Flour - 1 Lb Bag,Bag/Other,inferred,,yes,3.0,888,11.683,35.05,76.0,1.267,25.3,
2026-01-12,2026-01,AMS,handpack,10101,WWB - ORG Medium Roasted Carob Flour - 1 Lb Bag,Bag/Other,inferred,,yes,3.0,756,12.2,36.6,62.0,1.033,20.7,
2026-01-12,2026-01,Assembly,,40081,ORG Mocha 25CT Tea Bag - GA,Tea,governed,high,yes,1.0,104,3.25,3.25,32.0,0.533,32.0,
2026-01-12,2026-01,Assembly,,40113,ORG French Roast 25CT Tea Bag 3PK - G,Tea,inferred,,yes,1.0,24,2.633,2.633,9.1,0.152,9.1,
2026-01-12,2026-01,Assembly,,40121,DO NOT MAKE ORG Maya Chai 25CT Tea Bag - G,Tea,governed,high,yes,1.0,144,3.95,3.95,36.5,0.608,36.5,
2026-01-12,2026-01,Assembly,,50092,Teeccino Chocolate Flavor Sampler,Sampler,governed,high,yes,2.0,250,4.917,9.833,50.8,0.847,25.4,
2026-01-12,2026-01,Maisa 1,,43310,ORG Dandelion Mocha Mint 10CT Tea Bag - A,Tea,inferred,,yes,3.0,2070,5.383,16.15,384.5,6.409,128.2,
2026-01-12,2026-01,Maisa 1,,43311,Dandelion Mocha Mint 25 Count Tea Bag - A,Tea,governed,high,yes,3.0,512,3.317,9.95,154.4,2.573,51.5,
2026-01-12,2026-01,Maisa 1,,43313,DO NOT MAKE ORG Dandelion Mocha Mint 25CT Tea Bag 3PK - A,Tea,inferred,,yes,3.0,60,1.417,4.25,42.4,0.706,14.1,
2026-01-12,2026-01,Maisa 1,,43314,ORG Dandelion Mocha Mint 10CT Tea Bag 4PK - A,Tea,inferred,,yes,3.0,160,1.767,5.3,90.6,1.509,30.2,
2026-01-12,2026-01,Maisa 1,,Clean,Standard Clean,Tea,inferred,,,3.0,0,0.283,0.85,,,,
2026-01-12,2026-01,Maisa 2+3,,46010,ORG Dark Chocolate 10 Ct Tea Bag/6 Count Case,Tea,inferred,,yes,5.0,4140,6.217,31.083,666.0,11.099,133.2,
2026-01-12,2026-01,Maisa 2+3,,46010L,ORG Dark Chocolate 10 Ct Tea Bag/36 Count Box,Tea,governed,high,yes,5.0,324,0.367,1.833,883.6,14.727,176.7,
2026-01-12,2026-01,Maisa 2+3,,46011,ORG Dark Chocolate 25 Ct Tea Bag,Tea,governed,high,yes,5.0,681,2.167,10.833,314.3,5.238,62.9,
2026-01-12,2026-01,Maisa 2+3,,Clean,Standard Clean,Tea,inferred,,,5.0,0,1.0,5.0,,,,
2026-01-12,2026-01,Maisa 2+3,,TB502,ORG Chaga Ashwagandha Loose Tea Bag,Tea bag (intermediate),item-code,,yes,4.0,500,0.25,1.0,2000.0,33.333,500.0,
2026-01-12,2026-01,Maisa 2+3,,TB601,ORG Dark Chocolate Loose Tea Bag,Tea bag (intermediate),item-code,,yes,4.0,12000,1.967,7.867,6101.7,101.695,1525.4,
2026-01-12,2026-01,WeighRight,,10031,Roasted Chicory Root - 1 Lb Bag,Bag/Other,inferred,,yes,3.0,4164,7.667,23.0,543.1,9.052,181.0,
2026-01-12,2026-01,WeighRight,,10039A,AMZN Roasted French Chicory 2 X 1 Lb Bag,Bag/Other,inferred,,yes,3.0,420,1.75,5.25,240.0,4.0,80.0,
2026-01-12,2026-01,WeighRight,,10051,ORG Roasted Chicory Root - 1 Lb Bag,Bag/Other,inferred,,yes,3.0,972,2.067,6.2,470.3,7.839,156.8,
2026-01-13,2026-01,AMS,handpack,10201,WWB - ORG Peppermint Leaf - 4 Oz Bag,Bag/Other,inferred,,yes,3.0,600,5.333,16.0,112.5,1.875,37.5,
2026-01-13,2026-01,Assembly,,30008,Instant French Roast 100g Bag / 6 Count Case - G,Instant,inferred,,yes,1.0,41,1.167,1.167,35.1,0.586,35.1,
2026-01-13,2026-01,Assembly,,30012,Instant Dandelion Blend 100g Bag / 6 Count Case,Instant,inferred,,yes,1.0,47,1.533,1.533,30.7,0.511,30.7,
2026-01-13,2026-01,Assembly,,40113,ORG French Roast 25CT Tea Bag 3PK - G,Tea,inferred,,yes,1.0,60,6.917,6.917,8.7,0.145,8.7,
2026-01-13,2026-01,Assembly,,GDB502,ORG Chaga Ashwaganda Packet Goody Bag,Bag/Other,inferred,,yes,1.0,50,0.133,0.133,375.0,6.25,375.0,
2026-01-13,2026-01,Assembly,,TGB010,ORG Vanilla Nut Tea Bag Goody Bag - GA,Tea,inferred,,yes,1.0,25,0.067,0.067,375.0,6.25,375.0,
2026-01-13,2026-01,Assembly,,TGB503,Lion's Mane Rhodiola Tea Goody Bag - G,Bag/Other,inferred,,yes,1.0,25,0.067,0.067,375.0,6.25,375.0,
2026-01-13,2026-01,Maisa 1,,43341,Dandelion Coconut 25 Count Tea Bag - A,Tea,governed,high,yes,3.0,624,3.917,11.75,159.3,2.655,53.1,
2026-01-13,2026-01,Maisa 1,,TB334,ORG Dandelion Coconut Tea Bag - A,Tea bag (intermediate),item-code,,yes,2.0,16000,7.75,15.5,2064.5,34.409,1032.3,
2026-01-13,2026-01,Maisa 2+3,,40011A,ORG 25 CT Vanilla Nut AMZN - GA,Tea,inferred,,yes,5.0,240,2.2,11.0,109.1,1.818,21.8,
2026-01-13,2026-01,Maisa 2+3,,Clean,Standard Clean,Tea,inferred,,,5.0,0,1.867,9.333,,,,
2026-01-13,2026-01,Maisa 2+3,,NTB0010,Vanilla Nut Tagless 6g Tea Bag - GA,Tea bag (intermediate),item-code,,yes,2.0,34800,8.267,16.533,4209.7,70.161,2104.8,
2026-01-13,2026-01,Maisa 2+3,,TB010,ORG Vanilla Nut Tea Bag Loose - GA,Tea bag (intermediate),item-code,,yes,2.0,22000,6.3,12.6,3492.1,58.201,1746.0,
2026-01-13,2026-01,Maisa 2+3,,TB502,ORG Chaga Ashwagandha Loose Tea Bag,Tea bag (intermediate),item-code,,yes,4.0,6080,1.683,6.733,3611.9,60.198,903.0,
2026-01-13,2026-01,WeighRight,,10031,Roasted Chicory Root - 1 Lb Bag,Bag/Other,inferred,,yes,3.0,3036,5.883,17.65,516.0,8.601,172.0,
2026-01-13,2026-01,WeighRight,,Clean,Standard Clean,Bag/Other,inferred,,,3.0,0,0.95,2.85,,,,
2026-01-13,2026-01,WeighRight,,Handpacking Peppermint,,Bag/Other,inferred,,,3.0,0,12.5,37.5,,,,
2026-01-14,2026-01,AMS,handpack,10201,WWB - ORG Peppermint Leaf - 4 Oz Bag,Bag/Other,inferred,,yes,3.0,600,4.05,12.15,148.1,2.469,49.4,
2026-01-14,2026-01,AMS,handpack,10401A,AMZN-WWB-ORG Krishna Tulsi- 8OZ Bag,Bag/Other,inferred,,yes,3.0,600,6.1,18.3,98.4,1.639,32.8,
2026-01-14,2026-01,AMS,handpack,10402A,AMZN- WWB-ORG Rama Tulsi - 8 OZ Bag,Bag/Other,inferred,,yes,3.0,544,3.917,11.75,138.9,2.315,46.3,
2026-01-14,2026-01,Assembly,,40001L,Herbal Tea Sampler Box - Loose,Sampler,governed,high,yes,2.0,601,9.933,19.867,60.5,1.008,30.3,
2026-01-14,2026-01,Maisa 1,,42061,ORG Maple Pecan 25CT Tea Bag - GA,Tea,governed,high,yes,3.0,456,4.933,14.8,92.4,1.541,30.8,
2026-01-14,2026-01,Maisa 1,,43011,ORG Dandelion Vanilla Nut 25CT Tea Bag - A,Tea,governed,high,yes,3.0,436,4.467,13.4,97.6,1.627,32.5,
2026-01-14,2026-01,Maisa 1,,43341,Dandelion Coconut 25 Count Tea Bag - A,Tea,governed,high,yes,3.0,192,1.55,4.65,123.9,2.065,41.3,
2026-01-14,2026-01,Maisa 1,,Clean,Standard Clean,Tea,inferred,,,3.0,0,0.533,1.6,,,,
2026-01-14,2026-01,Maisa 1,,Clean,Standard Clean,Tea,inferred,,,3.0,0,0.683,2.05,,,,
2026-01-14,2026-01,Maisa 2+3,,40010,ORG Vanilla Nut 10ct/6pk Tea Bag - GA,Tea,inferred,,yes,5.0,3780,7.183,35.917,526.2,8.77,105.2,
2026-01-14,2026-01,Maisa 2+3,,40011A,ORG 25 CT Vanilla Nut AMZN - GA,Tea,inferred,,yes,5.0,1080,4.417,22.083,244.5,4.075,48.9,
2026-01-14,2026-01,Maisa 2+3,,CleanA,Clean + Allergen Tests,Tea,inferred,,,2.0,0,0.5,1.0,,,,
2026-01-14,2026-01,WeighRight,,10008,"Org Rooibos, 8 Oz Bag",Bag/Other,inferred,,yes,3.0,576,1.117,3.35,515.8,8.597,171.9,
2026-01-14,2026-01,WeighRight,,10013,"ORG Hibisicus, 8 Oz Bag",Bag/Other,inferred,,yes,3.0,1800,4.917,14.75,366.1,6.102,122.0,
2026-01-14,2026-01,WeighRight,,Clean,Standard Clean,Bag/Other,inferred,,,3.0,0,1.667,5.0,,,,
2026-01-14,2026-01,WeighRight,,Handpacking Peppermint,,Bag/Other,inferred,,,3.0,0,4.583,13.75,,,,
2026-01-15,2026-01,AMS,handpack,10001A,Sage 2 Oz Bags AMZN,Bag/Other,inferred,,yes,2.0,180,2.967,5.933,60.7,1.011,30.3,
2026-01-15,2026-01,AMS,handpack,10024,ORG Lavender 4 Oz Bag - 79523910024,Bag/Other,inferred,,yes,3.0,1200,6.9,20.7,173.9,2.899,58.0,
2026-01-15,2026-01,AMS,handpack,40016,Vanilla Nut Tagless Tea Bag - 50 Ct - GA,Tea,governed,high,yes,2.0,240,4.617,9.233,52.0,0.866,26.0,
2026-01-15,2026-01,Assembly,,30009,Instant Vanilla Nut 100g Bag / 6 Count Case - G,Instant,inferred,,yes,1.0,46,1.45,1.45,31.7,0.529,31.7,
2026-01-15,2026-01,Assembly,,30011,Instant Mocha 100g Bag / 6 Count Case - G,Instant,inferred,,yes,1.0,46,1.483,1.483,31.0,0.517,31.0,
2026-01-15,2026-01,Assembly,,31008,ORG Instant French Roast Latte 6Ct Case,Instant,inferred,,yes,1.0,5,0.083,0.083,60.0,1.0,60.0,
2026-01-15,2026-01,Assembly,,40001L,Herbal Tea Sampler Box - Loose,Sampler,governed,high,yes,2.0,405,5.95,11.9,68.1,1.134,34.0,
2026-01-15,2026-01,Assembly,,85013,DO NOT MAKE ORG Reishi Eleuthero 10OZ Bag 3PK  - G,Bag/Other,inferred,,yes,1.0,16,1.25,1.25,12.8,0.213,12.8,
2026-01-15,2026-01,Maisa 1,,40021,ORG Chocolate Mint 25CT Tea Bag - GA,Tea,governed,high,yes,3.0,744,4.167,12.5,178.6,2.976,59.5,
2026-01-15,2026-01,Maisa 1,,42061,ORG Maple Pecan 25CT Tea Bag - GA,Tea,governed,high,yes,3.0,414,2.0,6.0,207.0,3.45,69.0,
2026-01-15,2026-01,Maisa 1,,Clean,Standard Clean,Tea,inferred,,,3.0,0,0.583,1.75,,,,
2026-01-15,2026-01,Maisa 1,,Clean,Standard Clean,Tea,inferred,,,3.0,0,0.417,1.25,,,,
2026-01-15,2026-01,Maisa 1,,TB060,ORG Hazelnut Tea Bag Loose - GA,Tea bag (intermediate),item-code,,yes,2.0,17000,4.75,9.5,3578.9,59.649,1789.5,
2026-01-15,2026-01,Maisa 2+3,,40130,ORG Maca Chocolate 10ct/6pk Tea Bag - G,Tea,inferred,,yes,5.0,4140,6.583,32.917,628.9,10.481,125.8,
2026-01-15,2026-01,Maisa 2+3,,45050F,Turkey Tail Astragalus Dual Language 10 cnt TB - G,Tea,inferred,,yes,3.0,230,3.767,11.3,61.1,1.018,20.4,
2026-01-15,2026-01,Maisa 2+3,,Clean,Standard Clean,Tea,inferred,,,4.0,0,0.667,2.667,,,,
2026-01-15,2026-01,Maisa 2+3,,NTB0010,Vanilla Nut Tagless 6g Tea Bag - GA,Tea bag (intermediate),item-code,,yes,2.0,13200,2.55,5.1,5176.5,86.275,2588.2,
2026-01-15,2026-01,Maisa 2+3,,TB130,ORG Maca Chocolate Tea Bag - G,Tea bag (intermediate),item-code,,yes,2.0,8000,1.883,3.767,4247.8,70.796,2123.9,
2026-01-15,2026-01,WeighRight,,10008,"Org Rooibos, 8 Oz Bag",Bag/Other,inferred,,yes,3.0,840,1.433,4.3,586.0,9.767,195.3,
2026-01-15,2026-01,WeighRight,,10071,AMZN - WWB - ORG Roasted Barley - 1 Lb - G,Bag/Other,inferred,,yes,3.0,1200,2.683,8.05,447.2,7.453,149.1,
2026-01-15,2026-01,WeighRight,,50130,ORG MACA Chocolate 30g Trial Size Packet - G,Bag/Other,inferred,,yes,3.0,1080,1.717,5.15,629.1,10.485,209.7,
2026-01-15,2026-01,WeighRight,,55050,Turkey Tail Astragalus 30g Trial Size Packet - G,Bag/Other,inferred,,yes,3.0,1040,1.667,5.0,624.0,10.4,208.0,
2026-01-15,2026-01,WeighRight,,55050,Turkey Tail Astragalus 30g Trial Size Packet - G,Bag/Other,inferred,,yes,3.0,40,0.183,0.55,218.2,3.636,72.7,
2026-01-15,2026-01,WeighRight,,63220,ORG Dandelion Caramel Nut 5 Lb Bag - A,Bag/Other,inferred,,yes,3.0,60,0.533,1.6,112.5,1.875,37.5,
2026-01-15,2026-01,WeighRight,,80130A,AMZN Org Maca Chocolate 11OZ Bag/Box of 24 - G,Bag/Other,inferred,,yes,3.0,528,1.083,3.25,487.4,8.123,162.5,
2026-01-15,2026-01,WeighRight,,80130L,Org Maca Chocoate 11oz Bag/Box of 24 - G,Bag/Other,inferred,,yes,3.0,789,1.317,3.95,599.2,9.987,199.7,
2026-01-15,2026-01,WeighRight,,83220L,Dandelion Caramel Nut 10 Oz Bag/Box of 24 - A,Bag/Other,inferred,,yes,3.0,207,0.55,1.65,376.4,6.273,125.5,
2026-01-15,2026-01,WeighRight,,Clean,Standard Clean,Bag/Other,inferred,,,3.0,0,0.517,1.55,,,,
2026-01-15,2026-01,WeighRight,,Clean,Standard Clean,Bag/Other,inferred,,,3.0,0,0.717,2.15,,,,
2026-01-15,2026-01,WeighRight,,Clean,Standard Clean,Bag/Other,inferred,,,3.0,0,0.6,1.8,,,,
2026-01-15,2026-01,WeighRight,,CleanA,Clean + Allergen Tests,Bag/Other,inferred,,,3.0,0,0.5,1.5,,,,
2026-01-19,2026-01,AMS,handpack,10001A,Sage 2 Oz Bags AMZN,Bag/Other,inferred,,yes,2.0,132,2.133,4.267,61.9,1.031,30.9,
2026-01-19,2026-01,AMS,handpack,30003,Instant Chicory - 8 Oz Bag,Instant,inferred,,yes,2.0,636,9.5,19.0,66.9,1.116,33.5,
2026-01-19,2026-01,AMS,handpack,30012,Instant Dandelion Blend 100g Bag / 6 Count Case,Instant,inferred,,yes,2.0,60,14.517,29.033,4.1,0.069,2.1,
2026-01-19,2026-01,AMS,handpack,30012L,ORG GF Dandelion Blend 100g Bag,Bag/Other,inferred,,yes,2.0,210,1.5,3.0,140.0,2.333,70.0,
2026-01-19,2026-01,AMS,handpack,40016,Vanilla Nut Tagless Tea Bag - 50 Ct - GA,Tea,governed,high,yes,2.0,732,5.833,11.667,125.5,2.091,62.7,
2026-01-19,2026-01,Assembly,,40001L,Herbal Tea Sampler Box - Loose,Sampler,governed,high,yes,3.0,833,10.45,31.35,79.7,1.329,26.6,
2026-01-19,2026-01,Assembly,,42040L,ORG Snickerdoodle 10ct Loose - GA,Tea,governed,high,yes,2.0,144,1.667,3.333,86.4,1.44,43.2,
2026-01-19,2026-01,Assembly,,45032,ORG Lion's Mane Rhodiola Tea Bag Demo Tray - G,Tea,inferred,,yes,1.0,4,0.867,0.867,4.6,0.077,4.6,
2026-01-19,2026-01,Assembly,,85013,DO NOT MAKE ORG Reishi Eleuthero 10OZ Bag 3PK  - G,Bag/Other,inferred,,yes,2.0,80,0.917,1.833,87.3,1.455,43.6,
2026-01-19,2026-01,Maisa 1,,47010,75147 TJ ORG Roasted Herbal Cofee (12 Pack) - G,Tea,inferred,,yes,3.0,64,2.167,6.5,29.5,0.492,9.8,
2026-01-19,2026-01,Maisa 1,,NTB0060,Hazelnut Tagless 6g Tea Bag - GA,Tea bag (intermediate),item-code,,yes,2.0,31200,5.817,11.633,5363.9,89.398,2681.9,
2026-01-19,2026-01,Maisa 1,,TB060,ORG Hazelnut Tea Bag Loose - GA,Tea bag (intermediate),item-code,,yes,2.0,5000,1.183,2.367,4225.4,70.423,2112.7,
2026-01-19,2026-01,Maisa 1,,cleana,Clean + Almond Test,Tea,inferred,,,3.0,0,0.6,1.8,,,,
2026-01-19,2026-01,Maisa 2+3,,40131,ORG Mexican Chocolate 25CT Tea Bag - G,Tea,governed,high,yes,5.0,720,2.717,13.583,265.0,4.417,53.0,
2026-01-19,2026-01,Maisa 2+3,,40132,ORG Maca Chocolate 25CT Tea Bag - G,Tea,governed,high,yes,5.0,346,1.417,7.083,244.2,4.071,48.8,
2026-01-19,2026-01,Maisa 2+3,,47010,75147 TJ ORG Roasted Herbal Cofee (12 Pack) - G,Tea,inferred,,yes,5.0,181,2.817,14.083,64.3,1.071,12.9,
2026-01-19,2026-01,Maisa 2+3,,Clean,Standard Clean,Tea,inferred,,,5.0,0,0.633,3.167,,,,
2026-01-19,2026-01,Maisa 2+3,,Clean,Standard Clean,Tea,inferred,,,5.0,0,0.433,2.167,,,,
2026-01-19,2026-01,Maisa 2+3,,TB130,ORG Maca Chocolate Tea Bag - G,Tea bag (intermediate),item-code,,yes,4.0,14000,2.067,8.267,6774.2,112.903,1693.5,
2026-01-19,2026-01,WeighRight,,20081,ORG Mocha 300G Dual Language Bag - 6Ct Case - GA,Bag/Other,inferred,,yes,3.0,120,1.583,4.75,75.8,1.263,25.3,
2026-01-19,2026-01,WeighRight,,60010,ORG Vanilla Nut 5 Lb Bag - GA,Bag/Other,inferred,,yes,3.0,52,0.317,0.95,164.2,2.737,54.7,
2026-01-19,2026-01,WeighRight,,60080,ORG Mocha 5 Lb Bag - GA,Bag/Other,inferred,,yes,3.0,45,0.583,1.75,77.1,1.286,25.7,
2026-01-19,2026-01,WeighRight,,65050,ORG Turkey Tail Astragalus 5 Lb Bag - G,Bag/Other,inferred,,yes,3.0,40,0.833,2.5,48.0,0.8,16.0,
2026-01-19,2026-01,WeighRight,,80050L,ORG English Toffee 11oz Bag/Box of 24 - GA,Bag/Other,inferred,,yes,3.0,275,1.35,4.05,203.7,3.395,67.9,
2026-01-19,2026-01,WeighRight,,85050L,ORG Turkey Tail Astragalus 10 Oz Bag/Box of 24 - G,Bag/Other,inferred,,yes,3.0,42,2.0,6.0,21.0,0.35,7.0,
2026-01-19,2026-01,WeighRight,,Clean,Standard Clean,Bag/Other,inferred,,,3.0,0,0.6,1.8,,,,
2026-01-19,2026-01,WeighRight,,Clean,Standard Clean,Bag/Other,inferred,,,3.0,0,0.367,1.1,,,,
2026-01-19,2026-01,WeighRight,,Clean,Standard Clean,Bag/Other,inferred,,,3.0,0,0.467,1.4,,,,
2026-01-20,2026-01,AMS,handpack,30003,Instant Chicory - 8 Oz Bag,Instant,inferred,,yes,2.0,708,8.067,16.133,87.8,1.463,43.9,
2026-01-20,2026-01,AMS,handpack,30007,Instant Miraculous Mushrooms A&P 100g Bag / 6 Count Case,Instant,inferred,,yes,2.0,60,1.683,3.367,35.6,0.594,17.8,
2026-01-20,2026-01,AMS,handpack,30007L,ORG Instant Miraculous Mushrooms AP 100g Bag,Instant,governed,high,yes,2.0,744,3.767,7.533,197.5,3.292,98.8,
2026-01-20,2026-01,AMS,handpack,30008,Instant French Roast 100g Bag / 6 Count Case - G,Instant,inferred,,yes,2.0,25,1.8,3.6,13.9,0.231,6.9,
2026-01-20,2026-01,AMS,handpack,30012L,ORG GF Dandelion Blend 100g Bag,Bag/Other,inferred,,yes,2.0,401,1.533,3.067,261.5,4.359,130.8,
2026-01-20,2026-01,AMS,handpack,31014L,ORG Instant Miraculous Mushroom Matcha Latte 252g Bag,Instant,inferred,,yes,2.0,312,2.3,4.6,135.7,2.261,67.8,
2026-01-20,2026-01,Assembly,,40001L,Herbal Tea Sampler Box - Loose,Sampler,governed,high,yes,3.0,833,10.2,30.6,81.7,1.361,27.2,
2026-01-20,2026-01,Assembly,,45030,ORG Lion's Mane Rhodiola 10 Ct Tea Bag/6 Count Case - G,Tea,inferred,,yes,1.0,132,2.75,2.75,48.0,0.8,48.0,
2026-01-20,2026-01,Assembly,,45032,ORG Lion's Mane Rhodiola Tea Bag Demo Tray - G,Tea,inferred,,yes,1.0,4,1.117,1.117,3.6,0.06,3.6,
2026-01-20,2026-01,Assembly,,45070,ORG Miraculous Mushrooms AP 10Ct/6Pk Tea Bag,Tea,inferred,,yes,1.0,180,0.95,0.95,189.5,3.158,189.5,
2026-01-20,2026-01,Assembly,,90012,,Bag/Other,inferred,,yes,2.0,25,1.5,3.0,16.7,0.278,8.3,
2026-01-20,2026-01,Maisa 1,,47010,75147 TJ ORG Roasted Herbal Cofee (12 Pack) - G,Tea,inferred,,yes,3.0,290,10.0,30.0,29.0,0.483,9.7,
2026-01-20,2026-01,Maisa 2+3,,47010,75147 TJ ORG Roasted Herbal Cofee (12 Pack) - G,Tea,inferred,,yes,5.0,618,10.083,50.417,61.3,1.021,12.3,
2026-01-20,2026-01,WeighRight,,20011,ORG Vanilla Nut 300G Dual Language Bag - 6Ct Case - GA,Bag/Other,inferred,,yes,3.0,120,1.417,4.25,84.7,1.412,28.2,
2026-01-20,2026-01,WeighRight,,60010,ORG Vanilla Nut 5 Lb Bag - GA,Bag/Other,inferred,,yes,3.0,28,0.233,0.7,120.0,2.0,40.0,
2026-01-20,2026-01,WeighRight,,60030,ORG Almond Amaretto 5 Lb Bag - GA,Bag/Other,inferred,,yes,3.0,60,0.567,1.7,105.9,1.765,35.3,
2026-01-20,2026-01,WeighRight,,80010A,AMZN Org Vanilla Nut 11OZ Bag/Box of 24 - GA,Bag/Other,inferred,,yes,3.0,864,1.833,5.5,471.3,7.855,157.1,
2026-01-20,2026-01,WeighRight,,80010L,Org Vanilla Nut 11OZ Bag/Box of 24 - GA,Bag/Other,inferred,,yes,3.0,1200,2.067,6.2,580.6,9.677,193.5,
2026-01-20,2026-01,WeighRight,,80013,ORG Vanilla Nut 11oz Bag 3PK - GA,Bag/Other,inferred,,yes,3.0,240,1.583,4.75,151.6,2.526,50.5,
2026-01-20,2026-01,WeighRight,,80030A,AMZN Org Almond Amaretto 11OZ Bag/Box of 24 - GA,Bag/Other,inferred,,yes,3.0,648,1.233,3.7,525.4,8.757,175.1,
2026-01-20,2026-01,WeighRight,,80030A,AMZN Org Almond Amaretto 11OZ Bag/Box of 24 - GA,Bag/Other,inferred,,yes,3.0,552,1.117,3.35,494.3,8.239,164.8,
2026-01-20,2026-01,WeighRight,,80033,ORG Almond Amaretto 11OZ Bag 3PK - GA,Bag/Other,inferred,,yes,3.0,128,0.717,2.15,178.6,2.977,59.5,
2026-01-20,2026-01,WeighRight,,Clean,Standard Clean,Bag/Other,inferred,,,3.0,0,0.65,1.95,,,,
2026-01-21,2026-01,AMS,handpack,10017,ORG Lemon Balm (+8) 1LB Bag - 7-9523910017,Bag/Other,inferred,,yes,2.0,56,1.917,3.833,29.2,0.487,14.6,
2026-01-21,2026-01,AMS,handpack,10202,ORG Peppermint 1 Lb Bag,Bag/Other,inferred,,yes,2.0,98,2.65,5.3,37.0,0.616,18.5,
2026-01-21,2026-01,AMS,handpack,30008,Instant French Roast 100g Bag / 6 Count Case - G,Instant,inferred,,yes,2.0,35,1.617,3.233,21.6,0.361,10.8,
2026-01-21,2026-01,AMS,handpack,30008L,ORG Instant French Roast 100g Bag - G,Instant,governed,high,yes,2.0,720,6.25,12.5,115.2,1.92,57.6,
2026-01-21,2026-01,AMS,machine(Amy),30013,Instant Miraculous Mushrooms C+5 135g Bag / 6 Count Case,Instant,inferred,,yes,4.0,80,1.117,4.467,71.6,1.194,17.9,
2026-01-21,2026-01,AMS,machine(Amy),30013L,ORG Miraculous Mushrooms Cacao 135g Bag,Bag/Other,inferred,,yes,4.0,282,0.9,3.6,313.3,5.222,78.3,
2026-01-21,2026-01,AMS,handpack,31014L,ORG Instant Miraculous Mushroom Matcha Latte 252g Bag,Instant,inferred,,yes,2.0,341,2.15,4.3,158.6,2.643,79.3,
2026-01-21,2026-01,Assembly,,31009,ORG Instant Vanilla Nut Latte 6Ct Case,Instant,inferred,,yes,1.0,46,1.517,1.517,30.3,0.505,30.3,
2026-01-21,2026-01,Assembly,,40001L,Herbal Tea Sampler Box - Loose,Sampler,governed,high,yes,1.0,876,10.283,10.283,85.2,1.42,85.2,
2026-01-21,2026-01,Maisa 1,,47010,75147 TJ ORG Roasted Herbal Cofee (12 Pack) - G,Tea,inferred,,yes,3.0,342,9.917,29.75,34.5,0.575,11.5,
2026-01-21,2026-01,Maisa 2+3,,47010,75147 TJ ORG Roasted Herbal Cofee (12 Pack) - G,Tea,inferred,,yes,5.0,670,10.0,50.0,67.0,1.117,13.4,
2026-01-21,2026-01,WeighRight,,50030,Almond Amaretto 30g Trial Size Packet - GA,Bag/Other,inferred,,yes,3.0,1080,2.133,6.4,506.2,8.437,168.7,
2026-01-21,2026-01,WeighRight,,50070,ORG Java 30g Trial Size Packet - GA,Bag/Other,inferred,,yes,3.0,1080,1.783,5.35,605.6,10.093,201.9,
2026-01-21,2026-01,WeighRight,,60070,ORG Java 5 Lb Bag - GA,Bag/Other,inferred,,yes,3.0,78,0.667,2.0,117.0,1.95,39.0,
2026-01-21,2026-01,WeighRight,,80030L,ORG Almond Amaretto 11OZ Bag/Box of 24 - GA,Bag/Other,inferred,,yes,3.0,1200,2.45,7.35,489.8,8.163,163.3,
2026-01-21,2026-01,WeighRight,,80070,ORG Java 11OZ Bag/6 Count Case - GA,Bag/Other,inferred,,yes,3.0,1,0.067,0.2,15.0,0.25,5.0,
2026-01-21,2026-01,WeighRight,,80073,ORG Java 11OZ Bag 3PK - GA,Bag/Other,inferred,,yes,3.0,128,0.817,2.45,156.7,2.612,52.2,
2026-01-21,2026-01,WeighRight,,Clean,Standard Clean,Bag/Other,inferred,,,3.0,0,0.65,1.95,,,,
2026-01-22,2026-01,AMS,handpack,10202,ORG Peppermint 1 Lb Bag,Bag/Other,inferred,,yes,2.0,152,4.05,8.1,37.5,0.626,18.8,
2026-01-22,2026-01,AMS,handpack,10401A,AMZN-WWB-ORG Krishna Tulsi- 8OZ Bag,Bag/Other,inferred,,yes,2.0,432,8.483,16.967,50.9,0.849,25.5,
2026-01-22,2026-01,AMS,handpack,30008L,ORG Instant French Roast 100g Bag - G,Instant,governed,high,yes,2.0,146,1.317,2.633,110.9,1.848,55.4,
2026-01-22,2026-01,AMS,handpack,40066,Hazelnut Tagless Tea Bag - 50 Ct - GA,Tea,governed,high,yes,1.0,60,0.75,0.75,80.0,1.333,80.0,
2026-01-22,2026-01,Assembly,,40001L,Herbal Tea Sampler Box - Loose,Sampler,governed,high,yes,1.0,880,10.3,10.3,85.4,1.424,85.4,
2026-01-22,2026-01,Assembly,,43331,Dandelion Turmeric 25 Count Tea Bag,Tea,governed,high,,1.0,0,9.75,9.75,,,,
2026-01-22,2026-01,Maisa 1,,40071,ORG Java 25CT Tea Bag - GA,Tea,governed,high,yes,3.0,144,1.233,3.7,116.8,1.946,38.9,
2026-01-22,2026-01,Maisa 1,,47010,75147 TJ ORG Roasted Herbal Cofee (12 Pack) - G,Tea,inferred,,yes,3.0,270,7.817,23.45,34.5,0.576,11.5,
2026-01-22,2026-01,Maisa 1,,Clean,Standard Clean,Tea,inferred,,,3.0,0,0.567,1.7,,,,
2026-01-22,2026-01,Maisa 2+3,,45030,ORG Lion's Mane Rhodiola 10 Ct Tea Bag/6 Count Case - G,Tea,inferred,,yes,5.0,444,0.933,4.667,475.7,7.929,95.1,
2026-01-22,2026-01,Maisa 2+3,,47010,75147 TJ ORG Roasted Herbal Cofee (12 Pack) - G,Tea,inferred,,yes,5.0,325,8.617,43.083,37.7,0.629,7.5,
2026-01-22,2026-01,Maisa 2+3,,Clean,Standard Clean,Tea,inferred,,,5.0,0,0.267,1.333,,,,
2026-01-22,2026-01,WeighRight,,10027,Organic Licorice C/S - 8 Oz Bag,Bag/Other,inferred,,yes,3.0,1200,3.367,10.1,356.4,5.941,118.8,
2026-01-22,2026-01,WeighRight,,56010,Dark Chocolate 30g Trial Size Packet,Bag/Other,inferred,,yes,3.0,1080,1.967,5.9,549.2,9.153,183.1,
2026-01-22,2026-01,WeighRight,,80070,ORG Java 11OZ Bag/6 Count Case - GA,Bag/Other,inferred,,yes,3.0,130,1.133,3.4,114.7,1.912,38.2,
2026-01-22,2026-01,WeighRight,,86010,ORG Dark Chocolate 10 Oz Bag/6 Count Case,Bag/Other,inferred,,yes,3.0,80,0.917,2.75,87.3,1.455,29.1,
2026-01-22,2026-01,WeighRight,,86010L,ORG Dark Chocolate 10 Oz Bag/Box of 24,Bag/Other,inferred,,yes,3.0,312,0.983,2.95,317.3,5.288,105.8,
2026-01-22,2026-01,WeighRight,,Clean,Standard Clean,Bag/Other,inferred,,,3.0,0,0.667,2.0,,,,
2026-01-22,2026-01,WeighRight,,CleanGA,Clean + Gluten + Allergen Tests,Bag/Other,inferred,,,3.0,0,0.617,1.85,,,,
2026-01-23,2026-01,Assembly,,40060,ORG Hazelnut 10ct/6pk Tea Bag - GA,Tea,inferred,,yes,1.0,2280,4.467,4.467,510.4,8.507,510.4,
2026-01-23,2026-01,Assembly,,42040,ORG Snickerdoodle 10ct/6pk Tea Bag - GA,Tea,inferred,,yes,1.0,60,0.467,0.467,128.6,2.143,128.6,
2026-01-23,2026-01,Maisa 2+3,,45030,ORG Lion's Mane Rhodiola 10 Ct Tea Bag/6 Count Case - G,Tea,inferred,,yes,5.0,2640,3.65,18.25,723.3,12.055,144.7,
2026-01-26,2026-01,AMS,handpack,10016,Organic Turmeric Powder - 1 Lb Bag,Bag/Other,inferred,,yes,1.0,223,2.95,2.95,75.6,1.26,75.6,
2026-01-26,2026-01,AMS,handpack,10201,WWB - ORG Peppermint Leaf - 4 Oz Bag,Bag/Other,inferred,,yes,1.0,300,5.167,5.167,58.1,0.968,58.1,
2026-01-26,2026-01,AMS,handpack,10401A,AMZN-WWB-ORG Krishna Tulsi- 8OZ Bag,Bag/Other,inferred,,yes,2.0,288,1.033,2.067,278.7,4.645,139.4,
2026-01-26,2026-01,AMS,handpack,40066,Hazelnut Tagless Tea Bag - 50 Ct - GA,Tea,governed,high,yes,3.0,540,3.267,9.8,165.3,2.755,55.1,
2026-01-26,2026-01,AMS,handpack,43116,Dandelion DarkRoast Tagless Tea Bag - 50 Ct,Tea,governed,high,yes,3.0,168,1.667,5.0,100.8,1.68,33.6,
2026-01-26,2026-01,AMS,handpack,43226,Dandelion Caramel Nut Tagless Tea Bag - 50 Ct - A,Tea,governed,high,yes,3.0,576,3.483,10.45,165.4,2.756,55.1,
2026-01-26,2026-01,Assembly,,30007,Instant Miraculous Mushrooms A&P 100g Bag / 6 Count Case,Instant,inferred,,yes,1.0,16,0.467,0.467,34.3,0.571,34.3,
2026-01-26,2026-01,Assembly,,30010,Instant Hazelnut 100g Bag / 6 Count Case - G,Instant,inferred,,yes,1.0,10,0.817,0.817,12.2,0.204,12.2,
2026-01-26,2026-01,Assembly,,30013,Instant Miraculous Mushrooms C+5 135g Bag / 6 Count Case,Instant,inferred,,yes,1.0,30,0.417,0.417,72.0,1.2,72.0,
2026-01-26,2026-01,Assembly,,31005,ORG Instant Dandelion Blend Latte 6Ct Case,Instant,inferred,,yes,1.0,10,0.483,0.483,20.7,0.345,20.7,
2026-01-26,2026-01,Assembly,,31007,ORG Instant Miraculous Mushrooms AP Latte 6Ct Case ,Instant,inferred,,yes,1.0,20,0.283,0.283,70.6,1.176,70.6,
2026-01-26,2026-01,Assembly,,31010,ORG Instant Hazelnut Latte 6Ct Case,Instant,inferred,,yes,1.0,15,0.7,0.7,21.4,0.357,21.4,
2026-01-26,2026-01,Assembly,,40001A,AMZN Labeled Herbal Tea Sampler Box/Variety Pack,Bundle,inferred,,yes,1.0,140,1.9,1.9,73.7,1.228,73.7,
2026-01-26,2026-01,Assembly,,40001L,Herbal Tea Sampler Box - Loose,Sampler,governed,high,,1.0,0,2.067,2.067,,,,
2026-01-26,2026-01,Assembly,,40060,ORG Hazelnut 10ct/6pk Tea Bag - GA,Tea,inferred,,yes,1.0,600,3.967,3.967,151.3,2.521,151.3,
2026-01-26,2026-01,Maisa 1,,40060,ORG Hazelnut 10ct/6pk Tea Bag - GA,Tea,inferred,,yes,3.0,2670,8.067,24.2,331.0,5.517,110.3,
2026-01-26,2026-01,Maisa 1,,40071,ORG Java 25CT Tea Bag - GA,Tea,governed,high,yes,3.0,216,1.25,3.75,172.8,2.88,57.6,
2026-01-26,2026-01,Maisa 1,,Clean,Standard Clean,Tea,inferred,,,3.0,0,0.683,2.05,,,,
2026-01-26,2026-01,Maisa 2+3,,45030,ORG Lion's Mane Rhodiola 10 Ct Tea Bag/6 Count Case - G,Tea,inferred,,yes,5.0,2436,3.45,17.25,706.1,11.768,141.2,
2026-01-26,2026-01,Maisa 2+3,,45030L,ORG Lion's Mane Rhodiola 10-Ct Tea Bag - G,Tea,inferred,,yes,5.0,360,0.4,2.0,900.0,15.0,180.0,
2026-01-26,2026-01,Maisa 2+3,,45031,ORG Lion's Mane Rhodiola 25 Ct Tea Bag - G,Tea,inferred,,yes,5.0,792,2.733,13.667,289.8,4.829,58.0,
2026-01-26,2026-01,Maisa 2+3,,Clean,Standard Clean,Tea,inferred,,,5.0,0,0.5,2.5,,,,
2026-01-26,2026-01,Maisa 2+3,,TB110,ORG French Roast Tea Bag Loose - G,Tea bag (intermediate),item-code,,yes,4.0,4000,1.75,7.0,2285.7,38.095,571.4,
2026-01-26,2026-01,Maisa 2+3,,TB503,ORG Lion's Mane Rhodiola Loose Tea Bag - G,Tea bag (intermediate),item-code,,yes,4.0,8000,1.167,4.667,6857.1,114.286,1714.3,
2026-01-26,2026-01,Maisa 2+3,,ntb0110,French Roast Tagless 6g Tea Bag - G,Tea bag (intermediate),item-code,,yes,2.0,7200,1.583,3.167,4547.4,75.789,2273.7,
2026-01-26,2026-01,WeighRight,,10044,AMZN- WWB-ORG Hibiscus - 1 Lb Bag,Bag/Other,inferred,,yes,3.0,180,0.717,2.15,251.2,4.186,83.7,
2026-01-26,2026-01,WeighRight,,53110,Dandelion Dark Roast 30g Trial Size Packet,APG,governed,high,yes,3.0,1440,2.55,7.65,564.7,9.412,188.2,
2026-01-26,2026-01,WeighRight,,62070,ORG Candy Cane 5 Lb Bag  - G,APG,governed,high,yes,3.0,31,0.467,1.4,66.4,1.107,22.1,
2026-01-26,2026-01,WeighRight,,83110L,ORG Dandelion Dark Roast 10 oz Bag/Box of 24,APG,governed,high,yes,3.0,1152,2.1,6.3,548.6,9.143,182.9,
2026-01-26,2026-01,WeighRight,,83360L,ORG Holiday Egg Nog 10oz Bag/Box of 24,APG,governed,high,yes,3.0,222,0.45,1.35,493.3,8.222,164.4,
2026-01-26,2026-01,WeighRight,,86010L,ORG Dark Chocolate 10 Oz Bag/Box of 24,Bag/Other,inferred,,yes,3.0,888,1.8,5.4,493.3,8.222,164.4,
2026-01-26,2026-01,WeighRight,,Clean,Standard Clean,Bag/Other,inferred,,,3.0,0,0.617,1.85,,,,
2026-01-26,2026-01,WeighRight,,Clean,Standard Clean,Bag/Other,inferred,,,3.0,0,0.383,1.15,,,,
2026-01-26,2026-01,WeighRight,,Clean,Standard Clean,Bag/Other,inferred,,,3.0,0,0.7,2.1,,,,
2026-01-26,2026-01,WeighRight,,CleanG,Clean + Gluten Test,Bag/Other,inferred,,,3.0,0,0.3,0.9,,,,
2026-01-27,2026-01,AMS,handpack,10201,WWB - ORG Peppermint Leaf - 4 Oz Bag,Bag/Other,inferred,,yes,1.0,516,7.983,7.983,64.6,1.077,64.6,
2026-01-27,2026-01,AMS,handpack,30003,Instant Chicory - 8 Oz Bag,Instant,inferred,,yes,2.0,552,7.183,14.367,76.8,1.281,38.4,
2026-01-27,2026-01,AMS,handpack,43116,Dandelion DarkRoast Tagless Tea Bag - 50 Ct,Tea,governed,high,yes,3.0,471,5.317,15.95,88.6,1.476,29.5,
2026-01-27,2026-01,Assembly,,40001A,AMZN Labeled Herbal Tea Sampler Box/Variety Pack,Bundle,inferred,,yes,1.0,100,3.917,3.917,25.5,0.426,25.5,
2026-01-27,2026-01,Assembly,,40097,Teecino Tea Bag 12 Flavor Sampler,Sampler,governed,high,yes,1.0,30,4.35,4.35,6.9,0.115,6.9,
2026-01-27,2026-01,Assembly,,50097,Teeccino 30g Packet 10 Flavor Sampler,Sampler,governed,high,yes,1.0,30,1.5,1.5,20.0,0.333,20.0,
2026-01-27,2026-01,Assembly,,50097,Teeccino 30g Packet 10 Flavor Sampler,Sampler,governed,high,yes,1.0,30,1.317,1.317,22.8,0.38,22.8,
2026-01-27,2026-01,Maisa 1,,40060,ORG Hazelnut 10ct/6pk Tea Bag - GA,Tea,inferred,,yes,3.0,1470,3.133,9.4,469.1,7.819,156.4,
2026-01-27,2026-01,Maisa 1,,40081,ORG Mocha 25CT Tea Bag - GA,Tea,governed,high,yes,3.0,264,2.0,6.0,132.0,2.2,44.0,
2026-01-27,2026-01,Maisa 1,,Clean,Standard Clean,Tea,inferred,,,3.0,0,0.483,1.45,,,,
2026-01-27,2026-01,Maisa 1,,TB060,ORG Hazelnut Tea Bag Loose - GA,Tea bag (intermediate),item-code,,yes,3.0,10000,2.267,6.8,4411.8,73.529,1470.6,
2026-01-27,2026-01,Maisa 2+3,,46011,ORG Dark Chocolate 25 Ct Tea Bag,Tea,governed,high,yes,3.0,288,2.333,7.0,123.4,2.057,41.1,
2026-01-27,2026-01,Maisa 2+3,,CleanG,Clean + Gluten Test,Tea,inferred,,,5.0,0,0.417,2.083,,,,
2026-01-27,2026-01,Maisa 2+3,,TB110,ORG French Roast Tea Bag Loose - G,Tea bag (intermediate),item-code,,yes,4.0,18000,4.983,19.933,3612.0,60.201,903.0,
2026-01-27,2026-01,Maisa 2+3,,ntb0110,French Roast Tagless 6g Tea Bag - G,Tea bag (intermediate),item-code,,yes,2.0,37200,7.4,14.8,5027.0,83.784,2513.5,
2026-01-27,2026-01,WeighRight,,10044,AMZN- WWB-ORG Hibiscus - 1 Lb Bag,Bag/Other,inferred,,yes,3.0,306,1.083,3.25,282.5,4.708,94.2,
2026-01-27,2026-01,WeighRight,,82110L,ORG French Vanilla 11OZ Bag/Box of 24 - G,Bag/Other,inferred,,yes,3.0,336,0.667,2.0,504.0,8.4,168.0,
2026-01-27,2026-01,WeighRight,,82110L,ORG French Vanilla 11OZ Bag/Box of 24 - G,Bag/Other,inferred,,yes,3.0,240,0.783,2.35,306.4,5.106,102.1,
2026-01-27,2026-01,WeighRight,,82130L,ORG Mexican Chocolate 11OZ Bag/Box of 24 - G,APG,governed,high,yes,3.0,840,2.2,6.6,381.8,6.364,127.3,
2026-01-27,2026-01,WeighRight,,83320L,ORG Dandelion Red Chai 10 Oz Bag/Box of 24,APG,governed,high,yes,3.0,355,0.9,2.7,394.4,6.574,131.5,
2026-01-27,2026-01,WeighRight,,83370L,ORG Blueberry Vanilla 10 Oz Bag/Box of 24,Bag/Other,inferred,,yes,3.0,648,1.467,4.4,441.8,7.364,147.3,
2026-01-27,2026-01,WeighRight,,Clean,Standard Clean,Bag/Other,inferred,,,3.0,0,0.417,1.25,,,,
2026-01-27,2026-01,WeighRight,,Clean,Standard Clean,Bag/Other,inferred,,,3.0,0,0.35,1.05,,,,
2026-01-27,2026-01,WeighRight,,Clean,Standard Clean,Bag/Other,inferred,,,3.0,0,0.517,1.55,,,,
2026-01-27,2026-01,WeighRight,,Clean,Standard Clean,Bag/Other,inferred,,,3.0,0,0.483,1.45,,,,
2026-01-28,2026-01,AMS,handpack,30003,Instant Chicory - 8 Oz Bag,Instant,inferred,,yes,2.0,888,8.05,16.1,110.3,1.839,55.2,
2026-01-28,2026-01,AMS,handpack,40116,French Roast Tagless Tea Bag - 50 Ct - G,Tea,governed,high,yes,2.0,90,4.533,9.067,19.9,0.331,9.9,
2026-01-28,2026-01,AMS,handpack,40116,French Roast Tagless Tea Bag - 50 Ct - G,Tea,governed,high,yes,1.0,96,1.483,1.483,64.7,1.079,64.7,
2026-01-28,2026-01,Assembly,,40001A,AMZN Labeled Herbal Tea Sampler Box/Variety Pack,Bundle,inferred,,yes,1.0,203,3.917,3.917,51.8,0.864,51.8,
2026-01-28,2026-01,Assembly,,40097,Teecino Tea Bag 12 Flavor Sampler,Sampler,governed,high,yes,2.0,210,3.233,6.467,64.9,1.082,32.5,
2026-01-28,2026-01,Assembly,,43001,Dandelion Tea Sampler Box - 6 Count Case,Sampler,inferred,,yes,2.0,100,9.167,18.333,10.9,0.182,5.5,
2026-01-28,2026-01,Maisa 1,,40081,ORG Mocha 25CT Tea Bag - GA,Tea,governed,high,yes,3.0,549,2.217,6.65,247.7,4.128,82.6,
2026-01-28,2026-01,Maisa 1,,43340,ORG Dandelion Coconut 10CT Tea Bag - A,Tea,inferred,,yes,3.0,2550,7.217,21.65,353.3,5.889,117.8,
2026-01-28,2026-01,Maisa 1,,CleanG,Clean + Gluten Test,Tea,inferred,,,3.0,0,0.667,2.0,,,,
2026-01-28,2026-01,Maisa 2+3,,43111,ORG Dandelion Dark Roast 25CT Tea Bag,Tea,governed,high,yes,5.0,360,1.383,6.917,260.2,4.337,52.0,
2026-01-28,2026-01,Maisa 2+3,,46010,ORG Dark Chocolate 10 Ct Tea Bag/6 Count Case,Tea,inferred,,yes,5.0,1380,2.017,10.083,684.3,11.405,136.9,
2026-01-28,2026-01,Maisa 2+3,,46010L,ORG Dark Chocolate 10 Ct Tea Bag/36 Count Box,Tea,governed,high,yes,5.0,1489,1.917,9.583,776.9,12.948,155.4,
2026-01-28,2026-01,Maisa 2+3,,46011,ORG Dark Chocolate 25 Ct Tea Bag,Tea,governed,high,yes,5.0,1152,3.867,19.333,297.9,4.966,59.6,
2026-01-28,2026-01,Maisa 2+3,,Clean,Standard Clean,Tea,inferred,,,5.0,0,0.867,4.333,,,,
2026-01-28,2026-01,WeighRight,,10023,WWB - ORG Elderberries - 1 Lb Bag,Bag/Other,inferred,,yes,3.0,600,1.517,4.55,395.6,6.593,131.9,
2026-01-28,2026-01,WeighRight,,50089,ORG Raspberry Mocha 30g Trial Size Packet - GA,Bag/Other,inferred,,yes,3.0,1080,2.05,6.15,526.8,8.78,175.6,
2026-01-28,2026-01,WeighRight,,80089A,AMZN ORG Raspberry Mocha 11OZ Bag/Box of 24 - GA,Bag/Other,inferred,,yes,3.0,144,12.467,37.4,11.6,0.193,3.9,
2026-01-28,2026-01,WeighRight,,80140L,ORG Original 10oz Bag/Box of 24 - G,APG,governed,high,yes,3.0,431,1.617,4.85,266.6,4.443,88.9,
2026-01-28,2026-01,WeighRight,,83310L,ORG Dandelion Mocha Mint 10 Oz Bag/Box of 24 - A,Bag/Other,inferred,,yes,3.0,360,0.75,2.25,480.0,8.0,160.0,
2026-01-28,2026-01,WeighRight,,83340L,ORG Dandelion Coconut 10 Oz Bag/Box of 24 - A,APG,governed,high,yes,3.0,627,1.133,3.4,553.2,9.221,184.4,
2026-01-28,2026-01,WeighRight,,Clean,Standard Clean,Bag/Other,inferred,,,3.0,0,0.283,0.85,,,,
2026-01-28,2026-01,WeighRight,,Clean,Standard Clean,Bag/Other,inferred,,,3.0,0,0.583,1.75,,,,
2026-01-28,2026-01,WeighRight,,Clean,Standard Clean,Bag/Other,inferred,,,3.0,0,0.283,0.85,,,,
2026-01-28,2026-01,WeighRight,,Clean,Standard Clean,Bag/Other,inferred,,,3.0,0,0.333,1.0,,,,
2026-01-28,2026-01,WeighRight,,CleanG,Clean + Gluten Test,Bag/Other,inferred,,,3.0,0,0.417,1.25,,,,
2026-01-29,2026-01,AMS,handpack,10302A,WWB Organic Cinnamon Powder 1lb - AMZN Label,Bag/Other,inferred,,yes,2.0,264,18.533,37.067,14.2,0.237,7.1,
2026-01-29,2026-01,AMS,handpack,10402A,AMZN- WWB-ORG Rama Tulsi - 8 OZ Bag,Bag/Other,inferred,,yes,3.0,72,1.617,4.85,44.5,0.742,14.8,
2026-01-29,2026-01,AMS,handpack,40116,French Roast Tagless Tea Bag - 50 Ct - G,Tea,governed,high,yes,2.0,255,3.133,6.267,81.4,1.356,40.7,
2026-01-29,2026-01,AMS,handpack,40116,French Roast Tagless Tea Bag - 50 Ct - G,Tea,governed,high,yes,1.0,440,8.05,8.05,54.7,0.911,54.7,
2026-01-29,2026-01,Assembly,,40001A,AMZN Labeled Herbal Tea Sampler Box/Variety Pack,Bundle,inferred,,yes,1.0,201,3.917,3.917,51.3,0.855,51.3,
2026-01-29,2026-01,Assembly,,43001,Dandelion Tea Sampler Box - 6 Count Case,Sampler,inferred,,yes,2.0,20,4.183,8.367,4.8,0.08,2.4,
2026-01-29,2026-01,Maisa 1,,43310L,Org Dandelion Mocha Mint 10 Ct Tea Bag Loose - A,Tea,governed,high,yes,3.0,720,1.483,4.45,485.4,8.09,161.8,
2026-01-29,2026-01,Maisa 1,,43311,Dandelion Mocha Mint 25 Count Tea Bag - A,Tea,governed,high,yes,3.0,840,5.167,15.5,162.6,2.71,54.2,
2026-01-29,2026-01,Maisa 1,,43340,ORG Dandelion Coconut 10CT Tea Bag - A,Tea,inferred,,yes,3.0,600,1.383,4.15,433.7,7.229,144.6,
2026-01-29,2026-01,Maisa 1,,Clean,Standard Clean,Tea,inferred,,,3.0,0,0.45,1.35,,,,
2026-01-29,2026-01,Maisa 1,,TB331,ORG Dandelion Mocha Mint Tea Bag - A,Tea bag (intermediate),item-code,,yes,3.0,6000,1.267,3.8,4736.8,78.947,1578.9,
2026-01-29,2026-01,Maisa 2+3,,43110,ORG Dandelion Dark Roast 10ct/6pk Tea Bag,Tea,inferred,,yes,5.0,984,18.917,94.583,52.0,0.867,10.4,
2026-01-29,2026-01,Maisa 2+3,,43111,ORG Dandelion Dark Roast 25CT Tea Bag,Tea,governed,high,yes,5.0,840,2.767,13.833,303.6,5.06,60.7,
2026-01-29,2026-01,WeighRight,,20081,ORG Mocha 300G Dual Language Bag - 6Ct Case - GA,Bag/Other,inferred,,yes,3.0,34,0.75,2.25,45.3,0.756,15.1,
2026-01-29,2026-01,WeighRight,,50080,ORG Mocha 30g Trial Size Packet - GA,Bag/Other,inferred,,yes,3.0,1080,1.8,5.4,600.0,10.0,200.0,
2026-01-29,2026-01,WeighRight,,80080,ORG Mocha 11OZ Bag/6 Count Case - GA,Bag/Other,inferred,,yes,3.0,230,2.883,8.65,79.8,1.329,26.6,
2026-01-29,2026-01,WeighRight,,80080L,Org Mocha 11OZ Bag/Box of 24 - GA,Bag/Other,inferred,,yes,3.0,240,0.45,1.35,533.3,8.889,177.8,
2026-01-29,2026-01,WeighRight,,80083,ORG Mocha 11OZ Bag 3PK  - GA,Bag/Other,inferred,,yes,3.0,240,1.283,3.85,187.0,3.117,62.3,
2026-01-29,2026-01,WeighRight,,80089A,AMZN ORG Raspberry Mocha 11OZ Bag/Box of 24 - GA,Bag/Other,inferred,,yes,3.0,1056,1.75,5.25,603.4,10.057,201.1,
2026-01-29,2026-01,WeighRight,,Clean,Standard Clean,Bag/Other,inferred,,,3.0,0,0.717,2.15,,,,
2026-01-30,2026-01,AMS,handpack,10302A,WWB Organic Cinnamon Powder 1lb - AMZN Label,Bag/Other,inferred,,yes,2.0,48,0.733,1.467,65.5,1.091,32.7,
2026-01-30,2026-01,AMS,handpack,10402A,AMZN- WWB-ORG Rama Tulsi - 8 OZ Bag,Bag/Other,inferred,,yes,3.0,720,10.117,30.35,71.2,1.186,23.7,
2026-01-30,2026-01,Maisa 1,,43311,Dandelion Mocha Mint 25 Count Tea Bag - A,Tea,governed,high,yes,3.0,120,0.7,2.1,171.4,2.857,57.1,
2026-01-30,2026-01,Maisa 1,,45070,ORG Miraculous Mushrooms AP 10Ct/6Pk Tea Bag,Tea,inferred,,yes,3.0,2652,7.4,22.2,358.4,5.973,119.5,
2026-01-30,2026-01,Maisa 1,,CleanA,Clean + Allergen Tests,Tea,inferred,,,3.0,0,0.833,2.5,,,,
2026-01-30,2026-01,Maisa 1,,TB331,ORG Dandelion Mocha Mint Tea Bag - A,Tea bag (intermediate),item-code,,yes,,6000,1.167,,5142.9,85.714,,
2026-01-30,2026-01,Maisa 2+3,,43110,ORG Dandelion Dark Roast 10ct/6pk Tea Bag,Tea,inferred,,yes,5.0,186,0.333,1.667,558.0,9.3,111.6,
2026-01-30,2026-01,Maisa 2+3,,43220,ORG Dandelion Caramel Nut 10ct/6pk Tea Bag - A,Tea,inferred,,yes,5.0,6900,9.283,46.417,743.3,12.388,148.7,
2026-01-30,2026-01,Maisa 2+3,,Clean,Standard Clean,Tea,inferred,,,5.0,0,0.967,4.833,,,,
2026-01-30,2026-01,WeighRight,,20081,ORG Mocha 300G Dual Language Bag - 6Ct Case - GA,Bag/Other,inferred,,yes,3.0,86,1.3,3.9,66.2,1.103,22.1,
2026-01-30,2026-01,WeighRight,,50110,ORG French Roast 30g Trial Size Packet - G,Bag/Other,inferred,,yes,3.0,465,0.883,2.65,526.4,8.774,175.5,
2026-01-30,2026-01,WeighRight,,60060,ORG Hazelnut 5 Lb Bag - GA,Bag/Other,inferred,,yes,3.0,80,0.45,1.35,177.8,2.963,59.3,
2026-01-30,2026-01,WeighRight,,80110,ORG French Roast 11OZ Bag/6 Count Case - G,Bag/Other,inferred,,yes,3.0,117,2.083,6.25,56.2,0.936,18.7,
2026-01-30,2026-01,WeighRight,,80110A,AMZN Org French Roast 11OZ Bag/Box of 24 - G,Bag/Other,inferred,,yes,3.0,2040,3.75,11.25,544.0,9.067,181.3,
2026-01-30,2026-01,WeighRight,,Clean,Standard Clean,Bag/Other,inferred,,,3.0,0,0.783,2.35,,,,
2026-01-30,2026-01,WeighRight,,CleanA,Clean + Allergen Tests,Bag/Other,inferred,,,3.0,0,0.467,1.4,,,,
2026-02-02,2026-02,AMS,handpack,10024,ORG Lavender 4 Oz Bag - 79523910024,Bag/Other,inferred,,yes,3.0,1200,7.017,21.05,171.0,2.85,57.0,
2026-02-02,2026-02,AMS,handpack,10025,ORG Lavender 1LB Bag - 79523910025,Bag/Other,inferred,,yes,3.0,108,2.133,6.4,50.6,0.844,16.9,
2026-02-02,2026-02,AMS,handpack,10402A,AMZN- WWB-ORG Rama Tulsi - 8 OZ Bag,Bag/Other,inferred,,yes,3.0,168,0.933,2.8,180.0,3.0,60.0,
2026-02-02,2026-02,Assembly,,40001A,AMZN Labeled Herbal Tea Sampler Box/Variety Pack,Bundle,inferred,,yes,1.0,220,3.917,3.917,56.2,0.936,56.2,
2026-02-02,2026-02,Assembly,,40061,ORG Hazelnut 25CT Tea Bag - GA,Tea,governed,high,yes,1.0,144,5.833,5.833,24.7,0.411,24.7,
2026-02-02,2026-02,Assembly,,50097,Teeccino 30g Packet 10 Flavor Sampler,Sampler,governed,high,yes,1.0,90,0.5,0.5,180.0,3.0,180.0,
2026-02-02,2026-02,Assembly,,CLBOXAPG,Teeccino Chocolate Lovers APG Box,Bundle,governed,high,yes,2.0,50,1.183,2.367,42.3,0.704,21.1,
2026-02-02,2026-02,Assembly,,CLBOXTB,,Bundle,governed,high,yes,1.0,50,1.767,1.767,28.3,0.472,28.3,
2026-02-02,2026-02,Maisa 1,,40089,ORG Raspberry Mocha 25Ct,Tea,inferred,,yes,3.0,335,2.1,6.3,159.5,2.659,53.2,
2026-02-02,2026-02,Maisa 1,,43370,ORG Dandelion Blueberry Vanilla 10ct/6pk Tea Bag,Tea,inferred,,yes,3.0,1722,3.917,11.75,439.7,7.328,146.6,
2026-02-02,2026-02,Maisa 1,,45070,ORG Miraculous Mushrooms AP 10Ct/6Pk Tea Bag,Tea,inferred,,yes,3.0,108,0.233,0.7,462.9,7.714,154.3,
2026-02-02,2026-02,Maisa 1,,45070L,Org Miraculous Mushroom AP 10Ct Tea Bag Loose,Tea,inferred,,yes,3.0,216,0.433,1.3,498.5,8.308,166.2,
2026-02-02,2026-02,Maisa 1,,48004,WWB ORG French Chicory 25ct Tea Bag,Tea,inferred,,yes,3.0,168,1.0,3.0,168.0,2.8,56.0,
2026-02-02,2026-02,Maisa 1,,Clean,Standard Clean,Tea,inferred,,,3.0,0,0.633,1.9,,,,
2026-02-02,2026-02,Maisa 1,,Clean,Standard Clean,Tea,inferred,,,3.0,0,0.517,1.55,,,,
2026-02-02,2026-02,Maisa 1,,Clean,Standard Clean,Tea,inferred,,,3.0,0,0.617,1.85,,,,
2026-02-02,2026-02,Maisa 1,,TB337,ORG Blueberry Vanilla Tea Bag,Tea bag (intermediate),item-code,,yes,3.0,2173,0.467,1.4,4656.4,77.607,1552.1,
2026-02-02,2026-02,Maisa 2+3,,43220,ORG Dandelion Caramel Nut 10ct/6pk Tea Bag - A,Tea,inferred,,yes,5.0,4326,5.9,29.5,733.2,12.22,146.6,
2026-02-02,2026-02,Maisa 2+3,,43220F,Dandelion Caramel Nut Dual Language 10 cnt TB - A,Tea,inferred,,yes,5.0,230,1.833,9.167,125.5,2.091,25.1,
2026-02-02,2026-02,Maisa 2+3,,43221,ORG Dandelion Caramel Nut 25CT Tea Bag - A,Tea,governed,high,yes,5.0,432,2.167,10.833,199.4,3.323,39.9,
2026-02-02,2026-02,WeighRight,,80060,ORG Hazelnut 11OZ Bag/6 Count Case - GA,Bag/Other,inferred,,yes,3.0,230,3.333,10.0,69.0,1.15,23.0,
2026-02-02,2026-02,WeighRight,,80060L,Org Hazelnut 11OZ Bag/Box of 24 - GA,Bag/Other,inferred,,yes,3.0,1200,2.133,6.4,562.5,9.375,187.5,
2026-02-02,2026-02,WeighRight,,80063,ORG Hazelnut 11OZ Bag 3PK  - GA,Bag/Other,inferred,,yes,3.0,128,0.733,2.2,174.5,2.909,58.2,
2026-02-02,2026-02,WeighRight,,80066A,Hazelnut 500g APG Bag - GA,APG,inferred,,yes,3.0,600,1.917,5.75,313.0,5.217,104.3,
2026-02-02,2026-02,WeighRight,,86010L,ORG Dark Chocolate 10 Oz Bag/Box of 24,Bag/Other,inferred,,yes,3.0,576,1.183,3.55,486.8,8.113,162.3,
2026-02-02,2026-02,WeighRight,,CleanGA,Clean + Gluten + Allergen Tests,Bag/Other,inferred,,,3.0,0,0.617,1.85,,,,
2026-02-03,2026-02,AMS,handpack,10025,ORG Lavender 1LB Bag - 79523910025,Bag/Other,inferred,,yes,3.0,112,1.6,4.8,70.0,1.167,23.3,
2026-02-03,2026-02,AMS,handpack,10401A,AMZN-WWB-ORG Krishna Tulsi- 8OZ Bag,Bag/Other,inferred,,yes,3.0,768,8.517,25.55,90.2,1.503,30.1,
2026-02-03,2026-02,Assembly,,30013,Instant Miraculous Mushrooms C+5 135g Bag / 6 Count Case,Instant,inferred,,yes,1.0,27,1.267,1.267,21.3,0.355,21.3,
2026-02-03,2026-02,Assembly,,40001,Herbal Tea Sampler Box - 6 Count Case,Sampler,inferred,,yes,1.0,35,3.85,3.85,9.1,0.152,9.1,
2026-02-03,2026-02,Assembly,,40001A,AMZN Labeled Herbal Tea Sampler Box/Variety Pack,Bundle,inferred,,yes,1.0,756,10.167,10.167,74.4,1.239,74.4,
2026-02-03,2026-02,Assembly,,50097,Teeccino 30g Packet 10 Flavor Sampler,Sampler,governed,high,yes,1.0,71,1.917,1.917,37.0,0.617,37.0,
2026-02-03,2026-02,Assembly,,83223,ORG Dandelion Caramel Nut 10OZ Bag 3PK - A,Bag/Other,inferred,,yes,1.0,128,3.567,3.567,35.9,0.598,35.9,
2026-02-03,2026-02,Maisa 1,,42111,ORG French Vanilla 25CT Tea Bag - G,Tea,governed,high,yes,3.0,432,2.917,8.75,148.1,2.469,49.4,
2026-02-03,2026-02,Maisa 1,,43081,ORG Dandelion Mocha 25CT Tea Bag - A,Tea,governed,high,yes,3.0,651,4.183,12.55,155.6,2.594,51.9,
2026-02-03,2026-02,Maisa 1,,48004,WWB ORG French Chicory 25ct Tea Bag,Tea,inferred,,yes,3.0,225,1.633,4.9,137.8,2.296,45.9,
2026-02-03,2026-02,Maisa 1,,Clean,Standard Clean,Tea,inferred,,,3.0,0,0.733,2.2,,,,
2026-02-03,2026-02,Maisa 1,,CleanA,Clean + Allergen Tests,Tea,inferred,,,3.0,0,0.583,1.75,,,,
2026-02-03,2026-02,Maisa 2+3,,43221,ORG Dandelion Caramel Nut 25CT Tea Bag - A,Tea,governed,high,yes,5.0,1368,5.0,25.0,273.6,4.56,54.7,
2026-02-03,2026-02,Maisa 2+3,,45020,ORG Chaga Ashwagandha 10 Ct Tea Bag/6 Count Case,Tea,inferred,,yes,5.0,2838,4.167,20.833,681.1,11.352,136.2,
2026-02-03,2026-02,Maisa 2+3,,CleanA,Clean + Allergen Tests,Tea,inferred,,,5.0,0,0.883,4.417,,,,
2026-02-03,2026-02,WeighRight,,10015,"ORG Schisandra, 1 lb Bag",Bag/Other,inferred,,yes,3.0,1232,2.583,7.75,476.9,7.948,159.0,
2026-02-03,2026-02,WeighRight,,10042,ORG Burdock 1 Lb Bag,Bag/Other,inferred,,yes,3.0,276,0.533,1.6,517.5,8.625,172.5,
2026-02-03,2026-02,WeighRight,,56010,Dark Chocolate 30g Trial Size Packet,Bag/Other,inferred,,yes,3.0,1080,2.333,7.0,462.9,7.714,154.3,
2026-02-03,2026-02,WeighRight,,86010,ORG Dark Chocolate 10 Oz Bag/6 Count Case,Bag/Other,inferred,,yes,3.0,120,1.733,5.2,69.2,1.154,23.1,
2026-02-03,2026-02,WeighRight,,86010L,ORG Dark Chocolate 10 Oz Bag/Box of 24,Bag/Other,inferred,,yes,3.0,864,1.433,4.3,602.8,10.047,200.9,
2026-02-03,2026-02,WeighRight,,Clean,Standard Clean,Bag/Other,inferred,,,3.0,0,0.667,2.0,,,,
2026-02-03,2026-02,WeighRight,,Clean,Standard Clean,Bag/Other,inferred,,,3.0,0,0.717,2.15,,,,
2026-02-04,2026-02,AMS,handpack,10401A,AMZN-WWB-ORG Krishna Tulsi- 8OZ Bag,Bag/Other,inferred,,yes,3.0,432,2.067,6.2,209.0,3.484,69.7,
2026-02-04,2026-02,AMS,handpack,30004,Instant Barley - 6 Oz Bag - G,Instant,inferred,,yes,3.0,600,4.117,12.35,145.7,2.429,48.6,
2026-02-04,2026-02,AMS,handpack,40066,Hazelnut Tagless Tea Bag - 50 Ct - GA,Tea,governed,high,yes,3.0,456,3.4,10.2,134.1,2.235,44.7,
2026-02-04,2026-02,Assembly,,40001,Herbal Tea Sampler Box - 6 Count Case,Sampler,inferred,,yes,1.0,50,10.25,10.25,4.9,0.081,4.9,
2026-02-04,2026-02,Assembly,,40001A,AMZN Labeled Herbal Tea Sampler Box/Variety Pack,Bundle,inferred,,yes,1.0,350,3.917,3.917,89.4,1.489,89.4,
2026-02-04,2026-02,Assembly,,43340L,Org Dandelion Coconut 10 Ct Tea Bag Loose - A,Tea,governed,high,yes,1.0,345,6.417,6.417,53.8,0.896,53.8,
2026-02-04,2026-02,Assembly,,50097,Teeccino 30g Packet 10 Flavor Sampler,Sampler,governed,high,yes,1.0,55,3.583,3.583,15.3,0.256,15.3,
2026-02-04,2026-02,Assembly,,TGB502,Chaga Ashwaganda Tea Goody Bag,Bag/Other,inferred,,yes,1.0,80,0.717,0.717,111.6,1.86,111.6,
2026-02-04,2026-02,Maisa 1,,40031,ORG Almond Amaretto 25CT Tea Bag - GA,Tea,governed,high,yes,3.0,456,3.217,9.65,141.8,2.363,47.3,
2026-02-04,2026-02,Maisa 1,,42111,ORG French Vanilla 25CT Tea Bag - G,Tea,governed,high,yes,3.0,200,0.983,2.95,203.4,3.39,67.8,
2026-02-04,2026-02,Maisa 1,,48002,WWB ORG Roasted Barley 25ct Tea Bag - G,Tea,inferred,,yes,3.0,549,4.55,13.65,120.7,2.011,40.2,
2026-02-04,2026-02,Maisa 1,,Clean,Standard Clean,Tea,inferred,,,3.0,0,0.667,2.0,,,,
2026-02-04,2026-02,Maisa 1,,Clean,Standard Clean,Tea,inferred,,,3.0,0,0.65,1.95,,,,
2026-02-04,2026-02,Maisa 2+3,,45020,ORG Chaga Ashwagandha 10 Ct Tea Bag/6 Count Case,Tea,inferred,,yes,5.0,5442,8.667,43.333,627.9,10.465,125.6,
2026-02-04,2026-02,Maisa 2+3,,45020F,Chaga Ashwagandha Dual Language 10 cnt TB,Tea,inferred,,yes,5.0,184,1.35,6.75,136.3,2.272,27.3,
2026-02-04,2026-02,WeighRight,,10019,ORG Astragalus 8 Oz Bag,Bag/Other,inferred,,yes,3.0,1072,2.0,6.0,536.0,8.933,178.7,
2026-02-04,2026-02,WeighRight,,10042,ORG Burdock 1 Lb Bag,Bag/Other,inferred,,yes,3.0,1176,1.667,5.0,705.6,11.76,235.2,
2026-02-04,2026-02,WeighRight,,10043,"ORG Star Anise, 6Oz Bag",Bag/Other,inferred,,yes,3.0,1200,4.9,14.7,244.9,4.082,81.6,
2026-02-04,2026-02,WeighRight,,Clean,Standard Clean,Bag/Other,inferred,,,3.0,0,0.5,1.5,,,,
2026-02-04,2026-02,WeighRight,,Clean,Standard Clean,Bag/Other,inferred,,,3.0,0,0.75,2.25,,,,
2026-02-04,2026-02,WeighRight,,Clean,Standard Clean,Bag/Other,inferred,,,3.0,0,0.517,1.55,,,,
2026-02-05,2026-02,AMS,handpack,10071,AMZN - WWB - ORG Roasted Barley - 1 Lb - G,Bag/Other,inferred,,yes,3.0,720,4.567,13.7,157.7,2.628,52.6,
2026-02-05,2026-02,AMS,handpack,10201,WWB - ORG Peppermint Leaf - 4 Oz Bag,Bag/Other,inferred,,yes,3.0,561,4.183,12.55,134.1,2.235,44.7,
2026-02-05,2026-02,AMS,handpack,40066,Hazelnut Tagless Tea Bag - 50 Ct - GA,Tea,governed,high,yes,2.0,118,1.183,2.367,99.7,1.662,49.9,
2026-02-05,2026-02,Assembly,,40001A,AMZN Labeled Herbal Tea Sampler Box/Variety Pack,Bundle,inferred,,yes,1.0,190,3.917,3.917,48.5,0.809,48.5,
2026-02-05,2026-02,Assembly,,43340L,Org Dandelion Coconut 10 Ct Tea Bag Loose - A,Tea,governed,high,yes,1.0,87,3.917,3.917,22.2,0.37,22.2,
2026-02-05,2026-02,Assembly,,TGB030,,Bag/Other,inferred,,yes,1.0,1000,3.333,3.333,300.0,5.0,300.0,
2026-02-05,2026-02,Assembly,,TGB208,ORG Irish Cream Tea Bag Goody Bag - G,Tea,inferred,,yes,1.0,100,1.0,1.0,100.0,1.667,100.0,
2026-02-05,2026-02,Assembly,,TGB502,Chaga Ashwaganda Tea Goody Bag,Bag/Other,inferred,,yes,1.0,920,2.933,2.933,313.6,5.227,313.6,
2026-02-05,2026-02,Assembly,,TGB507,ORG Miraculous Mushroom AP Tea Bag Goody Bag,Tea,inferred,,yes,1.0,1000,3.35,3.35,298.5,4.975,298.5,
2026-02-05,2026-02,Maisa 1,,40031,ORG Almond Amaretto 25CT Tea Bag - GA,Tea,governed,high,yes,3.0,303,2.333,7.0,129.9,2.164,43.3,
2026-02-05,2026-02,Maisa 1,,42040,ORG Snickerdoodle 10ct/6pk Tea Bag - GA,Tea,inferred,,yes,3.0,2406,6.967,20.9,345.4,5.756,115.1,
2026-02-05,2026-02,Maisa 1,,Clean,Standard Clean,Tea,inferred,,,3.0,0,0.633,1.9,,,,
2026-02-05,2026-02,Maisa 2+3,,45020F,Chaga Ashwagandha Dual Language 10 cnt TB,Tea,inferred,,yes,5.0,277,2.433,12.167,113.8,1.897,22.8,
2026-02-05,2026-02,Maisa 2+3,,45021,ORG Chaga Ashwagandha 25 Ct Tea Bag,Tea,governed,high,yes,5.0,1200,4.183,20.917,286.9,4.781,57.4,
2026-02-05,2026-02,Maisa 2+3,,45050,ORG Turkey Tail Astragalus 10 Ct Tea Bag/6 Count Case - G,Tea,inferred,,yes,5.0,1380,1.667,8.333,828.0,13.8,165.6,
2026-02-05,2026-02,Maisa 2+3,,45051,ORG Turkey Tail Astragalus 25 Ct Tea Bag - G,Tea,governed,high,yes,5.0,216,1.067,5.333,202.5,3.375,40.5,
2026-02-05,2026-02,Maisa 2+3,,Clean,Standard Clean,Tea,inferred,,,5.0,0,0.667,3.333,,,,
2026-02-05,2026-02,Maisa 2+3,,Clean,Standard Clean,Tea,inferred,,,5.0,0,0.3,1.5,,,,
2026-02-05,2026-02,WeighRight,,55020,Chaga Ashwagandha 30g Trial Size Packet,Bag/Other,inferred,,yes,3.0,1080,1.683,5.05,641.6,10.693,213.9,
2026-02-05,2026-02,WeighRight,,63110,ORG Dandelion Dark Roast 5 Lb Bag,APG,governed,high,yes,3.0,80,1.167,3.5,68.6,1.143,22.9,
2026-02-05,2026-02,WeighRight,,85020,ORG Chaga Ashwagandha 10 Oz Bag/6 Count Case,Bag/Other,inferred,,yes,3.0,230,2.333,7.0,98.6,1.643,32.9,
2026-02-05,2026-02,WeighRight,,85020L,ORG Chaga Ashwagandha 10 Oz Bag/Box of 24,Bag/Other,inferred,,yes,3.0,1200,2.417,7.25,496.6,8.276,165.5,
2026-02-05,2026-02,WeighRight,,85023,ORG Chaga Ashwagandha 10OZ Bag 3PK ,Bag/Other,inferred,,yes,3.0,240,1.25,3.75,192.0,3.2,64.0,
2026-02-05,2026-02,WeighRight,,Clean,Standard Clean,Bag/Other,inferred,,,3.0,0,0.5,1.5,,,,
2026-02-06,2026-02,AMS,handpack,10013,"ORG Hibisicus, 8 Oz Bag",Bag/Other,inferred,,yes,3.0,720,5.283,15.85,136.3,2.271,45.4,
2026-02-06,2026-02,AMS,handpack,10044,AMZN- WWB-ORG Hibiscus - 1 Lb Bag,Bag/Other,inferred,,yes,3.0,240,5.133,15.4,46.8,0.779,15.6,
2026-02-06,2026-02,AMS,handpack,10071,AMZN - WWB - ORG Roasted Barley - 1 Lb - G,Bag/Other,inferred,,yes,3.0,480,2.683,8.05,178.9,2.981,59.6,
2026-02-06,2026-02,Assembly,,43001L,Dandelion Tea Sampler Box - Loose - G,Sampler,governed,high,yes,1.0,289,7.833,7.833,36.9,0.615,36.9,
2026-02-06,2026-02,Assembly,,TGB204,ORG Snickerdoodle Tea Bag Goody Bag - GA,Tea,inferred,,yes,1.0,1000,2.85,2.85,350.9,5.848,350.9,
2026-02-06,2026-02,Assembly,,TGB208,ORG Irish Cream Tea Bag Goody Bag - G,Tea,inferred,,yes,1.0,400,0.633,0.633,631.6,10.526,631.6,
2026-02-06,2026-02,Assembly,,TGB337,ORG Blueberry Vanilla Tea Bag Goody Bag,Tea,inferred,,yes,1.0,1000,4.767,4.767,209.8,3.497,209.8,
2026-02-06,2026-02,Maisa 1,,40010,ORG Vanilla Nut 10ct/6pk Tea Bag - GA,Tea,inferred,,yes,3.0,966,3.167,9.5,305.1,5.084,101.7,
2026-02-06,2026-02,Maisa 1,,42040,ORG Snickerdoodle 10ct/6pk Tea Bag - GA,Tea,inferred,,yes,3.0,354,0.85,2.55,416.5,6.941,138.8,
2026-02-06,2026-02,Maisa 1,,42040L,ORG Snickerdoodle 10ct Loose - GA,Tea,governed,high,yes,3.0,612,1.217,3.65,503.0,8.384,167.7,
2026-02-06,2026-02,Maisa 1,,42041,Snickerdoodle 25CT Tea Bag - GA,Tea,governed,high,yes,3.0,600,4.117,12.35,145.7,2.429,48.6,
2026-02-06,2026-02,Maisa 1,,Clean,Standard Clean,Tea,inferred,,,3.0,0,0.617,1.85,,,,
2026-02-06,2026-02,Maisa 2+3,,46010L,ORG Dark Chocolate 10 Ct Tea Bag/36 Count Box,Tea,governed,high,yes,5.0,1512,2.55,12.75,592.9,9.882,118.6,
2026-02-06,2026-02,Maisa 2+3,,46011,ORG Dark Chocolate 25 Ct Tea Bag,Tea,governed,high,yes,5.0,1670,5.833,29.167,286.3,4.771,57.3,
2026-02-06,2026-02,Maisa 2+3,,46013,ORG Dark Chocolate 25CT Tea Bag 3PK,Tea,inferred,,yes,5.0,160,1.433,7.167,111.6,1.86,22.3,
2026-02-06,2026-02,WeighRight,,10008,"Org Rooibos, 8 Oz Bag",Bag/Other,inferred,,yes,3.0,1152,2.483,7.45,463.9,7.732,154.6,
2026-02-06,2026-02,WeighRight,,10026,ORG Orange Peel 8 Oz Bag,Bag/Other,inferred,,yes,3.0,204,0.483,1.45,422.1,7.034,140.7,
2026-02-06,2026-02,WeighRight,,10039A,AMZN Roasted French Chicory 2 X 1 Lb Bag,Bag/Other,inferred,,yes,3.0,24,0.5,1.5,48.0,0.8,16.0,
2026-02-06,2026-02,WeighRight,,83110L,ORG Dandelion Dark Roast 10 oz Bag/Box of 24,APG,governed,high,yes,3.0,1440,3.417,10.25,421.5,7.024,140.5,
2026-02-06,2026-02,WeighRight,,83113,ORG Dandelion Dark Roast 10OZ Bag 3PK ,Bag/Other,inferred,,yes,3.0,240,1.5,4.5,160.0,2.667,53.3,
2026-02-06,2026-02,WeighRight,,Clean,Standard Clean,Bag/Other,inferred,,,3.0,0,0.5,1.5,,,,
2026-02-06,2026-02,WeighRight,,Clean,Standard Clean,Bag/Other,inferred,,,3.0,0,0.45,1.35,,,,
2026-02-06,2026-02,WeighRight,,Clean,Standard Clean,Bag/Other,inferred,,,3.0,0,0.75,2.25,,,,
2026-02-09,2026-02,AMS,handpack,10005A,WWB AMZN Organic Chia (1lb),Bag/Other,inferred,,yes,3.0,924,7.533,22.6,122.7,2.044,40.9,
2026-02-09,2026-02,AMS,handpack,10013,"ORG Hibisicus, 8 Oz Bag",Bag/Other,inferred,,yes,3.0,480,2.75,8.25,174.5,2.909,58.2,
2026-02-09,2026-02,Assembly,,30007,Instant Miraculous Mushrooms A&P 100g Bag / 6 Count Case,Instant,inferred,,yes,1.0,31,0.65,0.65,47.7,0.795,47.7,
2026-02-09,2026-02,Assembly,,43001L,Dandelion Tea Sampler Box - Loose - G,Sampler,governed,high,yes,1.0,352,10.25,10.25,34.3,0.572,34.3,
2026-02-09,2026-02,Maisa 1,,40010,ORG Vanilla Nut 10ct/6pk Tea Bag - GA,Tea,inferred,,yes,3.0,3726,10.05,30.15,370.7,6.179,123.6,
2026-02-09,2026-02,Maisa 2+3,,40111,ORG French Roast 25CT Tea Bag - G,Tea,governed,high,yes,5.0,1098,3.983,19.917,275.6,4.594,55.1,
2026-02-09,2026-02,Maisa 2+3,,46010,ORG Dark Chocolate 10 Ct Tea Bag/6 Count Case,Tea,inferred,,yes,5.0,3042,3.9,19.5,780.0,13.0,156.0,
2026-02-09,2026-02,Maisa 2+3,,46011,ORG Dark Chocolate 25 Ct Tea Bag,Tea,governed,high,yes,5.0,490,1.383,6.917,354.2,5.904,70.8,
2026-02-09,2026-02,Maisa 2+3,,Clean,Standard Clean,Tea,inferred,,,5.0,0,0.683,3.417,,,,
2026-02-09,2026-02,WeighRight,,10031,Roasted Chicory Root - 1 Lb Bag,Bag/Other,inferred,,yes,3.0,228,0.6,1.8,380.0,6.333,126.7,
2026-02-09,2026-02,WeighRight,,10031,Roasted Chicory Root - 1 Lb Bag,Bag/Other,inferred,,yes,3.0,1644,3.217,9.65,511.1,8.518,170.4,
2026-02-09,2026-02,WeighRight,,10031,Roasted Chicory Root - 1 Lb Bag,Bag/Other,inferred,,yes,3.0,1068,1.7,5.1,628.2,10.471,209.4,
2026-02-09,2026-02,WeighRight,,10039A,AMZN Roasted French Chicory 2 X 1 Lb Bag,Bag/Other,inferred,,yes,3.0,1020,4.433,13.3,230.1,3.835,76.7,
2026-02-10,2026-02,AMS,handpack,10001A,Sage 2 Oz Bags AMZN,Bag/Other,inferred,,yes,3.0,655,5.867,17.6,111.6,1.861,37.2,
2026-02-10,2026-02,AMS,handpack,10005A,WWB AMZN Organic Chia (1lb),Bag/Other,inferred,,yes,3.0,152,1.083,3.25,140.3,2.338,46.8,
2026-02-10,2026-02,AMS,handpack,10012,"ORG Lemon Grass, 7 Oz Bag",Bag/Other,inferred,,yes,3.0,330,3.65,10.95,90.4,1.507,30.1,
2026-02-10,2026-02,Assembly,,43001L,Dandelion Tea Sampler Box - Loose - G,Sampler,governed,high,yes,1.0,352,10.3,10.3,34.2,0.57,34.2,
2026-02-10,2026-02,Assembly,,46011,ORG Dark Chocolate 25 Ct Tea Bag,Tea,governed,high,yes,1.0,49,3.0,3.0,16.3,0.272,16.3,
2026-02-10,2026-02,Assembly,,TGB060,ORG Hazelnut Tea Bag Goody Bag - GA,Tea,inferred,,yes,1.0,250,0.733,0.733,340.9,5.682,340.9,
2026-02-10,2026-02,Assembly,,TGB110,ORG French Roast Tea Bag Goody Bag - G,Tea,inferred,,yes,1.0,25,0.083,0.083,300.0,5.0,300.0,
2026-02-10,2026-02,Assembly,,TGB311,ORG Dandelion Dark Roast Tea Bag Goody Bag,Tea,inferred,,yes,1.0,300,0.933,0.933,321.4,5.357,321.4,
2026-02-10,2026-02,Assembly,,TGB322,Dandelion Caramel Nut Tea Bag Goody Bag - A,Tea,inferred,,yes,1.0,200,0.617,0.617,324.3,5.405,324.3,
2026-02-10,2026-02,Assembly,,TGB502,Chaga Ashwaganda Tea Goody Bag,Bag/Other,inferred,,yes,1.0,225,1.1,1.1,204.5,3.409,204.5,
2026-02-10,2026-02,Assembly,,TGB503,Lion's Mane Rhodiola Tea Goody Bag - G,Bag/Other,inferred,,yes,1.0,125,0.65,0.65,192.3,3.205,192.3,
2026-02-10,2026-02,Assembly,,TGB601,ORG Dark Chocolate Tea Bag Goody Bag,Tea,inferred,,yes,1.0,375,2.05,2.05,182.9,3.049,182.9,
2026-02-10,2026-02,Maisa 1,,40010,ORG Vanilla Nut 10ct/6pk Tea Bag - GA,Tea,inferred,,yes,3.0,4554,8.75,26.25,520.5,8.674,173.5,
2026-02-10,2026-02,Maisa 1,,40010A,AMZN Org Vanilla Nut 10 Ct Tea Bag Loose - GA,Tea,inferred,,yes,3.0,180,0.617,1.85,291.9,4.865,97.3,
2026-02-10,2026-02,Maisa 1,,TB010,ORG Vanilla Nut Tea Bag Loose - GA,Tea bag (intermediate),item-code,,yes,3.0,2000,0.617,1.85,3243.2,54.054,1081.1,
2026-02-10,2026-02,Maisa 2+3,,40111,ORG French Roast 25CT Tea Bag - G,Tea,governed,high,yes,5.0,294,1.083,5.417,271.4,4.523,54.3,
2026-02-10,2026-02,Maisa 2+3,,40130,ORG Maca Chocolate 10ct/6pk Tea Bag - G,Tea,inferred,,yes,5.0,2142,3.083,15.417,694.7,11.578,138.9,
2026-02-10,2026-02,Maisa 2+3,,40131,ORG Mexican Chocolate 25CT Tea Bag - G,Tea,governed,high,yes,5.0,720,2.917,14.583,246.9,4.114,49.4,
2026-02-10,2026-02,Maisa 2+3,,Clean,Standard Clean,Tea,inferred,,,5.0,0,0.6,3.0,,,,
2026-02-10,2026-02,Maisa 2+3,,Clean,Standard Clean,Tea,inferred,,,5.0,0,0.733,3.667,,,,
2026-02-10,2026-02,Maisa 2+3,,TB110,ORG French Roast Tea Bag Loose - G,Tea bag (intermediate),item-code,,yes,4.0,12000,1.583,6.333,7578.9,126.316,1894.7,
2026-02-10,2026-02,WeighRight,,10031,Roasted Chicory Root - 1 Lb Bag,Bag/Other,inferred,,yes,3.0,156,0.283,0.85,550.6,9.176,183.5,
2026-02-10,2026-02,WeighRight,,10031,Roasted Chicory Root - 1 Lb Bag,Bag/Other,inferred,,yes,3.0,1332,2.65,7.95,502.6,8.377,167.5,
2026-02-10,2026-02,WeighRight,,10031,Roasted Chicory Root - 1 Lb Bag,Bag/Other,inferred,,yes,3.0,612,0.883,2.65,692.8,11.547,230.9,
2026-02-10,2026-02,WeighRight,,10035,Chicory 5 Lb Bag,Bag/Other,inferred,,yes,3.0,420,2.717,8.15,154.6,2.577,51.5,
2026-02-10,2026-02,WeighRight,,80110,ORG French Roast 11OZ Bag/6 Count Case - G,Bag/Other,inferred,,yes,3.0,184,2.917,8.75,63.1,1.051,21.0,
2026-02-10,2026-02,WeighRight,,Clean,Standard Clean,Bag/Other,inferred,,,3.0,0,0.617,1.85,,,,
2026-02-11,2026-02,AMS,handpack,10012,"ORG Lemon Grass, 7 Oz Bag",Bag/Other,inferred,,yes,3.0,1290,8.483,25.45,152.1,2.534,50.7,
2026-02-11,2026-02,AMS,handpack,30007,Instant Miraculous Mushrooms A&P 100g Bag / 6 Count Case,Instant,inferred,,yes,3.0,20,1.333,4.0,15.0,0.25,5.0,
2026-02-11,2026-02,Assembly,,30007,Instant Miraculous Mushrooms A&P 100g Bag / 6 Count Case,Instant,inferred,,yes,1.0,5,0.083,0.083,60.0,1.0,60.0,
2026-02-11,2026-02,Assembly,,43001L,Dandelion Tea Sampler Box - Loose - G,Sampler,governed,high,yes,1.0,351,10.3,10.3,34.1,0.568,34.1,
2026-02-11,2026-02,Assembly,,46011,ORG Dark Chocolate 25 Ct Tea Bag,Tea,governed,high,yes,1.0,100,10.317,10.317,9.7,0.162,9.7,
2026-02-11,2026-02,Assembly,,49999,Teeccino Herbal Tea Shipper,Bag/Other,inferred,,yes,1.0,1,0.333,0.333,3.0,0.05,3.0,
2026-02-11,2026-02,Assembly,,TGB010,ORG Vanilla Nut Tea Bag Goody Bag - GA,Tea,inferred,,yes,1.0,200,0.767,0.767,260.9,4.348,260.9,
2026-02-11,2026-02,Maisa 1,,NTB0010,Vanilla Nut Tagless 6g Tea Bag - GA,Tea bag (intermediate),item-code,,yes,3.0,37200,8.9,26.7,4179.8,69.663,1393.3,
2026-02-11,2026-02,Maisa 1,,TB010,ORG Vanilla Nut Tea Bag Loose - GA,Tea bag (intermediate),item-code,,yes,3.0,5500,0.55,1.65,10000.0,166.667,3333.3,
2026-02-11,2026-02,Maisa 2+3,,40130,ORG Maca Chocolate 10ct/6pk Tea Bag - G,Tea,inferred,,yes,5.0,1998,2.167,10.833,922.2,15.369,184.4,
2026-02-11,2026-02,Maisa 2+3,,40130L,Org Maca Chocolate 10 Ct Tea Bag Loose - G,Tea,governed,high,yes,5.0,792,0.85,4.25,931.8,15.529,186.4,
2026-02-11,2026-02,Maisa 2+3,,40132,ORG Maca Chocolate 25CT Tea Bag - G,Tea,governed,high,yes,5.0,600,1.783,8.917,336.4,5.607,67.3,
2026-02-11,2026-02,Maisa 2+3,,40132F,ORG Maca Chocolate DL 25CT Tea Bag AMZN (24pk) - G,Tea,inferred,,yes,5.0,240,0.717,3.583,334.9,5.581,67.0,
2026-02-11,2026-02,Maisa 2+3,,45010,ORG Reishi Eleuthero 10 Ct Tea Bag/6 Count Case - G,Tea,inferred,,yes,5.0,900,1.0,5.0,900.0,15.0,180.0,
2026-02-11,2026-02,Maisa 2+3,,Clean,Standard Clean,Tea,inferred,,,5.0,0,0.583,2.917,,,,
2026-02-11,2026-02,Maisa 2+3,,TB130,ORG Maca Chocolate Tea Bag - G,Tea bag (intermediate),item-code,,yes,4.0,18000,2.933,11.733,6136.4,102.273,1534.1,
2026-02-11,2026-02,WeighRight,,80110,ORG French Roast 11OZ Bag/6 Count Case - G,Bag/Other,inferred,,yes,3.0,276,3.567,10.7,77.4,1.29,25.8,
2026-02-11,2026-02,WeighRight,,80110A,AMZN Org French Roast 11OZ Bag/Box of 24 - G,Bag/Other,inferred,,yes,3.0,1200,2.967,8.9,404.5,6.742,134.8,
2026-02-11,2026-02,WeighRight,,80113,ORG French Roast 11OZ Bag 3PK - G,Bag/Other,inferred,,yes,3.0,368,1.983,5.95,185.5,3.092,61.8,
2026-02-11,2026-02,WeighRight,,80116A,French Roast 500g APG Bag - G,APG,inferred,,yes,3.0,108,0.183,0.55,589.1,9.818,196.4,
2026-02-11,2026-02,WeighRight,,80116A,French Roast 500g APG Bag - G,APG,inferred,,yes,3.0,564,1.25,3.75,451.2,7.52,150.4,
2026-02-12,2026-02,AMS,handpack,30007,Instant Miraculous Mushrooms A&P 100g Bag / 6 Count Case,Instant,inferred,,yes,3.0,80,2.867,8.6,27.9,0.465,9.3,
2026-02-12,2026-02,AMS,handpack,30007L,ORG Instant Miraculous Mushrooms AP 100g Bag,Instant,governed,high,yes,3.0,737,3.583,10.75,205.7,3.428,68.6,
2026-02-12,2026-02,AMS,handpack,30009L,ORG Instant Vanilla Nut 100g Bag - G,Instant,governed,high,,3.0,0,0.8,2.4,,,,
2026-02-12,2026-02,AMS,handpack,40016,Vanilla Nut Tagless Tea Bag - 50 Ct - GA,Tea,governed,high,yes,2.0,591,9.167,18.333,64.5,1.075,32.2,
2026-02-12,2026-02,Assembly,,40001,Herbal Tea Sampler Box - 6 Count Case,Sampler,inferred,,yes,1.0,41,7.917,7.917,5.2,0.086,5.2,
2026-02-12,2026-02,Assembly,,43001L,Dandelion Tea Sampler Box - Loose - G,Sampler,governed,high,yes,1.0,225,10.3,10.3,21.8,0.364,21.8,
2026-02-12,2026-02,Assembly,,46011,ORG Dark Chocolate 25 Ct Tea Bag,Tea,governed,high,yes,1.0,100,5.467,5.467,18.3,0.305,18.3,
2026-02-12,2026-02,Assembly,,GDB060,ORG Hazelnut Packet Goody Bag - GA,Bag/Other,inferred,,yes,1.0,25,0.05,0.05,500.0,8.333,500.0,
2026-02-12,2026-02,Assembly,,GDB070,ORG Java Packet Goody Bag - GA,Bag/Other,inferred,,yes,1.0,25,0.133,0.133,187.5,3.125,187.5,
2026-02-12,2026-02,Assembly,,TGB311,ORG Dandelion Dark Roast Tea Bag Goody Bag,Tea,inferred,,yes,1.0,25,0.083,0.083,300.0,5.0,300.0,
2026-02-12,2026-02,Assembly,,TGB322,Dandelion Caramel Nut Tea Bag Goody Bag - A,Tea,inferred,,yes,1.0,25,0.133,0.133,187.5,3.125,187.5,
2026-02-12,2026-02,Assembly,,TGB337,ORG Blueberry Vanilla Tea Bag Goody Bag,Tea,inferred,,yes,1.0,25,0.083,0.083,300.0,5.0,300.0,
2026-02-12,2026-02,Assembly,,TGB502,Chaga Ashwaganda Tea Goody Bag,Bag/Other,inferred,,yes,1.0,25,0.1,0.1,250.0,4.167,250.0,
2026-02-12,2026-02,Assembly,,TGB601,ORG Dark Chocolate Tea Bag Goody Bag,Tea,inferred,,yes,1.0,25,0.2,0.2,125.0,2.083,125.0,
2026-02-12,2026-02,Maisa 1,,40061,ORG Hazelnut 25CT Tea Bag - GA,Tea,governed,high,yes,3.0,768,4.65,13.95,165.2,2.753,55.1,
2026-02-12,2026-02,Maisa 1,,Clean,Standard Clean,Tea,inferred,,,3.0,0,0.733,2.2,,,,
2026-02-12,2026-02,Maisa 1,,TB010,ORG Vanilla Nut Tea Bag Loose - GA,Tea bag (intermediate),item-code,,yes,3.0,14500,4.417,13.25,3283.0,54.717,1094.3,
2026-02-12,2026-02,Maisa 2+3,,45010,ORG Reishi Eleuthero 10 Ct Tea Bag/6 Count Case - G,Tea,inferred,,yes,5.0,480,1.233,6.167,389.2,6.486,77.8,
2026-02-12,2026-02,Maisa 2+3,,45011,ORG Reishi Eleuthero 25 Ct Tea Bag - G,Tea,governed,high,yes,3.0,432,3.0,9.0,144.0,2.4,48.0,
2026-02-12,2026-02,Maisa 2+3,,Clean,Standard Clean,Tea,inferred,,,5.0,0,0.4,2.0,,,,
2026-02-12,2026-02,Maisa 2+3,,TB501,ORG Reishi Eleuthero Loose Tea Bag - G,Tea bag (intermediate),item-code,,yes,2.0,12000,3.733,7.467,3214.3,53.571,1607.1,
2026-02-12,2026-02,Maisa 2+3,,TB503,ORG Lion's Mane Rhodiola Loose Tea Bag - G,Tea bag (intermediate),item-code,,yes,4.0,3500,13.15,52.6,266.2,4.436,66.5,
2026-02-12,2026-02,WeighRight,,60110,ORG French Roast 5 Lb Bag - G,Bag/Other,inferred,,yes,3.0,120,0.867,2.6,138.5,2.308,46.2,
2026-02-12,2026-02,WeighRight,,60130,ORG MACA Chocolate 5 Lb Bag - G,Bag/Other,inferred,,yes,3.0,20,0.25,0.75,80.0,1.333,26.7,
2026-02-12,2026-02,WeighRight,,65010,ORG Reishi Eleuthero 5 Lb Bag - G,APG,governed,high,yes,3.0,20,0.15,0.45,133.3,2.222,44.4,
2026-02-12,2026-02,WeighRight,,80070,ORG Java 11OZ Bag/6 Count Case - GA,Bag/Other,inferred,,yes,3.0,120,13.283,39.85,9.0,0.151,3.0,
2026-02-12,2026-02,WeighRight,,80070A,AMZN Org Java 11OZ Bag/Box of 24 - GA,Bag/Other,inferred,,yes,3.0,1200,2.083,6.25,576.0,9.6,192.0,
2026-02-12,2026-02,WeighRight,,80073,ORG Java 11OZ Bag 3PK - GA,Bag/Other,inferred,,yes,3.0,96,12.667,38.0,7.6,0.126,2.5,
2026-02-12,2026-02,WeighRight,,80130L,Org Maca Chocoate 11oz Bag/Box of 24 - G,Bag/Other,inferred,,yes,3.0,600,1.083,3.25,553.8,9.231,184.6,
2026-02-12,2026-02,WeighRight,,80133,ORG MACA Chocolate 11OZ Bag 3PK - G,Bag/Other,inferred,,yes,3.0,160,0.967,2.9,165.5,2.759,55.2,
2026-02-12,2026-02,WeighRight,,85010L,ORG Reishi Eleuthero 10 Oz Bag/Box of 24 - G,APG,governed,high,yes,3.0,432,1.033,3.1,418.1,6.968,139.4,
2026-02-12,2026-02,WeighRight,,Clean,Standard Clean,Bag/Other,inferred,,,3.0,0,0.467,1.4,,,,
2026-02-12,2026-02,WeighRight,,Clean,Standard Clean,Bag/Other,inferred,,,3.0,0,0.35,1.05,,,,
2026-02-12,2026-02,WeighRight,,Clean,Standard Clean,Bag/Other,inferred,,,3.0,0,0.367,1.1,,,,
2026-02-13,2026-02,AMS,handpack,30009L,ORG Instant Vanilla Nut 100g Bag - G,Instant,governed,high,,3.0,0,5.45,16.35,,,,
2026-02-13,2026-02,AMS,handpack,30011,Instant Mocha 100g Bag / 6 Count Case - G,Instant,inferred,,yes,3.0,60,1.467,4.4,40.9,0.682,13.6,
2026-02-13,2026-02,AMS,machine(Amy),30011L,ORG Instant Mocha 100g Bag - G,Instant,inferred,,yes,6.0,855,2.6,15.6,328.8,5.481,54.8,
2026-02-13,2026-02,AMS,handpack,31009,ORG Instant Vanilla Nut Latte 6Ct Case,Instant,inferred,,yes,3.0,7,0.283,0.85,24.7,0.412,8.2,
2026-02-13,2026-02,AMS,handpack,31011,ORG Instant Mocha Latte 6Ct Case,Instant,inferred,,yes,3.0,70,2.767,8.3,25.3,0.422,8.4,
2026-02-13,2026-02,Assembly,,40001,Herbal Tea Sampler Box - 6 Count Case,Sampler,inferred,,yes,1.0,46,8.333,8.333,5.5,0.092,5.5,
2026-02-13,2026-02,Assembly,,40001,Herbal Tea Sampler Box - 6 Count Case,Sampler,inferred,,yes,5.0,144,1.917,9.583,75.1,1.252,15.0,
2026-02-13,2026-02,Assembly,,43001L,Dandelion Tea Sampler Box - Loose - G,Sampler,governed,high,yes,2.0,321,8.383,16.767,38.3,0.638,19.1,
2026-02-13,2026-02,Assembly,,43001L,Dandelion Tea Sampler Box - Loose - G,Sampler,governed,high,yes,2.0,300,10.383,20.767,28.9,0.482,14.4,
2026-02-13,2026-02,Assembly,,CLBOXAPG,Teeccino Chocolate Lovers APG Box,Bundle,governed,high,yes,1.0,10,0.25,0.25,40.0,0.667,40.0,
2026-02-13,2026-02,Assembly,,CLBOXTB,,Bundle,governed,high,yes,1.0,10,0.25,0.25,40.0,0.667,40.0,
2026-02-13,2026-02,Maisa 1,,40060,ORG Hazelnut 10ct/6pk Tea Bag - GA,Tea,inferred,,yes,3.0,1854,4.783,14.35,387.6,6.46,129.2,
2026-02-13,2026-02,Maisa 1,,40060A,AMZN Org Hazelnut 10 Ct Tea Bag Loose - GA,Tea,inferred,,yes,3.0,1008,2.417,7.25,417.1,6.952,139.0,
2026-02-13,2026-02,Maisa 1,,40061,ORG Hazelnut 25CT Tea Bag - GA,Tea,governed,high,yes,3.0,432,2.883,8.65,149.8,2.497,49.9,
2026-02-13,2026-02,Maisa 2+3,,45030,ORG Lion's Mane Rhodiola 10 Ct Tea Bag/6 Count Case - G,Tea,inferred,,yes,5.0,1668,1.9,9.5,877.9,14.632,175.6,
2026-02-13,2026-02,Maisa 2+3,,45030F,Lion's Mane Rhodiola Dual Language 10 cnt TB - G,Tea,inferred,,yes,5.0,460,4.317,21.583,106.6,1.776,21.3,
2026-02-13,2026-02,Maisa 2+3,,47010,75147 TJ ORG Roasted Herbal Cofee (12 Pack) - G,Tea,inferred,,yes,5.0,115,1.017,5.083,113.1,1.885,22.6,
2026-02-13,2026-02,Maisa 2+3,,Clean,Standard Clean,Tea,inferred,,,5.0,0,0.85,4.25,,,,
2026-02-13,2026-02,Maisa 2+3,,TB503,ORG Lion's Mane Rhodiola Loose Tea Bag - G,Tea bag (intermediate),item-code,,yes,4.0,18500,2.017,8.067,9173.6,152.893,2293.4,
2026-02-13,2026-02,WeighRight,,80070L,Org Java 11OZ Bag/Box of 24 - GA,Bag/Other,inferred,,yes,3.0,28,0.167,0.5,168.0,2.8,56.0,
2026-02-13,2026-02,WeighRight,,80073,ORG Java 11OZ Bag 3PK - GA,Bag/Other,inferred,,yes,3.0,304,1.85,5.55,164.3,2.739,54.8,
2026-02-13,2026-02,WeighRight,,Clean,Standard Clean,Bag/Other,inferred,,,3.0,0,0.483,1.45,,,,
2026-02-17,2026-02,AMS,handpack,10021A,AMZN - WWB - Date Sugar - 1 Lb,Bag/Other,inferred,,yes,3.0,336,1.5,4.5,224.0,3.733,74.7,
2026-02-17,2026-02,AMS,handpack,10061A,AMZN - WWB - ORG Date Sugar - 1 Lb,Bag/Other,inferred,,yes,3.0,408,5.283,15.85,77.2,1.287,25.7,
2026-02-17,2026-02,AMS,handpack,31007L,ORG Instant Miraculous Mushrooms AP Latte 224g Bag,Instant,governed,high,yes,3.0,331,2.733,8.2,121.1,2.018,40.4,
2026-02-17,2026-02,AMS,handpack,31009,ORG Instant Vanilla Nut Latte 6Ct Case,Instant,inferred,,yes,3.0,57,2.45,7.35,23.3,0.388,7.8,
2026-02-17,2026-02,AMS,handpack,31011,ORG Instant Mocha Latte 6Ct Case,Instant,inferred,,yes,3.0,30,0.933,2.8,32.1,0.536,10.7,
2026-02-17,2026-02,AMS,handpack,31011L,ORG Instant Mocha Latte 224g Bag,Instant,inferred,,yes,3.0,705,3.6,10.8,195.8,3.264,65.3,
2026-02-17,2026-02,AMS,handpack,40016,Vanilla Nut Tagless Tea Bag - 50 Ct - GA,Tea,governed,high,yes,2.0,180,2.5,5.0,72.0,1.2,36.0,
2026-02-17,2026-02,Assembly,,40030L,ORG Almond Amaretto 10ct Tea Bag Individual Unit- GA,Tea,governed,high,yes,1.0,288,8.75,8.75,32.9,0.549,32.9,
2026-02-17,2026-02,Assembly,,49999,Teeccino Herbal Tea Shipper,Bag/Other,inferred,,yes,1.0,2,0.367,0.367,5.5,0.091,5.5,
2026-02-17,2026-02,Assembly,,90002,,Bundle,governed,high,yes,1.0,10,0.5,0.5,20.0,0.333,20.0,
2026-02-17,2026-02,Assembly,,90003,,Bundle,governed,high,yes,1.0,10,0.5,0.5,20.0,0.333,20.0,
2026-02-17,2026-02,Maisa 1,,40060,ORG Hazelnut 10ct/6pk Tea Bag - GA,Tea,inferred,,yes,3.0,906,2.217,6.65,408.7,6.812,136.2,
2026-02-17,2026-02,Maisa 1,,43011,ORG Dandelion Vanilla Nut 25CT Tea Bag - A,Tea,governed,high,yes,3.0,624,5.933,17.8,105.2,1.753,35.1,
2026-02-17,2026-02,Maisa 1,,43341,Dandelion Coconut 25 Count Tea Bag - A,Tea,governed,high,yes,3.0,264,1.883,5.65,140.2,2.336,46.7,
2026-02-17,2026-02,Maisa 1,,CLEAN,Standard Clean,Tea,inferred,,,3.0,0,0.5,1.5,,,,
2026-02-17,2026-02,Maisa 1,,CleanG,Clean + Gluten Test,Tea,inferred,,,3.0,0,0.7,2.1,,,,
2026-02-17,2026-02,Maisa 1,,TB301,ORG Dandelion Vanilla Nut Tea Bag - A,Tea bag (intermediate),item-code,,yes,3.0,2570,0.767,2.3,3352.2,55.87,1117.4,
2026-02-17,2026-02,Maisa 2+3,,47010,75147 TJ ORG Roasted Herbal Cofee (12 Pack) - G,Tea,inferred,,yes,5.0,649,11.983,59.917,54.2,0.903,10.8,
2026-02-17,2026-02,WeighRight,,60010,ORG Vanilla Nut 5 Lb Bag - GA,Bag/Other,inferred,,yes,3.0,56,0.583,1.75,96.0,1.6,32.0,
2026-02-17,2026-02,WeighRight,,80010,ORG Vanilla Nut 11oz Bag/6 Count Case - GA,Bag/Other,inferred,,yes,3.0,230,2.783,8.35,82.6,1.377,27.5,
2026-02-17,2026-02,WeighRight,,80010L,Org Vanilla Nut 11OZ Bag/Box of 24 - GA,Bag/Other,inferred,,yes,3.0,50,2.55,7.65,19.6,0.327,6.5,
2026-02-18,2026-02,AMS,handpack,10061A,AMZN - WWB - ORG Date Sugar - 1 Lb,Bag/Other,inferred,,yes,3.0,192,1.083,3.25,177.2,2.954,59.1,
2026-02-18,2026-02,AMS,handpack,10104,WWB - ORG Dark Roasted Carob Flour - 1 Lb Bag,Bag/Other,inferred,,yes,3.0,192,15.667,47.0,12.3,0.204,4.1,
2026-02-18,2026-02,AMS,handpack,10402A,AMZN- WWB-ORG Rama Tulsi - 8 OZ Bag,Bag/Other,inferred,,yes,3.0,960,6.667,20.0,144.0,2.4,48.0,
2026-02-18,2026-02,Assembly,,30008,Instant French Roast 100g Bag / 6 Count Case - G,Instant,inferred,,yes,1.0,5,0.067,0.067,75.0,1.25,75.0,
2026-02-18,2026-02,Assembly,,40001L,Herbal Tea Sampler Box - Loose,Sampler,governed,high,yes,1.0,144,5.783,5.783,24.9,0.415,24.9,
2026-02-18,2026-02,Assembly,,43001,Dandelion Tea Sampler Box - 6 Count Case,Sampler,inferred,,yes,1.0,20,10.417,10.417,1.9,0.032,1.9,
2026-02-18,2026-02,Assembly,,45001L,Mushroom Adapt Tea Bag Sampler Box,Sampler,governed,high,yes,2.0,153,2.833,5.667,54.0,0.9,27.0,
2026-02-18,2026-02,Maisa 1,,43341,Dandelion Coconut 25 Count Tea Bag - A,Tea,governed,high,yes,3.0,936,5.317,15.95,176.1,2.934,58.7,
2026-02-18,2026-02,Maisa 1,,47010,75147 TJ ORG Roasted Herbal Cofee (12 Pack) - G,Tea,inferred,,yes,3.0,177,5.95,17.85,29.7,0.496,9.9,
2026-02-18,2026-02,Maisa 1,,CleanA,Clean + Allergen Tests,Tea,inferred,,,3.0,0,0.767,2.3,,,,
2026-02-18,2026-02,Maisa 2+3,,47010,75147 TJ ORG Roasted Herbal Cofee (12 Pack) - G,Tea,inferred,,yes,5.0,70,0.983,4.917,71.2,1.186,14.2,
2026-02-18,2026-02,Maisa 2+3,,47010,75147 TJ ORG Roasted Herbal Cofee (12 Pack) - G,Tea,inferred,,yes,5.0,754,11.017,55.083,68.4,1.141,13.7,
2026-02-18,2026-02,WeighRight,,20061,ORG Hazelnut 300G Dual Language Bag - 6Ct Case - GA,Bag/Other,inferred,,yes,3.0,180,2.05,6.15,87.8,1.463,29.3,
2026-02-18,2026-02,WeighRight,,50010,ORG Vanilla Nut 30g Trial Size Packet - GA,Bag/Other,inferred,,yes,3.0,1080,1.7,5.1,635.3,10.588,211.8,
2026-02-18,2026-02,WeighRight,,50060,ORG Hazelnut 30g Trial Size Packet - GA,Bag/Other,inferred,,yes,3.0,1440,2.833,8.5,508.2,8.471,169.4,
2026-02-18,2026-02,WeighRight,,60010,ORG Vanilla Nut 5 Lb Bag - GA,Bag/Other,inferred,,yes,3.0,24,0.2,0.6,120.0,2.0,40.0,
2026-02-18,2026-02,WeighRight,,80060,ORG Hazelnut 11OZ Bag/6 Count Case - GA,Bag/Other,inferred,,,3.0,0,0.3,0.9,,,,
2026-02-18,2026-02,WeighRight,,80063,ORG Hazelnut 11OZ Bag 3PK  - GA,Bag/Other,inferred,,yes,3.0,352,2.733,8.2,128.8,2.146,42.9,
2026-02-18,2026-02,WeighRight,,85070L,ORG Miraculous Mushrooms 10oz Bag/Box of 24,Bag/Other,inferred,,yes,3.0,624,1.05,3.15,594.3,9.905,198.1,
2026-02-18,2026-02,WeighRight,,Clean,Standard Clean,Bag/Other,inferred,,,3.0,0,0.417,1.25,,,,
2026-02-18,2026-02,WeighRight,,CleanGA,Clean + Gluten + Allergen Tests,Bag/Other,inferred,,,3.0,0,0.833,2.5,,,,
2026-02-19,2026-02,AMS,handpack,10071,AMZN - WWB - ORG Roasted Barley - 1 Lb - G,Bag/Other,inferred,,yes,3.0,948,6.667,20.0,142.2,2.37,47.4,
2026-02-19,2026-02,AMS,handpack,10104,WWB - ORG Dark Roasted Carob Flour - 1 Lb Bag,Bag/Other,inferred,,yes,3.0,572,4.183,12.55,136.7,2.279,45.6,
2026-02-19,2026-02,Assembly,,40001L,Herbal Tea Sampler Box - Loose,Sampler,governed,high,yes,1.0,132,1.167,1.167,113.1,1.886,113.1,
2026-02-19,2026-02,Assembly,,43001,Dandelion Tea Sampler Box - 6 Count Case,Sampler,inferred,,yes,1.0,50,10.817,10.817,4.6,0.077,4.6,
2026-02-19,2026-02,Assembly,,45001L,Mushroom Adapt Tea Bag Sampler Box,Sampler,governed,high,yes,2.0,345,12.167,24.333,28.4,0.473,14.2,
2026-02-19,2026-02,Assembly,,45022,Chaga Ashwaganda TB Demo Tray,Tea,inferred,,yes,1.0,5,0.15,0.15,33.3,0.556,33.3,
2026-02-19,2026-02,Assembly,,45032,ORG Lion's Mane Rhodiola Tea Bag Demo Tray - G,Tea,inferred,,yes,1.0,5,0.3,0.3,16.7,0.278,16.7,
2026-02-19,2026-02,Assembly,,45052,Turkey Tail Astragalus TB Demo Tray - G,Tea,inferred,,yes,1.0,5,0.083,0.083,60.0,1.0,60.0,
2026-02-19,2026-02,Assembly,,50091,Teeccino Nut Flavor Sampler,Sampler,governed,high,yes,1.0,100,4.333,4.333,23.1,0.385,23.1,
2026-02-19,2026-02,Assembly,,50091,Teeccino Nut Flavor Sampler,Sampler,governed,high,yes,1.0,100,5.667,5.667,17.6,0.294,17.6,
2026-02-19,2026-02,Maisa 1,,47010,75147 TJ ORG Roasted Herbal Cofee (12 Pack) - G,Tea,inferred,,yes,3.0,249,8.8,26.4,28.3,0.472,9.4,
2026-02-19,2026-02,Maisa 1,,Clean,Standard Clean,Tea,inferred,,,3.0,0,1.033,3.1,,,,
2026-02-19,2026-02,Maisa 1,,TB505,ORG Turkey Tail Astragalus Loose Tea Bag - G,Tea bag (intermediate),item-code,,yes,3.0,2500,0.917,2.75,2727.3,45.455,909.1,
2026-02-19,2026-02,Maisa 2+3,,47010,75147 TJ ORG Roasted Herbal Cofee (12 Pack) - G,Tea,inferred,,yes,5.0,744,10.95,54.75,67.9,1.132,13.6,
2026-02-19,2026-02,Maisa 2+3,,Clean,Standard Clean,Tea,inferred,,,5.0,0,1.35,6.75,,,,
2026-02-19,2026-02,WeighRight,,80060,ORG Hazelnut 11OZ Bag/6 Count Case - GA,Bag/Other,inferred,,,3.0,0,,,,,,
2026-02-19,2026-02,WeighRight,,80080,ORG Mocha 11OZ Bag/6 Count Case - GA,Bag/Other,inferred,,yes,3.0,168,1.8,5.4,93.3,1.556,31.1,
2026-02-19,2026-02,WeighRight,,80083,ORG Mocha 11OZ Bag 3PK  - GA,Bag/Other,inferred,,yes,3.0,160,1.25,3.75,128.0,2.133,42.7,
2026-02-19,2026-02,WeighRight,,82060L,ORG Maple Pecan 11OZ Bag/Box of 24 - GA,Bag/Other,inferred,,yes,3.0,621,0.967,2.9,642.4,10.707,214.1,
2026-02-19,2026-02,WeighRight,,Clean,Standard Clean,Bag/Other,inferred,,,3.0,0,0.75,2.25,,,,
2026-02-19,2026-02,WeighRight,,Clean,Standard Clean,Bag/Other,inferred,,,3.0,0,,,,,,
2026-02-23,2026-02,AMS,machine(Amy),10006A,WWB AMZN Organic Lemon Balm (6 Oz) ,Bag/Other,inferred,,yes,4.0,180,1.367,5.467,131.7,2.195,32.9,
2026-02-23,2026-02,AMS,handpack,10013,"ORG Hibisicus, 8 Oz Bag",Bag/Other,inferred,,yes,3.0,168,2.9,8.7,57.9,0.966,19.3,
2026-02-23,2026-02,AMS,handpack,10016,Organic Turmeric Powder - 1 Lb Bag,Bag/Other,inferred,,yes,3.0,480,4.183,12.55,114.7,1.912,38.2,
2026-02-23,2026-02,AMS,handpack,10071,AMZN - WWB - ORG Roasted Barley - 1 Lb - G,Bag/Other,inferred,,yes,3.0,60,0.3,0.9,200.0,3.333,66.7,
2026-02-23,2026-02,AMS,handpack,40086,Mocha Tagless Tea Bag - 50 Ct - GA,Tea,governed,high,yes,3.0,228,1.617,4.85,141.0,2.351,47.0,
2026-02-23,2026-02,Assembly,,31007,ORG Instant Miraculous Mushrooms AP Latte 6Ct Case ,Instant,inferred,,yes,1.0,5,0.1,0.1,50.0,0.833,50.0,
2026-02-23,2026-02,Assembly,,43220L,Org Dandelion Caramel Nut 10 Ct Tea Bag Loose - A,Tea,governed,high,yes,1.0,238,16.967,16.967,14.0,0.234,14.0,
2026-02-23,2026-02,Assembly,,43224,ORG Dandelion Caramel Nut 10CT Tea Bag 4PK X0019VIU9N,Tea,inferred,,yes,1.0,59,3.75,3.75,15.7,0.262,15.7,
2026-02-23,2026-02,Assembly,,45001L,Mushroom Adapt Tea Bag Sampler Box,Sampler,governed,high,yes,2.0,310,8.417,16.833,36.8,0.614,18.4,
2026-02-23,2026-02,Assembly,,50093,Wellness Packet Sampler Pack,Sampler,governed,high,yes,1.0,25,0.85,0.85,29.4,0.49,29.4,
2026-02-23,2026-02,Assembly,,50096,Top Six Packet Sampler pack,Sampler,inferred,,yes,1.0,120,3.333,3.333,36.0,0.6,36.0,
2026-02-23,2026-02,Maisa 1,,45051,ORG Turkey Tail Astragalus 25 Ct Tea Bag - G,Tea,governed,high,yes,3.0,552,4.05,12.15,136.3,2.272,45.4,
2026-02-23,2026-02,Maisa 1,,TB505,ORG Turkey Tail Astragalus Loose Tea Bag - G,Tea bag (intermediate),item-code,,yes,3.0,21500,5.933,17.8,3623.6,60.393,1207.9,
2026-02-23,2026-02,Maisa 2+3,,43310,ORG Dandelion Mocha Mint 10CT Tea Bag - A,Tea,inferred,,yes,5.0,4140,4.367,21.833,948.1,15.802,189.6,
2026-02-23,2026-02,Maisa 2+3,,43310F,Dandelion Mocha Mint Dual Language 10 cnt TB - A,Tea,inferred,,yes,3.0,120,1.483,4.45,80.9,1.348,27.0,
2026-02-23,2026-02,Maisa 2+3,,43314,ORG Dandelion Mocha Mint 10CT Tea Bag 4PK - A,Tea,inferred,,yes,3.0,224,1.617,4.85,138.6,2.309,46.2,
2026-02-23,2026-02,Maisa 2+3,,45070,ORG Miraculous Mushrooms AP 10Ct/6Pk Tea Bag,Tea,inferred,,yes,5.0,900,1.083,5.417,830.8,13.846,166.2,
2026-02-23,2026-02,Maisa 2+3,,CleanA,Clean + Allergen Tests,Tea,inferred,,,5.0,0,0.517,2.583,,,,
2026-02-23,2026-02,Maisa 2+3,,CleanG,Clean + Gluten Test,Tea,inferred,,,3.0,0,0.583,1.75,,,,
2026-02-23,2026-02,Maisa 2+3,,NTB0080,Mocha Tagless 6g Tea Bag - GA,Tea bag (intermediate),item-code,,yes,2.0,11796,2.333,4.667,5055.4,84.257,2527.7,
2026-02-23,2026-02,Maisa 2+3,,TB331,ORG Dandelion Mocha Mint Tea Bag - A,Tea bag (intermediate),item-code,,yes,4.0,8000,0.817,3.267,9795.9,163.265,2449.0,
2026-02-23,2026-02,WeighRight,,66010,ORG Dark Chocolate 5 Lb Bag,Bag/Other,inferred,,yes,3.0,20,0.333,1.0,60.0,1.0,20.0,
2026-02-23,2026-02,WeighRight,,80080,ORG Mocha 11OZ Bag/6 Count Case - GA,Bag/Other,inferred,,yes,3.0,218,2.717,8.15,80.2,1.337,26.7,
2026-02-23,2026-02,WeighRight,,82110L,ORG French Vanilla 11OZ Bag/Box of 24 - G,Bag/Other,inferred,,yes,3.0,719,1.733,5.2,414.8,6.913,138.3,
2026-02-23,2026-02,WeighRight,,82130L,ORG Mexican Chocolate 11OZ Bag/Box of 24 - G,APG,governed,high,yes,3.0,330,0.933,2.8,353.6,5.893,117.9,
2026-02-23,2026-02,WeighRight,,86010,ORG Dark Chocolate 10 Oz Bag/6 Count Case,Bag/Other,inferred,,yes,3.0,46,0.733,2.2,62.7,1.045,20.9,
2026-02-23,2026-02,WeighRight,,86010L,ORG Dark Chocolate 10 Oz Bag/Box of 24,Bag/Other,inferred,,yes,3.0,1158,2.233,6.7,518.5,8.642,172.8,
2026-02-23,2026-02,WeighRight,,Clean,Standard Clean,Bag/Other,inferred,,,3.0,0,0.483,1.45,,,,
2026-02-23,2026-02,WeighRight,,Clean,Standard Clean,Bag/Other,inferred,,,3.0,0,0.417,1.25,,,,
2026-02-23,2026-02,WeighRight,,Clean,Standard Clean,Bag/Other,inferred,,,3.0,0,0.25,0.75,,,,
2026-02-23,2026-02,WeighRight,,CleanGA,Clean + Gluten + Allergen Tests,Bag/Other,inferred,,,3.0,0,0.4,1.2,,,,
2026-02-24,2026-02,AMS,machine(Amy),10006A,WWB AMZN Organic Lemon Balm (6 Oz) ,Bag/Other,inferred,,yes,4.0,2220,8.05,32.2,275.8,4.596,68.9,
2026-02-24,2026-02,AMS,handpack,10013,"ORG Hibisicus, 8 Oz Bag",Bag/Other,inferred,,yes,3.0,326,1.4,4.2,232.9,3.881,77.6,
2026-02-24,2026-02,Assembly,,43224,ORG Dandelion Caramel Nut 10CT Tea Bag 4PK X0019VIU9N,Tea,inferred,,yes,1.0,37,10.267,10.267,3.6,0.06,3.6,
2026-02-24,2026-02,Assembly,,45001L,Mushroom Adapt Tea Bag Sampler Box,Sampler,governed,high,yes,2.0,319,8.367,16.733,38.1,0.635,19.1,
2026-02-24,2026-02,Assembly,,50096,Top Six Packet Sampler pack,Sampler,inferred,,yes,1.0,30,4.75,4.75,6.3,0.105,6.3,
2026-02-24,2026-02,Assembly,,GDB060,ORG Hazelnut Packet Goody Bag - GA,Bag/Other,inferred,,yes,1.0,20,0.083,0.083,240.0,4.0,240.0,
2026-02-24,2026-02,Assembly,,GDB080,ORG Mocha Packet Goody Bag,Bag/Other,inferred,,yes,1.0,20,0.083,0.083,240.0,4.0,240.0,
2026-02-24,2026-02,Assembly,,GDB311,ORG Dandelion Dark Roast Packet Goody Bag,Bag/Other,inferred,,yes,1.0,20,0.083,0.083,240.0,4.0,240.0,
2026-02-24,2026-02,Assembly,,GDB501,ORG Reishi Eleuthero Packet Goody Bag - G,Bag/Other,inferred,,yes,1.0,20,0.1,0.1,200.0,3.333,200.0,
2026-02-24,2026-02,Assembly,,GDB502,ORG Chaga Ashwaganda Packet Goody Bag,Bag/Other,inferred,,yes,1.0,20,0.083,0.083,240.0,4.0,240.0,
2026-02-24,2026-02,Assembly,,TGB501,Reishi Eleuthero Tea Goody Bag - G,Bag/Other,inferred,,yes,1.0,20,0.15,0.15,133.3,2.222,133.3,
2026-02-24,2026-02,Assembly,,TGB502,Chaga Ashwaganda Tea Goody Bag,Bag/Other,inferred,,yes,1.0,20,0.083,0.083,240.0,4.0,240.0,
2026-02-24,2026-02,Assembly,,TGB505,Turkey Tail Astragalus Tea Goody Bag - G,Bag/Other,inferred,,yes,1.0,20,0.083,0.083,240.0,4.0,240.0,
2026-02-24,2026-02,Maisa 1,,45050,ORG Turkey Tail Astragalus 10 Ct Tea Bag/6 Count Case - G,Tea,inferred,,yes,3.0,1920,5.017,15.05,382.7,6.379,127.6,
2026-02-24,2026-02,Maisa 1,,45051,ORG Turkey Tail Astragalus 25 Ct Tea Bag - G,Tea,governed,high,yes,3.0,648,4.883,14.65,132.7,2.212,44.2,
2026-02-24,2026-02,Maisa 1,,Clean,Standard Clean,Tea,inferred,,,3.0,0,0.417,1.25,,,,
2026-02-24,2026-02,Maisa 2+3,,43110,ORG Dandelion Dark Roast 10ct/6pk Tea Bag,Tea,inferred,,yes,5.0,1716,2.333,11.667,735.4,12.257,147.1,
2026-02-24,2026-02,Maisa 2+3,,43110F,Dandelion Dark Roast Dual Language 10ct/6pk Tea Bag,Tea,inferred,,yes,5.0,1380,1.6,8.0,862.5,14.375,172.5,
2026-02-24,2026-02,Maisa 2+3,,43113,ORG Dandelion Dark Roast 25CT Tea Bag 3PK,Tea,inferred,,yes,5.0,216,1.733,8.667,124.6,2.077,24.9,
2026-02-24,2026-02,Maisa 2+3,,45070,ORG Miraculous Mushrooms AP 10Ct/6Pk Tea Bag,Tea,inferred,,yes,5.0,1860,2.517,12.583,739.1,12.318,147.8,
2026-02-24,2026-02,Maisa 2+3,,45070L,Org Miraculous Mushroom AP 10Ct Tea Bag Loose,Tea,inferred,,yes,5.0,432,0.667,3.333,648.0,10.8,129.6,
2026-02-24,2026-02,Maisa 2+3,,45071,ORG Miraculous Mushroom A&P 25 Ct Tea Bag,Tea,inferred,,yes,5.0,274,0.483,2.417,566.9,9.448,113.4,
2026-02-24,2026-02,Maisa 2+3,,Clean,Standard Clean,Tea,inferred,,,5.0,0,0.667,3.333,,,,
2026-02-24,2026-02,WeighRight,,10027,Organic Licorice C/S - 8 Oz Bag,Bag/Other,inferred,,yes,3.0,1160,2.883,8.65,402.3,6.705,134.1,
2026-02-24,2026-02,WeighRight,,20111,ORG French Roast 300G Dual Language Bag - 6Ct Case - G,Bag/Other,inferred,,yes,3.0,180,2.183,6.55,82.4,1.374,27.5,
2026-02-24,2026-02,WeighRight,,82080L,ORG Irish Cream 11 Oz Bag/Box of 24 - G,Bag/Other,inferred,,yes,3.0,528,0.9,2.7,586.7,9.778,195.6,
2026-02-24,2026-02,WeighRight,,83220A,AMZN Dandelion Caramel Nut 10 Oz Bag/Box of 24 - A,Bag/Other,inferred,,yes,3.0,432,0.767,2.3,563.5,9.391,187.8,
2026-02-24,2026-02,WeighRight,,83220L,Dandelion Caramel Nut 10 Oz Bag/Box of 24 - A,Bag/Other,inferred,,yes,3.0,600,1.35,4.05,444.4,7.407,148.1,
2026-02-24,2026-02,WeighRight,,Clean,Standard Clean,Bag/Other,inferred,,,3.0,0,1.05,3.15,,,,
2026-02-24,2026-02,WeighRight,,CleanA,Clean + Allergen Tests,Bag/Other,inferred,,,3.0,0,0.45,1.35,,,,
2026-02-24,2026-02,WeighRight,,CleanG,Clean + Gluten Test,Bag/Other,inferred,,,3.0,0,0.517,1.55,,,,
2026-02-25,2026-02,AMS,machine(Amy),10006A,WWB AMZN Organic Lemon Balm (6 Oz) ,Bag/Other,inferred,,yes,4.0,134,1.0,4.0,134.0,2.233,33.5,
2026-02-25,2026-02,AMS,machine(Amy),10012,"ORG Lemon Grass, 7 Oz Bag",Bag/Other,inferred,,yes,4.0,1800,8.433,33.733,213.4,3.557,53.4,
2026-02-25,2026-02,AMS,machine(Amy),CleanP,,Bag/Other,inferred,,,4.0,0,0.317,1.267,,,,
2026-02-25,2026-02,Assembly,,43220L,Org Dandelion Caramel Nut 10 Ct Tea Bag Loose - A,Tea,governed,high,yes,1.0,194,3.883,3.883,50.0,0.833,50.0,
2026-02-25,2026-02,Assembly,,45001L,Mushroom Adapt Tea Bag Sampler Box,Sampler,governed,high,yes,2.0,389,6.833,13.667,56.9,0.949,28.5,
2026-02-25,2026-02,Assembly,,TGB311,ORG Dandelion Dark Roast Tea Bag Goody Bag,Tea,inferred,,yes,1.0,50,0.133,0.133,375.0,6.25,375.0,
2026-02-25,2026-02,Assembly,,TGB322,Dandelion Caramel Nut Tea Bag Goody Bag - A,Tea,inferred,,yes,1.0,50,0.2,0.2,250.0,4.167,250.0,
2026-02-25,2026-02,Assembly,,TGB502,Chaga Ashwaganda Tea Goody Bag,Bag/Other,inferred,,yes,1.0,25,0.083,0.083,300.0,5.0,300.0,
2026-02-25,2026-02,Assembly,,TGB507,ORG Miraculous Mushroom AP Tea Bag Goody Bag,Tea,inferred,,yes,1.0,10,0.033,0.033,300.0,5.0,300.0,
2026-02-25,2026-02,Maisa 1,,40021,ORG Chocolate Mint 25CT Tea Bag - GA,Tea,governed,high,yes,3.0,672,3.6,10.8,186.7,3.111,62.2,
2026-02-25,2026-02,Maisa 1,,40121,DO NOT MAKE ORG Maya Chai 25CT Tea Bag - G,Tea,governed,high,yes,3.0,376,2.15,6.45,174.9,2.915,58.3,
2026-02-25,2026-02,Maisa 1,,42080,ORG Irish Cream 10ct/6pk Tea Bag - G,Tea,inferred,,yes,3.0,1278,2.85,8.55,448.4,7.474,149.5,
2026-02-25,2026-02,Maisa 1,,Clean,Standard Clean,Tea,inferred,,,3.0,0,0.533,1.6,,,,
2026-02-25,2026-02,Maisa 1,,Clean,Standard Clean,Tea,inferred,,,3.0,0,0.367,1.1,,,,
2026-02-25,2026-02,Maisa 1,,Clean,Standard Clean,Tea,inferred,,,3.0,0,0.5,1.5,,,,
2026-02-25,2026-02,Maisa 2+3,,43110,ORG Dandelion Dark Roast 10ct/6pk Tea Bag,Tea,inferred,,yes,5.0,6564,7.833,39.167,838.0,13.966,167.6,
2026-02-25,2026-02,Maisa 2+3,,43110L,Org Dandelion Dark Roast 10 Ct Tea Bag Loose,Tea,governed,high,yes,5.0,720,0.9,4.5,800.0,13.333,160.0,
2026-02-25,2026-02,Maisa 2+3,,Clean,Standard Clean,Tea,inferred,,,5.0,0,1.6,8.0,,,,
2026-02-25,2026-02,WeighRight,,60110,ORG French Roast 5 Lb Bag - G,Bag/Other,inferred,,yes,3.0,120,0.883,2.65,135.8,2.264,45.3,
2026-02-25,2026-02,WeighRight,,80110,ORG French Roast 11OZ Bag/6 Count Case - G,Bag/Other,inferred,,yes,3.0,330,5.333,16.0,61.9,1.031,20.6,
2026-02-25,2026-02,WeighRight,,80110A,AMZN Org French Roast 11OZ Bag/Box of 24 - G,Bag/Other,inferred,,yes,3.0,1800,3.333,10.0,540.0,9.0,180.0,
2026-02-26,2026-02,AMS,machine(Amy),10017,ORG Lemon Balm (+8) 1LB Bag - 7-9523910017,Bag/Other,inferred,,yes,4.0,952,7.883,31.533,120.8,2.013,30.2,
2026-02-26,2026-02,AMS,machine(Amy),10201,WWB - ORG Peppermint Leaf - 4 Oz Bag,Bag/Other,inferred,,yes,4.0,276,1.3,5.2,212.3,3.538,53.1,
2026-02-26,2026-02,AMS,machine(Amy),Air clean out,Air Clean out of Machine (no testing necessary),Bag/Other,inferred,,,4.0,0,0.517,2.067,,,,
2026-02-26,2026-02,Assembly,,45001L,Mushroom Adapt Tea Bag Sampler Box,Sampler,governed,high,yes,2.0,398,10.267,20.533,38.8,0.646,19.4,
2026-02-26,2026-02,Assembly,,45031,ORG Lion's Mane Rhodiola 25 Ct Tea Bag - G,Tea,inferred,,yes,1.0,32,8.333,8.333,3.8,0.064,3.8,
2026-02-26,2026-02,Assembly,,insert01,Mailer Insert for Healthcare Practitioner Insert,Bag/Other,inferred,,yes,1.0,90,2.433,2.433,37.0,0.616,37.0,
2026-02-26,2026-02,Maisa 1,,42061,ORG Maple Pecan 25CT Tea Bag - GA,Tea,governed,high,yes,3.0,552,3.05,9.15,181.0,3.016,60.3,
2026-02-26,2026-02,Maisa 1,,48003,WWB ORG Lemon Balm 25ct Tea Bag 2.25g,Tea,inferred,,yes,3.0,792,6.0,18.0,132.0,2.2,44.0,
2026-02-26,2026-02,Maisa 1,,CleanGA,Clean + Gluten + Allergen Tests,Tea,inferred,,,3.0,0,0.7,2.1,,,,
2026-02-26,2026-02,Maisa 2+3,,46010,ORG Dark Chocolate 10 Ct Tea Bag/6 Count Case,Tea,inferred,,yes,5.0,2760,3.8,19.0,726.3,12.105,145.3,
2026-02-26,2026-02,Maisa 2+3,,46010L,ORG Dark Chocolate 10 Ct Tea Bag/36 Count Box,Tea,governed,high,yes,5.0,936,1.85,9.25,505.9,8.432,101.2,
2026-02-26,2026-02,Maisa 2+3,,46011,ORG Dark Chocolate 25 Ct Tea Bag,Tea,governed,high,yes,5.0,1200,3.5,17.5,342.9,5.714,68.6,
2026-02-26,2026-02,Maisa 2+3,,TB601,ORG Dark Chocolate Loose Tea Bag,Tea bag (intermediate),item-code,,yes,2.0,7000,0.917,1.833,7636.4,127.273,3818.2,
2026-02-26,2026-02,WeighRight,,56010,Dark Chocolate 30g Trial Size Packet,Bag/Other,inferred,,yes,3.0,1800,3.267,9.8,551.0,9.184,183.7,
2026-02-26,2026-02,WeighRight,,60030,ORG Almond Amaretto 5 Lb Bag - GA,Bag/Other,inferred,,yes,3.0,40,0.483,1.45,82.8,1.379,27.6,
2026-02-26,2026-02,WeighRight,,66010,ORG Dark Chocolate 5 Lb Bag,Bag/Other,inferred,,yes,3.0,20,0.267,0.8,75.0,1.25,25.0,
2026-02-26,2026-02,WeighRight,,80110,ORG French Roast 11OZ Bag/6 Count Case - G,Bag/Other,inferred,,yes,3.0,139,0.983,2.95,141.4,2.356,47.1,
2026-02-26,2026-02,WeighRight,,85070L,ORG Miraculous Mushrooms 10oz Bag/Box of 24,Bag/Other,inferred,,yes,3.0,779,1.9,5.7,410.0,6.833,136.7,
2026-02-26,2026-02,WeighRight,,86010L,ORG Dark Chocolate 10 Oz Bag/Box of 24,Bag/Other,inferred,,yes,3.0,288,1.15,3.45,250.4,4.174,83.5,
2026-02-26,2026-02,WeighRight,,Clean,Standard Clean,Bag/Other,inferred,,,3.0,0,0.483,1.45,,,,
2026-02-26,2026-02,WeighRight,,Clean,Standard Clean,Bag/Other,inferred,,,3.0,0,0.283,0.85,,,,
2026-02-26,2026-02,WeighRight,,CleanGA,Clean + Gluten + Allergen Tests,Bag/Other,inferred,,,3.0,0,1.05,3.15,,,,
2026-02-27,2026-02,Maisa 2+3,,43220,ORG Dandelion Caramel Nut 10ct/6pk Tea Bag - A,Tea,inferred,,yes,5.0,8280,9.917,49.583,835.0,13.916,167.0,
2026-02-27,2026-02,Maisa 2+3,,Clean,Standard Clean,Tea,inferred,,,5.0,0,0.267,1.333,,,,
2026-03-02,2026-03,AMS,machine(Amy),10008,"Org Rooibos, 8 Oz Bag",Bag/Other,inferred,,yes,4.0,12,0.15,0.6,80.0,1.333,20.0,
2026-03-02,2026-03,AMS,machine(Amy),10201,WWB - ORG Peppermint Leaf - 4 Oz Bag,Bag/Other,inferred,,yes,4.0,1524,6.533,26.133,233.3,3.888,58.3,
2026-03-02,2026-03,AMS,machine(Amy),10202,ORG Peppermint 1 Lb Bag,Bag/Other,inferred,,yes,4.0,280,2.417,9.667,115.9,1.931,29.0,
2026-03-02,2026-03,AMS,machine(Amy),Air clean out,Air Clean out of Machine (no testing necessary),Bag/Other,inferred,,,4.0,0,0.95,3.8,,,,
2026-03-02,2026-03,Assembly,,45001,Mushroom Adaptogen TB Sampler Box - 6 Count Case - G,Sampler,inferred,,yes,4.0,129,7.733,30.933,16.7,0.278,4.2,
2026-03-02,2026-03,Assembly,,45001L,Mushroom Adapt Tea Bag Sampler Box,Sampler,governed,high,yes,2.0,174,2.583,5.167,67.4,1.123,33.7,
2026-03-02,2026-03,Assembly,,45031,ORG Lion's Mane Rhodiola 25 Ct Tea Bag - G,Tea,inferred,,yes,1.0,104,3.983,3.983,26.1,0.435,26.1,
2026-03-02,2026-03,Assembly,,80013,ORG Vanilla Nut 11oz Bag 3PK - GA,Bag/Other,inferred,,yes,1.0,32,0.95,0.95,33.7,0.561,33.7,
2026-03-02,2026-03,Maisa 1,,48003,WWB ORG Lemon Balm 25ct Tea Bag 2.25g,Tea,inferred,,yes,3.0,960,5.517,16.55,174.0,2.9,58.0,
2026-03-02,2026-03,Maisa 1,,48004,WWB ORG French Chicory 25ct Tea Bag,Tea,inferred,,yes,3.0,528,3.75,11.25,140.8,2.347,46.9,
2026-03-02,2026-03,Maisa 1,,Clean,Standard Clean,Tea,inferred,,,3.0,0,0.733,2.2,,,,
2026-03-02,2026-03,Maisa 2+3,,43220,ORG Dandelion Caramel Nut 10ct/6pk Tea Bag - A,Tea,inferred,,yes,5.0,2760,3.117,15.583,885.6,14.759,177.1,
2026-03-02,2026-03,Maisa 2+3,,43220L,Org Dandelion Caramel Nut 10 Ct Tea Bag Loose - A,Tea,governed,high,yes,5.0,864,1.117,5.583,773.7,12.896,154.7,
2026-03-02,2026-03,Maisa 2+3,,43221,ORG Dandelion Caramel Nut 25CT Tea Bag - A,Tea,governed,high,yes,5.0,1200,4.2,21.0,285.7,4.762,57.1,
2026-03-02,2026-03,Maisa 2+3,,43224,ORG Dandelion Caramel Nut 10CT Tea Bag 4PK X0019VIU9N,Tea,inferred,,yes,5.0,160,0.85,4.25,188.2,3.137,37.6,
2026-03-02,2026-03,Maisa 2+3,,CleanA,Clean + Allergen Tests,Tea,inferred,,,5.0,0,4.733,23.667,,,,
2026-03-02,2026-03,Maisa 2+3,,NTB3220,Dandelion Caramel Nut Tagless 6g Tea Bag - A,Tea bag (intermediate),item-code,,yes,2.0,38000,9.5,19.0,4000.0,66.667,2000.0,
2026-03-02,2026-03,Maisa 2+3,,NTB3220,Dandelion Caramel Nut Tagless 6g Tea Bag - A,Tea bag (intermediate),item-code,,yes,2.0,4000,1.0,2.0,4000.0,66.667,2000.0,
2026-03-02,2026-03,Maisa 2+3,,TB322,ORG Dandelion Caramel Nut Tea Bag - A,Tea bag (intermediate),item-code,,yes,2.0,3000,0.75,1.5,4000.0,66.667,2000.0,
2026-03-02,2026-03,WeighRight,,53110,Dandelion Dark Roast 30g Trial Size Packet,APG,governed,high,yes,3.0,1665,3.133,9.4,531.4,8.856,177.1,
2026-03-02,2026-03,WeighRight,,55020,Chaga Ashwagandha 30g Trial Size Packet,Bag/Other,inferred,,yes,3.0,1175,2.117,6.35,555.1,9.252,185.0,
2026-03-02,2026-03,WeighRight,,83110L,ORG Dandelion Dark Roast 10 oz Bag/Box of 24,APG,governed,high,yes,3.0,720,1.483,4.45,485.4,8.09,161.8,
2026-03-02,2026-03,WeighRight,,86010,ORG Dark Chocolate 10 Oz Bag/6 Count Case,Bag/Other,inferred,,yes,3.0,69,0.967,2.9,71.4,1.19,23.8,
2026-03-02,2026-03,WeighRight,,86010L,ORG Dark Chocolate 10 Oz Bag/Box of 24,Bag/Other,inferred,,yes,3.0,624,1.133,3.4,550.6,9.176,183.5,
2026-03-02,2026-03,WeighRight,,Air Clean Out,Air Clean out of Machine (no testing necessary),Bag/Other,inferred,,,3.0,0,0.533,1.6,,,,
2026-03-02,2026-03,WeighRight,,Clean,Standard Clean,Bag/Other,inferred,,,3.0,0,0.8,2.4,,,,
2026-03-03,2026-03,AMS,machine(Amy),10008,"Org Rooibos, 8 Oz Bag",Bag/Other,inferred,,yes,4.0,423,1.5,6.0,282.0,4.7,70.5,
2026-03-03,2026-03,AMS,machine(Amy),10013,"ORG Hibisicus, 8 Oz Bag",Bag/Other,inferred,,yes,4.0,792,4.9,19.6,161.6,2.694,40.4,
2026-03-03,2026-03,AMS,machine(Amy),10045,AMZN- WWB-ORG Rooibos - 1 Lb Bag,Bag/Other,inferred,,yes,4.0,600,3.333,13.333,180.0,3.0,45.0,
2026-03-03,2026-03,AMS,machine(Amy),Air clean out,Air Clean out of Machine (no testing necessary),Bag/Other,inferred,,,4.0,0,0.4,1.6,,,,
2026-03-03,2026-03,Assembly,,40097,Teecino Tea Bag 12 Flavor Sampler,Sampler,governed,high,yes,1.0,30,1.7,1.7,17.6,0.294,17.6,
2026-03-03,2026-03,Assembly,,45001,Mushroom Adaptogen TB Sampler Box - 6 Count Case - G,Sampler,inferred,,yes,2.0,67,10.3,20.6,6.5,0.108,3.3,
2026-03-03,2026-03,Assembly,,45031,ORG Lion's Mane Rhodiola 25 Ct Tea Bag - G,Tea,inferred,,yes,1.0,128,3.933,3.933,32.5,0.542,32.5,
2026-03-03,2026-03,Maisa 1,,40010,ORG Vanilla Nut 10ct/6pk Tea Bag - GA,Tea,inferred,,yes,3.0,4140,8.917,26.75,464.3,7.738,154.8,
2026-03-03,2026-03,Maisa 1,,48004,WWB ORG French Chicory 25ct Tea Bag,Tea,inferred,,yes,3.0,10,0.383,1.15,26.1,0.435,8.7,
2026-03-03,2026-03,Maisa 1,,Clean,Standard Clean,Tea,inferred,,,3.0,0,0.7,2.1,,,,
2026-03-03,2026-03,Maisa 2+3,,45020,ORG Chaga Ashwagandha 10 Ct Tea Bag/6 Count Case,Tea,inferred,,yes,3.0,4476,8.1,24.3,552.6,9.21,184.2,
2026-03-03,2026-03,Maisa 2+3,,45020F,Chaga Ashwagandha Dual Language 10 cnt TB,Tea,inferred,,yes,3.0,460,3.583,10.75,128.4,2.14,42.8,
2026-03-03,2026-03,Maisa 2+3,,TB322,ORG Dandelion Caramel Nut Tea Bag - A,Tea bag (intermediate),item-code,,yes,2.0,7000,1.45,2.9,4827.6,80.46,2413.8,
2026-03-03,2026-03,WeighRight,,10039A,AMZN Roasted French Chicory 2 X 1 Lb Bag,Bag/Other,inferred,,yes,3.0,1152,4.333,13.0,265.8,4.431,88.6,
2026-03-03,2026-03,WeighRight,,55020,Chaga Ashwagandha 30g Trial Size Packet,Bag/Other,inferred,,yes,3.0,625,1.033,3.1,604.8,10.081,201.6,
2026-03-03,2026-03,WeighRight,,85020,ORG Chaga Ashwagandha 10 Oz Bag/6 Count Case,Bag/Other,inferred,,yes,3.0,230,4.4,13.2,52.3,0.871,17.4,
2026-03-03,2026-03,WeighRight,,Clean,Standard Clean,Bag/Other,inferred,,,3.0,0,0.433,1.3,,,,
2026-03-04,2026-03,AMS,machine(Amy),10013,"ORG Hibisicus, 8 Oz Bag",Bag/Other,inferred,,yes,4.0,648,3.017,12.067,214.8,3.58,53.7,
2026-03-04,2026-03,AMS,machine(Amy),30005L,ORG GF Dandelion Blend 312g Bag,Instant,governed,high,yes,4.0,48,0.5,2.0,96.0,1.6,24.0,
2026-03-04,2026-03,AMS,machine(Amy),30013,Instant Miraculous Mushrooms C+5 135g Bag / 6 Count Case,Instant,inferred,,,4.0,0,,,,,,
2026-03-04,2026-03,AMS,machine(Amy),Different tooling,,Bag/Other,inferred,,,4.0,0,0.717,2.867,,,,
2026-03-04,2026-03,Assembly,,40097,Teecino Tea Bag 12 Flavor Sampler,Sampler,governed,high,yes,1.0,180,3.967,3.967,45.4,0.756,45.4,
2026-03-04,2026-03,Assembly,,45001,Mushroom Adaptogen TB Sampler Box - 6 Count Case - G,Sampler,inferred,,yes,2.0,34,2.967,5.933,11.5,0.191,5.7,
2026-03-04,2026-03,Assembly,,45031,ORG Lion's Mane Rhodiola 25 Ct Tea Bag - G,Tea,inferred,,,1.0,0,3.967,3.967,,,,
2026-03-04,2026-03,Assembly,,45050L,ORG Turkey Tail Astragalus 10-Ct Tea Bag - G,Tea,governed,high,yes,1.0,288,1.733,1.733,166.2,2.769,166.2,
2026-03-04,2026-03,Assembly,,50097,Teeccino 30g Packet 10 Flavor Sampler,Sampler,governed,high,yes,1.0,47,1.15,1.15,40.9,0.681,40.9,
2026-03-04,2026-03,Assembly,,85050,ORG Turkey Tail Astragalus 10 Oz Bag/6 Count Case - G,Bag/Other,inferred,,yes,1.0,20,2.017,2.017,9.9,0.165,9.9,
2026-03-04,2026-03,Maisa 1,,40010,ORG Vanilla Nut 10ct/6pk Tea Bag - GA,Tea,inferred,,yes,3.0,4140,8.917,26.75,464.3,7.738,154.8,
2026-03-04,2026-03,Maisa 1,,43340,ORG Dandelion Coconut 10CT Tea Bag - A,Tea,inferred,,yes,3.0,4140,9.9,29.7,418.2,6.97,139.4,
2026-03-04,2026-03,Maisa 1,,CleanG,Clean + Gluten Test,Tea,inferred,,,3.0,0,0.217,0.65,,,,
2026-03-04,2026-03,Maisa 2+3,,45020,ORG Chaga Ashwagandha 10 Ct Tea Bag/6 Count Case,Tea,inferred,,yes,5.0,4476,8.1,40.5,552.6,9.21,110.5,
2026-03-04,2026-03,Maisa 2+3,,45020L,ORG Chaga Ashwagandha 10-Ct Tea Bag,Tea,governed,high,,5.0,0,,,,,,
2026-03-04,2026-03,Maisa 2+3,,TB502,ORG Chaga Ashwagandha Loose Tea Bag,Tea bag (intermediate),item-code,,yes,4.0,3500,1.85,7.4,1891.9,31.532,473.0,
2026-03-04,2026-03,WeighRight,,10031,Roasted Chicory Root - 1 Lb Bag,Bag/Other,inferred,,yes,3.0,1383,1.817,5.45,761.3,12.688,253.8,
2026-03-04,2026-03,WeighRight,,10039A,AMZN Roasted French Chicory 2 X 1 Lb Bag,Bag/Other,inferred,,yes,3.0,120,1.617,4.85,74.2,1.237,24.7,
2026-03-04,2026-03,WeighRight,,55030,Lion's Mane Rhodiola 30g Trial Size Packet - G,APG,governed,high,yes,3.0,1800,3.833,11.5,469.6,7.826,156.5,
2026-03-04,2026-03,WeighRight,,Air Clean Out,Air Clean out of Machine (no testing necessary),Bag/Other,inferred,,,3.0,0,0.483,1.45,,,,
2026-03-04,2026-03,WeighRight,,Clean,Standard Clean,Bag/Other,inferred,,,3.0,0,10.983,32.95,,,,
2026-03-04,2026-03,WeighRight,,Clean,Standard Clean,Bag/Other,inferred,,,3.0,0,0.583,1.75,,,,
2026-03-04,2026-03,WeighRight,,Handpack Instant,,Bag/Other,inferred,,,3.0,0,1.833,5.5,,,,
2026-03-05,2026-03,AMS,machine(Amy),30005L,ORG GF Dandelion Blend 312g Bag,Instant,governed,high,yes,4.0,912,9.25,37.0,98.6,1.643,24.6,
2026-03-05,2026-03,AMS,machine(Amy),30010,Instant Hazelnut 100g Bag / 6 Count Case - G,Instant,inferred,,yes,4.0,40,1.683,6.733,23.8,0.396,5.9,
2026-03-05,2026-03,AMS,machine(Amy),30010L,ORG Instant Hazelnut 100g Bag - G,Instant,governed,high,,4.0,0,,,,,,
2026-03-05,2026-03,AMS,machine(Amy),30013L,ORG Miraculous Mushrooms Cacao 135g Bag,Bag/Other,inferred,,yes,4.0,630,3.25,13.0,193.8,3.231,48.5,
2026-03-05,2026-03,AMS,machine(Amy),30013L,ORG Miraculous Mushrooms Cacao 135g Bag,Bag/Other,inferred,,yes,4.0,270,1.1,4.4,245.5,4.091,61.4,
2026-03-05,2026-03,AMS,machine(Amy),31007,ORG Instant Miraculous Mushrooms AP Latte 6Ct Case ,Instant,inferred,,yes,4.0,114,2.517,10.067,45.3,0.755,11.3,
2026-03-05,2026-03,AMS,unknown,CleanG,Clean + Gluten Test,Bag/Other,inferred,,,,0,2.1,,,,,
2026-03-05,2026-03,Assembly,,43371,ORG Blueberry Vanilla 25-Ct Tea Bag,Tea,inferred,,yes,1.0,120,2.667,2.667,45.0,0.75,45.0,
2026-03-05,2026-03,Assembly,,45001,Mushroom Adaptogen TB Sampler Box - 6 Count Case - G,Sampler,inferred,,yes,1.0,35,2.017,2.017,17.4,0.289,17.4,
2026-03-05,2026-03,Assembly,,45031,ORG Lion's Mane Rhodiola 25 Ct Tea Bag - G,Tea,inferred,,,1.0,0,18.967,18.967,,,,
2026-03-05,2026-03,Assembly,,45050L,ORG Turkey Tail Astragalus 10-Ct Tea Bag - G,Tea,governed,high,yes,1.0,88,18.933,18.933,4.6,0.077,4.6,
2026-03-05,2026-03,Assembly,,insert01,Mailer Insert for Healthcare Practitioner Insert,Bag/Other,inferred,,yes,2.0,479,3.333,6.667,143.7,2.395,71.9,
2026-03-05,2026-03,Maisa 1,,43340L,Org Dandelion Coconut 10 Ct Tea Bag Loose - A,Tea,governed,high,yes,3.0,612,1.317,3.95,464.8,7.747,154.9,
2026-03-05,2026-03,Maisa 1,,43341,Dandelion Coconut 25 Count Tea Bag - A,Tea,governed,high,yes,3.0,816,4.7,14.1,173.6,2.894,57.9,
2026-03-05,2026-03,Maisa 1,,TB334,ORG Dandelion Coconut Tea Bag - A,Tea bag (intermediate),item-code,,yes,3.0,18350,3.767,11.3,4871.7,81.195,1623.9,
2026-03-05,2026-03,Maisa 2+3,,40010A,AMZN Org Vanilla Nut 10 Ct Tea Bag Loose - GA,Tea,inferred,,yes,5.0,360,0.667,3.333,540.0,9.0,108.0,
2026-03-05,2026-03,Maisa 2+3,,40011,ORG Vanila Nut 25CT Tea Bag - GA,Tea,governed,high,yes,5.0,432,1.433,7.167,301.4,5.023,60.3,
2026-03-05,2026-03,Maisa 2+3,,40013,ORG Vanila Nut 25CT Tea Bag 3PK - GA,Tea,inferred,,yes,5.0,120,1.783,8.917,67.3,1.121,13.5,
2026-03-05,2026-03,Maisa 2+3,,40060,ORG Hazelnut 10ct/6pk Tea Bag - GA,Tea,inferred,,yes,5.0,1380,1.883,9.417,732.7,12.212,146.5,
2026-03-05,2026-03,Maisa 2+3,,Clean,Standard Clean,Tea,inferred,,,5.0,0,0.417,2.083,,,,
2026-03-05,2026-03,Maisa 2+3,,Clean,Standard Clean,Tea,inferred,,,5.0,0,12.783,63.917,,,,
2026-03-05,2026-03,Maisa 2+3,,TB010,ORG Vanilla Nut Tea Bag Loose - GA,Tea bag (intermediate),item-code,,yes,4.0,14000,1.933,7.733,7241.4,120.69,1810.3,
2026-03-05,2026-03,Maisa 2+3,,TB502,ORG Chaga Ashwagandha Loose Tea Bag,Tea bag (intermediate),item-code,,yes,4.0,10500,0.767,3.067,13695.7,228.261,3423.9,
2026-03-05,2026-03,WeighRight,,Handpack Instant,,Bag/Other,inferred,,,3.0,0,10.333,31.0,,,,
2026-03-09,2026-03,AMS,machine(Amy),10005A,WWB AMZN Organic Chia (1lb),Bag/Other,inferred,,yes,4.0,280,1.533,6.133,182.6,3.043,45.7,
2026-03-09,2026-03,AMS,machine(Amy),31005,ORG Instant Dandelion Blend Latte 6Ct Case,Instant,inferred,,yes,4.0,6,0.133,0.533,45.0,0.75,11.2,
2026-03-09,2026-03,AMS,machine(Amy),31005,ORG Instant Dandelion Blend Latte 6Ct Case,Instant,inferred,,yes,4.0,120,0.583,2.333,205.7,3.429,51.4,
2026-03-09,2026-03,AMS,machine(Amy),31005L,ORG GF Instant Dandelion Latte 224g Bag,Instant,governed,high,yes,4.0,1026,4.067,16.267,252.3,4.205,63.1,
2026-03-09,2026-03,AMS,machine(Amy),31007,ORG Instant Miraculous Mushrooms AP Latte 6Ct Case ,Instant,inferred,,yes,4.0,6,0.167,0.667,36.0,0.6,9.0,
2026-03-09,2026-03,AMS,machine(Amy),31007L,ORG Instant Miraculous Mushrooms AP Latte 224g Bag,Instant,governed,high,yes,4.0,932,3.033,12.133,307.3,5.121,76.8,
2026-03-09,2026-03,AMS,handpack,43226,Dandelion Caramel Nut Tagless Tea Bag - 50 Ct - A,Tea,governed,high,yes,1.0,192,4.95,4.95,38.8,0.646,38.8,
2026-03-09,2026-03,Assembly,,80080A,AMZN Org Mocha 11OZ Bag/Box of 24 - GA,Bag/Other,inferred,,yes,1.0,144,1.283,1.283,112.2,1.87,112.2,
2026-03-09,2026-03,Assembly,,insert01,Mailer Insert for Healthcare Practitioner Insert,Bag/Other,inferred,,yes,1.0,265,10.333,10.333,25.6,0.427,25.6,
2026-03-09,2026-03,Maisa 1,,40030L,ORG Almond Amaretto 10ct Tea Bag Individual Unit- GA,Tea,governed,high,yes,3.0,720,1.517,4.55,474.7,7.912,158.2,
2026-03-09,2026-03,Maisa 1,,40031,ORG Almond Amaretto 25CT Tea Bag - GA,Tea,governed,high,yes,3.0,624,3.2,9.6,195.0,3.25,65.0,
2026-03-09,2026-03,Maisa 1,,48003,WWB ORG Lemon Balm 25ct Tea Bag 2.25g,Tea,inferred,,yes,3.0,240,2.867,8.6,83.7,1.395,27.9,
2026-03-09,2026-03,Maisa 1,,Clean,Standard Clean,Tea,inferred,,,3.0,0,0.517,1.55,,,,
2026-03-09,2026-03,Maisa 1,,Clean,Standard Clean,Tea,inferred,,,3.0,0,0.6,1.8,,,,
2026-03-09,2026-03,Maisa 1,,TB030,ORG Almond Amaretto Tea Bag - GA,Tea bag (intermediate),item-code,,yes,3.0,5000,1.633,4.9,3061.2,51.02,1020.4,
2026-03-09,2026-03,Maisa 2+3,,40060,ORG Hazelnut 10ct/6pk Tea Bag - GA,Tea,inferred,,yes,5.0,2760,3.183,15.917,867.0,14.45,173.4,
2026-03-09,2026-03,Maisa 2+3,,40061,ORG Hazelnut 25CT Tea Bag - GA,Tea,governed,high,yes,5.0,1200,3.667,18.333,327.3,5.455,65.5,
2026-03-09,2026-03,Maisa 2+3,,TB060,ORG Hazelnut Tea Bag Loose - GA,Tea bag (intermediate),item-code,,yes,4.0,24500,3.133,12.533,7819.1,130.319,1954.8,
2026-03-09,2026-03,WeighRight,,65010,ORG Reishi Eleuthero 5 Lb Bag - G,APG,governed,high,yes,3.0,28,0.417,1.25,67.2,1.12,22.4,
2026-03-09,2026-03,WeighRight,,80030A,AMZN Org Almond Amaretto 11OZ Bag/Box of 24 - GA,Bag/Other,inferred,,yes,3.0,960,2.417,7.25,397.2,6.621,132.4,
2026-03-09,2026-03,WeighRight,,80033,ORG Almond Amaretto 11OZ Bag 3PK - GA,Bag/Other,inferred,,yes,3.0,240,1.317,3.95,182.3,3.038,60.8,
2026-03-09,2026-03,WeighRight,,85010L,ORG Reishi Eleuthero 10 Oz Bag/Box of 24 - G,APG,governed,high,yes,3.0,488,1.167,3.5,418.3,6.971,139.4,
2026-03-09,2026-03,WeighRight,,Clean,Standard Clean,Bag/Other,inferred,,,3.0,0,0.567,1.7,,,,
2026-03-09,2026-03,WeighRight,,Handpack Instant,,Bag/Other,inferred,,,3.0,0,10.333,31.0,,,,
2026-03-10,2026-03,AMS,machine(Amy),10005A,WWB AMZN Organic Chia (1lb),Bag/Other,inferred,,yes,4.0,1681,6.033,24.133,278.6,4.644,69.7,
2026-03-10,2026-03,AMS,machine(Amy),10101,WWB - ORG Medium Roasted Carob Flour - 1 Lb Bag,Bag/Other,inferred,,yes,4.0,600,3.517,14.067,170.6,2.844,42.7,
2026-03-10,2026-03,AMS,handpack,43226,Dandelion Caramel Nut Tagless Tea Bag - 50 Ct - A,Tea,governed,high,yes,1.0,324,4.95,4.95,65.5,1.091,65.5,
2026-03-10,2026-03,AMS,unknown,clean,Standard Clean,Bag/Other,inferred,,,,0,0.617,,,,,
2026-03-10,2026-03,Assembly,,40001,Herbal Tea Sampler Box - 6 Count Case,Sampler,inferred,,yes,2.0,30,4.617,9.233,6.5,0.108,3.2,
2026-03-10,2026-03,Assembly,,insert01,Mailer Insert for Healthcare Practitioner Insert,Bag/Other,inferred,,yes,2.0,435,10.383,20.767,41.9,0.698,20.9,
2026-03-10,2026-03,Maisa 1,,40051,Org English Toffee 25-Ct Tea Bag - GA,Tea,inferred,,yes,3.0,600,3.417,10.25,175.6,2.927,58.5,
2026-03-10,2026-03,Maisa 1,,45071,ORG Miraculous Mushroom A&P 25 Ct Tea Bag,Tea,inferred,,yes,3.0,528,2.817,8.45,187.5,3.124,62.5,
2026-03-10,2026-03,Maisa 1,,48003,WWB ORG Lemon Balm 25ct Tea Bag 2.25g,Tea,inferred,,yes,3.0,384,2.767,8.3,138.8,2.313,46.3,
2026-03-10,2026-03,Maisa 1,,Clean,Standard Clean,Tea,inferred,,,3.0,0,0.4,1.2,,,,
2026-03-10,2026-03,Maisa 1,,CleanGA,Clean + Gluten + Allergen Tests,Tea,inferred,,,3.0,0,0.6,1.8,,,,
2026-03-10,2026-03,Maisa 2+3,,43081,ORG Dandelion Mocha 25CT Tea Bag - A,Tea,governed,high,yes,5.0,624,1.717,8.583,363.5,6.058,72.7,
2026-03-10,2026-03,Maisa 2+3,,43310L,Org Dandelion Mocha Mint 10 Ct Tea Bag Loose - A,Tea,governed,high,yes,5.0,2102,2.4,12.0,875.8,14.597,175.2,
2026-03-10,2026-03,Maisa 2+3,,43311F,ORG Dandelion Mocha Mint DL 25CT Tea Bag AMZN (24pk) - A,Tea,inferred,,,5.0,96,,,,,,
2026-03-10,2026-03,Maisa 2+3,,45030,ORG Lion's Mane Rhodiola 10 Ct Tea Bag/6 Count Case - G,Tea,inferred,,yes,5.0,1380,2.3,11.5,600.0,10.0,120.0,
2026-03-10,2026-03,Maisa 2+3,,45030L,ORG Lion's Mane Rhodiola 10-Ct Tea Bag - G,Tea,inferred,,yes,5.0,692,0.783,3.917,883.4,14.723,176.7,
2026-03-10,2026-03,Maisa 2+3,,Clean,Standard Clean,Tea,inferred,,,5.0,0,0.367,1.833,,,,
2026-03-10,2026-03,Maisa 2+3,,CleanA,Clean + Allergen Tests,Tea,inferred,,,5.0,0,0.2,1.0,,,,
2026-03-10,2026-03,Maisa 2+3,,CleanG,Clean + Gluten Test,Tea,inferred,,,5.0,0,0.4,2.0,,,,
2026-03-10,2026-03,Maisa 2+3,,TB060,ORG Hazelnut Tea Bag Loose - GA,Tea bag (intermediate),item-code,,yes,4.0,7500,0.767,3.067,9782.6,163.043,2445.7,
2026-03-10,2026-03,Maisa 2+3,,TB308,ORG Dandelion Mocha Tea Bag - A,Tea bag (intermediate),item-code,,yes,4.0,8000,0.717,2.867,11162.8,186.047,2790.7,
2026-03-10,2026-03,WeighRight,,50010,ORG Vanilla Nut 30g Trial Size Packet - GA,Bag/Other,inferred,,yes,3.0,1800,2.967,8.9,606.7,10.112,202.2,
2026-03-10,2026-03,WeighRight,,80010,ORG Vanilla Nut 11oz Bag/6 Count Case - GA,Bag/Other,inferred,,yes,3.0,230,3.283,9.85,70.1,1.168,23.4,
2026-03-10,2026-03,WeighRight,,80010A,AMZN Org Vanilla Nut 11OZ Bag/Box of 24 - GA,Bag/Other,inferred,,yes,3.0,1440,3.2,9.6,450.0,7.5,150.0,
2026-03-10,2026-03,WeighRight,,80030A,AMZN Org Almond Amaretto 11OZ Bag/Box of 24 - GA,Bag/Other,inferred,,yes,3.0,336,0.35,1.05,960.0,16.0,320.0,
2026-03-10,2026-03,WeighRight,,Air Clean Out,Air Clean out of Machine (no testing necessary),Bag/Other,inferred,,,3.0,0,0.267,0.8,,,,
2026-03-11,2026-03,AMS,machine(Amy),10061A,AMZN - WWB - ORG Date Sugar - 1 Lb,Bag/Other,inferred,,yes,4.0,336,2.05,8.2,163.9,2.732,41.0,
2026-03-11,2026-03,AMS,machine(Amy),10101,WWB - ORG Medium Roasted Carob Flour - 1 Lb Bag,Bag/Other,inferred,,yes,4.0,840,3.133,12.533,268.1,4.468,67.0,
2026-03-11,2026-03,AMS,machine(Amy),10102,WWB - ORG Medium Roasted Carob 1 Lb x 2,Bag/Other,inferred,,yes,4.0,144,1.033,4.133,139.4,2.323,34.8,
2026-03-11,2026-03,AMS,handpack,43226,Dandelion Caramel Nut Tagless Tea Bag - 50 Ct - A,Tea,governed,high,yes,3.0,369,7.133,21.4,51.7,0.862,17.2,
2026-03-11,2026-03,AMS,machine(Amy),Different tooling,,Bag/Other,inferred,,,4.0,0,0.3,1.2,,,,
2026-03-11,2026-03,AMS,machine(Amy),Handpack,,Bag/Other,inferred,,,4.0,0,0.633,2.533,,,,
2026-03-11,2026-03,Assembly,,40001,Herbal Tea Sampler Box - 6 Count Case,Sampler,inferred,,yes,2.0,70,10.3,20.6,6.8,0.113,3.4,
2026-03-11,2026-03,Assembly,,43111F,ORG Dandelion Dark Roast DL 25CT Tea Bag AMZN (24pk),Tea,inferred,,yes,1.0,120,1.517,1.517,79.1,1.319,79.1,
2026-03-11,2026-03,Assembly,,49011,25 Count Variety Pack (CM/CH/PDC),Bundle,inferred,,yes,1.0,90,2.7,2.7,33.3,0.556,33.3,
2026-03-11,2026-03,Assembly,,insert01,Mailer Insert for Healthcare Practitioner Insert,Bag/Other,inferred,,yes,1.0,226,5.883,5.883,38.4,0.64,38.4,
2026-03-11,2026-03,Maisa 1,,43370F,Dandelion Blueberry Vanilla Dual Language 10 cnt TB,Tea,inferred,,yes,3.0,363,5.133,15.4,70.7,1.179,23.6,
2026-03-11,2026-03,Maisa 1,,45071,ORG Miraculous Mushroom A&P 25 Ct Tea Bag,Tea,inferred,,yes,3.0,537,3.083,9.25,174.2,2.903,58.1,
2026-03-11,2026-03,Maisa 1,,Clean,Standard Clean,Tea,inferred,,,3.0,0,0.45,1.35,,,,
2026-03-11,2026-03,Maisa 1,,TB337,ORG Blueberry Vanilla Tea Bag,Tea bag (intermediate),item-code,,yes,3.0,6000,1.417,4.25,4235.3,70.588,1411.8,
2026-03-11,2026-03,Maisa 2+3,,40081,ORG Mocha 25CT Tea Bag - GA,Tea,governed,high,yes,3.0,984,5.3,15.9,185.7,3.094,61.9,
2026-03-11,2026-03,Maisa 2+3,,42040,ORG Snickerdoodle 10ct/6pk Tea Bag - GA,Tea,inferred,,yes,5.0,3300,3.783,18.917,872.2,14.537,174.4,
2026-03-11,2026-03,Maisa 2+3,,Clean,Standard Clean,Tea,inferred,,,5.0,0,0.383,1.917,,,,
2026-03-11,2026-03,Maisa 2+3,,Clean,Standard Clean,Tea,inferred,,,5.0,0,0.517,2.583,,,,
2026-03-11,2026-03,Maisa 2+3,,NTB0080,Mocha Tagless 6g Tea Bag - GA,Tea bag (intermediate),item-code,,yes,2.0,30000,5.667,11.333,5294.1,88.235,2647.1,
2026-03-11,2026-03,WeighRight,,80010,ORG Vanilla Nut 11oz Bag/6 Count Case - GA,Bag/Other,inferred,,yes,3.0,276,3.3,9.9,83.6,1.394,27.9,
2026-03-11,2026-03,WeighRight,,80040L,ORG Blood Orange 11OZ Bag/Box of 24 - GA,Bag/Other,inferred,,yes,3.0,288,6.417,19.25,44.9,0.748,15.0,
2026-03-11,2026-03,WeighRight,,Air Clean Out,Air Clean out of Machine (no testing necessary),Bag/Other,inferred,,,3.0,0,0.367,1.1,,,,
2026-03-12,2026-03,AMS,machine(Amy),10061A,AMZN - WWB - ORG Date Sugar - 1 Lb,Bag/Other,inferred,,yes,4.0,1195,6.467,25.867,184.8,3.08,46.2,
2026-03-12,2026-03,AMS,handpack,30009,Instant Vanilla Nut 100g Bag / 6 Count Case - G,Instant,inferred,,yes,3.0,60,2.817,8.45,21.3,0.355,7.1,
2026-03-12,2026-03,AMS,handpack,40086,Mocha Tagless Tea Bag - 50 Ct - GA,Tea,governed,high,yes,2.0,372,7.1,14.2,52.4,0.873,26.2,
2026-03-12,2026-03,AMS,unknown,Different tooling,,Bag/Other,inferred,,,,0,0.367,,,,,
2026-03-12,2026-03,Assembly,,40001,Herbal Tea Sampler Box - 6 Count Case,Sampler,inferred,,yes,2.0,83,10.3,20.6,8.1,0.134,4.0,
2026-03-12,2026-03,Assembly,,49011,25 Count Variety Pack (CM/CH/PDC),Bundle,inferred,,yes,1.0,6,1.917,1.917,3.1,0.052,3.1,
2026-03-12,2026-03,Assembly,,49999,Teeccino Herbal Tea Shipper,Bag/Other,inferred,,yes,1.0,2,0.75,0.75,2.7,0.044,2.7,
2026-03-12,2026-03,Maisa 1,,43310,ORG Dandelion Mocha Mint 10CT Tea Bag - A,Tea,inferred,,yes,3.0,1818,4.333,13.0,419.5,6.992,139.8,
2026-03-12,2026-03,Maisa 1,,Clean,Standard Clean,Tea,inferred,,,3.0,0,0.45,1.35,,,,
2026-03-12,2026-03,Maisa 1,,TB331,ORG Dandelion Mocha Mint Tea Bag - A,Tea bag (intermediate),item-code,,yes,3.0,18000,3.8,11.4,4736.8,78.947,1578.9,
2026-03-12,2026-03,Maisa 1,,TB337,ORG Blueberry Vanilla Tea Bag,Tea bag (intermediate),item-code,,yes,3.0,5000,1.25,3.75,4000.0,66.667,1333.3,
2026-03-12,2026-03,Maisa 2+3,,40081,ORG Mocha 25CT Tea Bag - GA,Tea,governed,high,yes,5.0,216,0.6,3.0,360.0,6.0,72.0,
2026-03-12,2026-03,Maisa 2+3,,43110,ORG Dandelion Dark Roast 10ct/6pk Tea Bag,Tea,inferred,,yes,5.0,1926,2.85,14.25,675.8,11.263,135.2,
2026-03-12,2026-03,Maisa 2+3,,45020F,Chaga Ashwagandha Dual Language 10 cnt TB,Tea,inferred,,yes,5.0,256,2.467,12.333,103.8,1.73,20.8,
2026-03-12,2026-03,Maisa 2+3,,CLEAN,Standard Clean,Tea,inferred,,,5.0,0,0.1,0.5,,,,
2026-03-12,2026-03,Maisa 2+3,,Clean,Standard Clean,Tea,inferred,,,5.0,0,0.35,1.75,,,,
2026-03-12,2026-03,Maisa 2+3,,TB502,ORG Chaga Ashwagandha Loose Tea Bag,Tea bag (intermediate),item-code,,yes,4.0,28000,3.5,14.0,8000.0,133.333,2000.0,
2026-03-12,2026-03,WeighRight,,10051,ORG Roasted Chicory Root - 1 Lb Bag,Bag/Other,inferred,,yes,3.0,300,0.867,2.6,346.2,5.769,115.4,
2026-03-12,2026-03,WeighRight,,80040L,ORG Blood Orange 11OZ Bag/Box of 24 - GA,Bag/Other,inferred,,yes,3.0,7080,8.167,24.5,866.9,14.449,289.0,
2026-03-12,2026-03,WeighRight,,Clean,Standard Clean,Bag/Other,inferred,,,3.0,0,0.8,2.4,,,,
2026-03-13,2026-03,AMS,handpack,31009L,ORG Instant Vanilla Nut Latte 224g Bag,Instant,governed,high,yes,3.0,840,5.5,16.5,152.7,2.545,50.9,
2026-03-16,2026-03,AMS,handpack,10001A,Sage 2 Oz Bags AMZN,Bag/Other,inferred,,yes,1.0,183,5.917,5.917,30.9,0.515,30.9,
2026-03-16,2026-03,AMS,machine(Amy),30012,Instant Dandelion Blend 100g Bag / 6 Count Case,Instant,inferred,,yes,4.0,160,4.133,16.533,38.7,0.645,9.7,
2026-03-16,2026-03,AMS,machine(Amy),30012L,ORG GF Dandelion Blend 100g Bag,Bag/Other,inferred,,yes,4.0,180,0.5,2.0,360.0,6.0,90.0,
2026-03-16,2026-03,AMS,handpack,40086,Mocha Tagless Tea Bag - 50 Ct - GA,Tea,governed,high,yes,2.0,211,1.767,3.533,119.4,1.991,59.7,
2026-03-16,2026-03,Assembly,,40001,Herbal Tea Sampler Box - 6 Count Case,Sampler,inferred,,yes,1.0,27,4.967,4.967,5.4,0.091,5.4,
2026-03-16,2026-03,Maisa 1,,40071,ORG Java 25CT Tea Bag - GA,Tea,governed,high,yes,3.0,432,1.45,4.35,297.9,4.966,99.3,
2026-03-16,2026-03,Maisa 1,,43310,ORG Dandelion Mocha Mint 10CT Tea Bag - A,Tea,inferred,,yes,3.0,2268,4.967,14.9,456.6,7.611,152.2,
2026-03-16,2026-03,Maisa 1,,CLEAN,Standard Clean,Tea,inferred,,,3.0,0,0.517,1.55,,,,
2026-03-16,2026-03,Maisa 1,,Clean,Standard Clean,Tea,inferred,,,3.0,0,0.45,1.35,,,,
2026-03-16,2026-03,Maisa 1,,TB020,ORG Chocolate Mint Tea Bag - GA,Tea bag (intermediate),item-code,,yes,3.0,11,2.533,7.6,4.3,0.072,1.4,
2026-03-16,2026-03,Maisa 2+3,,43110,ORG Dandelion Dark Roast 10ct/6pk Tea Bag,Tea,inferred,,yes,5.0,3594,7.55,37.75,476.0,7.934,95.2,
2026-03-16,2026-03,Maisa 2+3,,43111,ORG Dandelion Dark Roast 25CT Tea Bag,Tea,governed,high,yes,5.0,504,1.783,8.917,282.6,4.71,56.5,
2026-03-16,2026-03,Maisa 2+3,,43111F,ORG Dandelion Dark Roast DL 25CT Tea Bag AMZN (24pk),Tea,inferred,,yes,5.0,240,0.75,3.75,320.0,5.333,64.0,
2026-03-16,2026-03,WeighRight,,10051,ORG Roasted Chicory Root - 1 Lb Bag,Bag/Other,inferred,,yes,3.0,2580,5.167,15.5,499.4,8.323,166.5,
2026-03-16,2026-03,WeighRight,,10059A,AMZN ORG French Chicory 2 X 1 Lb Bag,Bag/Other,inferred,,yes,3.0,576,2.833,8.5,203.3,3.388,67.8,
2026-03-16,2026-03,WeighRight,,80080A,AMZN Org Mocha 11OZ Bag/Box of 24 - GA,Bag/Other,inferred,,yes,3.0,672,1.15,3.45,584.3,9.739,194.8,
2026-03-16,2026-03,WeighRight,,Clean,Standard Clean,Bag/Other,inferred,,,3.0,0,0.883,2.65,,,,
2026-03-17,2026-03,AMS,machine(Amy),30008,Instant French Roast 100g Bag / 6 Count Case - G,Instant,inferred,,yes,4.0,79,2.083,8.333,37.9,0.632,9.5,
2026-03-17,2026-03,AMS,machine(Amy),30012L,ORG GF Dandelion Blend 100g Bag,Bag/Other,inferred,,yes,4.0,636,1.883,7.533,337.7,5.628,84.4,
2026-03-17,2026-03,AMS,machine(Amy),31014,ORG Instant Miraculous Mushroom Matcha Latte 6Ct Case,Instant,inferred,,yes,4.0,82,1.367,5.467,60.0,1.0,15.0,
2026-03-17,2026-03,AMS,machine(Amy),31014L,ORG Instant Miraculous Mushroom Matcha Latte 252g Bag,Instant,inferred,,yes,4.0,576,2.917,11.667,197.5,3.291,49.4,
2026-03-17,2026-03,AMS,machine(Amy),Air clean out,Air Clean out of Machine (no testing necessary),Bag/Other,inferred,,,4.0,0,0.967,3.867,,,,
2026-03-17,2026-03,AMS,machine(Amy),Air clean out,Air Clean out of Machine (no testing necessary),Bag/Other,inferred,,,4.0,0,0.883,3.533,,,,
2026-03-17,2026-03,Assembly,,31008,ORG Instant French Roast Latte 6Ct Case,Instant,inferred,,yes,1.0,12,0.417,0.417,28.8,0.48,28.8,
2026-03-17,2026-03,Assembly,,40001,Herbal Tea Sampler Box - 6 Count Case,Sampler,inferred,,yes,3.0,117,10.3,30.9,11.4,0.189,3.8,
2026-03-17,2026-03,Maisa 1,,40071,ORG Java 25CT Tea Bag - GA,Tea,governed,high,yes,3.0,432,1.333,4.0,324.0,5.4,108.0,
2026-03-17,2026-03,Maisa 1,,45070,ORG Miraculous Mushrooms AP 10Ct/6Pk Tea Bag,Tea,inferred,,yes,3.0,888,2.2,6.6,403.6,6.727,134.5,
2026-03-17,2026-03,Maisa 1,,Clean,Standard Clean,Tea,inferred,,,3.0,0,0.467,1.4,,,,
2026-03-17,2026-03,Maisa 1,,CleanGA,Clean + Gluten + Allergen Tests,Tea,inferred,,,3.0,0,0.783,2.35,,,,
2026-03-17,2026-03,Maisa 1,,TB060,ORG Hazelnut Tea Bag Loose - GA,Tea bag (intermediate),item-code,,yes,3.0,24000,5.133,15.4,4675.3,77.922,1558.4,
2026-03-17,2026-03,Maisa 2+3,,43111,ORG Dandelion Dark Roast 25CT Tea Bag,Tea,governed,high,yes,5.0,936,2.833,14.167,330.4,5.506,66.1,
2026-03-17,2026-03,Maisa 2+3,,46010,ORG Dark Chocolate 10 Ct Tea Bag/6 Count Case,Tea,inferred,,yes,5.0,2760,3.867,19.333,713.8,11.897,142.8,
2026-03-17,2026-03,Maisa 2+3,,46010L,ORG Dark Chocolate 10 Ct Tea Bag/36 Count Box,Tea,governed,high,yes,5.0,648,0.667,3.333,972.0,16.2,194.4,
2026-03-17,2026-03,Maisa 2+3,,46011,ORG Dark Chocolate 25 Ct Tea Bag,Tea,governed,high,yes,5.0,384,1.117,5.583,343.9,5.731,68.8,
2026-03-17,2026-03,Maisa 2+3,,46013,ORG Dark Chocolate 25CT Tea Bag 3PK,Tea,inferred,,yes,5.0,120,0.933,4.667,128.6,2.143,25.7,
2026-03-17,2026-03,Maisa 2+3,,Clean,Standard Clean,Tea,inferred,,,5.0,0,0.45,2.25,,,,
2026-03-17,2026-03,WeighRight,,50070,ORG Java 30g Trial Size Packet - GA,Bag/Other,inferred,,yes,3.0,2160,4.0,12.0,540.0,9.0,180.0,
2026-03-17,2026-03,WeighRight,,80080,ORG Mocha 11OZ Bag/6 Count Case - GA,Bag/Other,inferred,,yes,3.0,230,3.217,9.65,71.5,1.192,23.8,
2026-03-17,2026-03,WeighRight,,80080L,Org Mocha 11OZ Bag/Box of 24 - GA,Bag/Other,inferred,,,3.0,0,2.6,7.8,,,,
2026-03-17,2026-03,WeighRight,,Air Clean Out,Air Clean out of Machine (no testing necessary),Bag/Other,inferred,,,3.0,0,0.267,0.8,,,,
2026-03-18,2026-03,AMS,machine(Amy),30008,Instant French Roast 100g Bag / 6 Count Case - G,Instant,inferred,,yes,4.0,151,2.083,8.333,72.5,1.208,18.1,
2026-03-18,2026-03,AMS,machine(Amy),30008L,ORG Instant French Roast 100g Bag - G,Instant,governed,high,yes,4.0,941,4.05,16.2,232.3,3.872,58.1,
2026-03-18,2026-03,AMS,machine(Amy),30011,Instant Mocha 100g Bag / 6 Count Case - G,Instant,inferred,,yes,4.0,120,2.467,9.867,48.6,0.811,12.2,
2026-03-18,2026-03,AMS,machine(Amy),30011L,ORG Instant Mocha 100g Bag - G,Instant,inferred,,yes,4.0,390,1.383,5.533,281.9,4.699,70.5,
2026-03-18,2026-03,AMS,machine(Amy),Air clean out,Air Clean out of Machine (no testing necessary),Bag/Other,inferred,,,4.0,0,0.183,0.733,,,,
2026-03-18,2026-03,Assembly,,40001,Herbal Tea Sampler Box - 6 Count Case,Sampler,inferred,,yes,4.0,120,10.333,41.333,11.6,0.194,2.9,
2026-03-18,2026-03,Assembly,,GDB010,ORG Vanilla Nut Packet Goody Bag - GA,Bag/Other,inferred,,yes,1.0,25,0.25,0.25,100.0,1.667,100.0,
2026-03-18,2026-03,Assembly,,GDB060,ORG Hazelnut Packet Goody Bag - GA,Bag/Other,inferred,,yes,1.0,25,0.267,0.267,93.8,1.563,93.8,
2026-03-18,2026-03,Assembly,,TGB010,ORG Vanilla Nut Tea Bag Goody Bag - GA,Tea,inferred,,yes,1.0,25,0.267,0.267,93.8,1.563,93.8,
2026-03-18,2026-03,Assembly,,TGB060,ORG Hazelnut Tea Bag Goody Bag - GA,Tea,inferred,,yes,1.0,25,0.217,0.217,115.4,1.923,115.4,
2026-03-18,2026-03,Assembly,,TGB311,ORG Dandelion Dark Roast Tea Bag Goody Bag,Tea,inferred,,yes,1.0,25,0.333,0.333,75.0,1.25,75.0,
2026-03-18,2026-03,Assembly,,TGB322,Dandelion Caramel Nut Tea Bag Goody Bag - A,Tea,inferred,,yes,1.0,25,0.25,0.25,100.0,1.667,100.0,
2026-03-18,2026-03,Assembly,,TGB502,Chaga Ashwaganda Tea Goody Bag,Bag/Other,inferred,,yes,1.0,25,0.15,0.15,166.7,2.778,166.7,
2026-03-18,2026-03,Assembly,,TGB503,Lion's Mane Rhodiola Tea Goody Bag - G,Bag/Other,inferred,,yes,1.0,25,0.2,0.2,125.0,2.083,125.0,
2026-03-18,2026-03,Assembly,,TGB505,Turkey Tail Astragalus Tea Goody Bag - G,Bag/Other,inferred,,yes,1.0,25,0.15,0.15,166.7,2.778,166.7,
2026-03-18,2026-03,Maisa 1,,40110,ORG French Roast 10 Count Tea Bag - G,Tea,inferred,,yes,3.0,1842,5.1,15.3,361.2,6.02,120.4,
2026-03-18,2026-03,Maisa 1,,45070,ORG Miraculous Mushrooms AP 10Ct/6Pk Tea Bag,Tea,inferred,,yes,3.0,1872,4.35,13.05,430.3,7.172,143.4,
2026-03-18,2026-03,Maisa 1,,Clean,Standard Clean,Tea,inferred,,,3.0,0,0.633,1.9,,,,
2026-03-18,2026-03,Maisa 2+3,,40010,ORG Vanilla Nut 10ct/6pk Tea Bag - GA,Tea,inferred,,yes,5.0,5352,7.233,36.167,739.9,12.332,148.0,
2026-03-18,2026-03,Maisa 2+3,,46011,ORG Dark Chocolate 25 Ct Tea Bag,Tea,governed,high,yes,5.0,624,2.717,13.583,229.7,3.828,45.9,
2026-03-18,2026-03,Maisa 2+3,,Clean,Standard Clean,Tea,inferred,,,5.0,0,0.25,1.25,,,,
2026-03-18,2026-03,WeighRight,,50070,ORG Java 30g Trial Size Packet - GA,Bag/Other,inferred,,yes,3.0,720,1.033,3.1,696.8,11.613,232.3,
2026-03-18,2026-03,WeighRight,,53110,Dandelion Dark Roast 30g Trial Size Packet,APG,governed,high,yes,2.0,1080,2.383,4.767,453.1,7.552,226.6,
2026-03-18,2026-03,WeighRight,,80050L,ORG English Toffee 11oz Bag/Box of 24 - GA,Bag/Other,inferred,,yes,3.0,565,0.95,2.85,594.7,9.912,198.2,
2026-03-18,2026-03,WeighRight,,80070,ORG Java 11OZ Bag/6 Count Case - GA,Bag/Other,inferred,,yes,3.0,120,1.25,3.75,96.0,1.6,32.0,
2026-03-18,2026-03,WeighRight,,80070A,AMZN Org Java 11OZ Bag/Box of 24 - GA,Bag/Other,inferred,,yes,3.0,600,1.233,3.7,486.5,8.108,162.2,
2026-03-18,2026-03,WeighRight,,80070L,Org Java 11OZ Bag/Box of 24 - GA,Bag/Other,inferred,,yes,3.0,1070,1.833,5.5,583.6,9.727,194.5,
2026-03-18,2026-03,WeighRight,,85070L,ORG Miraculous Mushrooms 10oz Bag/Box of 24,Bag/Other,inferred,,yes,2.0,24,0.167,0.333,144.0,2.4,72.0,
2026-03-18,2026-03,WeighRight,,Air Clean Out,Air Clean out of Machine (no testing necessary),Bag/Other,inferred,,,3.0,0,0.383,1.15,,,,
2026-03-18,2026-03,WeighRight,,Air Clean Out,Air Clean out of Machine (no testing necessary),Bag/Other,inferred,,,2.0,0,0.367,0.733,,,,
2026-03-18,2026-03,WeighRight,,CleanGA,Clean + Gluten + Allergen Tests,Bag/Other,inferred,,,3.0,0,0.583,1.75,,,,
2026-03-19,2026-03,AMS,machine(Amy),10102,WWB - ORG Medium Roasted Carob 1 Lb x 2,Bag/Other,inferred,,yes,4.0,240,2.733,10.933,87.8,1.463,22.0,
2026-03-19,2026-03,AMS,machine(Amy),10302A,WWB Organic Cinnamon Powder 1lb - AMZN Label,Bag/Other,inferred,,yes,4.0,264,3.133,12.533,84.3,1.404,21.1,
2026-03-19,2026-03,AMS,machine(Amy),30011L,ORG Instant Mocha 100g Bag - G,Instant,inferred,,yes,4.0,448,1.417,5.667,316.2,5.271,79.1,
2026-03-19,2026-03,AMS,machine(Amy),Air clean out,Air Clean out of Machine (no testing necessary),Bag/Other,inferred,,,4.0,0,0.417,1.667,,,,
2026-03-19,2026-03,AMS,machine(Amy),Air clean out,Air Clean out of Machine (no testing necessary),Bag/Other,inferred,,,4.0,0,0.45,1.8,,,,
2026-03-19,2026-03,Assembly,,40001,Herbal Tea Sampler Box - 6 Count Case,Sampler,inferred,,yes,3.0,13,0.667,2.0,19.5,0.325,6.5,
2026-03-19,2026-03,Assembly,,40001L,Herbal Tea Sampler Box - Loose,Sampler,governed,high,,4.0,0,9.667,38.667,,,,
2026-03-19,2026-03,Maisa 1,,40110,ORG French Roast 10 Count Tea Bag - G,Tea,inferred,,yes,3.0,2298,4.767,14.3,482.1,8.035,160.7,
2026-03-19,2026-03,Maisa 1,,40113,ORG French Roast 25CT Tea Bag 3PK - G,Tea,inferred,,yes,3.0,192,5.0,15.0,38.4,0.64,12.8,
2026-03-19,2026-03,Maisa 2+3,,40010,ORG Vanilla Nut 10ct/6pk Tea Bag - GA,Tea,inferred,,yes,5.0,2928,3.7,18.5,791.4,13.189,158.3,
2026-03-19,2026-03,Maisa 2+3,,40011,ORG Vanila Nut 25CT Tea Bag - GA,Tea,governed,high,yes,5.0,672,2.433,12.167,276.2,4.603,55.2,
2026-03-19,2026-03,Maisa 2+3,,40011A,ORG 25 CT Vanilla Nut AMZN - GA,Tea,inferred,,yes,5.0,768,2.233,11.167,343.9,5.731,68.8,
2026-03-19,2026-03,Maisa 2+3,,TB010,ORG Vanilla Nut Tea Bag Loose - GA,Tea bag (intermediate),item-code,,yes,4.0,13000,1.717,6.867,7572.8,126.214,1893.2,
2026-03-19,2026-03,WeighRight,,10026,ORG Orange Peel 8 Oz Bag,Bag/Other,inferred,,yes,3.0,387,1.1,3.3,351.8,5.864,117.3,
2026-03-19,2026-03,WeighRight,,63010,ORG Dandelion Vanilla Nut 5 Lb Bag - A,Bag/Other,inferred,,yes,3.0,12,0.2,0.6,60.0,1.0,20.0,
2026-03-19,2026-03,WeighRight,,83010L,ORG Dandelion Vanilla Nut 10 Oz Bag/Box of 24 - A,Bag/Other,inferred,,yes,3.0,536,1.65,4.95,324.8,5.414,108.3,
2026-03-19,2026-03,WeighRight,,83080L,ORG Dandelion Mocha 10 Oz Bag/Box of 24 - A,Bag/Other,inferred,,yes,3.0,490,1.217,3.65,402.7,6.712,134.2,
2026-03-19,2026-03,WeighRight,,83310L,ORG Dandelion Mocha Mint 10 Oz Bag/Box of 24 - A,Bag/Other,inferred,,yes,3.0,317,0.9,2.7,352.2,5.87,117.4,
2026-03-19,2026-03,WeighRight,,85070L,ORG Miraculous Mushrooms 10oz Bag/Box of 24,Bag/Other,inferred,,yes,3.0,1608,3.167,9.5,507.8,8.463,169.3,
2026-03-19,2026-03,WeighRight,,Air Clean Out,Air Clean out of Machine (no testing necessary),Bag/Other,inferred,,,3.0,0,0.717,2.15,,,,
2026-03-19,2026-03,WeighRight,,Air Clean Out,Air Clean out of Machine (no testing necessary),Bag/Other,inferred,,,3.0,0,0.317,0.95,,,,
2026-03-19,2026-03,WeighRight,,Air Clean Out,Air Clean out of Machine (no testing necessary),Bag/Other,inferred,,,3.0,0,0.317,0.95,,,,
2026-03-19,2026-03,WeighRight,,Air Clean Out,Air Clean out of Machine (no testing necessary),Bag/Other,inferred,,,3.0,0,0.217,0.65,,,,
2026-03-19,2026-03,WeighRight,,Air Clean Out,Air Clean out of Machine (no testing necessary),Bag/Other,inferred,,,3.0,0,0.283,0.85,,,,
2026-03-23,2026-03,AMS,handpack,10302A,WWB Organic Cinnamon Powder 1lb - AMZN Label,Bag/Other,inferred,,yes,3.0,113,1.517,4.55,74.5,1.242,24.8,
2026-03-23,2026-03,AMS,machine(Amy),10402A,AMZN- WWB-ORG Rama Tulsi - 8 OZ Bag,Bag/Other,inferred,,yes,4.0,336,2.633,10.533,127.6,2.127,31.9,
2026-03-23,2026-03,AMS,machine(Amy),Air clean out,Air Clean out of Machine (no testing necessary),Bag/Other,inferred,,,4.0,0,0.65,2.6,,,,
2026-03-23,2026-03,AMS,machine(Amy),Different tooling,,Bag/Other,inferred,,,4.0,0,1.1,4.4,,,,
2026-03-23,2026-03,Assembly,,40001L,Herbal Tea Sampler Box - Loose,Sampler,governed,high,,4.0,0,5.8,23.2,,,,
2026-03-23,2026-03,Assembly,,40091,Teeccino Intro Tea Bag Sampler,Sampler,governed,high,yes,2.0,102,1.667,3.333,61.2,1.02,30.6,
2026-03-23,2026-03,Assembly,,40097,Teecino Tea Bag 12 Flavor Sampler,Sampler,governed,high,yes,2.0,240,4.65,9.3,51.6,0.86,25.8,
2026-03-23,2026-03,Maisa 1,,40111,ORG French Roast 25CT Tea Bag - G,Tea,governed,high,yes,3.0,1200,6.85,20.55,175.2,2.92,58.4,
2026-03-23,2026-03,Maisa 1,,40113,ORG French Roast 25CT Tea Bag 3PK - G,Tea,inferred,,yes,3.0,48,0.483,1.45,99.3,1.655,33.1,
2026-03-23,2026-03,Maisa 1,,TB110,ORG French Roast Tea Bag Loose - G,Tea bag (intermediate),item-code,,yes,3.0,11000,2.683,8.05,4099.4,68.323,1366.5,
2026-03-23,2026-03,Maisa 2+3,,45050,ORG Turkey Tail Astragalus 10 Ct Tea Bag/6 Count Case - G,Tea,inferred,,yes,5.0,2760,3.1,15.5,890.3,14.839,178.1,
2026-03-23,2026-03,Maisa 2+3,,45050F,Turkey Tail Astragalus Dual Language 10 cnt TB - G,Tea,inferred,,yes,5.0,460,3.683,18.417,124.9,2.081,25.0,
2026-03-23,2026-03,Maisa 2+3,,45050L,ORG Turkey Tail Astragalus 10-Ct Tea Bag - G,Tea,governed,high,yes,5.0,720,1.45,7.25,496.6,8.276,99.3,
2026-03-23,2026-03,Maisa 2+3,,Clean,Standard Clean,Tea,inferred,,,2.0,0,0.833,1.667,,,,
2026-03-23,2026-03,Maisa 2+3,,CleanA,Clean + Allergen Tests,Tea,inferred,,,5.0,0,0.283,1.417,,,,
2026-03-23,2026-03,Maisa 2+3,,CleanG,Clean + Gluten Test,Tea,inferred,,,5.0,0,0.533,2.667,,,,
2026-03-23,2026-03,Maisa 2+3,,TB010,ORG Vanilla Nut Tea Bag Loose - GA,Tea bag (intermediate),item-code,,yes,2.0,1000,0.15,0.3,6666.7,111.111,3333.3,
2026-03-23,2026-03,Maisa 2+3,,TB333,ORG Dandelion Turmeric Tea Bag,Tea bag (intermediate),item-code,,yes,2.0,1500,1.067,2.133,1406.3,23.438,703.1,
2026-03-23,2026-03,Maisa 2+3,,TB504,ORG Cordyceps Schisandra Loose Tea Bag,Tea bag (intermediate),item-code,,yes,2.0,3000,0.9,1.8,3333.3,55.556,1666.7,
2026-03-23,2026-03,WeighRight,,50060,ORG Hazelnut 30g Trial Size Packet - GA,Bag/Other,inferred,,yes,2.0,2700,5.817,11.633,464.2,7.736,232.1,
2026-03-23,2026-03,WeighRight,,80060,ORG Hazelnut 11OZ Bag/6 Count Case - GA,Bag/Other,inferred,,yes,3.0,283,4.183,12.55,67.6,1.127,22.5,
2026-03-24,2026-03,AMS,machine(Amy),10202,ORG Peppermint 1 Lb Bag,Bag/Other,inferred,,yes,4.0,196,3.4,13.6,57.6,0.961,14.4,
2026-03-24,2026-03,AMS,machine(Amy),10402A,AMZN- WWB-ORG Rama Tulsi - 8 OZ Bag,Bag/Other,inferred,,yes,4.0,720,4.467,17.867,161.2,2.687,40.3,
2026-03-24,2026-03,AMS,unknown,Air clean out,Air Clean out of Machine (no testing necessary),Bag/Other,inferred,,,,0,0.933,,,,,
2026-03-24,2026-03,AMS,machine(Amy),Different tooling,,Bag/Other,inferred,,,4.0,0,1.567,6.267,,,,
2026-03-24,2026-03,Assembly,,10009A,AMZN ORG Chia 2 X 1 Lb Bag,Bag/Other,inferred,,yes,1.0,144,4.45,4.45,32.4,0.539,32.4,
2026-03-24,2026-03,Assembly,,40091,Teeccino Intro Tea Bag Sampler,Sampler,governed,high,yes,2.0,198,0.567,1.133,349.4,5.824,174.7,
2026-03-24,2026-03,Assembly,,43001,Dandelion Tea Sampler Box - 6 Count Case,Sampler,inferred,,yes,2.0,46,1.933,3.867,23.8,0.397,11.9,
2026-03-24,2026-03,Maisa 1,,43116,Dandelion DarkRoast Tagless Tea Bag - 50 Ct,Tea,governed,high,yes,3.0,264,3.25,9.75,81.2,1.354,27.1,
2026-03-24,2026-03,Maisa 1,,CleanG,Clean + Gluten Test,Tea,inferred,,,3.0,0,1.95,5.85,,,,
2026-03-24,2026-03,Maisa 1,,TB110,ORG French Roast Tea Bag Loose - G,Tea bag (intermediate),item-code,,yes,3.0,7800,4.717,14.15,1653.7,27.562,551.2,
2026-03-24,2026-03,Maisa 2+3,,43220,ORG Dandelion Caramel Nut 10ct/6pk Tea Bag - A,Tea,inferred,,yes,5.0,2466,3.717,18.583,663.5,11.058,132.7,
2026-03-24,2026-03,Maisa 2+3,,Clean,Standard Clean,Tea,inferred,,,2.0,0,0.483,0.967,,,,
2026-03-24,2026-03,Maisa 2+3,,TB333,ORG Dandelion Turmeric Tea Bag,Tea bag (intermediate),item-code,,yes,2.0,24000,5.85,11.7,4102.6,68.376,2051.3,
2026-03-24,2026-03,Maisa 2+3,,TB504,ORG Cordyceps Schisandra Loose Tea Bag,Tea bag (intermediate),item-code,,yes,2.0,24075,6.967,13.933,3455.7,57.596,1727.9,
2026-03-24,2026-03,WeighRight,,53110,Dandelion Dark Roast 30g Trial Size Packet,APG,governed,high,yes,3.0,2880,4.733,14.2,608.5,10.141,202.8,
2026-03-24,2026-03,WeighRight,,80060,ORG Hazelnut 11OZ Bag/6 Count Case - GA,Bag/Other,inferred,,yes,3.0,177,2.2,6.6,80.5,1.341,26.8,
2026-03-24,2026-03,WeighRight,,83110L,ORG Dandelion Dark Roast 10 oz Bag/Box of 24,APG,governed,high,yes,3.0,1320,2.8,8.4,471.4,7.857,157.1,
2026-03-24,2026-03,WeighRight,,CleanGA,Clean + Gluten + Allergen Tests,Bag/Other,inferred,,,3.0,0,0.383,1.15,,,,
2026-03-25,2026-03,AMS,machine(Amy),10005A,WWB AMZN Organic Chia (1lb),Bag/Other,inferred,,yes,4.0,1080,4.1,16.4,263.4,4.39,65.9,
2026-03-25,2026-03,AMS,machine(Amy),10042,ORG Burdock 1 Lb Bag,Bag/Other,inferred,,yes,4.0,531,3.883,15.533,136.7,2.279,34.2,
2026-03-25,2026-03,AMS,machine(Amy),Air clean out,Air Clean out of Machine (no testing necessary),Bag/Other,inferred,,,4.0,0,1.15,4.6,,,,
2026-03-25,2026-03,AMS,machine(Amy),Air clean out,Air Clean out of Machine (no testing necessary),Bag/Other,inferred,,,4.0,0,0.983,3.933,,,,
2026-03-25,2026-03,Assembly,,43001,Dandelion Tea Sampler Box - 6 Count Case,Sampler,inferred,,yes,2.0,70,2.25,4.5,31.1,0.519,15.6,
2026-03-25,2026-03,Assembly,,GDB010,ORG Vanilla Nut Packet Goody Bag - GA,Bag/Other,inferred,,yes,1.0,25,0.25,0.25,100.0,1.667,100.0,
2026-03-25,2026-03,Assembly,,GDB060,ORG Hazelnut Packet Goody Bag - GA,Bag/Other,inferred,,yes,1.0,25,0.25,0.25,100.0,1.667,100.0,
2026-03-25,2026-03,Assembly,,GDB110,ORG French Roast Packet Goody Bag - G,Bag/Other,inferred,,yes,1.0,25,0.25,0.25,100.0,1.667,100.0,
2026-03-25,2026-03,Assembly,,GDB501,ORG Reishi Eleuthero Packet Goody Bag - G,Bag/Other,inferred,,yes,1.0,25,0.25,0.25,100.0,1.667,100.0,
2026-03-25,2026-03,Assembly,,TGB010,ORG Vanilla Nut Tea Bag Goody Bag - GA,Tea,inferred,,yes,1.0,50,0.5,0.5,100.0,1.667,100.0,
2026-03-25,2026-03,Assembly,,TGB311,ORG Dandelion Dark Roast Tea Bag Goody Bag,Tea,inferred,,yes,1.0,25,0.25,0.25,100.0,1.667,100.0,
2026-03-25,2026-03,Assembly,,TGB311,ORG Dandelion Dark Roast Tea Bag Goody Bag,Tea,inferred,,yes,1.0,50,0.533,0.533,93.8,1.563,93.8,
2026-03-25,2026-03,Assembly,,TGB322,Dandelion Caramel Nut Tea Bag Goody Bag - A,Tea,inferred,,yes,1.0,25,0.25,0.25,100.0,1.667,100.0,
2026-03-25,2026-03,Assembly,,TGB331,ORG Dandelion Mocha Mint Tea Bag Goody Bag - A,Tea,inferred,,yes,1.0,25,0.25,0.25,100.0,1.667,100.0,
2026-03-25,2026-03,Assembly,,TGB502,Chaga Ashwaganda Tea Goody Bag,Bag/Other,inferred,,yes,1.0,25,0.25,0.25,100.0,1.667,100.0,
2026-03-25,2026-03,Assembly,,TGB507,ORG Miraculous Mushroom AP Tea Bag Goody Bag,Tea,inferred,,yes,1.0,25,0.25,0.25,100.0,1.667,100.0,
2026-03-25,2026-03,Assembly,,TGB507,ORG Miraculous Mushroom AP Tea Bag Goody Bag,Tea,inferred,,yes,1.0,50,0.5,0.5,100.0,1.667,100.0,
2026-03-25,2026-03,Assembly,,TGB601,ORG Dark Chocolate Tea Bag Goody Bag,Tea,inferred,,yes,1.0,25,0.25,0.25,100.0,1.667,100.0,
2026-03-25,2026-03,Assembly,,TGB601,ORG Dark Chocolate Tea Bag Goody Bag,Tea,inferred,,yes,1.0,50,0.5,0.5,100.0,1.667,100.0,
2026-03-25,2026-03,Maisa 1,,43116,Dandelion DarkRoast Tagless Tea Bag - 50 Ct,Tea,governed,high,yes,3.0,552,6.6,19.8,83.6,1.394,27.9,
2026-03-25,2026-03,Maisa 1,,TB311,ORG Dandelion Dark Roast Tea Bag,Tea bag (intermediate),item-code,,yes,3.0,6000,3.4,10.2,1764.7,29.412,588.2,
2026-03-25,2026-03,Maisa 2+3,,43220,ORG Dandelion Caramel Nut 10ct/6pk Tea Bag - A,Tea,inferred,,yes,5.0,7740,10.1,50.5,766.3,12.772,153.3,
2026-03-25,2026-03,WeighRight,,50110,ORG French Roast 30g Trial Size Packet - G,Bag/Other,inferred,,yes,3.0,1440,2.5,7.5,576.0,9.6,192.0,
2026-03-25,2026-03,WeighRight,,60120,DO NOT MAKE ORG Maya Chai 5 Lb Bag - G,Bag/Other,inferred,,yes,3.0,63,0.333,1.0,189.0,3.15,63.0,
2026-03-25,2026-03,WeighRight,,80110,ORG French Roast 11OZ Bag/6 Count Case - G,Bag/Other,inferred,,yes,3.0,230,16.167,48.5,14.2,0.237,4.7,
2026-03-25,2026-03,WeighRight,,80113,ORG French Roast 11OZ Bag 3PK - G,Bag/Other,inferred,,yes,3.0,320,1.917,5.75,167.0,2.783,55.7,
2026-03-25,2026-03,WeighRight,,83110L,ORG Dandelion Dark Roast 10 oz Bag/Box of 24,APG,governed,high,yes,3.0,120,0.25,0.75,480.0,8.0,160.0,
2026-03-25,2026-03,WeighRight,,Air Clean Out,Air Clean out of Machine (no testing necessary),Bag/Other,inferred,,,3.0,0,0.5,1.5,,,,
2026-03-25,2026-03,WeighRight,,Clean,Standard Clean,Bag/Other,inferred,,,3.0,0,0.25,0.75,,,,
2026-03-26,2026-03,AMS,machine(Amy),10071,AMZN - WWB - ORG Roasted Barley - 1 Lb - G,Bag/Other,inferred,,yes,4.0,840,2.617,10.467,321.0,5.35,80.3,
2026-03-26,2026-03,AMS,machine(Amy),CleanG,Clean + Gluten Test,Bag/Other,inferred,,,4.0,0,0.167,0.667,,,,
2026-03-26,2026-03,Assembly,,40033,ORG Almond Amaretto 25CT Tea Bag 3PK - GA,Tea,inferred,,yes,1.0,30,4.167,4.167,7.2,0.12,7.2,
2026-03-26,2026-03,Assembly,,43001,Dandelion Tea Sampler Box - 6 Count Case,Sampler,inferred,,yes,2.0,68,7.25,14.5,9.4,0.156,4.7,
2026-03-26,2026-03,Maisa 1,,43111,ORG Dandelion Dark Roast 25CT Tea Bag,Tea,governed,high,yes,3.0,42731,4.55,13.65,9391.4,156.524,3130.5,
2026-03-26,2026-03,Maisa 1,,45031,ORG Lion's Mane Rhodiola 25 Ct Tea Bag - G,Tea,inferred,,yes,3.0,22,0.15,0.45,146.7,2.444,48.9,
2026-03-26,2026-03,Maisa 1,,Clean,Standard Clean,Tea,inferred,,,3.0,0,0.633,1.9,,,,
2026-03-26,2026-03,Maisa 1,,TB311,ORG Dandelion Dark Roast Tea Bag,Tea bag (intermediate),item-code,,yes,3.0,14000,4.6,13.8,3043.5,50.725,1014.5,
2026-03-26,2026-03,Maisa 2+3,,43220,ORG Dandelion Caramel Nut 10ct/6pk Tea Bag - A,Tea,inferred,,yes,5.0,2214,2.733,13.667,810.0,13.5,162.0,
2026-03-26,2026-03,Maisa 2+3,,43220F,Dandelion Caramel Nut Dual Language 10 cnt TB - A,Tea,inferred,,yes,5.0,120,1.017,5.083,118.0,1.967,23.6,
2026-03-26,2026-03,Maisa 2+3,,43220L,Org Dandelion Caramel Nut 10 Ct Tea Bag Loose - A,Tea,governed,high,yes,5.0,864,1.917,9.583,450.8,7.513,90.2,
2026-03-26,2026-03,Maisa 2+3,,43221,ORG Dandelion Caramel Nut 25CT Tea Bag - A,Tea,governed,high,yes,5.0,520,1.383,6.917,375.9,6.265,75.2,
2026-03-26,2026-03,Maisa 2+3,,45020,ORG Chaga Ashwagandha 10 Ct Tea Bag/6 Count Case,Tea,inferred,,yes,5.0,1380,1.5,7.5,920.0,15.333,184.0,
2026-03-26,2026-03,Maisa 2+3,,CleanA,Clean + Allergen Tests,Tea,inferred,,,5.0,0,1.283,6.417,,,,
2026-03-26,2026-03,WeighRight,,56010,Dark Chocolate 30g Trial Size Packet,Bag/Other,inferred,,yes,3.0,1320,2.283,6.85,578.1,9.635,192.7,
2026-03-26,2026-03,WeighRight,,60110,ORG French Roast 5 Lb Bag - G,Bag/Other,inferred,,yes,3.0,142,0.983,2.95,144.4,2.407,48.1,
2026-03-26,2026-03,WeighRight,,80110,ORG French Roast 11OZ Bag/6 Count Case - G,Bag/Other,inferred,,yes,3.0,271,6.0,18.0,45.2,0.753,15.1,
2026-03-26,2026-03,WeighRight,,CleanG,Clean + Gluten Test,Bag/Other,inferred,,,3.0,0,0.567,1.7,,,,
2026-03-30,2026-03,AMS,machine(Amy),30007,Instant Miraculous Mushrooms A&P 100g Bag / 6 Count Case,Instant,inferred,,yes,4.0,123,4.5,18.0,27.3,0.456,6.8,
2026-03-30,2026-03,AMS,machine(Amy),31008,ORG Instant French Roast Latte 6Ct Case,Instant,inferred,,yes,4.0,124,3.717,14.867,33.4,0.556,8.3,
2026-03-30,2026-03,AMS,machine(Amy),Air clean out,Air Clean out of Machine (no testing necessary),Bag/Other,inferred,,,4.0,0,0.4,1.6,,,,
2026-03-30,2026-03,Assembly,,40033,ORG Almond Amaretto 25CT Tea Bag 3PK - GA,Tea,inferred,,yes,1.0,30,5.0,5.0,6.0,0.1,6.0,
2026-03-30,2026-03,Assembly,,43001,Dandelion Tea Sampler Box - 6 Count Case,Sampler,inferred,,yes,2.0,46,1.667,3.333,27.6,0.46,13.8,
2026-03-30,2026-03,Assembly,,43001L,Dandelion Tea Sampler Box - Loose - G,Sampler,governed,high,yes,2.0,244,0.833,1.667,292.8,4.88,146.4,
2026-03-30,2026-03,Assembly,,50097,Teeccino 30g Packet 10 Flavor Sampler,Sampler,governed,high,yes,1.0,122,5.0,5.0,24.4,0.407,24.4,
2026-03-30,2026-03,Assembly,,80013,ORG Vanilla Nut 11oz Bag 3PK - GA,Bag/Other,inferred,,yes,1.0,96,4.25,4.25,22.6,0.376,22.6,
2026-03-30,2026-03,Maisa 1,,45030,ORG Lion's Mane Rhodiola 10 Ct Tea Bag/6 Count Case - G,Tea,inferred,,yes,3.0,2898,6.117,18.35,473.8,7.896,157.9,
2026-03-30,2026-03,Maisa 1,,45031,ORG Lion's Mane Rhodiola 25 Ct Tea Bag - G,Tea,inferred,,yes,3.0,698,3.8,11.4,183.7,3.061,61.2,
2026-03-30,2026-03,Maisa 2+3,,45020,ORG Chaga Ashwagandha 10 Ct Tea Bag/6 Count Case,Tea,inferred,,yes,5.0,4140,5.917,29.583,699.7,11.662,139.9,
2026-03-30,2026-03,Maisa 2+3,,45020L,ORG Chaga Ashwagandha 10-Ct Tea Bag,Tea,governed,high,yes,5.0,648,1.2,6.0,540.0,9.0,108.0,
2026-03-30,2026-03,Maisa 2+3,,45021,ORG Chaga Ashwagandha 25 Ct Tea Bag,Tea,governed,high,yes,5.0,792,2.783,13.917,284.6,4.743,56.9,
2026-03-30,2026-03,WeighRight,,55070,ORG Miraculous Mushrooms 30g Trial Size Packet,Bag/Other,inferred,,yes,3.0,180,0.85,2.55,211.8,3.529,70.6,
2026-03-30,2026-03,WeighRight,,56010,Dark Chocolate 30g Trial Size Packet,Bag/Other,inferred,,yes,3.0,1380,2.233,6.7,617.9,10.299,206.0,
2026-03-30,2026-03,WeighRight,,86010,ORG Dark Chocolate 10 Oz Bag/6 Count Case,Bag/Other,inferred,,yes,3.0,120,1.65,4.95,72.7,1.212,24.2,
2026-03-30,2026-03,WeighRight,,86010L,ORG Dark Chocolate 10 Oz Bag/Box of 24,Bag/Other,inferred,,yes,3.0,1440,3.4,10.2,423.5,7.059,141.2,
2026-03-30,2026-03,WeighRight,,Air Clean Out,Air Clean out of Machine (no testing necessary),Bag/Other,inferred,,,3.0,0,0.583,1.75,,,,
2026-03-31,2026-03,AMS,machine(Amy),10022,ORG Raw Dandelion1 Lb Bag,Bag/Other,inferred,,yes,4.0,972,3.767,15.067,258.1,4.301,64.5,
2026-03-31,2026-03,AMS,machine(Amy),31008,ORG Instant French Roast Latte 6Ct Case,Instant,inferred,,yes,4.0,106,1.4,5.6,75.7,1.262,18.9,
2026-03-31,2026-03,AMS,machine(Amy),31008L,ORG Instant French Roast Latte 224g Bag,Instant,governed,high,yes,4.0,633,1.683,6.733,376.0,6.267,94.0,
2026-03-31,2026-03,AMS,machine(Amy),31010,ORG Instant Hazelnut Latte 6Ct Case,Instant,inferred,,yes,4.0,30,0.7,2.8,42.9,0.714,10.7,
2026-03-31,2026-03,AMS,machine(Amy),31010L,ORG Instant Hazelnut Latte 224g Bag,Instant,governed,high,yes,4.0,184,0.667,2.667,276.0,4.6,69.0,
2026-03-31,2026-03,AMS,machine(Amy),Air clean out,Air Clean out of Machine (no testing necessary),Bag/Other,inferred,,,4.0,0,0.55,2.2,,,,
2026-03-31,2026-03,AMS,machine(Amy),CleanG,Clean + Gluten Test,Bag/Other,inferred,,,4.0,0,0.65,2.6,,,,
2026-03-31,2026-03,Assembly,,43001L,Dandelion Tea Sampler Box - Loose - G,Sampler,governed,high,yes,2.0,420,2.5,5.0,168.0,2.8,84.0,
2026-03-31,2026-03,Assembly,,43311,Dandelion Mocha Mint 25 Count Tea Bag - A,Tea,governed,high,,1.0,0,3.95,3.95,,,,
2026-03-31,2026-03,Assembly,,50097,Teeccino 30g Packet 10 Flavor Sampler,Sampler,governed,high,yes,1.0,130,4.3,4.3,30.2,0.504,30.2,
2026-03-31,2026-03,Assembly,,80063,ORG Hazelnut 11OZ Bag 3PK  - GA,Bag/Other,inferred,,yes,1.0,96,2.883,2.883,33.3,0.555,33.3,
2026-03-31,2026-03,Assembly,,80113,ORG French Roast 11OZ Bag 3PK - G,Bag/Other,inferred,,yes,1.0,96,3.083,3.083,31.1,0.519,31.1,
2026-03-31,2026-03,Maisa 1,,45030,ORG Lion's Mane Rhodiola 10 Ct Tea Bag/6 Count Case - G,Tea,inferred,,yes,3.0,372,8.733,26.2,42.6,0.71,14.2,
2026-03-31,2026-03,Maisa 1,,45030F,Lion's Mane Rhodiola Dual Language 10 cnt TB - G,Tea,inferred,,yes,3.0,400,1.15,3.45,347.8,5.797,115.9,
2026-03-31,2026-03,Maisa 2+3,,45021,ORG Chaga Ashwagandha 25 Ct Tea Bag,Tea,governed,high,yes,5.0,408,1.483,7.417,275.1,4.584,55.0,
2026-03-31,2026-03,Maisa 2+3,,46010,ORG Dark Chocolate 10 Ct Tea Bag/6 Count Case,Tea,inferred,,yes,5.0,3696,6.283,31.417,588.2,9.804,117.6,
2026-03-31,2026-03,Maisa 2+3,,46013,ORG Dark Chocolate 25CT Tea Bag 3PK,Tea,inferred,,yes,5.0,216,1.783,8.917,121.1,2.019,24.2,
2026-03-31,2026-03,Maisa 2+3,,Clean,Standard Clean,Tea,inferred,,,5.0,0,0.45,2.25,,,,
2026-03-31,2026-03,WeighRight,,10023,WWB - ORG Elderberries - 1 Lb Bag,Bag/Other,inferred,,yes,3.0,368,1.25,3.75,294.4,4.907,98.1,
2026-03-31,2026-03,WeighRight,,55070,ORG Miraculous Mushrooms 30g Trial Size Packet,Bag/Other,inferred,,yes,3.0,2160,3.167,9.5,682.1,11.368,227.4,
2026-03-31,2026-03,WeighRight,,63340,ORG Dandelion Coconut 5 Lb Bag - A,APG,governed,high,yes,3.0,20,0.283,0.85,70.6,1.176,23.5,
2026-03-31,2026-03,WeighRight,,83340L,ORG Dandelion Coconut 10 Oz Bag/Box of 24 - A,APG,governed,high,yes,3.0,672,1.233,3.7,544.9,9.081,181.6,
2026-03-31,2026-03,WeighRight,,85050,ORG Turkey Tail Astragalus 10 Oz Bag/6 Count Case - G,Bag/Other,inferred,,yes,3.0,120,1.333,4.0,90.0,1.5,30.0,
2026-03-31,2026-03,WeighRight,,85050L,ORG Turkey Tail Astragalus 10 Oz Bag/Box of 24 - G,Bag/Other,inferred,,yes,3.0,576,1.583,4.75,363.8,6.063,121.3,
2026-03-31,2026-03,WeighRight,,Air Clean Out,Air Clean out of Machine (no testing necessary),Bag/Other,inferred,,,3.0,0,0.417,1.25,,,,
2026-03-31,2026-03,WeighRight,,Air Clean Out,Air Clean out of Machine (no testing necessary),Bag/Other,inferred,,,3.0,0,0.367,1.1,,,,
2026-03-31,2026-03,WeighRight,,CleanA,Clean + Allergen Tests,Bag/Other,inferred,,,3.0,0,0.45,1.35,,,,
2026-04-01,2026-04,AMS,machine(Amy),10022,ORG Raw Dandelion1 Lb Bag,Bag/Other,inferred,,yes,4.0,2220,8.683,34.733,255.7,4.261,63.9,
2026-04-01,2026-04,AMS,machine(Amy),Air clean out,Air Clean out of Machine (no testing necessary),Bag/Other,inferred,,,4.0,0,0.367,1.467,,,,
2026-04-01,2026-04,AMS,handpack,Different tooling,,Bag/Other,inferred,,,1.0,0,0.75,0.75,,,,
2026-04-01,2026-04,Assembly,,43001L,Dandelion Tea Sampler Box - Loose - G,Sampler,governed,high,yes,2.0,420,2.5,5.0,168.0,2.8,84.0,
2026-04-01,2026-04,Assembly,,50096,Top Six Packet Sampler pack,Sampler,inferred,,yes,1.0,310,10.167,10.167,30.5,0.508,30.5,
2026-04-01,2026-04,Assembly,,50096,Top Six Packet Sampler pack,Sampler,inferred,,yes,1.0,110,4.5,4.5,24.4,0.407,24.4,
2026-04-01,2026-04,Assembly,,85010,ORG Reishi Eleuthero 10 Oz Bag/6 Count Case - G,Bag/Other,inferred,,yes,1.0,40,1.217,1.217,32.9,0.548,32.9,
2026-04-01,2026-04,Assembly,,TGB010,ORG Vanilla Nut Tea Bag Goody Bag - GA,Tea,inferred,,yes,1.0,50,0.267,0.267,187.5,3.125,187.5,
2026-04-01,2026-04,Assembly,,TGB311,ORG Dandelion Dark Roast Tea Bag Goody Bag,Tea,inferred,,yes,1.0,50,0.133,0.133,375.0,6.25,375.0,
2026-04-01,2026-04,Assembly,,TGB322,Dandelion Caramel Nut Tea Bag Goody Bag - A,Tea,inferred,,yes,1.0,50,0.267,0.267,187.5,3.125,187.5,
2026-04-01,2026-04,Assembly,,TGB502,Chaga Ashwaganda Tea Goody Bag,Bag/Other,inferred,,yes,1.0,50,0.267,0.267,187.5,3.125,187.5,
2026-04-01,2026-04,Assembly,,TGB601,ORG Dark Chocolate Tea Bag Goody Bag,Tea,inferred,,yes,1.0,50,0.267,0.267,187.5,3.125,187.5,
2026-04-01,2026-04,Maisa 1,,42080,ORG Irish Cream 10ct/6pk Tea Bag - G,Tea,inferred,,yes,3.0,1380,3.8,11.4,363.2,6.053,121.1,
2026-04-01,2026-04,Maisa 1,,42081,ORG Irish Cream 25Ct Tea Bag Box - G,Tea,inferred,,yes,3.0,8,0.117,0.35,68.6,1.143,22.9,
2026-04-01,2026-04,Maisa 1,,45030F,Lion's Mane Rhodiola Dual Language 10 cnt TB - G,Tea,inferred,,yes,3.0,230,5.367,16.1,42.9,0.714,14.3,
2026-04-01,2026-04,Maisa 1,,Clean,Standard Clean,Tea,inferred,,,3.0,0,0.75,2.25,,,,
2026-04-01,2026-04,Maisa 2+3,,43340,ORG Dandelion Coconut 10CT Tea Bag - A,Tea,inferred,,yes,5.0,108,0.717,3.583,150.7,2.512,30.1,
2026-04-01,2026-04,Maisa 2+3,,46010,ORG Dark Chocolate 10 Ct Tea Bag/6 Count Case,Tea,inferred,,yes,5.0,444,0.617,3.083,720.0,12.0,144.0,
2026-04-01,2026-04,Maisa 2+3,,46010L,ORG Dark Chocolate 10 Ct Tea Bag/36 Count Box,Tea,governed,high,yes,5.0,1152,1.233,6.167,934.1,15.568,186.8,
2026-04-01,2026-04,Maisa 2+3,,46011,ORG Dark Chocolate 25 Ct Tea Bag,Tea,governed,high,yes,5.0,1464,5.1,25.5,287.1,4.784,57.4,
2026-04-01,2026-04,Maisa 2+3,,Clean,Standard Clean,Tea,inferred,,,5.0,0,0.667,3.333,,,,
2026-04-01,2026-04,Maisa 2+3,,TB334,ORG Dandelion Coconut Tea Bag - A,Tea bag (intermediate),item-code,,yes,4.0,14500,1.85,7.4,7837.8,130.631,1959.5,
2026-04-01,2026-04,WeighRight,,55020,Chaga Ashwagandha 30g Trial Size Packet,Bag/Other,inferred,,yes,3.0,2160,3.65,10.95,591.8,9.863,197.3,
2026-04-01,2026-04,WeighRight,,60020,ORG Chocolate Mint 5 Lb Bag - GA,Bag/Other,inferred,,yes,3.0,32,0.283,0.85,112.9,1.882,37.6,
2026-04-01,2026-04,WeighRight,,60030,ORG Almond Amaretto 5 Lb Bag - GA,Bag/Other,inferred,,yes,3.0,60,0.417,1.25,144.0,2.4,48.0,
2026-04-01,2026-04,WeighRight,,80020A,AMZN Org Chocolate Mint11OZ Bag/Box of 24 - GA,Bag/Other,inferred,,yes,3.0,288,0.833,2.5,345.6,5.76,115.2,
2026-04-01,2026-04,WeighRight,,80030,ORG Almond Amaretto 11OZ Bag/6 Count Case - GA,Bag/Other,inferred,,yes,3.0,120,1.183,3.55,101.4,1.69,33.8,
2026-04-01,2026-04,WeighRight,,80030L,ORG Almond Amaretto 11OZ Bag/Box of 24 - GA,Bag/Other,inferred,,yes,3.0,672,1.45,4.35,463.4,7.724,154.5,
2026-04-01,2026-04,WeighRight,,85050L,ORG Turkey Tail Astragalus 10 Oz Bag/Box of 24 - G,Bag/Other,inferred,,yes,3.0,430,0.833,2.5,516.0,8.6,172.0,
2026-04-01,2026-04,WeighRight,,Air Clean Out,Air Clean out of Machine (no testing necessary),Bag/Other,inferred,,,3.0,0,0.417,1.25,,,,
2026-04-01,2026-04,WeighRight,,Air Clean Out,Air Clean out of Machine (no testing necessary),Bag/Other,inferred,,,3.0,0,0.283,0.85,,,,
2026-04-01,2026-04,WeighRight,,CleanGA,Clean + Gluten + Allergen Tests,Bag/Other,inferred,,,3.0,0,0.583,1.75,,,,
2026-04-02,2026-04,AMS,machine(Amy),10044,AMZN- WWB-ORG Hibiscus - 1 Lb Bag,Bag/Other,inferred,,yes,4.0,300,1.117,4.467,268.7,4.478,67.2,
2026-04-02,2026-04,AMS,handpack,Air clean out,Air Clean out of Machine (no testing necessary),Bag/Other,inferred,,,1.0,0,0.467,0.467,,,,
2026-04-02,2026-04,Assembly,,43001L,Dandelion Tea Sampler Box - Loose - G,Sampler,governed,high,yes,2.0,432,7.333,14.667,58.9,0.982,29.5,
2026-04-02,2026-04,Assembly,,80099,ORG Raspberry Mocha 11OZ Bag 3PK - GA,Bag/Other,inferred,,yes,1.0,80,1.5,1.5,53.3,0.889,53.3,
2026-04-02,2026-04,Assembly,,TGB010,ORG Vanilla Nut Tea Bag Goody Bag - GA,Tea,inferred,,yes,1.0,250,0.667,0.667,375.0,6.25,375.0,
2026-04-02,2026-04,Assembly,,TGB060,ORG Hazelnut Tea Bag Goody Bag - GA,Tea,inferred,,yes,1.0,250,0.583,0.583,428.6,7.143,428.6,
2026-04-02,2026-04,Assembly,,TGB311,ORG Dandelion Dark Roast Tea Bag Goody Bag,Tea,inferred,,yes,1.0,250,1.167,1.167,214.3,3.571,214.3,
2026-04-02,2026-04,Assembly,,TGB322,Dandelion Caramel Nut Tea Bag Goody Bag - A,Tea,inferred,,yes,1.0,250,0.833,0.833,300.0,5.0,300.0,
2026-04-02,2026-04,Assembly,,TGB502,Chaga Ashwaganda Tea Goody Bag,Bag/Other,inferred,,yes,1.0,250,1.017,1.017,245.9,4.098,245.9,
2026-04-02,2026-04,Assembly,,TGB601,ORG Dark Chocolate Tea Bag Goody Bag,Tea,inferred,,yes,1.0,250,1.817,1.817,137.6,2.294,137.6,
2026-04-02,2026-04,Maisa 1,,40033,ORG Almond Amaretto 25CT Tea Bag 3PK - GA,Tea,inferred,,yes,3.0,120,2.617,7.85,45.9,0.764,15.3,
2026-04-02,2026-04,Maisa 1,,40060,ORG Hazelnut 10ct/6pk Tea Bag - GA,Tea,inferred,,yes,3.0,30,0.433,1.3,69.2,1.154,23.1,
2026-04-02,2026-04,Maisa 1,,42081,ORG Irish Cream 25Ct Tea Bag Box - G,Tea,inferred,,yes,3.0,320,2.917,8.75,109.7,1.829,36.6,
2026-04-02,2026-04,Maisa 1,,Clean,Standard Clean,Tea,inferred,,,3.0,0,0.5,1.5,,,,
2026-04-02,2026-04,Maisa 1,,Clean,Standard Clean,Tea,inferred,,,3.0,0,0.45,1.35,,,,
2026-04-02,2026-04,Maisa 1,,Clean,Standard Clean,Tea,inferred,,,3.0,0,0.683,2.05,,,,
2026-04-02,2026-04,Maisa 1,,TB030,ORG Almond Amaretto Tea Bag - GA,Tea bag (intermediate),item-code,,yes,3.0,1209,0.333,1.0,3627.0,60.45,1209.0,
2026-04-02,2026-04,Maisa 1,,TB080,ORG Mocha Tea Bag - GA,Tea bag (intermediate),item-code,,yes,3.0,8000,1.85,5.55,4324.3,72.072,1441.4,
2026-04-02,2026-04,Maisa 2+3,,40011,ORG Vanila Nut 25CT Tea Bag - GA,Tea,governed,high,yes,5.0,24,1.6,8.0,15.0,0.25,3.0,
2026-04-02,2026-04,Maisa 2+3,,43340,ORG Dandelion Coconut 10CT Tea Bag - A,Tea,inferred,,yes,5.0,1944,2.483,12.417,782.8,13.047,156.6,
2026-04-02,2026-04,Maisa 2+3,,Clean,Standard Clean,Tea,inferred,,,5.0,0,0.583,2.917,,,,
2026-04-02,2026-04,Maisa 2+3,,CleanA,Clean + Allergen Tests,Tea,inferred,,,5.0,0,0.433,2.167,,,,
2026-04-02,2026-04,Maisa 2+3,,TB130,ORG Maca Chocolate Tea Bag - G,Tea bag (intermediate),item-code,,yes,4.0,31340,5.6,22.4,5596.4,93.274,1399.1,
2026-04-02,2026-04,WeighRight,,10026,ORG Orange Peel 8 Oz Bag,Bag/Other,inferred,,yes,3.0,378,1.017,3.05,371.8,6.197,123.9,
2026-04-02,2026-04,WeighRight,,50130,ORG MACA Chocolate 30g Trial Size Packet - G,Bag/Other,inferred,,yes,3.0,1080,1.667,5.0,648.0,10.8,216.0,
2026-04-02,2026-04,WeighRight,,60130,ORG MACA Chocolate 5 Lb Bag - G,Bag/Other,inferred,,yes,3.0,28,0.283,0.85,98.8,1.647,32.9,
2026-04-02,2026-04,WeighRight,,80063,ORG Hazelnut 11OZ Bag 3PK  - GA,Bag/Other,inferred,,yes,3.0,320,1.617,4.85,197.9,3.299,66.0,
2026-04-02,2026-04,WeighRight,,80130,ORG MACA Chocolate 11OZ Bag/6 Count Case - G,Bag/Other,inferred,,yes,3.0,151,1.483,4.45,101.8,1.697,33.9,
2026-04-02,2026-04,WeighRight,,85020,ORG Chaga Ashwagandha 10 Oz Bag/6 Count Case,Bag/Other,inferred,,yes,3.0,154,2.55,7.65,60.4,1.007,20.1,
2026-04-02,2026-04,WeighRight,,Air Clean Out,Air Clean out of Machine (no testing necessary),Bag/Other,inferred,,,3.0,0,0.45,1.35,,,,
2026-04-02,2026-04,WeighRight,,Air Clean Out,Air Clean out of Machine (no testing necessary),Bag/Other,inferred,,,3.0,0,0.4,1.2,,,,
2026-04-02,2026-04,WeighRight,,Air Clean Out,Air Clean out of Machine (no testing necessary),Bag/Other,inferred,,,3.0,0,0.317,0.95,,,,
2026-04-02,2026-04,WeighRight,,Air Clean Out,Air Clean out of Machine (no testing necessary),Bag/Other,inferred,,,3.0,0,0.467,1.4,,,,
2026-04-06,2026-04,AMS,machine(Amy),10006A,WWB AMZN Organic Lemon Balm (6 Oz) ,Bag/Other,inferred,,yes,4.0,1050,6.567,26.267,159.9,2.665,40.0,
2026-04-06,2026-04,Assembly,,43001L,Dandelion Tea Sampler Box - Loose - G,Sampler,governed,high,yes,1.0,284,3.85,3.85,73.8,1.229,73.8,
2026-04-06,2026-04,Assembly,,43311F,ORG Dandelion Mocha Mint DL 25CT Tea Bag AMZN (24pk) - A,Tea,inferred,,yes,2.0,57,1.5,3.0,38.0,0.633,19.0,
2026-04-06,2026-04,Assembly,,43311F,ORG Dandelion Mocha Mint DL 25CT Tea Bag AMZN (24pk) - A,Tea,inferred,,yes,1.0,15,1.0,1.0,15.0,0.25,15.0,
2026-04-06,2026-04,Assembly,,45001,Mushroom Adaptogen TB Sampler Box - 6 Count Case - G,Sampler,inferred,,yes,1.0,66,5.0,5.0,13.2,0.22,13.2,
2026-04-06,2026-04,Assembly,,45001,Mushroom Adaptogen TB Sampler Box - 6 Count Case - G,Sampler,inferred,,yes,1.0,39,3.5,3.5,11.1,0.186,11.1,
2026-04-06,2026-04,Assembly,,55092A,AMZN Mushroom 6 Packet Sampler,Sampler,inferred,,yes,1.0,150,3.633,3.633,41.3,0.688,41.3,
2026-04-06,2026-04,Maisa 1,,40060,ORG Hazelnut 10ct/6pk Tea Bag - GA,Tea,inferred,,yes,3.0,4998,10.083,30.25,495.7,8.261,165.2,
2026-04-06,2026-04,Maisa 2+3,,40010,ORG Vanilla Nut 10ct/6pk Tea Bag - GA,Tea,inferred,,yes,5.0,3468,6.7,33.5,517.6,8.627,103.5,
2026-04-06,2026-04,Maisa 2+3,,40011,ORG Vanila Nut 25CT Tea Bag - GA,Tea,governed,high,yes,3.0,468,3.433,10.3,136.3,2.272,45.4,
2026-04-06,2026-04,Maisa 2+3,,TB010,ORG Vanilla Nut Tea Bag Loose - GA,Tea bag (intermediate),item-code,,yes,2.0,7500,1.75,3.5,4285.7,71.429,2142.9,
2026-04-06,2026-04,WeighRight,,50010,ORG Vanilla Nut 30g Trial Size Packet - GA,Bag/Other,inferred,,yes,3.0,2160,3.45,10.35,626.1,10.435,208.7,
2026-04-06,2026-04,WeighRight,,60080,ORG Mocha 5 Lb Bag - GA,Bag/Other,inferred,,yes,3.0,48,0.45,1.35,106.7,1.778,35.6,
2026-04-06,2026-04,WeighRight,,80013,ORG Vanilla Nut 11oz Bag 3PK - GA,Bag/Other,inferred,,yes,3.0,432,2.65,7.95,163.0,2.717,54.3,
2026-04-06,2026-04,WeighRight,,80080,ORG Mocha 11OZ Bag/6 Count Case - GA,Bag/Other,inferred,,yes,3.0,140,2.133,6.4,65.6,1.094,21.9,
2026-04-06,2026-04,WeighRight,,85070,ORG Miraculous Mushrooms AP 6Ct/10Oz APG Bag,APG,inferred,,yes,3.0,30,0.517,1.55,58.1,0.968,19.4,
2026-04-06,2026-04,WeighRight,,Air Clean Out,Air Clean out of Machine (no testing necessary),Bag/Other,inferred,,,3.0,0,0.217,0.65,,,,
2026-04-06,2026-04,WeighRight,,CleanGA,Clean + Gluten + Allergen Tests,Bag/Other,inferred,,,3.0,0,0.733,2.2,,,,
2026-04-07,2026-04,AMS,machine(Amy),10006A,WWB AMZN Organic Lemon Balm (6 Oz) ,Bag/Other,inferred,,yes,4.0,990,4.683,18.733,211.4,3.523,52.8,
2026-04-07,2026-04,AMS,machine(Amy),10101,WWB - ORG Medium Roasted Carob Flour - 1 Lb Bag,Bag/Other,inferred,,yes,4.0,816,4.55,18.2,179.3,2.989,44.8,
2026-04-07,2026-04,AMS,handpack,Air clean out,Air Clean out of Machine (no testing necessary),Bag/Other,inferred,,,1.0,0,0.417,0.417,,,,
2026-04-07,2026-04,AMS,handpack,Different tooling,,Bag/Other,inferred,,,1.0,0,0.683,0.683,,,,
2026-04-07,2026-04,Assembly,,40011F,ORG Vanilla Nut DL 25CT Tea Bag AMZN (24pk) - GA,Tea,inferred,,yes,2.0,72,1.483,2.967,48.5,0.809,24.3,
2026-04-07,2026-04,Assembly,,43221F,ORG Dandelion Caramel Nut DL 25CT Tea Bag AMZN (24pk) - A,Tea,inferred,,yes,2.0,72,1.333,2.667,54.0,0.9,27.0,
2026-04-07,2026-04,Assembly,,45001,Mushroom Adaptogen TB Sampler Box - 6 Count Case - G,Sampler,inferred,,,1.0,0,9.917,9.917,,,,
2026-04-07,2026-04,Maisa 1,,40060,ORG Hazelnut 10ct/6pk Tea Bag - GA,Tea,inferred,,yes,3.0,522,1.15,3.45,453.9,7.565,151.3,
2026-04-07,2026-04,Maisa 1,,40061,ORG Hazelnut 25CT Tea Bag - GA,Tea,governed,high,yes,3.0,816,4.767,14.3,171.2,2.853,57.1,
2026-04-07,2026-04,Maisa 1,,43226,Dandelion Caramel Nut Tagless Tea Bag - 50 Ct - A,Tea,governed,high,yes,3.0,27,0.267,0.8,101.2,1.687,33.7,
2026-04-07,2026-04,Maisa 1,,CleanG,Clean + Gluten Test,Tea,inferred,,,3.0,0,0.683,2.05,,,,
2026-04-07,2026-04,Maisa 1,,TB060,ORG Hazelnut Tea Bag Loose - GA,Tea bag (intermediate),item-code,,yes,3.0,13500,3.133,9.4,4308.5,71.809,1436.2,
2026-04-07,2026-04,Maisa 2+3,,40010,ORG Vanilla Nut 10ct/6pk Tea Bag - GA,Tea,inferred,,yes,5.0,672,0.733,3.667,916.4,15.273,183.3,
2026-04-07,2026-04,Maisa 2+3,,40031,ORG Almond Amaretto 25CT Tea Bag - GA,Tea,governed,high,yes,5.0,672,2.067,10.333,325.2,5.419,65.0,
2026-04-07,2026-04,Maisa 2+3,,Clean,Standard Clean,Tea,inferred,,,5.0,0,0.633,3.167,,,,
2026-04-07,2026-04,Maisa 2+3,,CleanA,Clean + Allergen Tests,Tea,inferred,,,5.0,0,,,,,,
2026-04-07,2026-04,Maisa 2+3,,TB010,ORG Vanilla Nut Tea Bag Loose - GA,Tea bag (intermediate),item-code,,yes,4.0,19340,2.733,10.933,7075.6,117.927,1768.9,
2026-04-07,2026-04,Maisa 2+3,,TB030,ORG Almond Amaretto Tea Bag - GA,Tea bag (intermediate),item-code,,yes,4.0,20000,2.167,8.667,9230.8,153.846,2307.7,
2026-04-07,2026-04,Maisa 2+3,,TB503,ORG Lion's Mane Rhodiola Loose Tea Bag - G,Tea bag (intermediate),item-code,,yes,4.0,4000,1.367,5.467,2926.8,48.78,731.7,
2026-04-07,2026-04,WeighRight,,53220,Dandelion Caramel Nut 30g Trial Size Packet - A,Bag/Other,inferred,,yes,3.0,2700,4.317,12.95,625.5,10.425,208.5,
2026-04-07,2026-04,WeighRight,,80140L,ORG Original 10oz Bag/Box of 24 - G,APG,governed,high,yes,3.0,672,2.083,6.25,322.6,5.376,107.5,
2026-04-07,2026-04,WeighRight,,83220A,AMZN Dandelion Caramel Nut 10 Oz Bag/Box of 24 - A,Bag/Other,inferred,,yes,3.0,432,0.75,2.25,576.0,9.6,192.0,
2026-04-07,2026-04,WeighRight,,83220L,Dandelion Caramel Nut 10 Oz Bag/Box of 24 - A,Bag/Other,inferred,,yes,3.0,432,0.867,2.6,498.5,8.308,166.2,
2026-04-07,2026-04,WeighRight,,85070,ORG Miraculous Mushrooms AP 6Ct/10Oz APG Bag,APG,inferred,,yes,3.0,141,1.217,3.65,115.9,1.932,38.6,
2026-04-07,2026-04,WeighRight,,Air Clean Out,Air Clean out of Machine (no testing necessary),Bag/Other,inferred,,,3.0,0,0.383,1.15,,,,
2026-04-07,2026-04,WeighRight,,CleanA,Clean + Allergen Tests,Bag/Other,inferred,,,3.0,0,0.25,0.75,,,,
2026-04-08,2026-04,AMS,machine(Amy),10026,ORG Orange Peel 8 Oz Bag,Bag/Other,inferred,,yes,4.0,528,3.083,12.333,171.2,2.854,42.8,
2026-04-08,2026-04,Assembly,,29002,ORG FR/HZ/VN 300g Variety Pack,Bundle,inferred,,yes,1.0,35,1.667,1.667,21.0,0.35,21.0,
2026-04-08,2026-04,Assembly,,90012,,Bag/Other,inferred,,yes,1.0,25,3.133,3.133,8.0,0.133,8.0,
2026-04-08,2026-04,Assembly,,TGB331,ORG Dandelion Mocha Mint Tea Bag Goody Bag - A,Tea,inferred,,yes,1.0,25,0.167,0.167,150.0,2.5,150.0,
2026-04-08,2026-04,Assembly,,TGB334,ORG Dandelion Coconut Tea Bag Goody Bag - A,Tea,inferred,,yes,1.0,25,0.783,0.783,31.9,0.532,31.9,
2026-04-08,2026-04,Assembly,,TGB503,Lion's Mane Rhodiola Tea Goody Bag - G,Bag/Other,inferred,,yes,1.0,250,0.917,0.917,272.7,4.545,272.7,
2026-04-08,2026-04,Assembly,,TGB505,Turkey Tail Astragalus Tea Goody Bag - G,Bag/Other,inferred,,yes,1.0,250,0.8,0.8,312.5,5.208,312.5,
2026-04-08,2026-04,Maisa 1,,43226,Dandelion Caramel Nut Tagless Tea Bag - 50 Ct - A,Tea,governed,high,yes,3.0,453,5.417,16.25,83.6,1.394,27.9,
2026-04-08,2026-04,Maisa 1,,TB322,ORG Dandelion Caramel Nut Tea Bag - A,Tea bag (intermediate),item-code,,yes,3.0,19000,4.317,12.95,4401.5,73.359,1467.2,
2026-04-08,2026-04,Maisa 2+3,,42041,Snickerdoodle 25CT Tea Bag - GA,Tea,governed,high,yes,5.0,735,2.283,11.417,321.9,5.365,64.4,
2026-04-08,2026-04,Maisa 2+3,,43221,ORG Dandelion Caramel Nut 25CT Tea Bag - A,Tea,governed,high,yes,5.0,840,3.267,16.333,257.1,4.286,51.4,
2026-04-08,2026-04,Maisa 2+3,,43223,ORG Dandelion Caramel Nut 25CT Tea Bag 3PK - A,Tea,inferred,,yes,5.0,240,2.567,12.833,93.5,1.558,18.7,
2026-04-08,2026-04,Maisa 2+3,,Clean,Standard Clean,Tea,inferred,,,5.0,0,0.383,1.917,,,,
2026-04-08,2026-04,Maisa 2+3,,CleanG,Clean + Gluten Test,Tea,inferred,,,5.0,0,0.567,2.833,,,,
2026-04-08,2026-04,Maisa 2+3,,TB503,ORG Lion's Mane Rhodiola Loose Tea Bag - G,Tea bag (intermediate),item-code,,yes,4.0,5550,0.933,3.733,5946.4,99.107,1486.6,
2026-04-08,2026-04,WeighRight,,50070,ORG Java 30g Trial Size Packet - GA,Bag/Other,inferred,,yes,3.0,1440,2.583,7.75,557.4,9.29,185.8,
2026-04-08,2026-04,WeighRight,,50110,ORG French Roast 30g Trial Size Packet - G,Bag/Other,inferred,,yes,3.0,1620,2.7,8.1,600.0,10.0,200.0,
2026-04-08,2026-04,WeighRight,,60070,ORG Java 5 Lb Bag - GA,Bag/Other,inferred,,yes,3.0,80,0.733,2.2,109.1,1.818,36.4,
2026-04-08,2026-04,WeighRight,,80070,ORG Java 11OZ Bag/6 Count Case - GA,Bag/Other,inferred,,yes,3.0,80,1.0,3.0,80.0,1.333,26.7,
2026-04-08,2026-04,WeighRight,,80073,ORG Java 11OZ Bag 3PK - GA,Bag/Other,inferred,,yes,3.0,352,1.833,5.5,192.0,3.2,64.0,
2026-04-08,2026-04,WeighRight,,80140L,ORG Original 10oz Bag/Box of 24 - G,APG,governed,high,yes,3.0,56,0.283,0.85,197.6,3.294,65.9,
2026-04-08,2026-04,WeighRight,,Air Clean Out,Air Clean out of Machine (no testing necessary),Bag/Other,inferred,,,3.0,0,0.267,0.8,,,,
2026-04-08,2026-04,WeighRight,,CleanA,Clean + Allergen Tests,Bag/Other,inferred,,,3.0,0,0.633,1.9,,,,
2026-04-09,2026-04,AMS,handpack,85050L,ORG Turkey Tail Astragalus 10 Oz Bag/Box of 24 - G,Bag/Other,inferred,,yes,2.0,240,1.417,2.833,169.4,2.824,84.7,
2026-04-09,2026-04,AMS,unknown,Converting jobs,,Bag/Other,inferred,,,,0,10.167,,,,,
2026-04-09,2026-04,AMS,handpack,TB332,ORG Dandelion Red Chai Tea Bag,Tea bag (intermediate),item-code,,yes,2.0,9025,5.0,10.0,1805.0,30.083,902.5,
2026-04-09,2026-04,Assembly,,29002,ORG FR/HZ/VN 300g Variety Pack,Bundle,inferred,,,1.0,0,3.0,3.0,,,,
2026-04-09,2026-04,Assembly,,40130,ORG Maca Chocolate 10ct/6pk Tea Bag - G,Tea,inferred,,yes,1.0,492,9.517,9.517,51.7,0.862,51.7,
2026-04-09,2026-04,Assembly,,43110F,Dandelion Dark Roast Dual Language 10ct/6pk Tea Bag,Tea,inferred,,yes,1.0,420,5.083,5.083,82.6,1.377,82.6,
2026-04-09,2026-04,Assembly,,45001,Mushroom Adaptogen TB Sampler Box - 6 Count Case - G,Sampler,inferred,,yes,4.0,54,0.4,1.6,135.0,2.25,33.8,
2026-04-09,2026-04,Assembly,,TGB110,ORG French Roast Tea Bag Goody Bag - G,Tea,inferred,,yes,1.0,250,1.167,1.167,214.3,3.571,214.3,
2026-04-09,2026-04,Maisa 1,,47010,75147 TJ ORG Roasted Herbal Cofee (12 Pack) - G,Tea,inferred,,yes,3.0,204,7.917,23.75,25.8,0.429,8.6,
2026-04-09,2026-04,Maisa 1,,CleanA,Clean + Allergen Tests,Tea,inferred,,,3.0,0,0.217,0.65,,,,
2026-04-09,2026-04,Maisa 1,,TB322,ORG Dandelion Caramel Nut Tea Bag - A,Tea bag (intermediate),item-code,,yes,3.0,8096,1.617,4.85,5007.8,83.464,1669.3,
2026-04-09,2026-04,Maisa 2+3,,47010,75147 TJ ORG Roasted Herbal Cofee (12 Pack) - G,Tea,inferred,,yes,5.0,588,9.667,48.333,60.8,1.014,12.2,
2026-04-09,2026-04,Maisa 2+3,,CleanA,Clean + Allergen Tests,Tea,inferred,,,5.0,0,0.25,1.25,,,,
2026-04-09,2026-04,WeighRight,,50110,ORG French Roast 30g Trial Size Packet - G,Bag/Other,inferred,,yes,3.0,2520,1.467,4.4,1718.2,28.636,572.7,
2026-04-09,2026-04,WeighRight,,80110,ORG French Roast 11OZ Bag/6 Count Case - G,Bag/Other,inferred,,,3.0,0,3.2,9.6,,,,
2026-04-09,2026-04,WeighRight,,80110A,AMZN Org French Roast 11OZ Bag/Box of 24 - G,Bag/Other,inferred,,yes,3.0,864,1.767,5.3,489.1,8.151,163.0,
2026-04-09,2026-04,WeighRight,,80110L,Org French Roast 11oz Bag/Box of 24 - G,Bag/Other,inferred,,yes,3.0,816,1.583,4.75,515.4,8.589,171.8,
2026-04-09,2026-04,WeighRight,,80113,ORG French Roast 11OZ Bag 3PK - G,Bag/Other,inferred,,yes,3.0,320,1.75,5.25,182.9,3.048,61.0,
2026-04-13,2026-04,AMS,handpack,40060L,Org Hazelnut 10 Ct Tea Bag Loose - GA,Tea,governed,high,yes,2.0,192,0.867,1.733,221.5,3.692,110.8,
2026-04-13,2026-04,AMS,handpack,40060L,Org Hazelnut 10 Ct Tea Bag Loose - GA,Tea,governed,high,yes,2.0,320,1.417,2.833,225.9,3.765,112.9,
2026-04-13,2026-04,AMS,machine(Amy),43341,Dandelion Coconut 25 Count Tea Bag - A,Tea,governed,high,,4.0,0,,,,,,
2026-04-13,2026-04,AMS,machine(Amy),80040L,ORG Blood Orange 11OZ Bag/Box of 24 - GA,Bag/Other,inferred,,yes,4.0,576,3.2,12.8,180.0,3.0,45.0,
2026-04-13,2026-04,Assembly,,40001,Herbal Tea Sampler Box - 6 Count Case,Sampler,inferred,,yes,2.0,76,1.25,2.5,60.8,1.013,30.4,
2026-04-13,2026-04,Assembly,,40130,ORG Maca Chocolate 10ct/6pk Tea Bag - G,Tea,inferred,,yes,1.0,228,4.483,4.483,50.9,0.848,50.9,
2026-04-13,2026-04,Assembly,,42080L,ORG Irish Cream 10ct Loose - G,Bag/Other,inferred,,yes,1.0,144,2.75,2.75,52.4,0.873,52.4,
2026-04-13,2026-04,Assembly,,43110F,Dandelion Dark Roast Dual Language 10ct/6pk Tea Bag,Tea,inferred,,yes,1.0,300,22.517,22.517,13.3,0.222,13.3,
2026-04-13,2026-04,Assembly,,50093,Wellness Packet Sampler Pack,Sampler,governed,high,yes,1.0,90,4.583,4.583,19.6,0.327,19.6,
2026-04-13,2026-04,Assembly,,85010L,ORG Reishi Eleuthero 10 Oz Bag/Box of 24 - G,APG,governed,high,yes,2.0,288,0.5,1.0,576.0,9.6,288.0,
2026-04-13,2026-04,Maisa 1,,47010,75147 TJ ORG Roasted Herbal Cofee (12 Pack) - G,Tea,inferred,,yes,3.0,358,10.0,30.0,35.8,0.597,11.9,
2026-04-13,2026-04,Maisa 2+3,,47010,75147 TJ ORG Roasted Herbal Cofee (12 Pack) - G,Tea,inferred,,yes,5.0,694,10.05,50.25,69.1,1.151,13.8,
2026-04-13,2026-04,WeighRight,,52040,ORG Snickerdoodle 30g Trial Size Packet - GA,APG,governed,high,yes,3.0,593,1.15,3.45,515.7,8.594,171.9,
2026-04-13,2026-04,WeighRight,,53310,Dandelion Mocha Mint 30g Trial Size Packet - A,Bag/Other,inferred,,yes,3.0,1440,2.65,7.95,543.4,9.057,181.1,
2026-04-13,2026-04,WeighRight,,62060,ORG Maple Pecan 5 Lb Bag - GA,Bag/Other,inferred,,,3.0,0,0.317,0.95,,,,
2026-04-13,2026-04,WeighRight,,80110,ORG French Roast 11OZ Bag/6 Count Case - G,Bag/Other,inferred,,yes,3.0,290,2.433,7.3,119.2,1.986,39.7,
2026-04-13,2026-04,WeighRight,,80130A,AMZN Org Maca Chocolate 11OZ Bag/Box of 24 - G,Bag/Other,inferred,,yes,3.0,480,1.167,3.5,411.4,6.857,137.1,
2026-04-13,2026-04,WeighRight,,83310L,ORG Dandelion Mocha Mint 10 Oz Bag/Box of 24 - A,Bag/Other,inferred,,yes,3.0,249,0.867,2.6,287.3,4.788,95.8,
2026-04-13,2026-04,WeighRight,,83310L,ORG Dandelion Mocha Mint 10 Oz Bag/Box of 24 - A,Bag/Other,inferred,,yes,3.0,249,0.867,2.6,287.3,4.788,95.8,
2026-04-13,2026-04,WeighRight,,Air Clean Out,Air Clean out of Machine (no testing necessary),Bag/Other,inferred,,,3.0,0,0.833,2.5,,,,
2026-04-13,2026-04,WeighRight,,Air Clean Out,Air Clean out of Machine (no testing necessary),Bag/Other,inferred,,,3.0,0,0.35,1.05,,,,
2026-04-13,2026-04,WeighRight,,CleanA,Clean + Allergen Tests,Bag/Other,inferred,,,3.0,0,0.417,1.25,,,,
2026-04-13,2026-04,WeighRight,,CleanG,Clean + Gluten Test,Bag/Other,inferred,,,3.0,0,0.467,1.4,,,,
2026-04-14,2026-04,AMS,machine(Amy),10013,"ORG Hibisicus, 8 Oz Bag",Bag/Other,inferred,,yes,4.0,1776,5.483,21.933,323.9,5.398,81.0,
2026-04-14,2026-04,Assembly,,40001,Herbal Tea Sampler Box - 6 Count Case,Sampler,inferred,,yes,2.0,77,7.083,14.167,10.9,0.181,5.4,
2026-04-14,2026-04,Assembly,,40081,ORG Mocha 25CT Tea Bag - GA,Tea,governed,high,yes,2.0,225,0.5,1.0,450.0,7.5,225.0,
2026-04-14,2026-04,Assembly,,42080L,ORG Irish Cream 10ct Loose - G,Bag/Other,inferred,,yes,1.0,288,9.0,9.0,32.0,0.533,32.0,
2026-04-14,2026-04,Assembly,,45051,ORG Turkey Tail Astragalus 25 Ct Tea Bag - G,Tea,governed,high,yes,2.0,324,1.667,3.333,194.4,3.24,97.2,
2026-04-14,2026-04,Assembly,,TGB130,ORG Maca Chocolate Tea Bag Goody Bag,Tea,inferred,,yes,1.0,250,1.583,1.583,157.9,2.632,157.9,
2026-04-14,2026-04,Maisa 1,,47010,75147 TJ ORG Roasted Herbal Cofee (12 Pack) - G,Tea,inferred,,yes,3.0,358,10.0,30.0,35.8,0.597,11.9,
2026-04-14,2026-04,Maisa 2+3,,47010,75147 TJ ORG Roasted Herbal Cofee (12 Pack) - G,Tea,inferred,,yes,3.0,368,10.0,30.0,36.8,0.613,12.3,
2026-04-14,2026-04,WeighRight,,80060,ORG Hazelnut 11OZ Bag/6 Count Case - GA,Bag/Other,inferred,,yes,3.0,230,3.783,11.35,60.8,1.013,20.3,
2026-04-14,2026-04,WeighRight,,80060A,AMZN Org Hazelnut 11OZ Bag/Box of 24 - GA,Bag/Other,inferred,,yes,3.0,1200,3.133,9.4,383.0,6.383,127.7,
2026-04-14,2026-04,WeighRight,,80063,ORG Hazelnut 11OZ Bag 3PK  - GA,Bag/Other,inferred,,yes,3.0,320,1.8,5.4,177.8,2.963,59.3,
2026-04-14,2026-04,WeighRight,,Air Clean Out,Air Clean out of Machine (no testing necessary),Bag/Other,inferred,,,3.0,0,1.033,3.1,,,,
2026-04-15,2026-04,AMS,machine(Amy),10013,"ORG Hibisicus, 8 Oz Bag",Bag/Other,inferred,,yes,4.0,2772,9.75,39.0,284.3,4.738,71.1,
2026-04-15,2026-04,Assembly,,40001,Herbal Tea Sampler Box - 6 Count Case,Sampler,inferred,,yes,2.0,77,7.083,14.167,10.9,0.181,5.4,
2026-04-15,2026-04,Assembly,,40063,ORG Hazelnut 25CT Tea Bag 3PK - GA,Tea,inferred,,yes,1.0,44,8.05,8.05,5.5,0.091,5.5,
2026-04-15,2026-04,Maisa 1,,43310L,Org Dandelion Mocha Mint 10 Ct Tea Bag Loose - A,Tea,governed,high,yes,3.0,432,1.767,5.3,244.5,4.075,81.5,
2026-04-15,2026-04,Maisa 1,,43311,Dandelion Mocha Mint 25 Count Tea Bag - A,Tea,governed,high,yes,3.0,504,5.9,17.7,85.4,1.424,28.5,
2026-04-15,2026-04,Maisa 1,,47010,75147 TJ ORG Roasted Herbal Cofee (12 Pack) - G,Tea,inferred,,yes,3.0,138,1.5,4.5,92.0,1.533,30.7,
2026-04-15,2026-04,Maisa 1,,CleanG,Clean + Gluten Test,Tea,inferred,,,3.0,0,0.833,2.5,,,,
2026-04-15,2026-04,Maisa 2+3,,45050,ORG Turkey Tail Astragalus 10 Ct Tea Bag/6 Count Case - G,Tea,inferred,,yes,5.0,4140,6.533,32.667,633.7,10.561,126.7,
2026-04-15,2026-04,Maisa 2+3,,47010,75147 TJ ORG Roasted Herbal Cofee (12 Pack) - G,Tea,inferred,,yes,5.0,276,2.8,14.0,98.6,1.643,19.7,
2026-04-15,2026-04,Maisa 2+3,,Clean,Standard Clean,Tea,inferred,,,5.0,0,0.583,2.917,,,,
2026-04-15,2026-04,WeighRight,,60060,ORG Hazelnut 5 Lb Bag - GA,Bag/Other,inferred,,yes,3.0,80,0.733,2.2,109.1,1.818,36.4,
2026-04-15,2026-04,WeighRight,,80010,ORG Vanilla Nut 11oz Bag/6 Count Case - GA,Bag/Other,inferred,,yes,3.0,230,3.05,9.15,75.4,1.257,25.1,
2026-04-15,2026-04,WeighRight,,80060,ORG Hazelnut 11OZ Bag/6 Count Case - GA,Bag/Other,inferred,,yes,3.0,230,3.567,10.7,64.5,1.075,21.5,
2026-04-16,2026-04,AMS,machine(Amy),10013,"ORG Hibisicus, 8 Oz Bag",Bag/Other,inferred,,yes,4.0,264,0.717,2.867,368.4,6.14,92.1,
2026-04-16,2026-04,AMS,machine(Amy),10027,Organic Licorice C/S - 8 Oz Bag,Bag/Other,inferred,,yes,4.0,70,0.333,1.333,210.0,3.5,52.5,
2026-04-16,2026-04,AMS,machine(Amy),10044,AMZN- WWB-ORG Hibiscus - 1 Lb Bag,Bag/Other,inferred,,yes,4.0,405,2.233,8.933,181.3,3.022,45.3,
2026-04-16,2026-04,AMS,machine(Amy),10201,WWB - ORG Peppermint Leaf - 4 Oz Bag,Bag/Other,inferred,,yes,4.0,1080,5.333,21.333,202.5,3.375,50.6,
2026-04-16,2026-04,AMS,machine(Amy),Air clean out,Air Clean out of Machine (no testing necessary),Bag/Other,inferred,,,4.0,0,0.4,1.6,,,,
2026-04-16,2026-04,AMS,handpack,Different tooling,,Bag/Other,inferred,,,1.0,0,0.5,0.5,,,,
2026-04-16,2026-04,Assembly,,40001L,Herbal Tea Sampler Box - Loose,Sampler,governed,high,yes,2.0,460,2.5,5.0,184.0,3.067,92.0,
2026-04-16,2026-04,Assembly,,40063,ORG Hazelnut 25CT Tea Bag 3PK - GA,Tea,inferred,,yes,1.0,76,7.467,7.467,10.2,0.17,10.2,
2026-04-16,2026-04,Assembly,,43371,ORG Blueberry Vanilla 25-Ct Tea Bag,Tea,inferred,,yes,1.0,25,2.95,2.95,8.5,0.141,8.5,
2026-04-16,2026-04,Maisa 1,,43011,ORG Dandelion Vanilla Nut 25CT Tea Bag - A,Tea,governed,high,yes,3.0,380,2.1,6.3,181.0,3.016,60.3,
2026-04-16,2026-04,Maisa 1,,43311,Dandelion Mocha Mint 25 Count Tea Bag - A,Tea,governed,high,yes,3.0,931,7.067,21.2,131.7,2.196,43.9,
2026-04-16,2026-04,Maisa 1,,Clean,Standard Clean,Tea,inferred,,,3.0,0,0.55,1.65,,,,
2026-04-16,2026-04,Maisa 2+3,,CleanG,Clean + Gluten Test,Tea,inferred,,,2.0,0,0.417,0.833,,,,
2026-04-16,2026-04,Maisa 2+3,,Dissambling jobs,,Tea,inferred,,,2.0,0,2.5,5.0,,,,
2026-04-16,2026-04,Maisa 2+3,,TB505,ORG Turkey Tail Astragalus Loose Tea Bag - G,Tea bag (intermediate),item-code,,yes,2.0,18000,7.283,14.567,2471.4,41.19,1235.7,
2026-04-16,2026-04,WeighRight,,10023,WWB - ORG Elderberries - 1 Lb Bag,Bag/Other,inferred,,yes,3.0,600,2.167,6.5,276.9,4.615,92.3,
2026-04-16,2026-04,WeighRight,,50089,ORG Raspberry Mocha 30g Trial Size Packet - GA,Bag/Other,inferred,,yes,3.0,857,1.817,5.45,471.7,7.862,157.2,
2026-04-16,2026-04,WeighRight,,55050,Turkey Tail Astragalus 30g Trial Size Packet - G,Bag/Other,inferred,,yes,3.0,766,1.433,4.3,534.4,8.907,178.1,
2026-04-16,2026-04,WeighRight,,60010,ORG Vanilla Nut 5 Lb Bag - GA,Bag/Other,inferred,,yes,3.0,56,23.483,70.45,2.4,0.04,0.8,
2026-04-16,2026-04,WeighRight,,65050,ORG Turkey Tail Astragalus 5 Lb Bag - G,Bag/Other,inferred,,yes,3.0,27,0.25,0.75,108.0,1.8,36.0,
2026-04-16,2026-04,WeighRight,,80010,ORG Vanilla Nut 11oz Bag/6 Count Case - GA,Bag/Other,inferred,,yes,3.0,85,1.067,3.2,79.7,1.328,26.6,
2026-04-16,2026-04,WeighRight,,Air Clean Out,Air Clean out of Machine (no testing necessary),Bag/Other,inferred,,,3.0,0,1.783,5.35,,,,
2026-04-16,2026-04,WeighRight,,Air Clean Out,Air Clean out of Machine (no testing necessary),Bag/Other,inferred,,,3.0,0,0.95,2.85,,,,
2026-04-16,2026-04,WeighRight,,Air Clean Out,Air Clean out of Machine (no testing necessary),Bag/Other,inferred,,,3.0,0,0.317,0.95,,,,
2026-04-16,2026-04,WeighRight,,CleanGA,Clean + Gluten + Allergen Tests,Bag/Other,inferred,,,3.0,0,1.383,4.15,,,,
2026-04-20,2026-04,AMS,machine(Amy),10027,Organic Licorice C/S - 8 Oz Bag,Bag/Other,inferred,,yes,4.0,650,2.8,11.2,232.1,3.869,58.0,
2026-04-20,2026-04,AMS,machine(Amy),10033,Powdered Fine Date Sugar - 1 Lb Bag,Bag/Other,inferred,,yes,4.0,120,0.667,2.667,180.0,3.0,45.0,
2026-04-20,2026-04,AMS,machine(Amy),10302A,WWB Organic Cinnamon Powder 1lb - AMZN Label,Bag/Other,inferred,,yes,4.0,180,1.667,6.667,108.0,1.8,27.0,
2026-04-20,2026-04,AMS,handpack,40071,ORG Java 25CT Tea Bag - GA,Tea,governed,high,yes,1.0,108,0.75,0.75,144.0,2.4,144.0,
2026-04-20,2026-04,AMS,handpack,40071,ORG Java 25CT Tea Bag - GA,Tea,governed,high,yes,1.0,108,0.75,0.75,144.0,2.4,144.0,
2026-04-20,2026-04,AMS,unknown,Air clean out,Air Clean out of Machine (no testing necessary),Bag/Other,inferred,,,,0,0.417,,,,,
2026-04-20,2026-04,AMS,unknown,Air clean out,Air Clean out of Machine (no testing necessary),Bag/Other,inferred,,,,0,1.617,,,,,
2026-04-20,2026-04,Assembly,,40001L,Herbal Tea Sampler Box - Loose,Sampler,governed,high,yes,4.0,1208,7.167,28.667,168.6,2.809,42.1,
2026-04-20,2026-04,Assembly,,43371,ORG Blueberry Vanilla 25-Ct Tea Bag,Tea,inferred,,yes,1.0,95,1.117,1.117,85.1,1.418,85.1,
2026-04-20,2026-04,Assembly,,80030L,ORG Almond Amaretto 11OZ Bag/Box of 24 - GA,Bag/Other,inferred,,yes,1.0,80,2.5,2.5,32.0,0.533,32.0,
2026-04-20,2026-04,Assembly,,INSERT01,Mailer Insert for Healthcare Practitioner Insert,Bag/Other,inferred,,yes,2.0,275,4.25,8.5,64.7,1.078,32.4,
2026-04-20,2026-04,Maisa 1,,40016,Vanilla Nut Tagless Tea Bag - 50 Ct - GA,Tea,governed,high,yes,3.0,180,3.017,9.05,59.7,0.994,19.9,
2026-04-20,2026-04,Maisa 1,,43011,ORG Dandelion Vanilla Nut 25CT Tea Bag - A,Tea,governed,high,yes,3.0,203,1.25,3.75,162.4,2.707,54.1,
2026-04-20,2026-04,Maisa 1,,43341,Dandelion Coconut 25 Count Tea Bag - A,Tea,governed,high,yes,3.0,576,3.483,10.45,165.4,2.756,55.1,
2026-04-20,2026-04,Maisa 1,,Clean,Standard Clean,Tea,inferred,,,3.0,0,0.383,1.15,,,,
2026-04-20,2026-04,Maisa 1,,Clean,Standard Clean,Tea,inferred,,,3.0,0,0.533,1.6,,,,
2026-04-20,2026-04,Maisa 1,,Clean,Standard Clean,Tea,inferred,,,3.0,0,0.55,1.65,,,,
2026-04-20,2026-04,Maisa 1,,TB070,ORG Java Tea Bag - GA,Tea bag (intermediate),item-code,,yes,3.0,3000,0.717,2.15,4186.0,69.767,1395.3,
2026-04-20,2026-04,Maisa 2+3,,43110,ORG Dandelion Dark Roast 10ct/6pk Tea Bag,Tea,inferred,,yes,5.0,7038,9.967,49.833,706.2,11.769,141.2,
2026-04-20,2026-04,WeighRight,,10042,ORG Burdock 1 Lb Bag,Bag/Other,inferred,,yes,3.0,840,2.333,7.0,360.0,6.0,120.0,
2026-04-20,2026-04,WeighRight,,50030,Almond Amaretto 30g Trial Size Packet - GA,Bag/Other,inferred,,yes,3.0,900,2.617,7.85,343.9,5.732,114.6,
2026-04-20,2026-04,WeighRight,,50089,ORG Raspberry Mocha 30g Trial Size Packet - GA,Bag/Other,inferred,,yes,3.0,223,0.5,1.5,446.0,7.433,148.7,
2026-04-20,2026-04,WeighRight,,80089L,ORG Raspberry Mocha 11OZ Bag/Box of 24 - GA,APG,governed,high,yes,3.0,840,1.833,5.5,458.2,7.636,152.7,
2026-04-20,2026-04,WeighRight,,Air Clean Out,Air Clean out of Machine (no testing necessary),Bag/Other,inferred,,,3.0,0,0.8,2.4,,,,
2026-04-20,2026-04,WeighRight,,Air Clean Out,Air Clean out of Machine (no testing necessary),Bag/Other,inferred,,,3.0,0,0.417,1.25,,,,
2026-04-20,2026-04,WeighRight,,CleanGA,Clean + Gluten + Allergen Tests,Bag/Other,inferred,,,3.0,0,0.583,1.75,,,,
2026-04-21,2026-04,AMS,handpack,40110L,Org French Roast 10 Ct Tea Bag Loose - G,Tea,governed,high,yes,1.0,768,4.467,4.467,171.9,2.866,171.9,
2026-04-21,2026-04,AMS,handpack,40130L,Org Maca Chocolate 10 Ct Tea Bag Loose - G,Tea,governed,high,yes,1.0,448,1.917,1.917,233.7,3.896,233.7,
2026-04-21,2026-04,AMS,handpack,40132,ORG Maca Chocolate 25CT Tea Bag - G,Tea,governed,high,yes,1.0,360,2.6,2.6,138.5,2.308,138.5,
2026-04-21,2026-04,AMS,handpack,43220L,Org Dandelion Caramel Nut 10 Ct Tea Bag Loose - A,Tea,governed,high,yes,1.0,356,0.85,0.85,418.8,6.98,418.8,
2026-04-21,2026-04,AMS,handpack,43310L,Org Dandelion Mocha Mint 10 Ct Tea Bag Loose - A,Tea,governed,high,yes,1.0,192,0.95,0.95,202.1,3.368,202.1,
2026-04-21,2026-04,AMS,handpack,43311,Dandelion Mocha Mint 25 Count Tea Bag - A,Tea,governed,high,yes,1.0,216,1.367,1.367,158.0,2.634,158.0,
2026-04-21,2026-04,AMS,handpack,45031,ORG Lion's Mane Rhodiola 25 Ct Tea Bag - G,Tea,inferred,,yes,1.0,144,1.383,1.383,104.1,1.735,104.1,
2026-04-21,2026-04,AMS,handpack,80020L,ORG Chocolate Mint 11OZ Bag/Box of 24 - GA,Bag/Other,inferred,,yes,1.0,384,1.9,1.9,202.1,3.368,202.1,
2026-04-21,2026-04,AMS,handpack,80020L,ORG Chocolate Mint 11OZ Bag/Box of 24 - GA,Bag/Other,inferred,,yes,1.0,240,0.9,0.9,266.7,4.444,266.7,
2026-04-21,2026-04,AMS,handpack,80020L,ORG Chocolate Mint 11OZ Bag/Box of 24 - GA,Bag/Other,inferred,,yes,1.0,48,1.65,1.65,29.1,0.485,29.1,
2026-04-21,2026-04,AMS,handpack,83220,ORG Dandelion Caramel Nut 10 Oz Bag/6 Count Case - A,Bag/Other,inferred,,yes,1.0,64,2.167,2.167,29.5,0.492,29.5,
2026-04-21,2026-04,AMS,handpack,83220,ORG Dandelion Caramel Nut 10 Oz Bag/6 Count Case - A,Bag/Other,inferred,,yes,1.0,32,1.267,1.267,25.3,0.421,25.3,
2026-04-21,2026-04,Assembly,,40001L,Herbal Tea Sampler Box - Loose,Sampler,governed,high,yes,2.0,420,2.5,5.0,168.0,2.8,84.0,
2026-04-21,2026-04,Assembly,,INSERT01,Mailer Insert for Healthcare Practitioner Insert,Bag/Other,inferred,,yes,2.0,525,10.317,20.633,50.9,0.848,25.4,
2026-04-21,2026-04,Maisa 1,,40016,Vanilla Nut Tagless Tea Bag - 50 Ct - GA,Tea,governed,high,yes,3.0,180,1.117,3.35,161.2,2.687,53.7,
2026-04-21,2026-04,Maisa 1,,CleanGA,Clean + Gluten + Allergen Tests,Tea,inferred,,,3.0,0,0.7,2.1,,,,
2026-04-21,2026-04,Maisa 1,,dissambling jobs,,Tea,inferred,,,3.0,0,,,,,,
2026-04-21,2026-04,Maisa 2+3,,43110,ORG Dandelion Dark Roast 10ct/6pk Tea Bag,Tea,inferred,,yes,5.0,1242,2.1,10.5,591.4,9.857,118.3,
2026-04-21,2026-04,Maisa 2+3,,43110A,AMZN Org Dandelion Dark Roast 10 Ct Tea Bag Loose,Tea,inferred,,yes,5.0,432,0.583,2.917,740.6,12.343,148.1,
2026-04-21,2026-04,Maisa 2+3,,43110F,Dandelion Dark Roast Dual Language 10ct/6pk Tea Bag,Tea,inferred,,yes,5.0,1380,2.417,12.083,571.0,9.517,114.2,
2026-04-21,2026-04,Maisa 2+3,,43111,ORG Dandelion Dark Roast 25CT Tea Bag,Tea,governed,high,yes,5.0,768,3.167,15.833,242.5,4.042,48.5,
2026-04-21,2026-04,Maisa 2+3,,Clean,Standard Clean,Tea,inferred,,,5.0,0,0.55,2.75,,,,
2026-04-21,2026-04,Maisa 2+3,,TB311,ORG Dandelion Dark Roast Tea Bag,Tea bag (intermediate),item-code,,yes,4.0,18000,5.45,21.8,3302.8,55.046,825.7,
2026-04-21,2026-04,Maisa 2+3,,TB311,ORG Dandelion Dark Roast Tea Bag,Tea bag (intermediate),item-code,,yes,4.0,2000,2.283,9.133,875.9,14.599,219.0,
2026-04-21,2026-04,WeighRight,,53080,Dandelion Mocha 30g Trial Size Packet - A,Bag/Other,inferred,,yes,3.0,1291,2.133,6.4,605.2,10.086,201.7,
2026-04-21,2026-04,WeighRight,,53340,Dandelion Coconut 30g Trial Size Packet - A,APG,governed,high,yes,3.0,2160,3.567,10.7,605.6,10.093,201.9,
2026-04-21,2026-04,WeighRight,,63080,ORG Dandelion Mocha 5 Lb Bag - A,Bag/Other,inferred,,yes,3.0,32,0.3,0.9,106.7,1.778,35.6,
2026-04-21,2026-04,WeighRight,,63110,ORG Dandelion Dark Roast 5 Lb Bag,APG,governed,high,yes,3.0,80,0.533,1.6,150.0,2.5,50.0,
2026-04-21,2026-04,WeighRight,,63340,ORG Dandelion Coconut 5 Lb Bag - A,APG,governed,high,yes,3.0,20,0.183,0.55,109.1,1.818,36.4,
2026-04-21,2026-04,WeighRight,,66010,ORG Dark Chocolate 5 Lb Bag,Bag/Other,inferred,,yes,3.0,48,0.283,0.85,169.4,2.824,56.5,
2026-04-21,2026-04,WeighRight,,83340L,ORG Dandelion Coconut 10 Oz Bag/Box of 24 - A,APG,governed,high,yes,3.0,432,0.9,2.7,480.0,8.0,160.0,
2026-04-21,2026-04,WeighRight,,86010,ORG Dark Chocolate 10 Oz Bag/6 Count Case,Bag/Other,inferred,,yes,3.0,120,1.533,4.6,78.3,1.304,26.1,
2026-04-21,2026-04,WeighRight,,Air Clean Out,Air Clean out of Machine (no testing necessary),Bag/Other,inferred,,,3.0,0,0.117,0.35,,,,
2026-04-21,2026-04,WeighRight,,Air Clean Out,Air Clean out of Machine (no testing necessary),Bag/Other,inferred,,,3.0,0,0.3,0.9,,,,
2026-04-21,2026-04,WeighRight,,Air Clean Out,Air Clean out of Machine (no testing necessary),Bag/Other,inferred,,,3.0,0,0.2,0.6,,,,
2026-04-21,2026-04,WeighRight,,Air Clean Out,Air Clean out of Machine (no testing necessary),Bag/Other,inferred,,,3.0,0,0.317,0.95,,,,
2026-04-22,2026-04,AMS,handpack,43081,ORG Dandelion Mocha 25CT Tea Bag - A,Tea,governed,high,yes,1.0,504,2.417,2.417,208.6,3.476,208.6,
2026-04-22,2026-04,AMS,handpack,85020L,ORG Chaga Ashwagandha 10 Oz Bag/Box of 24,Bag/Other,inferred,,,1.0,0,,,,,,
2026-04-22,2026-04,AMS,handpack,TB333,ORG Dandelion Turmeric Tea Bag,Tea bag (intermediate),item-code,,yes,1.0,3700,3.833,3.833,965.2,16.087,965.2,
2026-04-22,2026-04,AMS,handpack,TB333,ORG Dandelion Turmeric Tea Bag,Tea bag (intermediate),item-code,,yes,2.0,3500,0.85,1.7,4117.6,68.627,2058.8,
2026-04-22,2026-04,Assembly,,40130,ORG Maca Chocolate 10ct/6pk Tea Bag - G,Tea,inferred,,yes,2.0,72,0.95,1.9,75.8,1.263,37.9,
2026-04-22,2026-04,Assembly,,50096,Top Six Packet Sampler pack,Sampler,inferred,,yes,2.0,150,4.367,8.733,34.4,0.573,17.2,
2026-04-22,2026-04,Assembly,,INSERT01,Mailer Insert for Healthcare Practitioner Insert,Bag/Other,inferred,,yes,1.0,200,6.55,6.55,30.5,0.509,30.5,
2026-04-22,2026-04,Maisa 1,,dissambling jobs,,Tea,inferred,,,3.0,0,,,,,,
2026-04-22,2026-04,Maisa 2+3,,46010,ORG Dark Chocolate 10 Ct Tea Bag/6 Count Case,Tea,inferred,,yes,5.0,4140,3.917,19.583,1057.0,17.617,211.4,
2026-04-22,2026-04,WeighRight,,50060,ORG Hazelnut 30g Trial Size Packet - GA,Bag/Other,inferred,,yes,3.0,2340,4.867,14.6,480.8,8.014,160.3,
2026-04-22,2026-04,WeighRight,,50070,ORG Java 30g Trial Size Packet - GA,Bag/Other,inferred,,yes,3.0,2160,3.8,11.4,568.4,9.474,189.5,
2026-04-22,2026-04,WeighRight,,52060,Maple Pecan 30g Trial Size Packet - GA,Bag/Other,inferred,,yes,3.0,360,0.8,2.4,450.0,7.5,150.0,
2026-04-22,2026-04,WeighRight,,Air Clean Out,Air Clean out of Machine (no testing necessary),Bag/Other,inferred,,,3.0,0,0.2,0.6,,,,
2026-04-22,2026-04,WeighRight,,Air Clean Out,Air Clean out of Machine (no testing necessary),Bag/Other,inferred,,,3.0,0,0.383,1.15,,,,
2026-04-23,2026-04,AMS,handpack,40031,ORG Almond Amaretto 25CT Tea Bag - GA,Tea,governed,high,yes,1.0,360,1.35,1.35,266.7,4.444,266.7,
2026-04-23,2026-04,AMS,handpack,43081,ORG Dandelion Mocha 25CT Tea Bag - A,Tea,governed,high,yes,2.0,432,0.95,1.9,454.7,7.579,227.4,
2026-04-23,2026-04,Maisa 1,,dissambling jobs,,Tea,inferred,,,3.0,0,,,,,,
2026-04-23,2026-04,Maisa 2+3,,45020,ORG Chaga Ashwagandha 10 Ct Tea Bag/6 Count Case,Tea,inferred,,yes,5.0,1440,2.833,14.167,508.2,8.471,101.6,
2026-04-23,2026-04,Maisa 2+3,,46010,ORG Dark Chocolate 10 Ct Tea Bag/6 Count Case,Tea,inferred,,yes,5.0,4824,5.117,25.583,942.8,15.713,188.6,
2026-04-23,2026-04,Maisa 2+3,,Clean,Standard Clean,Tea,inferred,,,5.0,0,0.45,2.25,,,,
2026-04-23,2026-04,Maisa 2+3,,TB601,ORG Dark Chocolate Loose Tea Bag,Tea bag (intermediate),item-code,,yes,4.0,12547,1.467,5.867,8554.8,142.58,2138.7,
2026-04-23,2026-04,WeighRight,,52060,Maple Pecan 30g Trial Size Packet - GA,Bag/Other,inferred,,yes,3.0,1501,2.7,8.1,555.9,9.265,185.3,
2026-04-23,2026-04,WeighRight,,55020,Chaga Ashwagandha 30g Trial Size Packet,Bag/Other,inferred,,yes,3.0,1800,3.5,10.5,514.3,8.571,171.4,
2026-04-23,2026-04,WeighRight,,85020,ORG Chaga Ashwagandha 10 Oz Bag/6 Count Case,Bag/Other,inferred,,yes,3.0,206,3.333,10.0,61.8,1.03,20.6,
2026-04-23,2026-04,WeighRight,,CleanGA,Clean + Gluten + Allergen Tests,Bag/Other,inferred,,,3.0,0,0.417,1.25,,,,
2026-04-27,2026-04,AMS,machine(Amy),30004,Instant Barley - 6 Oz Bag - G,Instant,inferred,,yes,4.0,144,0.8,3.2,180.0,3.0,45.0,
2026-04-27,2026-04,AMS,machine(Amy),30014L,Organic Instant Chicory 8 Oz Bag,Instant,inferred,,yes,4.0,600,3.7,14.8,162.2,2.703,40.5,
2026-04-27,2026-04,AMS,handpack,40031,ORG Almond Amaretto 25CT Tea Bag - GA,Tea,governed,high,yes,2.0,180,0.833,1.667,216.0,3.6,108.0,
2026-04-27,2026-04,AMS,machine(Amy),Different tooling,,Bag/Other,inferred,,,4.0,0,,,,,,
2026-04-27,2026-04,Assembly,,50096,Top Six Packet Sampler pack,Sampler,inferred,,yes,1.0,120,3.917,3.917,30.6,0.511,30.6,
2026-04-27,2026-04,Maisa 1,,work on other projects,,Tea,inferred,,,3.0,0,,,,,,
2026-04-27,2026-04,Maisa 2+3,,45011,ORG Reishi Eleuthero 25 Ct Tea Bag - G,Tea,governed,high,yes,5.0,168,0.833,4.167,201.6,3.36,40.3,
2026-04-27,2026-04,Maisa 2+3,,45020,ORG Chaga Ashwagandha 10 Ct Tea Bag/6 Count Case,Tea,inferred,,yes,5.0,1320,1.283,6.417,1028.6,17.143,205.7,
2026-04-27,2026-04,Maisa 2+3,,45020,ORG Chaga Ashwagandha 10 Ct Tea Bag/6 Count Case,Tea,inferred,,yes,5.0,4230,6.783,33.917,623.6,10.393,124.7,
2026-04-27,2026-04,Maisa 2+3,,Clean,Standard Clean,Tea,inferred,,,5.0,0,0.75,3.75,,,,
2026-04-27,2026-04,WeighRight,,80010,ORG Vanilla Nut 11oz Bag/6 Count Case - GA,Bag/Other,inferred,,yes,3.0,163,2.317,6.95,70.4,1.173,23.5,
2026-04-27,2026-04,WeighRight,,80010,ORG Vanilla Nut 11oz Bag/6 Count Case - GA,Bag/Other,inferred,,yes,3.0,206,2.7,8.1,76.3,1.272,25.4,
2026-04-27,2026-04,WeighRight,,80010,ORG Vanilla Nut 11oz Bag/6 Count Case - GA,Bag/Other,inferred,,yes,3.0,59,1.0,3.0,59.0,0.983,19.7,
2026-04-27,2026-04,WeighRight,,85020,ORG Chaga Ashwagandha 10 Oz Bag/6 Count Case,Bag/Other,inferred,,yes,3.0,24,0.5,1.5,48.0,0.8,16.0,
2026-04-27,2026-04,WeighRight,,85070L,ORG Miraculous Mushrooms 10oz Bag/Box of 24,Bag/Other,inferred,,yes,3.0,1200,2.567,7.7,467.5,7.792,155.8,
2026-04-27,2026-04,WeighRight,,Air Clean Out,Air Clean out of Machine (no testing necessary),Bag/Other,inferred,,,3.0,0,0.367,1.1,,,,
2026-04-27,2026-04,WeighRight,,Air Clean Out,Air Clean out of Machine (no testing necessary),Bag/Other,inferred,,,3.0,0,0.4,1.2,,,,
2026-04-28,2026-04,AMS,machine(Amy),30004,Instant Barley - 6 Oz Bag - G,Instant,inferred,,yes,4.0,156,1.2,4.8,130.0,2.167,32.5,
2026-04-28,2026-04,AMS,machine(Amy),30007L,ORG Instant Miraculous Mushrooms AP 100g Bag,Instant,governed,high,yes,4.0,570,2.4,9.6,237.5,3.958,59.4,
2026-04-28,2026-04,Assembly,,40021,ORG Chocolate Mint 25CT Tea Bag - GA,Tea,governed,high,yes,1.0,180,4.8,4.8,37.5,0.625,37.5,
2026-04-28,2026-04,Assembly,,40097,Teecino Tea Bag 12 Flavor Sampler,Sampler,governed,high,yes,1.0,120,5.75,5.75,20.9,0.348,20.9,
2026-04-28,2026-04,Assembly,,50096,Top Six Packet Sampler pack,Sampler,inferred,,yes,1.0,90,5.0,5.0,18.0,0.3,18.0,
2026-04-28,2026-04,Assembly,,50097,Teeccino 30g Packet 10 Flavor Sampler,Sampler,governed,high,yes,1.0,60,1.667,1.667,36.0,0.6,36.0,
2026-04-28,2026-04,Maisa 1,,work on other projects,,Tea,inferred,,,3.0,0,,,,,,
2026-04-28,2026-04,Maisa 2+3,,45010,ORG Reishi Eleuthero 10 Ct Tea Bag/6 Count Case - G,Tea,inferred,,yes,5.0,4140,6.133,30.667,675.0,11.25,135.0,
2026-04-28,2026-04,Maisa 2+3,,45010L,ORG Reishi Eleuthero 10-Ct Tea Bag - G,Tea,governed,high,yes,5.0,288,0.433,2.167,664.6,11.077,132.9,
2026-04-28,2026-04,Maisa 2+3,,45011,ORG Reishi Eleuthero 25 Ct Tea Bag - G,Tea,governed,high,yes,5.0,264,0.95,4.75,277.9,4.632,55.6,
2026-04-28,2026-04,Maisa 2+3,,TB501,ORG Reishi Eleuthero Loose Tea Bag - G,Tea bag (intermediate),item-code,,yes,5.0,13000,2.15,10.75,6046.5,100.775,1209.3,
2026-04-28,2026-04,WeighRight,,50010,ORG Vanilla Nut 30g Trial Size Packet - GA,Bag/Other,inferred,,yes,3.0,1080,1.967,5.9,549.2,9.153,183.1,
2026-04-28,2026-04,WeighRight,,80010,ORG Vanilla Nut 11oz Bag/6 Count Case - GA,Bag/Other,inferred,,yes,3.0,67,1.0,3.0,67.0,1.117,22.3,
2026-04-28,2026-04,WeighRight,,80010,ORG Vanilla Nut 11oz Bag/6 Count Case - GA,Bag/Other,inferred,,yes,3.0,13,0.15,0.45,86.7,1.444,28.9,
2026-04-28,2026-04,WeighRight,,80010,ORG Vanilla Nut 11oz Bag/6 Count Case - GA,Bag/Other,inferred,,yes,3.0,119,1.133,3.4,105.0,1.75,35.0,
2026-04-28,2026-04,WeighRight,,80010,ORG Vanilla Nut 11oz Bag/6 Count Case - GA,Bag/Other,inferred,,yes,3.0,119,1.383,4.15,86.0,1.434,28.7,
2026-04-28,2026-04,WeighRight,,80010,ORG Vanilla Nut 11oz Bag/6 Count Case - GA,Bag/Other,inferred,,yes,3.0,151,1.183,3.55,127.6,2.127,42.5,
2026-04-28,2026-04,WeighRight,,80010,ORG Vanilla Nut 11oz Bag/6 Count Case - GA,Bag/Other,inferred,,yes,3.0,163,2.233,6.7,73.0,1.216,24.3,
2026-04-28,2026-04,WeighRight,,80010,ORG Vanilla Nut 11oz Bag/6 Count Case - GA,Bag/Other,inferred,,yes,3.0,86,0.767,2.3,112.2,1.87,37.4,
2026-04-29,2026-04,AMS,machine(Amy),30007L,ORG Instant Miraculous Mushrooms AP 100g Bag,Instant,governed,high,yes,4.0,210,0.85,3.4,247.1,4.118,61.8,
2026-04-29,2026-04,AMS,machine(Amy),30008L,ORG Instant French Roast 100g Bag - G,Instant,governed,high,yes,4.0,498,2.033,8.133,244.9,4.082,61.2,
2026-04-29,2026-04,AMS,machine(Amy),30010L,ORG Instant Hazelnut 100g Bag - G,Instant,governed,high,yes,4.0,605,2.083,8.333,290.4,4.84,72.6,
2026-04-29,2026-04,AMS,machine(Amy),31010L,ORG Instant Hazelnut Latte 224g Bag,Instant,governed,high,yes,4.0,447,1.983,7.933,225.4,3.756,56.3,
2026-04-29,2026-04,AMS,unknown,Air clean out,Air Clean out of Machine (no testing necessary),Bag/Other,inferred,,,,0,0.4,,,,,
2026-04-29,2026-04,AMS,unknown,Air clean out,Air Clean out of Machine (no testing necessary),Bag/Other,inferred,,,,0,0.65,,,,,
2026-04-29,2026-04,AMS,unknown,Air clean out,Air Clean out of Machine (no testing necessary),Bag/Other,inferred,,,,0,0.467,,,,,
2026-04-29,2026-04,AMS,unknown,CleanG,Clean + Gluten Test,Bag/Other,inferred,,,,0,1.883,,,,,
2026-04-29,2026-04,Assembly,,40013,ORG Vanila Nut 25CT Tea Bag 3PK - GA,Tea,inferred,,yes,1.0,48,1.15,1.15,41.7,0.696,41.7,
2026-04-29,2026-04,Assembly,,40021,ORG Chocolate Mint 25CT Tea Bag - GA,Tea,governed,high,yes,1.0,180,9.917,9.917,18.2,0.303,18.2,
2026-04-29,2026-04,Assembly,,40097,Teecino Tea Bag 12 Flavor Sampler,Sampler,governed,high,yes,1.0,88,2.933,2.933,30.0,0.5,30.0,
2026-04-29,2026-04,Assembly,,50097,Teeccino 30g Packet 10 Flavor Sampler,Sampler,governed,high,yes,1.0,119,3.833,3.833,31.0,0.517,31.0,
2026-04-29,2026-04,Assembly,,90013,,Bundle,governed,high,yes,1.0,20,1.4,1.4,14.3,0.238,14.3,
2026-04-29,2026-04,Maisa 1,,work on other projects,,Tea,inferred,,,3.0,0,,,,,,
2026-04-29,2026-04,Maisa 2+3,,43340,ORG Dandelion Coconut 10CT Tea Bag - A,Tea,inferred,,yes,5.0,1302,1.367,6.833,952.7,15.878,190.5,
2026-04-29,2026-04,Maisa 2+3,,45070,ORG Miraculous Mushrooms AP 10Ct/6Pk Tea Bag,Tea,inferred,,yes,5.0,1380,1.833,9.167,752.7,12.545,150.5,
2026-04-29,2026-04,Maisa 2+3,,Clean,Standard Clean,Tea,inferred,,,5.0,0,1.033,5.167,,,,
2026-04-29,2026-04,Maisa 2+3,,CleanG,Clean + Gluten Test,Tea,inferred,,,5.0,0,0.4,2.0,,,,
2026-04-29,2026-04,Maisa 2+3,,CleanGA,Clean + Gluten + Allergen Tests,Tea,inferred,,,5.0,0,0.617,3.083,,,,
2026-04-29,2026-04,Maisa 2+3,,TB060,ORG Hazelnut Tea Bag Loose - GA,Tea bag (intermediate),item-code,,yes,5.0,22764,2.583,12.917,8811.9,146.865,1762.4,
2026-04-29,2026-04,Maisa 2+3,,TB334,ORG Dandelion Coconut Tea Bag - A,Tea bag (intermediate),item-code,,yes,5.0,8000,1.217,6.083,6575.3,109.589,1315.1,
2026-04-29,2026-04,Maisa 2+3,,TB501,ORG Reishi Eleuthero Loose Tea Bag - G,Tea bag (intermediate),item-code,,yes,5.0,4880,1.067,5.333,4575.0,76.25,915.0,
2026-04-29,2026-04,WeighRight,,50010,ORG Vanilla Nut 30g Trial Size Packet - GA,Bag/Other,inferred,,yes,2.0,720,1.25,2.5,576.0,9.6,288.0,
2026-04-29,2026-04,WeighRight,,50110,ORG French Roast 30g Trial Size Packet - G,Bag/Other,inferred,,yes,3.0,2160,3.667,11.0,589.1,9.818,196.4,
2026-04-29,2026-04,WeighRight,,55010,Reishi Eleuthero 30g Trial Size Packet - G,APG,governed,high,yes,3.0,165,0.417,1.25,396.0,6.6,132.0,
2026-04-29,2026-04,WeighRight,,60010,ORG Vanilla Nut 5 Lb Bag - GA,Bag/Other,inferred,,yes,2.0,32,0.3,0.6,106.7,1.778,53.3,
2026-04-29,2026-04,WeighRight,,80110A,AMZN Org French Roast 11OZ Bag/Box of 24 - G,Bag/Other,inferred,,yes,3.0,384,1.25,3.75,307.2,5.12,102.4,
2026-04-29,2026-04,WeighRight,,82130L,ORG Mexican Chocolate 11OZ Bag/Box of 24 - G,APG,governed,high,yes,3.0,432,1.0,3.0,432.0,7.2,144.0,
2026-04-29,2026-04,WeighRight,,Air Clean Out,Air Clean out of Machine (no testing necessary),Bag/Other,inferred,,,3.0,0,0.367,1.1,,,,
2026-04-29,2026-04,WeighRight,,Air Clean Out,Air Clean out of Machine (no testing necessary),Bag/Other,inferred,,,3.0,0,0.917,2.75,,,,
2026-04-29,2026-04,WeighRight,,CleanA,Clean + Allergen Tests,Bag/Other,inferred,,,2.0,0,0.833,1.667,,,,
2026-04-30,2026-04,AMS,machine(Amy),30013L,ORG Miraculous Mushrooms Cacao 135g Bag,Bag/Other,inferred,,yes,4.0,627,2.467,9.867,254.2,4.236,63.5,
2026-04-30,2026-04,AMS,unknown,Air clean out,Air Clean out of Machine (no testing necessary),Bag/Other,inferred,,,,0,0.45,,,,,
2026-04-30,2026-04,Assembly,,40001A,AMZN Labeled Herbal Tea Sampler Box/Variety Pack,Bundle,inferred,,yes,1.0,267,5.5,5.5,48.5,0.809,48.5,
2026-04-30,2026-04,Maisa 1,,work on other projects,,Tea,inferred,,,3.0,0,,,,,,
2026-04-30,2026-04,Maisa 2+3,,43111,ORG Dandelion Dark Roast 25CT Tea Bag,Tea,governed,high,yes,5.0,1077,3.183,15.917,338.3,5.639,67.7,
2026-04-30,2026-04,Maisa 2+3,,45070,ORG Miraculous Mushrooms AP 10Ct/6Pk Tea Bag,Tea,inferred,,yes,5.0,258,0.25,1.25,1032.0,17.2,206.4,
2026-04-30,2026-04,Maisa 2+3,,Clean,Standard Clean,Tea,inferred,,,5.0,0,0.517,2.583,,,,
2026-04-30,2026-04,Maisa 2+3,,Clean,Standard Clean,Tea,inferred,,,5.0,0,0.25,1.25,,,,
2026-04-30,2026-04,WeighRight,,80110A,AMZN Org French Roast 11OZ Bag/Box of 24 - G,Bag/Other,inferred,,yes,3.0,552,0.967,2.9,571.0,9.517,190.3,
2026-05-04,2026-05,AMS,machine(Amy),10005A,WWB AMZN Organic Chia (1lb),Bag/Other,inferred,,yes,4.0,879,3.417,13.667,257.3,4.288,64.3,
2026-05-04,2026-05,AMS,machine(Amy),10008,"Org Rooibos, 8 Oz Bag",Bag/Other,inferred,,yes,4.0,720,4.4,17.6,163.6,2.727,40.9,
2026-05-04,2026-05,AMS,unknown,Clean,Standard Clean,Bag/Other,inferred,,,,0,0.433,,,,,
2026-05-04,2026-05,Assembly,,43310F,Dandelion Mocha Mint Dual Language 10 cnt TB - A,Tea,inferred,,yes,1.0,60,4.767,4.767,12.6,0.21,12.6,
2026-05-04,2026-05,Assembly,,50097,Teeccino 30g Packet 10 Flavor Sampler,Sampler,governed,high,,1.0,0,3.967,3.967,,,,
2026-05-04,2026-05,Maisa 1,,Running Amy,,Tea,inferred,,,3.0,0,,,,,,
2026-05-04,2026-05,Maisa 2+3,,45001,Mushroom Adaptogen TB Sampler Box - 6 Count Case - G,Sampler,inferred,,yes,5.0,109,4.833,24.167,22.6,0.376,4.5,
2026-05-04,2026-05,Maisa 2+3,,TB506,ORG Tremella Tulsi Loose Tea Bag,Tea bag (intermediate),item-code,,yes,4.0,29765,5.383,21.533,5529.1,92.152,1382.3,
2026-05-04,2026-05,WeighRight,,80110,ORG French Roast 11OZ Bag/6 Count Case - G,Bag/Other,inferred,,yes,3.0,437,7.567,22.7,57.8,0.963,19.3,
2026-05-04,2026-05,WeighRight,,80110A,AMZN Org French Roast 11OZ Bag/Box of 24 - G,Bag/Other,inferred,,yes,3.0,504,0.833,2.5,604.8,10.08,201.6,
2026-05-04,2026-05,WeighRight,,80113,ORG French Roast 11OZ Bag 3PK - G,Bag/Other,inferred,,yes,3.0,224,1.683,5.05,133.1,2.218,44.4,
2026-05-05,2026-05,AMS,machine(Amy),10008,"Org Rooibos, 8 Oz Bag",Bag/Other,inferred,,yes,4.0,348,1.067,4.267,326.3,5.438,81.6,
2026-05-05,2026-05,AMS,machine(Amy),10039A,AMZN Roasted French Chicory 2 X 1 Lb Bag,Bag/Other,inferred,,yes,4.0,240,1.917,7.667,125.2,2.087,31.3,
2026-05-05,2026-05,AMS,machine(Amy),10039A,AMZN Roasted French Chicory 2 X 1 Lb Bag,Bag/Other,inferred,,yes,4.0,204,1.883,7.533,108.3,1.805,27.1,
2026-05-05,2026-05,AMS,machine(Amy),10039A,AMZN Roasted French Chicory 2 X 1 Lb Bag,Bag/Other,inferred,,yes,4.0,216,1.75,7.0,123.4,2.057,30.9,
2026-05-05,2026-05,AMS,machine(Amy),10039A,AMZN Roasted French Chicory 2 X 1 Lb Bag,Bag/Other,inferred,,yes,4.0,192,0.817,3.267,235.1,3.918,58.8,
2026-05-05,2026-05,AMS,machine(Amy),10039A,AMZN Roasted French Chicory 2 X 1 Lb Bag,Bag/Other,inferred,,yes,4.0,384,1.683,6.733,228.1,3.802,57.0,
2026-05-05,2026-05,AMS,unknown,Air clean out,Air Clean out of Machine (no testing necessary),Bag/Other,inferred,,,,0,0.9,,,,,
2026-05-05,2026-05,Assembly,,40097,Teecino Tea Bag 12 Flavor Sampler,Sampler,governed,high,yes,1.0,92,6.467,6.467,14.2,0.237,14.2,
2026-05-05,2026-05,Assembly,,49999,Teeccino Herbal Tea Shipper,Bag/Other,inferred,,yes,1.0,1,0.333,0.333,3.0,0.05,3.0,
2026-05-05,2026-05,Assembly,,GDB060,ORG Hazelnut Packet Goody Bag - GA,Bag/Other,inferred,,yes,1.0,50,0.383,0.383,130.4,2.174,130.4,
2026-05-05,2026-05,Assembly,,GDB080,ORG Mocha Packet Goody Bag,Bag/Other,inferred,,yes,1.0,50,0.4,0.4,125.0,2.083,125.0,
2026-05-05,2026-05,Assembly,,GDB502,ORG Chaga Ashwaganda Packet Goody Bag,Bag/Other,inferred,,yes,1.0,50,0.333,0.333,150.0,2.5,150.0,
2026-05-05,2026-05,Assembly,,GDB601,ORG Dark Chocolate Packet Goody Bag,Bag/Other,inferred,,yes,1.0,50,0.417,0.417,120.0,2.0,120.0,
2026-05-05,2026-05,Assembly,,TGB030,,Bag/Other,inferred,,yes,1.0,50,0.667,0.667,75.0,1.25,75.0,
2026-05-05,2026-05,Assembly,,TGB204,ORG Snickerdoodle Tea Bag Goody Bag - GA,Tea,inferred,,yes,1.0,50,0.367,0.367,136.4,2.273,136.4,
2026-05-05,2026-05,Assembly,,TGB208,ORG Irish Cream Tea Bag Goody Bag - G,Tea,inferred,,yes,1.0,50,0.383,0.383,130.4,2.174,130.4,
2026-05-05,2026-05,Assembly,,TGB337,ORG Blueberry Vanilla Tea Bag Goody Bag,Tea,inferred,,yes,1.0,50,0.383,0.383,130.4,2.174,130.4,
2026-05-05,2026-05,Maisa 1,,Running Amy,,Tea,inferred,,,3.0,0,,,,,,
2026-05-05,2026-05,Maisa 2+3,,45001,Mushroom Adaptogen TB Sampler Box - 6 Count Case - G,Sampler,inferred,,yes,5.0,131,22.283,111.417,5.9,0.098,1.2,
2026-05-05,2026-05,WeighRight,,10035,Chicory 5 Lb Bag,Bag/Other,inferred,,yes,3.0,176,1.35,4.05,130.4,2.173,43.5,
2026-05-05,2026-05,WeighRight,,10035,Chicory 5 Lb Bag,Bag/Other,inferred,,yes,3.0,164,1.05,3.15,156.2,2.603,52.1,
2026-05-05,2026-05,WeighRight,,10035,Chicory 5 Lb Bag,Bag/Other,inferred,,yes,5.0,176,1.233,6.167,142.7,2.378,28.5,
2026-05-05,2026-05,WeighRight,,10051,ORG Roasted Chicory Root - 1 Lb Bag,Bag/Other,inferred,,yes,3.0,1548,3.1,9.3,499.4,8.323,166.5,
2026-05-05,2026-05,WeighRight,,60110,ORG French Roast 5 Lb Bag - G,Bag/Other,inferred,,yes,3.0,56,0.483,1.45,115.9,1.931,38.6,
2026-05-05,2026-05,WeighRight,,80110,ORG French Roast 11OZ Bag/6 Count Case - G,Bag/Other,inferred,,yes,3.0,23,0.417,1.25,55.2,0.92,18.4,
2026-05-05,2026-05,WeighRight,,Air Clean Out,Air Clean out of Machine (no testing necessary),Bag/Other,inferred,,,3.0,0,0.317,0.95,,,,
2026-05-05,2026-05,WeighRight,,CleanG,Clean + Gluten Test,Bag/Other,inferred,,,3.0,0,1.933,5.8,,,,
2026-05-06,2026-05,AMS,machine(Amy),10031,Roasted Chicory Root - 1 Lb Bag,Bag/Other,inferred,,yes,4.0,1968,4.383,17.533,449.0,7.483,112.2,
2026-05-06,2026-05,AMS,machine(Amy),10031,Roasted Chicory Root - 1 Lb Bag,Bag/Other,inferred,,yes,4.0,1632,4.333,17.333,376.6,6.277,94.2,
2026-05-06,2026-05,AMS,machine(Amy),10039A,AMZN Roasted French Chicory 2 X 1 Lb Bag,Bag/Other,inferred,,yes,4.0,96,0.167,0.667,576.0,9.6,144.0,
2026-05-06,2026-05,Assembly,,40030,ORG Almond Amaretto 10ct/6pk Tea Bag - GA,Tea,inferred,,yes,1.0,282,3.3,3.3,85.5,1.424,85.5,
2026-05-06,2026-05,Assembly,,43370,ORG Dandelion Blueberry Vanilla 10ct/6pk Tea Bag,Tea,inferred,,yes,1.0,6,0.317,0.317,18.9,0.316,18.9,
2026-05-06,2026-05,Assembly,,GDB010,ORG Vanilla Nut Packet Goody Bag - GA,Bag/Other,inferred,,yes,1.0,50,0.467,0.467,107.1,1.786,107.1,
2026-05-06,2026-05,Assembly,,GDB110,ORG French Roast Packet Goody Bag - G,Bag/Other,inferred,,yes,1.0,50,0.5,0.5,100.0,1.667,100.0,
2026-05-06,2026-05,Maisa 1,,Running Amy,,Tea,inferred,,,3.0,0,,,,,,
2026-05-06,2026-05,Maisa 2+3,,45001,Mushroom Adaptogen TB Sampler Box - 6 Count Case - G,Sampler,inferred,,yes,5.0,240,3.333,16.667,72.0,1.2,14.4,
2026-05-06,2026-05,Maisa 2+3,,Clean,Standard Clean,Tea,inferred,,,5.0,0,0.5,2.5,,,,
2026-05-06,2026-05,WeighRight,,10031,Roasted Chicory Root - 1 Lb Bag,Bag/Other,inferred,,yes,3.0,2220,4.483,13.45,495.2,8.253,165.1,
2026-05-06,2026-05,WeighRight,,10031,Roasted Chicory Root - 1 Lb Bag,Bag/Other,inferred,,yes,3.0,348,3.367,10.1,103.4,1.723,34.5,
2026-05-06,2026-05,WeighRight,,10035,Chicory 5 Lb Bag,Bag/Other,inferred,,yes,3.0,152,0.733,2.2,207.3,3.455,69.1,
2026-05-06,2026-05,WeighRight,,10035,Chicory 5 Lb Bag,Bag/Other,inferred,,yes,3.0,212,0.967,2.9,219.3,3.655,73.1,
2026-05-07,2026-05,Maisa 1,,Running Amy,,Tea,inferred,,,3.0,0,,,,,,
2026-05-07,2026-05,WeighRight,,10031,Roasted Chicory Root - 1 Lb Bag,Bag/Other,inferred,,yes,3.0,1800,0.583,1.75,3085.7,51.429,1028.6,
2026-05-07,2026-05,WeighRight,,10031,Roasted Chicory Root - 1 Lb Bag,Bag/Other,inferred,,yes,3.0,2160,3.517,10.55,614.2,10.237,204.7,
2026-05-11,2026-05,Assembly,,40030,ORG Almond Amaretto 10ct/6pk Tea Bag - GA,Tea,inferred,,yes,1.0,336,3.983,3.983,84.4,1.406,84.4,
2026-05-11,2026-05,Maisa 1,,45001L,Mushroom Adapt Tea Bag Sampler Box,Sampler,governed,high,yes,3.0,1044,8.5,25.5,122.8,2.047,40.9,
2026-05-11,2026-05,Maisa 2+3,,40130,ORG Maca Chocolate 10ct/6pk Tea Bag - G,Tea,inferred,,yes,5.0,36,0.1,0.5,360.0,6.0,72.0,
2026-05-11,2026-05,Maisa 2+3,,46011,ORG Dark Chocolate 25 Ct Tea Bag,Tea,governed,high,yes,5.0,1485,6.683,33.417,222.2,3.703,44.4,
2026-05-11,2026-05,Maisa 2+3,,48003,WWB ORG Lemon Balm 25ct Tea Bag 2.25g,Tea,inferred,,yes,5.0,432,1.983,9.917,217.8,3.63,43.6,
2026-05-11,2026-05,Maisa 2+3,,Clean,Standard Clean,Tea,inferred,,,5.0,0,0.85,4.25,,,,
2026-05-11,2026-05,Maisa 2+3,,Clean,Standard Clean,Tea,inferred,,,5.0,0,0.483,2.417,,,,
2026-05-11,2026-05,WeighRight,,10031,Roasted Chicory Root - 1 Lb Bag,Bag/Other,inferred,,yes,3.0,3456,8.017,24.05,431.1,7.185,143.7,
2026-05-11,2026-05,WeighRight,,10039A,AMZN Roasted French Chicory 2 X 1 Lb Bag,Bag/Other,inferred,,yes,3.0,252,1.983,5.95,127.1,2.118,42.4,
2026-05-12,2026-05,AMS,machine(Amy),10028L,"Organic Cacao Nibs, 1 Lb Bag",Bag/Other,inferred,,yes,4.0,300,1.35,5.4,222.2,3.704,55.6,
2026-05-12,2026-05,AMS,machine(Amy),10201,WWB - ORG Peppermint Leaf - 4 Oz Bag,Bag/Other,inferred,,yes,4.0,588,2.817,11.267,208.8,3.479,52.2,
2026-05-12,2026-05,AMS,handpack,20081,ORG Mocha 300G Dual Language Bag - 6Ct Case - GA,Bag/Other,inferred,,yes,1.0,4,12.75,12.75,0.3,0.005,0.3,
2026-05-12,2026-05,AMS,machine(Amy),Air clean out,Air Clean out of Machine (no testing necessary),Bag/Other,inferred,,,4.0,0,0.267,1.067,,,,
2026-05-12,2026-05,AMS,machine(Amy),different tooling,,Bag/Other,inferred,,,4.0,0,0.75,3.0,,,,
2026-05-12,2026-05,AMS,machine(Amy),different tooling,,Bag/Other,inferred,,,4.0,0,0.917,3.667,,,,
2026-05-12,2026-05,Assembly,,40030,ORG Almond Amaretto 10ct/6pk Tea Bag - GA,Tea,inferred,,yes,1.0,540,10.25,10.25,52.7,0.878,52.7,
2026-05-12,2026-05,Assembly,,90014,Practitioner Wellness Box,Bundle,governed,high,yes,1.0,10,1.15,1.15,8.7,0.145,8.7,
2026-05-12,2026-05,Maisa 1,,45001L,Mushroom Adapt Tea Bag Sampler Box,Sampler,governed,high,yes,3.0,756,1.983,5.95,381.2,6.353,127.1,
2026-05-12,2026-05,Maisa 2+3,,40130,ORG Maca Chocolate 10ct/6pk Tea Bag - G,Tea,inferred,,yes,5.0,5484,7.933,39.667,691.3,11.521,138.3,
2026-05-12,2026-05,Maisa 2+3,,40132,ORG Maca Chocolate 25CT Tea Bag - G,Tea,governed,high,yes,5.0,491,2.0,10.0,245.5,4.092,49.1,
2026-05-12,2026-05,WeighRight,,10022,ORG Raw Dandelion1 Lb Bag,Bag/Other,inferred,,yes,3.0,92,1.483,4.45,62.0,1.034,20.7,
2026-05-12,2026-05,WeighRight,,10024,ORG Lavender 4 Oz Bag - 79523910024,Bag/Other,inferred,,yes,3.0,696,2.167,6.5,321.2,5.354,107.1,
2026-05-12,2026-05,WeighRight,,10031,Roasted Chicory Root - 1 Lb Bag,Bag/Other,inferred,,yes,3.0,2304,4.233,12.7,544.3,9.071,181.4,
2026-05-12,2026-05,WeighRight,,Air Clean Out,Air Clean out of Machine (no testing necessary),Bag/Other,inferred,,,3.0,0,0.683,2.05,,,,
2026-05-12,2026-05,WeighRight,,Air Clean Out,Air Clean out of Machine (no testing necessary),Bag/Other,inferred,,,3.0,0,0.5,1.5,,,,
2026-05-12,2026-05,WeighRight,,clean,Standard Clean,Bag/Other,inferred,,,3.0,0,1.217,3.65,,,,
2026-05-13,2026-05,AMS,machine(Amy),10029L,"Organic Maca Powder, 1 Lb Bag",Bag/Other,inferred,,yes,4.0,300,2.55,10.2,117.6,1.961,29.4,
2026-05-13,2026-05,AMS,machine(Amy),different tooling,,Bag/Other,inferred,,,4.0,0,0.283,1.133,,,,
2026-05-13,2026-05,Assembly,,40030,ORG Almond Amaretto 10ct/6pk Tea Bag - GA,Tea,inferred,,yes,1.0,504,8.333,8.333,60.5,1.008,60.5,
2026-05-13,2026-05,Maisa 2+3,,40132,ORG Maca Chocolate 25CT Tea Bag - G,Tea,governed,high,yes,3.0,709,4.333,13.0,163.6,2.727,54.5,
2026-05-13,2026-05,Maisa 2+3,,43220,ORG Dandelion Caramel Nut 10ct/6pk Tea Bag - A,Tea,inferred,,yes,3.0,1380,4.567,13.7,302.2,5.036,100.7,
2026-05-13,2026-05,Maisa 2+3,,CleanG,Clean + Gluten Test,Tea,inferred,,,5.0,0,0.467,2.333,,,,
2026-05-13,2026-05,Maisa 2+3,,TB130,ORG Maca Chocolate Tea Bag - G,Tea bag (intermediate),item-code,,yes,2.0,1000,0.283,0.567,3529.4,58.824,1764.7,
2026-05-13,2026-05,WeighRight,,10042,ORG Burdock 1 Lb Bag,Bag/Other,inferred,,yes,3.0,840,1.717,5.15,489.3,8.155,163.1,
2026-05-13,2026-05,WeighRight,,10051,ORG Roasted Chicory Root - 1 Lb Bag,Bag/Other,inferred,,yes,3.0,1440,2.05,6.15,702.4,11.707,234.1,
2026-05-13,2026-05,WeighRight,,Air Clean Out,Air Clean out of Machine (no testing necessary),Bag/Other,inferred,,,3.0,0,0.75,2.25,,,,
2026-05-14,2026-05,Assembly,,40071,ORG Java 25CT Tea Bag - GA,Tea,governed,high,yes,1.0,96,2.967,2.967,32.4,0.539,32.4,
2026-05-14,2026-05,Assembly,,42011,ORG Pumpkin Spice 25CT Tea Bag - GA,Tea,governed,high,yes,1.0,60,2.0,2.0,30.0,0.5,30.0,
2026-05-18,2026-05,Assembly,,40041,ORG Blood Orange 25CT Tea Bag - GA,Tea,governed,high,yes,1.0,60,2.25,2.25,26.7,0.444,26.7,
2026-05-18,2026-05,Assembly,,42011,ORG Pumpkin Spice 25CT Tea Bag - GA,Tea,governed,high,yes,1.0,240,10.333,10.333,23.2,0.387,23.2,
2026-05-18,2026-05,Assembly,,45022,Chaga Ashwaganda TB Demo Tray,Tea,inferred,,yes,1.0,5,0.75,0.75,6.7,0.111,6.7,
2026-05-18,2026-05,Assembly,,45032,ORG Lion's Mane Rhodiola Tea Bag Demo Tray - G,Tea,inferred,,yes,1.0,5,0.75,0.75,6.7,0.111,6.7,
2026-05-18,2026-05,Assembly,,45052,Turkey Tail Astragalus TB Demo Tray - G,Tea,inferred,,yes,1.0,5,0.75,0.75,6.7,0.111,6.7,
2026-05-18,2026-05,Assembly,,80033,ORG Almond Amaretto 11OZ Bag 3PK - GA,Bag/Other,inferred,,yes,1.0,15,0.6,0.6,25.0,0.417,25.0,
2026-05-18,2026-05,Assembly,,80133,ORG MACA Chocolate 11OZ Bag 3PK - G,Bag/Other,inferred,,yes,1.0,160,4.167,4.167,38.4,0.64,38.4,
2026-05-18,2026-05,Maisa 2+3,,43220,ORG Dandelion Caramel Nut 10ct/6pk Tea Bag - A,Tea,inferred,,yes,5.0,4140,8.217,41.083,503.9,8.398,100.8,
2026-05-18,2026-05,Maisa 2+3,,43310F,Dandelion Mocha Mint Dual Language 10 cnt TB - A,Tea,inferred,,yes,5.0,146,1.533,7.667,95.2,1.587,19.0,
2026-05-18,2026-05,Maisa 2+3,,Clean,Standard Clean,Tea,inferred,,,5.0,0,0.3,1.5,,,,
2026-05-18,2026-05,Maisa 2+3,,TB130,ORG Maca Chocolate Tea Bag - G,Tea bag (intermediate),item-code,,yes,2.0,27000,3.9,7.8,6923.1,115.385,3461.5,
2026-05-18,2026-05,WeighRight,,10042,ORG Burdock 1 Lb Bag,Bag/Other,inferred,,yes,3.0,360,0.683,2.05,526.8,8.78,175.6,
2026-05-18,2026-05,WeighRight,,20081,ORG Mocha 300G Dual Language Bag - 6Ct Case - GA,Bag/Other,inferred,,yes,3.0,120,1.85,5.55,64.9,1.081,21.6,
2026-05-18,2026-05,WeighRight,,50080,ORG Mocha 30g Trial Size Packet - GA,Bag/Other,inferred,,yes,3.0,540,1.467,4.4,368.2,6.136,122.7,
2026-05-18,2026-05,WeighRight,,63110,ORG Dandelion Dark Roast 5 Lb Bag,APG,governed,high,yes,3.0,35,0.45,1.35,77.8,1.296,25.9,
2026-05-18,2026-05,WeighRight,,83110L,ORG Dandelion Dark Roast 10 oz Bag/Box of 24,APG,governed,high,yes,3.0,1656,4.617,13.85,358.7,5.978,119.6,
2026-05-18,2026-05,WeighRight,,Air Clean Out,Air Clean out of Machine (no testing necessary),Bag/Other,inferred,,,3.0,0,0.533,1.6,,,,
2026-05-18,2026-05,WeighRight,,CLean,Standard Clean,Bag/Other,inferred,,,3.0,0,0.45,1.35,,,,
2026-05-19,2026-05,AMS,machine(Amy),10013,"ORG Hibisicus, 8 Oz Bag",Bag/Other,inferred,,yes,4.0,120,0.683,2.733,175.6,2.927,43.9,
2026-05-19,2026-05,AMS,machine(Amy),10044,AMZN- WWB-ORG Hibiscus - 1 Lb Bag,Bag/Other,inferred,,yes,4.0,600,5.367,21.467,111.8,1.863,28.0,
2026-05-19,2026-05,Assembly,,40001A,AMZN Labeled Herbal Tea Sampler Box/Variety Pack,Bundle,inferred,,yes,1.0,220,3.267,3.267,67.3,1.122,67.3,
2026-05-19,2026-05,Assembly,,42011,ORG Pumpkin Spice 25CT Tea Bag - GA,Tea,governed,high,yes,1.0,250,10.417,10.417,24.0,0.4,24.0,
2026-05-19,2026-05,Assembly,,42021,ORG Caramel Nut 25CT Tea Bag - GA,Tea,governed,high,,1.0,0,4.967,4.967,,,,
2026-05-19,2026-05,Assembly,,80033,ORG Almond Amaretto 11OZ Bag 3PK - GA,Bag/Other,inferred,,yes,1.0,65,1.583,1.583,41.1,0.684,41.1,
2026-05-19,2026-05,Assembly,,TGB502,Chaga Ashwaganda Tea Goody Bag,Bag/Other,inferred,,yes,1.0,150,2.25,2.25,66.7,1.111,66.7,
2026-05-19,2026-05,Assembly,,TGB601,ORG Dark Chocolate Tea Bag Goody Bag,Tea,inferred,,yes,1.0,500,1.283,1.283,389.6,6.494,389.6,
2026-05-19,2026-05,Maisa 1,,40066,Hazelnut Tagless Tea Bag - 50 Ct - GA,Tea,governed,high,yes,3.0,240,4.5,13.5,53.3,0.889,17.8,
2026-05-19,2026-05,Maisa 2+3,,43310F,Dandelion Mocha Mint Dual Language 10 cnt TB - A,Tea,inferred,,yes,5.0,34,0.183,0.917,185.5,3.091,37.1,
2026-05-19,2026-05,Maisa 2+3,,43310L,Org Dandelion Mocha Mint 10 Ct Tea Bag Loose - A,Tea,governed,high,yes,5.0,360,0.367,1.833,981.8,16.364,196.4,
2026-05-19,2026-05,Maisa 2+3,,43311F,ORG Dandelion Mocha Mint DL 25CT Tea Bag AMZN (24pk) - A,Tea,inferred,,yes,5.0,216,0.667,3.333,324.0,5.4,64.8,
2026-05-19,2026-05,Maisa 2+3,,43370L,Org Dandelion Blueberry Vanilla 10Ct Tea Bag Loose,Tea,inferred,,yes,5.0,360,0.683,3.417,526.8,8.78,105.4,
2026-05-19,2026-05,Maisa 2+3,,43371,ORG Blueberry Vanilla 25-Ct Tea Bag,Tea,inferred,,yes,5.0,308,0.867,4.333,355.4,5.923,71.1,
2026-05-19,2026-05,Maisa 2+3,,45071,ORG Miraculous Mushroom A&P 25 Ct Tea Bag,Tea,inferred,,yes,5.0,480,4.35,21.75,110.3,1.839,22.1,
2026-05-19,2026-05,Maisa 2+3,,Clean,Standard Clean,Tea,inferred,,,5.0,0,0.483,2.417,,,,
2026-05-19,2026-05,Maisa 2+3,,Clean,Standard Clean,Tea,inferred,,,3.0,0,0.8,2.4,,,,
2026-05-19,2026-05,Maisa 2+3,,CleanA,Clean + Allergen Tests,Tea,inferred,,,5.0,0,0.483,2.417,,,,
2026-05-19,2026-05,Maisa 2+3,,TB507,ORG Miraculous Mushroom A&P Loose Tea Bag,Tea bag (intermediate),item-code,,yes,2.0,4000,1.367,2.733,2926.8,48.78,1463.4,
2026-05-19,2026-05,WeighRight,,50080,ORG Mocha 30g Trial Size Packet - GA,Bag/Other,inferred,,yes,3.0,1260,1.833,5.5,687.3,11.455,229.1,
2026-05-19,2026-05,WeighRight,,60070,ORG Java 5 Lb Bag - GA,Bag/Other,inferred,,yes,3.0,32,0.267,0.8,120.0,2.0,40.0,
2026-05-19,2026-05,WeighRight,,62060,ORG Maple Pecan 5 Lb Bag - GA,Bag/Other,inferred,,yes,3.0,20,0.183,0.55,109.1,1.818,36.4,
2026-05-19,2026-05,WeighRight,,80080,ORG Mocha 11OZ Bag/6 Count Case - GA,Bag/Other,inferred,,yes,3.0,329,6.083,18.25,54.1,0.901,18.0,
2026-05-19,2026-05,WeighRight,,82060L,ORG Maple Pecan 11OZ Bag/Box of 24 - GA,Bag/Other,inferred,,yes,3.0,240,0.983,2.95,244.1,4.068,81.4,
2026-05-19,2026-05,WeighRight,,Air Clean Out,Air Clean out of Machine (no testing necessary),Bag/Other,inferred,,,3.0,0,0.317,0.95,,,,
2026-05-19,2026-05,WeighRight,,Air Clean Out,Air Clean out of Machine (no testing necessary),Bag/Other,inferred,,,3.0,0,0.2,0.6,,,,
2026-05-19,2026-05,WeighRight,,Air Clean Out,Air Clean out of Machine (no testing necessary),Bag/Other,inferred,,,3.0,0,0.467,1.4,,,,
2026-05-20,2026-05,Assembly,,40001A,AMZN Labeled Herbal Tea Sampler Box/Variety Pack,Bundle,inferred,,yes,1.0,390,5.0,5.0,78.0,1.3,78.0,
2026-05-20,2026-05,Assembly,,42011,ORG Pumpkin Spice 25CT Tea Bag - GA,Tea,governed,high,yes,1.0,135,5.0,5.0,27.0,0.45,27.0,
2026-05-20,2026-05,Assembly,,42021,ORG Caramel Nut 25CT Tea Bag - GA,Tea,governed,high,yes,1.0,55,5.0,5.0,11.0,0.183,11.0,
2026-05-20,2026-05,Assembly,,GDB060,ORG Hazelnut Packet Goody Bag - GA,Bag/Other,inferred,,yes,1.0,100,2.817,2.817,35.5,0.592,35.5,
2026-05-20,2026-05,Assembly,,TGB502,Chaga Ashwaganda Tea Goody Bag,Bag/Other,inferred,,yes,1.0,350,2.183,2.183,160.3,2.672,160.3,
2026-05-20,2026-05,Maisa 1,,40063,ORG Hazelnut 25CT Tea Bag 3PK - GA,Tea,inferred,,yes,3.0,120,2.417,7.25,49.7,0.828,16.6,
2026-05-20,2026-05,Maisa 1,,40066,Hazelnut Tagless Tea Bag - 50 Ct - GA,Tea,governed,high,yes,3.0,192,1.317,3.95,145.8,2.43,48.6,
2026-05-20,2026-05,Maisa 2+3,,45010F,Reishi Eleuthero Dual Language 10 cnt TB - G,Tea,inferred,,yes,3.0,230,3.7,11.1,62.2,1.036,20.7,
2026-05-20,2026-05,Maisa 2+3,,Clean,Standard Clean,Tea,inferred,,,3.0,0,20.5,61.5,,,,
2026-05-20,2026-05,WeighRight,,52040,ORG Snickerdoodle 30g Trial Size Packet - GA,APG,governed,high,yes,3.0,379,0.733,2.2,516.8,8.614,172.3,
2026-05-20,2026-05,WeighRight,,62040,Snickerdoodle 5 LB bag - GA,APG,governed,high,yes,3.0,40,0.5,1.5,80.0,1.333,26.7,
2026-05-20,2026-05,WeighRight,,62040,Snickerdoodle 5 LB bag - GA,APG,governed,high,yes,3.0,4,0.067,0.2,60.0,1.0,20.0,
2026-05-20,2026-05,WeighRight,,85070L,ORG Miraculous Mushrooms 10oz Bag/Box of 24,Bag/Other,inferred,,yes,3.0,1237,2.583,7.75,478.8,7.981,159.6,
2026-05-20,2026-05,WeighRight,,Air Clean Out,Air Clean out of Machine (no testing necessary),Bag/Other,inferred,,,3.0,0,0.583,1.75,,,,
2026-05-20,2026-05,WeighRight,,CleanGA,Clean + Gluten + Allergen Tests,Bag/Other,inferred,,,3.0,0,0.417,1.25,,,,
2026-05-21,2026-05,Assembly,,40001A,AMZN Labeled Herbal Tea Sampler Box/Variety Pack,Bundle,inferred,,yes,1.0,409,5.0,5.0,81.8,1.363,81.8,
2026-05-21,2026-05,Assembly,,42021,ORG Caramel Nut 25CT Tea Bag - GA,Tea,governed,high,yes,1.0,89,4.667,4.667,19.1,0.318,19.1,
2026-05-26,2026-05,AMS,machine(Amy),10013,"ORG Hibisicus, 8 Oz Bag",Bag/Other,inferred,,yes,4.0,594,1.65,6.6,360.0,6.0,90.0,
2026-05-26,2026-05,AMS,machine(Amy),30009L,ORG Instant Vanilla Nut 100g Bag - G,Instant,governed,high,yes,4.0,458,1.9,7.6,241.1,4.018,60.3,
2026-05-26,2026-05,AMS,machine(Amy),30010,Instant Hazelnut 100g Bag / 6 Count Case - G,Instant,inferred,,yes,4.0,125,2.7,10.8,46.3,0.772,11.6,
2026-05-26,2026-05,AMS,machine(Amy),Air clean out,Air Clean out of Machine (no testing necessary),Bag/Other,inferred,,,4.0,0,0.533,2.133,,,,
2026-05-26,2026-05,AMS,unknown,Air clean out,Air Clean out of Machine (no testing necessary),Bag/Other,inferred,,,,0,0.367,,,,,
2026-05-26,2026-05,AMS,machine(Amy),Different tooling,,Bag/Other,inferred,,,4.0,0,3.133,12.533,,,,
2026-05-26,2026-05,Assembly,,40001A,AMZN Labeled Herbal Tea Sampler Box/Variety Pack,Bundle,inferred,,yes,1.0,410,5.0,5.0,82.0,1.367,82.0,
2026-05-26,2026-05,Assembly,,GDB060,ORG Hazelnut Packet Goody Bag - GA,Bag/Other,inferred,,yes,1.0,260,10.683,10.683,24.3,0.406,24.3,
2026-05-26,2026-05,Assembly,,GDB080,ORG Mocha Packet Goody Bag,Bag/Other,inferred,,yes,1.0,180,0.35,0.35,514.3,8.571,514.3,
2026-05-26,2026-05,Assembly,,GDB110,ORG French Roast Packet Goody Bag - G,Bag/Other,inferred,,yes,1.0,360,1.083,1.083,332.3,5.538,332.3,
2026-05-26,2026-05,Assembly,,GDB502,ORG Chaga Ashwaganda Packet Goody Bag,Bag/Other,inferred,,yes,1.0,180,0.283,0.283,635.3,10.588,635.3,
2026-05-26,2026-05,Assembly,,TGB311,ORG Dandelion Dark Roast Tea Bag Goody Bag,Tea,inferred,,yes,1.0,500,1.95,1.95,256.4,4.274,256.4,
2026-05-26,2026-05,Assembly,,TGB322,Dandelion Caramel Nut Tea Bag Goody Bag - A,Tea,inferred,,yes,1.0,50,0.25,0.25,200.0,3.333,200.0,
2026-05-26,2026-05,Assembly,,TGB334,ORG Dandelion Coconut Tea Bag Goody Bag - A,Tea,inferred,,yes,1.0,440,1.05,1.05,419.0,6.984,419.0,
2026-05-26,2026-05,Assembly,,TGB501,Reishi Eleuthero Tea Goody Bag - G,Bag/Other,inferred,,yes,1.0,500,2.017,2.017,247.9,4.132,247.9,
2026-05-26,2026-05,Assembly,,TGB507,ORG Miraculous Mushroom AP Tea Bag Goody Bag,Tea,inferred,,yes,1.0,500,3.0,3.0,166.7,2.778,166.7,
2026-05-26,2026-05,Maisa 1,,40060,ORG Hazelnut 10ct/6pk Tea Bag - GA,Tea,inferred,,yes,3.0,708,1.75,5.25,404.6,6.743,134.9,
2026-05-26,2026-05,Maisa 2+3,,45030,ORG Lion's Mane Rhodiola 10 Ct Tea Bag/6 Count Case - G,Tea,inferred,,yes,3.0,2922,9.2,27.6,317.6,5.293,105.9,
2026-05-26,2026-05,Maisa 2+3,,Clean,Standard Clean,Tea,inferred,,,3.0,0,0.633,1.9,,,,
2026-05-26,2026-05,WeighRight,,20111,ORG French Roast 300G Dual Language Bag - 6Ct Case - G,Bag/Other,inferred,,yes,3.0,15,0.567,1.7,26.5,0.441,8.8,
2026-05-26,2026-05,WeighRight,,63220,ORG Dandelion Caramel Nut 5 Lb Bag - A,Bag/Other,inferred,,yes,2.0,48,0.767,1.533,62.6,1.043,31.3,
2026-05-26,2026-05,WeighRight,,63310,ORG Dandelion Mocha Mint 5 Lb Bag - A,Bag/Other,inferred,,yes,3.0,24,0.267,0.8,90.0,1.5,30.0,
2026-05-26,2026-05,WeighRight,,80110A,AMZN Org French Roast 11OZ Bag/Box of 24 - G,Bag/Other,inferred,,yes,3.0,1200,3.983,11.95,301.3,5.021,100.4,
2026-05-26,2026-05,WeighRight,,80110L,Org French Roast 11oz Bag/Box of 24 - G,Bag/Other,inferred,,yes,3.0,1008,2.1,6.3,480.0,8.0,160.0,
2026-05-26,2026-05,WeighRight,,83010L,ORG Dandelion Vanilla Nut 10 Oz Bag/Box of 24 - A,Bag/Other,inferred,,yes,3.0,477,1.617,4.85,295.1,4.918,98.4,
2026-05-26,2026-05,WeighRight,,Air Clean Out,Air Clean out of Machine (no testing necessary),Bag/Other,inferred,,,2.0,0,0.383,0.767,,,,
2026-05-26,2026-05,WeighRight,,Air Clean Out,Air Clean out of Machine (no testing necessary),Bag/Other,inferred,,,3.0,0,0.167,0.5,,,,
2026-05-26,2026-05,WeighRight,,Air Clean Out,Air Clean out of Machine (no testing necessary),Bag/Other,inferred,,,3.0,0,0.15,0.45,,,,
2026-05-27,2026-05,AMS,machine(Amy),10402A,AMZN- WWB-ORG Rama Tulsi - 8 OZ Bag,Bag/Other,inferred,,yes,4.0,456,5.033,20.133,90.6,1.51,22.6,
2026-05-27,2026-05,AMS,machine(Amy),Air clean out,Air Clean out of Machine (no testing necessary),Bag/Other,inferred,,,4.0,0,0.25,1.0,,,,
2026-05-27,2026-05,Assembly,,40001A,AMZN Labeled Herbal Tea Sampler Box/Variety Pack,Bundle,inferred,,yes,1.0,104,1.333,1.333,78.0,1.3,78.0,
2026-05-27,2026-05,Assembly,,TGB010,ORG Vanilla Nut Tea Bag Goody Bag - GA,Tea,inferred,,yes,1.0,500,13.0,13.0,38.5,0.641,38.5,
2026-05-27,2026-05,Assembly,,TGB322,Dandelion Caramel Nut Tea Bag Goody Bag - A,Tea,inferred,,yes,1.0,450,2.5,2.5,180.0,3.0,180.0,
2026-05-27,2026-05,Assembly,,TGB331,ORG Dandelion Mocha Mint Tea Bag Goody Bag - A,Tea,inferred,,yes,1.0,150,0.5,0.5,300.0,5.0,300.0,
2026-05-27,2026-05,Assembly,,TGB334,ORG Dandelion Coconut Tea Bag Goody Bag - A,Tea,inferred,,yes,1.0,60,0.667,0.667,90.0,1.5,90.0,
2026-05-27,2026-05,Maisa 2+3,,42080,ORG Irish Cream 10ct/6pk Tea Bag - G,Tea,inferred,,yes,3.0,2760,7.767,23.3,355.4,5.923,118.5,
2026-05-27,2026-05,Maisa 2+3,,42081,ORG Irish Cream 25Ct Tea Bag Box - G,Tea,inferred,,yes,3.0,373,2.167,6.5,172.2,2.869,57.4,
2026-05-27,2026-05,WeighRight,,20061,ORG Hazelnut 300G Dual Language Bag - 6Ct Case - GA,Bag/Other,inferred,,yes,3.0,120,2.267,6.8,52.9,0.882,17.6,
2026-05-27,2026-05,WeighRight,,20111,ORG French Roast 300G Dual Language Bag - 6Ct Case - G,Bag/Other,inferred,,yes,3.0,105,1.233,3.7,85.1,1.419,28.4,
2026-05-27,2026-05,WeighRight,,80010,ORG Vanilla Nut 11oz Bag/6 Count Case - GA,Bag/Other,inferred,,yes,3.0,254,3.75,11.25,67.7,1.129,22.6,
2026-05-27,2026-05,WeighRight,,85010,ORG Reishi Eleuthero 10 Oz Bag/6 Count Case - G,Bag/Other,inferred,,yes,3.0,120,1.917,5.75,62.6,1.043,20.9,
2026-05-27,2026-05,WeighRight,,Air Clean Out,Air Clean out of Machine (no testing necessary),Bag/Other,inferred,,,3.0,0,0.283,0.85,,,,
2026-05-27,2026-05,WeighRight,,Air Clean Out,Air Clean out of Machine (no testing necessary),Bag/Other,inferred,,,3.0,0,0.283,0.85,,,,
2026-05-27,2026-05,WeighRight,,Air Clean Out,Air Clean out of Machine (no testing necessary),Bag/Other,inferred,,,3.0,0,0.267,0.8,,,,
2026-05-28,2026-05,AMS,machine(Amy),10019,ORG Astragalus 8 Oz Bag,Bag/Other,inferred,,yes,4.0,1440,4.417,17.667,326.0,5.434,81.5,
2026-05-28,2026-05,AMS,machine(Amy),10402A,AMZN- WWB-ORG Rama Tulsi - 8 OZ Bag,Bag/Other,inferred,,yes,4.0,48,0.333,1.333,144.0,2.4,36.0,
2026-05-28,2026-05,AMS,machine(Amy),Air clean out,Air Clean out of Machine (no testing necessary),Bag/Other,inferred,,,4.0,0,0.567,2.267,,,,
2026-05-28,2026-05,AMS,machine(Amy),Air clean out,Air Clean out of Machine (no testing necessary),Bag/Other,inferred,,,4.0,0,0.433,1.733,,,,
2026-05-28,2026-05,Assembly,,TGB331,ORG Dandelion Mocha Mint Tea Bag Goody Bag - A,Tea,inferred,,yes,1.0,350,1.667,1.667,210.0,3.5,210.0,
2026-05-28,2026-05,Maisa 1,,40060,ORG Hazelnut 10ct/6pk Tea Bag - GA,Tea,inferred,,yes,3.0,2052,8.317,24.95,246.7,4.112,82.2,
2026-05-28,2026-05,Maisa 2+3,,40110,ORG French Roast 10 Count Tea Bag - G,Tea,inferred,,yes,3.0,2760,8.583,25.75,321.6,5.359,107.2,
2026-05-28,2026-05,Maisa 2+3,,40111,ORG French Roast 25CT Tea Bag - G,Tea,governed,high,yes,3.0,40,0.717,2.15,55.8,0.93,18.6,
2026-05-28,2026-05,Maisa 2+3,,Clean,Standard Clean,Tea,inferred,,,3.0,0,0.45,1.35,,,,
2026-05-28,2026-05,WeighRight,,20011,ORG Vanilla Nut 300G Dual Language Bag - 6Ct Case - GA,Bag/Other,inferred,,yes,3.0,180,0.767,2.3,234.8,3.913,78.3,
2026-05-28,2026-05,WeighRight,,80010,ORG Vanilla Nut 11oz Bag/6 Count Case - GA,Bag/Other,inferred,,yes,3.0,512,6.617,19.85,77.4,1.29,25.8,
2026-05-28,2026-05,WeighRight,,80013,ORG Vanilla Nut 11oz Bag 3PK - GA,Bag/Other,inferred,,yes,3.0,300,2.85,8.55,105.3,1.754,35.1,
2026-06-01,2026-06,AMS,machine(Amy),30007,Instant Miraculous Mushrooms A&P 100g Bag / 6 Count Case,Instant,inferred,,yes,4.0,144,3.617,14.467,39.8,0.664,10.0,
2026-06-01,2026-06,Assembly,,12251L,Holiday Tea Bag Sampler Box ,Sampler,inferred,,yes,1.0,108,1.5,1.5,72.0,1.2,72.0,
2026-06-01,2026-06,Assembly,,42021,ORG Caramel Nut 25CT Tea Bag - GA,Tea,governed,high,yes,1.0,96,5.0,5.0,19.2,0.32,19.2,
2026-06-01,2026-06,Assembly,,49999,Teeccino Herbal Tea Shipper,Bag/Other,inferred,,yes,1.0,1,0.333,0.333,3.0,0.05,3.0,
2026-06-01,2026-06,Assembly,,TGB337,ORG Blueberry Vanilla Tea Bag Goody Bag,Tea,inferred,,yes,1.0,250,2.3,2.3,108.7,1.812,108.7,
2026-06-01,2026-06,Maisa 1,,40016,Vanilla Nut Tagless Tea Bag - 50 Ct - GA,Tea,governed,high,,3.0,0,5.133,15.4,,,,
2026-06-01,2026-06,Maisa 1,,40060F,Hazelnut Dual Language 10 cnt TB - GA,Tea,inferred,,yes,3.0,121,3.217,9.65,37.6,0.627,12.5,
2026-06-01,2026-06,Maisa 1,,Clean,Standard Clean,Tea,inferred,,,3.0,0,1.417,4.25,,,,
2026-06-01,2026-06,Maisa 2+3,,40111,ORG French Roast 25CT Tea Bag - G,Tea,governed,high,yes,3.0,576,5.817,17.45,99.0,1.65,33.0,
2026-06-01,2026-06,WeighRight,,60010,ORG Vanilla Nut 5 Lb Bag - GA,Bag/Other,inferred,,yes,3.0,32,0.267,0.8,120.0,2.0,40.0,
2026-06-01,2026-06,WeighRight,,60030,ORG Almond Amaretto 5 Lb Bag - GA,Bag/Other,inferred,,yes,3.0,28,0.15,0.45,186.7,3.111,62.2,
2026-06-01,2026-06,WeighRight,,80013,ORG Vanilla Nut 11oz Bag 3PK - GA,Bag/Other,inferred,,yes,3.0,52,1.917,5.75,27.1,0.452,9.0,
2026-06-01,2026-06,WeighRight,,80030L,ORG Almond Amaretto 11OZ Bag/Box of 24 - GA,Bag/Other,inferred,,yes,3.0,720,3.817,11.45,188.6,3.144,62.9,
2026-06-01,2026-06,WeighRight,,86010,ORG Dark Chocolate 10 Oz Bag/6 Count Case,Bag/Other,inferred,,yes,3.0,150,2.3,6.9,65.2,1.087,21.7,
2026-06-01,2026-06,WeighRight,,Air Clean Out,Air Clean out of Machine (no testing necessary),Bag/Other,inferred,,,3.0,0,0.233,0.7,,,,
2026-06-01,2026-06,WeighRight,,Air Clean Out,Air Clean out of Machine (no testing necessary),Bag/Other,inferred,,,3.0,0,0.367,1.1,,,,
2026-06-01,2026-06,WeighRight,,CleanGA,Clean + Gluten + Allergen Tests,Bag/Other,inferred,,,3.0,0,2.85,8.55,,,,
2026-06-02,2026-06,AMS,machine(Amy),30007,Instant Miraculous Mushrooms A&P 100g Bag / 6 Count Case,Instant,inferred,,yes,4.0,92,0.817,3.267,112.7,1.878,28.2,
2026-06-02,2026-06,AMS,machine(Amy),30013,Instant Miraculous Mushrooms C+5 135g Bag / 6 Count Case,Instant,inferred,,yes,4.0,236,4.45,17.8,53.0,0.884,13.3,
2026-06-02,2026-06,AMS,machine(Amy),31007,ORG Instant Miraculous Mushrooms AP Latte 6Ct Case ,Instant,inferred,,yes,4.0,217,4.017,16.067,54.0,0.9,13.5,
2026-06-02,2026-06,AMS,machine(Amy),Air clean out,Air Clean out of Machine (no testing necessary),Bag/Other,inferred,,,4.0,0,0.317,1.267,,,,
2026-06-02,2026-06,AMS,machine(Amy),Air clean out,Air Clean out of Machine (no testing necessary),Bag/Other,inferred,,,4.0,0,0.317,1.267,,,,
2026-06-02,2026-06,Assembly,,40141,ORG Original 25ct Tea Bag - G,Tea,governed,high,yes,1.0,79,4.8,4.8,16.5,0.274,16.5,
2026-06-02,2026-06,Assembly,,42011,ORG Pumpkin Spice 25CT Tea Bag - GA,Tea,governed,high,yes,1.0,175,6.517,6.517,26.9,0.448,26.9,
2026-06-02,2026-06,Assembly,,42021,ORG Caramel Nut 25CT Tea Bag - GA,Tea,governed,high,yes,1.0,111,8.5,8.5,13.1,0.218,13.1,
2026-06-02,2026-06,Maisa 1,,40016,Vanilla Nut Tagless Tea Bag - 50 Ct - GA,Tea,governed,high,,3.0,0,2.817,8.45,,,,
2026-06-02,2026-06,WeighRight,,10051,ORG Roasted Chicory Root - 1 Lb Bag,Bag/Other,inferred,,yes,4.0,1704,4.717,18.867,361.3,6.021,90.3,
2026-06-02,2026-06,WeighRight,,10059A,AMZN ORG French Chicory 2 X 1 Lb Bag,Bag/Other,inferred,,yes,4.0,432,2.8,11.2,154.3,2.571,38.6,
2026-06-03,2026-06,AMS,machine(Amy),31007,ORG Instant Miraculous Mushrooms AP Latte 6Ct Case ,Instant,inferred,,yes,4.0,21,0.4,1.6,52.5,0.875,13.1,
2026-06-03,2026-06,AMS,machine(Amy),31014,ORG Instant Miraculous Mushroom Matcha Latte 6Ct Case,Instant,inferred,,yes,4.0,240,3.983,15.933,60.3,1.004,15.1,
2026-06-03,2026-06,AMS,machine(Amy),Air clean out,Air Clean out of Machine (no testing necessary),Bag/Other,inferred,,,4.0,0,0.367,1.467,,,,
2026-06-03,2026-06,AMS,machine(Amy),Different tooling,,Bag/Other,inferred,,,4.0,0,0.45,1.8,,,,
2026-06-03,2026-06,Assembly,,40001,Herbal Tea Sampler Box - 6 Count Case,Sampler,inferred,,yes,1.0,53,3.833,3.833,13.8,0.23,13.8,
2026-06-03,2026-06,Assembly,,40141,ORG Original 25ct Tea Bag - G,Tea,governed,high,yes,1.0,30,1.017,1.017,29.5,0.492,29.5,
2026-06-03,2026-06,Assembly,,42011,ORG Pumpkin Spice 25CT Tea Bag - GA,Tea,governed,high,yes,1.0,141,4.583,4.583,30.8,0.513,30.8,
2026-06-03,2026-06,Assembly,,45001,Mushroom Adaptogen TB Sampler Box - 6 Count Case - G,Sampler,inferred,,yes,1.0,32,1.75,1.75,18.3,0.305,18.3,
2026-06-03,2026-06,Assembly,,50092,Teeccino Chocolate Flavor Sampler,Sampler,governed,high,yes,1.0,9,1.167,1.167,7.7,0.129,7.7,
2026-06-03,2026-06,WeighRight,,10035,Chicory 5 Lb Bag,Bag/Other,inferred,,yes,4.0,128,1.133,4.533,112.9,1.882,28.2,
2026-06-03,2026-06,WeighRight,,10051,ORG Roasted Chicory Root - 1 Lb Bag,Bag/Other,inferred,,yes,4.0,1368,3.117,12.467,438.9,7.316,109.7,
2026-06-08,2026-06,AMS,handpack,10202,ORG Peppermint 1 Lb Bag,Bag/Other,inferred,,yes,2.0,280,6.05,12.1,46.3,0.771,23.1,
2026-06-08,2026-06,Assembly,,40001,Herbal Tea Sampler Box - 6 Count Case,Sampler,inferred,,yes,1.0,58,8.083,8.083,7.2,0.12,7.2,
2026-06-08,2026-06,Assembly,,42011,ORG Pumpkin Spice 25CT Tea Bag - GA,Tea,governed,high,yes,1.0,101,6.167,6.167,16.4,0.273,16.4,
2026-06-08,2026-06,Assembly,,45001,Mushroom Adaptogen TB Sampler Box - 6 Count Case - G,Sampler,inferred,,yes,1.0,67,8.167,8.167,8.2,0.137,8.2,
2026-06-08,2026-06,Assembly,,50092,Teeccino Chocolate Flavor Sampler,Sampler,governed,high,yes,1.0,181,6.417,6.417,28.2,0.47,28.2,
2026-06-08,2026-06,Maisa 2+3,,40111,ORG French Roast 25CT Tea Bag - G,Tea,governed,high,yes,5.0,152,0.417,2.083,364.8,6.08,73.0,
2026-06-08,2026-06,Maisa 2+3,,40113,ORG French Roast 25CT Tea Bag 3PK - G,Tea,inferred,,yes,5.0,120,1.1,5.5,109.1,1.818,21.8,
2026-06-08,2026-06,Maisa 2+3,,40116,French Roast Tagless Tea Bag - 50 Ct - G,Tea,governed,high,yes,3.0,432,6.35,19.05,68.0,1.134,22.7,
2026-06-08,2026-06,Maisa 2+3,,43220F,Dandelion Caramel Nut Dual Language 10 cnt TB - A,Tea,inferred,,yes,3.0,47,1.367,4.1,34.4,0.573,11.5,
2026-06-08,2026-06,Maisa 2+3,,CleanG,Clean + Gluten Test,Tea,inferred,,,3.0,0,0.55,1.65,,,,
2026-06-08,2026-06,WeighRight,,10031,Roasted Chicory Root - 1 Lb Bag,Bag/Other,inferred,,yes,4.0,1080,2.45,9.8,440.8,7.347,110.2,
2026-06-08,2026-06,WeighRight,,10035,Chicory 5 Lb Bag,Bag/Other,inferred,,yes,4.0,156,1.183,4.733,131.8,2.197,33.0,
2026-06-08,2026-06,WeighRight,,10039A,AMZN Roasted French Chicory 2 X 1 Lb Bag,Bag/Other,inferred,,yes,4.0,1344,6.55,26.2,205.2,3.42,51.3,
2026-06-09,2026-06,AMS,machine(Amy),10006A,WWB AMZN Organic Lemon Balm (6 Oz) ,Bag/Other,inferred,,yes,4.0,1440,8.767,35.067,164.3,2.738,41.1,
2026-06-09,2026-06,AMS,handpack,10202,ORG Peppermint 1 Lb Bag,Bag/Other,inferred,,yes,2.0,56,0.917,1.833,61.1,1.018,30.5,
2026-06-09,2026-06,AMS,unknown,Air clean out,Air Clean out of Machine (no testing necessary),Bag/Other,inferred,,,,0,0.3,,,,,
2026-06-09,2026-06,AMS,machine(Amy),Air clean out,Air Clean out of Machine (no testing necessary),Bag/Other,inferred,,,4.0,0,0.433,1.733,,,,
2026-06-09,2026-06,Assembly,,40001,Herbal Tea Sampler Box - 6 Count Case,Sampler,inferred,,yes,1.0,25,8.333,8.333,3.0,0.05,3.0,
2026-06-09,2026-06,Assembly,,42011,ORG Pumpkin Spice 25CT Tea Bag - GA,Tea,governed,high,yes,1.0,122,9.25,9.25,13.2,0.22,13.2,
2026-06-09,2026-06,Assembly,,45001,Mushroom Adaptogen TB Sampler Box - 6 Count Case - G,Sampler,inferred,,yes,1.0,21,8.333,8.333,2.5,0.042,2.5,
2026-06-09,2026-06,Assembly,,45021,ORG Chaga Ashwagandha 25 Ct Tea Bag,Tea,governed,high,yes,1.0,48,1.667,1.667,28.8,0.48,28.8,
2026-06-09,2026-06,Maisa 2+3,,43220F,Dandelion Caramel Nut Dual Language 10 cnt TB - A,Tea,inferred,,yes,3.0,73,0.917,2.75,79.6,1.327,26.5,
2026-06-09,2026-06,Maisa 2+3,,45020,ORG Chaga Ashwagandha 10 Ct Tea Bag/6 Count Case,Tea,inferred,,yes,3.0,882,2.417,7.25,365.0,6.083,121.7,
2026-06-09,2026-06,Maisa 2+3,,45021,ORG Chaga Ashwagandha 25 Ct Tea Bag,Tea,governed,high,yes,3.0,720,6.05,18.15,119.0,1.983,39.7,
2026-06-09,2026-06,Maisa 2+3,,CleanA,Clean + Allergen Tests,Tea,inferred,,,3.0,0,0.633,1.9,,,,
2026-06-09,2026-06,WeighRight,,10031,Roasted Chicory Root - 1 Lb Bag,Bag/Other,inferred,,yes,4.0,120,0.367,1.467,327.3,5.455,81.8,
2026-06-09,2026-06,WeighRight,,83110L,ORG Dandelion Dark Roast 10 oz Bag/Box of 24,APG,governed,high,yes,3.0,1800,4.583,13.75,392.7,6.545,130.9,
2026-06-09,2026-06,WeighRight,,83113,ORG Dandelion Dark Roast 10OZ Bag 3PK ,Bag/Other,inferred,,yes,3.0,512,4.067,12.2,125.9,2.098,42.0,
2026-06-09,2026-06,WeighRight,,83220L,Dandelion Caramel Nut 10 Oz Bag/Box of 24 - A,Bag/Other,inferred,,yes,3.0,288,0.7,2.1,411.4,6.857,137.1,
2026-06-09,2026-06,WeighRight,,Air Clean Out,Air Clean out of Machine (no testing necessary),Bag/Other,inferred,,,3.0,0,0.45,1.35,,,,
2026-06-09,2026-06,WeighRight,,Clean,Standard Clean,Bag/Other,inferred,,,3.0,0,0.85,2.55,,,,
2026-06-10,2026-06,Assembly,,40001,Herbal Tea Sampler Box - 6 Count Case,Sampler,inferred,,yes,1.0,49,2.5,2.5,19.6,0.327,19.6,
2026-06-10,2026-06,Assembly,,45001,Mushroom Adaptogen TB Sampler Box - 6 Count Case - G,Sampler,inferred,,yes,1.0,35,4.0,4.0,8.8,0.146,8.8,
2026-06-10,2026-06,Maisa 2+3,,45020,ORG Chaga Ashwagandha 10 Ct Tea Bag/6 Count Case,Tea,inferred,,yes,3.0,1956,4.35,13.05,449.7,7.494,149.9,
2026-06-10,2026-06,WeighRight,,80060A,AMZN Org Hazelnut 11OZ Bag/Box of 24 - GA,Bag/Other,inferred,,yes,3.0,1200,1.8,5.4,666.7,11.111,222.2,
2026-06-10,2026-06,WeighRight,,82040L,ORG Snickerdoodle 11OZ Bag/Box of 24 - GA,APG,governed,high,yes,3.0,432,0.867,2.6,498.5,8.308,166.2,
2026-06-10,2026-06,WeighRight,,Air Clean Out,Air Clean out of Machine (no testing necessary),Bag/Other,inferred,,,3.0,0,0.3,0.9,,,,
2026-06-10,2026-06,WeighRight,,Air Clean Out,Air Clean out of Machine (no testing necessary),Bag/Other,inferred,,,3.0,0,0.55,1.65,,,,
2026-06-15,2026-06,Assembly,,40001,Herbal Tea Sampler Box - 6 Count Case,Sampler,inferred,,yes,1.0,45,9.583,9.583,4.7,0.078,4.7,
2026-06-15,2026-06,Assembly,,43111,ORG Dandelion Dark Roast 25CT Tea Bag,Tea,governed,high,yes,1.0,151,5.0,5.0,30.2,0.503,30.2,
2026-06-15,2026-06,Assembly,,45001,Mushroom Adaptogen TB Sampler Box - 6 Count Case - G,Sampler,inferred,,yes,1.0,75,6.2,6.2,12.1,0.202,12.1,
2026-06-15,2026-06,Maisa 2+3,,43111,ORG Dandelion Dark Roast 25CT Tea Bag,Tea,governed,high,yes,3.0,24,0.133,0.4,180.0,3.0,60.0,
2026-06-15,2026-06,Maisa 2+3,,45020,ORG Chaga Ashwagandha 10 Ct Tea Bag/6 Count Case,Tea,inferred,,yes,5.0,1302,1.85,9.25,703.8,11.73,140.8,
2026-06-15,2026-06,Maisa 2+3,,45020F,Chaga Ashwagandha Dual Language 10 cnt TB,Tea,inferred,,yes,5.0,230,3.2,16.0,71.9,1.198,14.4,
2026-06-15,2026-06,Maisa 2+3,,45021,ORG Chaga Ashwagandha 25 Ct Tea Bag,Tea,governed,high,yes,5.0,738,3.667,18.333,201.3,3.355,40.3,
2026-06-15,2026-06,Maisa 2+3,,Clean,Standard Clean,Tea,inferred,,,5.0,0,1.167,5.833,,,,
2026-06-15,2026-06,WeighRight,,60060,ORG Hazelnut 5 Lb Bag - GA,Bag/Other,inferred,,yes,3.0,48,0.5,1.5,96.0,1.6,32.0,
2026-06-15,2026-06,WeighRight,,60070,ORG Java 5 Lb Bag - GA,Bag/Other,inferred,,yes,3.0,20,0.2,0.6,100.0,1.667,33.3,
2026-06-15,2026-06,WeighRight,,65020,ORG Chaga Ashwagandha 5 Lb Bag,Bag/Other,inferred,,yes,3.0,20,0.2,0.6,100.0,1.667,33.3,
2026-06-15,2026-06,WeighRight,,80050L,ORG English Toffee 11oz Bag/Box of 24 - GA,Bag/Other,inferred,,yes,3.0,717,1.433,4.3,500.2,8.337,166.7,
2026-06-15,2026-06,WeighRight,,80060L,Org Hazelnut 11OZ Bag/Box of 24 - GA,Bag/Other,inferred,,yes,3.0,672,1.3,3.9,516.9,8.615,172.3,
2026-06-15,2026-06,WeighRight,,85020,ORG Chaga Ashwagandha 10 Oz Bag/6 Count Case,Bag/Other,inferred,,yes,3.0,162,2.9,8.7,55.9,0.931,18.6,
2026-06-15,2026-06,WeighRight,,85070,ORG Miraculous Mushrooms AP 6Ct/10Oz APG Bag,APG,inferred,,yes,3.0,41,1.283,3.85,31.9,0.532,10.6,
2026-06-15,2026-06,WeighRight,,Air Clean Out,Air Clean out of Machine (no testing necessary),Bag/Other,inferred,,,3.0,0,0.55,1.65,,,,
2026-06-15,2026-06,WeighRight,,Air Clean Out,Air Clean out of Machine (no testing necessary),Bag/Other,inferred,,,3.0,0,0.167,0.5,,,,
2026-06-15,2026-06,WeighRight,,Air Clean Out,Air Clean out of Machine (no testing necessary),Bag/Other,inferred,,,3.0,0,0.3,0.9,,,,
2026-06-15,2026-06,WeighRight,,CleanGA,Clean + Gluten + Allergen Tests,Bag/Other,inferred,,,3.0,0,1.233,3.7,,,,
2026-06-16,2026-06,AMS,machine(Amy),10013,"ORG Hibisicus, 8 Oz Bag",Bag/Other,inferred,,yes,4.0,588,2.65,10.6,221.9,3.698,55.5,
2026-06-16,2026-06,Maisa 2+3,,10203L,Organic Peppermint 50Ct NTB - MAISA 1 only,Tea,inferred,,yes,3.0,276,4.25,12.75,64.9,1.082,21.6,
2026-06-16,2026-06,Maisa 2+3,,43111,ORG Dandelion Dark Roast 25CT Tea Bag,Tea,governed,high,yes,3.0,408,4.5,13.5,90.7,1.511,30.2,
2026-06-16,2026-06,Maisa 2+3,,Clean,Standard Clean,Tea,inferred,,,3.0,0,0.717,2.15,,,,
2026-06-16,2026-06,WeighRight,,55070,ORG Miraculous Mushrooms 30g Trial Size Packet,Bag/Other,inferred,,yes,3.0,2365,5.067,15.2,466.8,7.78,155.6,
2026-06-16,2026-06,WeighRight,,66010,ORG Dark Chocolate 5 Lb Bag,Bag/Other,inferred,,,3.0,0,0.2,0.6,,,,
2026-06-16,2026-06,WeighRight,,83110,ORG Dandelion Dark Roast 10 Oz Bag/6 Count Case,Bag/Other,inferred,,yes,3.0,40,0.533,1.6,75.0,1.25,25.0,
2026-06-16,2026-06,WeighRight,,83110L,ORG Dandelion Dark Roast 10 oz Bag/Box of 24,APG,governed,high,yes,3.0,576,1.533,4.6,375.7,6.261,125.2,
2026-06-16,2026-06,WeighRight,,85070,ORG Miraculous Mushrooms AP 6Ct/10Oz APG Bag,APG,inferred,,yes,3.0,39,0.55,1.65,70.9,1.182,23.6,
2026-06-16,2026-06,WeighRight,,85070L,ORG Miraculous Mushrooms 10oz Bag/Box of 24,Bag/Other,inferred,,yes,3.0,840,1.383,4.15,607.2,10.12,202.4,
2026-06-16,2026-06,WeighRight,,Air Clean Out,Air Clean out of Machine (no testing necessary),Bag/Other,inferred,,,3.0,0,0.667,2.0,,,,
2026-06-16,2026-06,WeighRight,,Air Clean Out,Air Clean out of Machine (no testing necessary),Bag/Other,inferred,,,3.0,0,0.2,0.6,,,,
2026-06-17,2026-06,AMS,machine(Amy),10013,"ORG Hibisicus, 8 Oz Bag",Bag/Other,inferred,,yes,4.0,132,0.6,2.4,220.0,3.667,55.0,
2026-06-17,2026-06,AMS,machine(Amy),10044,AMZN- WWB-ORG Hibiscus - 1 Lb Bag,Bag/Other,inferred,,yes,4.0,305,2.0,8.0,152.5,2.542,38.1,
2026-06-17,2026-06,AMS,machine(Amy),10302A,WWB Organic Cinnamon Powder 1lb - AMZN Label,Bag/Other,inferred,,yes,4.0,516,1.133,4.533,455.3,7.588,113.8,
2026-06-17,2026-06,AMS,machine(Amy),Different Tooling,1056,Bag/Other,inferred,,,4.0,0,0.633,2.533,,,,
2026-06-17,2026-06,Assembly,,43111,ORG Dandelion Dark Roast 25CT Tea Bag,Tea,governed,high,yes,1.0,329,6.333,6.333,51.9,0.866,51.9,
2026-06-17,2026-06,Maisa 2+3,,10203L,Organic Peppermint 50Ct NTB - MAISA 1 only,Tea,inferred,,yes,3.0,24,0.3,0.9,80.0,1.333,26.7,
2026-06-17,2026-06,Maisa 2+3,,40131,ORG Mexican Chocolate 25CT Tea Bag - G,Tea,governed,high,yes,3.0,504,3.483,10.45,144.7,2.411,48.2,
2026-06-17,2026-06,Maisa 2+3,,Clean,Standard Clean,Tea,inferred,,,3.0,0,0.517,1.55,,,,
2026-06-17,2026-06,WeighRight,,60080,ORG Mocha 5 Lb Bag - GA,Bag/Other,inferred,,yes,1.0,32,1.0,1.0,32.0,0.533,32.0,
2026-06-17,2026-06,WeighRight,,80010A,AMZN Org Vanilla Nut 11OZ Bag/Box of 24 - GA,Bag/Other,inferred,,yes,3.0,600,1.1,3.3,545.5,9.091,181.8,
2026-06-17,2026-06,WeighRight,,83080L,ORG Dandelion Mocha 10 Oz Bag/Box of 24 - A,Bag/Other,inferred,,yes,3.0,786,1.9,5.7,413.7,6.895,137.9,
2026-06-17,2026-06,WeighRight,,83110L,ORG Dandelion Dark Roast 10 oz Bag/Box of 24,APG,governed,high,yes,3.0,357,0.867,2.6,411.9,6.865,137.3,
2026-06-17,2026-06,WeighRight,,Air Clean Out,Air Clean out of Machine (no testing necessary),Bag/Other,inferred,,,3.0,0,0.3,0.9,,,,
2026-06-17,2026-06,WeighRight,,Air Clean Out,Air Clean out of Machine (no testing necessary),Bag/Other,inferred,,,3.0,0,0.167,0.5,,,,
2026-06-22,2026-06,AMS,machine(Amy),10302A,WWB Organic Cinnamon Powder 1lb - AMZN Label,Bag/Other,inferred,,yes,4.0,516,1.883,7.533,274.0,4.566,68.5,
2026-06-22,2026-06,AMS,machine(Amy),30004,Instant Barley - 6 Oz Bag - G,Instant,inferred,,yes,4.0,434,2.65,10.6,163.8,2.73,40.9,
2026-06-22,2026-06,AMS,machine(Amy),30007,Instant Miraculous Mushrooms A&P 100g Bag / 6 Count Case,Instant,inferred,,yes,4.0,180,2.95,11.8,61.0,1.017,15.3,
2026-06-22,2026-06,AMS,machine(Amy),30007L,ORG Instant Miraculous Mushrooms AP 100g Bag,Instant,governed,high,yes,4.0,180,1.3,5.2,138.5,2.308,34.6,
2026-06-22,2026-06,AMS,machine(Amy),Air clean out,Air Clean out of Machine (no testing necessary),Bag/Other,inferred,,,4.0,0,0.483,1.933,,,,
2026-06-22,2026-06,AMS,machine(Amy),CLEAN,Standard Clean,Bag/Other,inferred,,,4.0,0,0.817,3.267,,,,
2026-06-22,2026-06,AMS,handpack,CleanG,Clean + Gluten Test,Bag/Other,inferred,,,1.0,0,0.483,0.483,,,,
2026-06-22,2026-06,Assembly,,40001,Herbal Tea Sampler Box - 6 Count Case,Sampler,inferred,,yes,2.0,102,5.0,10.0,20.4,0.34,10.2,
2026-06-22,2026-06,Assembly,,42121,ORG Chocolate Raspberry 25CT Tea Bag - G,Tea,governed,high,yes,1.0,54,2.667,2.667,20.3,0.338,20.3,
2026-06-22,2026-06,Assembly,,50096,Top Six Packet Sampler pack,Sampler,inferred,,yes,1.0,190,3.667,3.667,51.8,0.864,51.8,
2026-06-22,2026-06,Assembly,,80030,ORG Almond Amaretto 11OZ Bag/6 Count Case - GA,Bag/Other,inferred,,yes,1.0,40,0.967,0.967,41.4,0.69,41.4,
2026-06-22,2026-06,Assembly,,86010,ORG Dark Chocolate 10 Oz Bag/6 Count Case,Bag/Other,inferred,,yes,1.0,32,0.9,0.9,35.6,0.593,35.6,
2026-06-22,2026-06,Maisa 2+3,,40131,ORG Mexican Chocolate 25CT Tea Bag - G,Tea,governed,high,yes,5.0,328,1.083,5.417,302.8,5.046,60.6,
2026-06-22,2026-06,Maisa 2+3,,47010,75147 TJ ORG Roasted Herbal Cofee (12 Pack) - G,Tea,inferred,,yes,5.0,488,8.75,43.75,55.8,0.93,11.2,
2026-06-22,2026-06,Maisa 2+3,,CleanG,Clean + Gluten Test,Tea,inferred,,,5.0,0,0.167,0.833,,,,
2026-06-22,2026-06,WeighRight,,Go to amy,,Bag/Other,inferred,,,3.0,0,10.0,30.0,,,,
2026-06-23,2026-06,AMS,machine(Amy),30007L,ORG Instant Miraculous Mushrooms AP 100g Bag,Instant,governed,high,yes,4.0,413,1.5,6.0,275.3,4.589,68.8,
2026-06-23,2026-06,AMS,machine(Amy),30013,Instant Miraculous Mushrooms C+5 135g Bag / 6 Count Case,Instant,inferred,,yes,4.0,180,3.95,15.8,45.6,0.759,11.4,
2026-06-23,2026-06,AMS,machine(Amy),30013L,ORG Miraculous Mushrooms Cacao 135g Bag,Bag/Other,inferred,,yes,4.0,655,2.183,8.733,300.0,5.0,75.0,
2026-06-23,2026-06,AMS,machine(Amy),31007,ORG Instant Miraculous Mushrooms AP Latte 6Ct Case ,Instant,inferred,,yes,4.0,61,1.717,6.867,35.5,0.592,8.9,
2026-06-23,2026-06,AMS,machine(Amy),Air clean out,Air Clean out of Machine (no testing necessary),Bag/Other,inferred,,,4.0,0,0.417,1.667,,,,
2026-06-23,2026-06,AMS,machine(Amy),Air clean out,Air Clean out of Machine (no testing necessary),Bag/Other,inferred,,,4.0,0,0.367,1.467,,,,
2026-06-23,2026-06,Assembly,,40001,Herbal Tea Sampler Box - 6 Count Case,Sampler,inferred,,yes,1.0,59,5.0,5.0,11.8,0.197,11.8,
2026-06-23,2026-06,Assembly,,42111,ORG French Vanilla 25CT Tea Bag - G,Tea,governed,high,yes,1.0,22,1.25,1.25,17.6,0.293,17.6,
2026-06-23,2026-06,Assembly,,42121,ORG Chocolate Raspberry 25CT Tea Bag - G,Tea,governed,high,yes,1.0,45,3.667,3.667,12.3,0.205,12.3,
2026-06-23,2026-06,Assembly,,50096,Top Six Packet Sampler pack,Sampler,inferred,,yes,1.0,103,5.0,5.0,20.6,0.343,20.6,
2026-06-23,2026-06,Assembly,,80083,ORG Mocha 11OZ Bag 3PK  - GA,Bag/Other,inferred,,yes,1.0,32,0.517,0.517,61.9,1.032,61.9,
2026-06-23,2026-06,Maisa 2+3,,47010,75147 TJ ORG Roasted Herbal Cofee (12 Pack) - G,Tea,inferred,,yes,5.0,629,10.083,50.417,62.4,1.04,12.5,
2026-06-23,2026-06,WeighRight,,Go to amy,,Bag/Other,inferred,,,3.0,0,10.0,30.0,,,,
2026-06-24,2026-06,AMS,machine(Amy),30008L,ORG Instant French Roast 100g Bag - G,Instant,governed,high,yes,4.0,612,1.783,7.133,343.2,5.72,85.8,
2026-06-24,2026-06,AMS,machine(Amy),31007,ORG Instant Miraculous Mushrooms AP Latte 6Ct Case ,Instant,inferred,,yes,4.0,130,2.533,10.133,51.3,0.855,12.8,
2026-06-24,2026-06,AMS,machine(Amy),31014,ORG Instant Miraculous Mushroom Matcha Latte 6Ct Case,Instant,inferred,,yes,4.0,189,4.9,19.6,38.6,0.643,9.6,
2026-06-24,2026-06,AMS,machine(Amy),Air clean out,Air Clean out of Machine (no testing necessary),Bag/Other,inferred,,,4.0,0,0.417,1.667,,,,
2026-06-24,2026-06,AMS,machine(Amy),Air clean out,Air Clean out of Machine (no testing necessary),Bag/Other,inferred,,,4.0,0,0.383,1.533,,,,
2026-06-24,2026-06,AMS,machine(Amy),Air clean out,Air Clean out of Machine (no testing necessary),Bag/Other,inferred,,,4.0,0,0.35,1.4,,,,
2026-06-24,2026-06,Assembly,,40001,Herbal Tea Sampler Box - 6 Count Case,Sampler,inferred,,yes,1.0,56,5.0,5.0,11.2,0.187,11.2,
2026-06-24,2026-06,Assembly,,42111,ORG French Vanilla 25CT Tea Bag - G,Tea,governed,high,yes,1.0,114,5.0,5.0,22.8,0.38,22.8,
2026-06-24,2026-06,Assembly,,50096,Top Six Packet Sampler pack,Sampler,inferred,,yes,1.0,37,4.5,4.5,8.2,0.137,8.2,
2026-06-24,2026-06,Maisa 2+3,,43310,ORG Dandelion Mocha Mint 10CT Tea Bag - A,Tea,inferred,,yes,5.0,2466,6.083,30.417,405.4,6.756,81.1,
2026-06-24,2026-06,Maisa 2+3,,47010,75147 TJ ORG Roasted Herbal Cofee (12 Pack) - G,Tea,inferred,,yes,5.0,254,3.617,18.083,70.2,1.171,14.0,
2026-06-24,2026-06,Maisa 2+3,,CleanG,Clean + Gluten Test,Tea,inferred,,,5.0,0,0.4,2.0,,,,
2026-06-24,2026-06,Maisa 2+3,,TB331,ORG Dandelion Mocha Mint Tea Bag - A,Tea bag (intermediate),item-code,,yes,4.0,12000,1.75,7.0,6857.1,114.286,1714.3,
2026-06-24,2026-06,WeighRight,,Go to amy,,Bag/Other,inferred,,,3.0,0,10.0,30.0,,,,
2026-06-25,2026-06,AMS,machine(Amy),10046L,"Organic Dandelion Root Powder, Medium Roast, 1 Lb Bag",Bag/Other,inferred,,yes,4.0,300,1.317,5.267,227.8,3.797,57.0,
2026-06-25,2026-06,AMS,machine(Amy),30014L,Organic Instant Chicory 8 Oz Bag,Instant,inferred,,yes,4.0,372,2.667,10.667,139.5,2.325,34.9,
2026-06-25,2026-06,AMS,unknown,Air clean out,Air Clean out of Machine (no testing necessary),Bag/Other,inferred,,,,0,0.867,,,,,
2026-06-25,2026-06,AMS,unknown,Air clean out,Air Clean out of Machine (no testing necessary),Bag/Other,inferred,,,,0,0.667,,,,,
2026-06-25,2026-06,Assembly,,40001,Herbal Tea Sampler Box - 6 Count Case,Sampler,inferred,,yes,1.0,13,5.0,5.0,2.6,0.043,2.6,
2026-06-25,2026-06,Assembly,,42111,ORG French Vanilla 25CT Tea Bag - G,Tea,governed,high,yes,1.0,172,5.0,5.0,34.4,0.573,34.4,
2026-06-25,2026-06,Assembly,,83220L,Dandelion Caramel Nut 10 Oz Bag/Box of 24 - A,Bag/Other,inferred,,yes,1.0,48,0.167,0.167,288.0,4.8,288.0,
2026-06-25,2026-06,Maisa 2+3,,43221,ORG Dandelion Caramel Nut 25CT Tea Bag - A,Tea,governed,high,yes,5.0,72,2.367,11.833,30.4,0.507,6.1,
2026-06-25,2026-06,Maisa 2+3,,43226,Dandelion Caramel Nut Tagless Tea Bag - 50 Ct - A,Tea,governed,high,yes,5.0,480,2.917,14.583,164.6,2.743,32.9,
2026-06-25,2026-06,Maisa 2+3,,43310,ORG Dandelion Mocha Mint 10CT Tea Bag - A,Tea,inferred,,yes,5.0,954,0.983,4.917,970.2,16.169,194.0,
2026-06-25,2026-06,Maisa 2+3,,43340,ORG Dandelion Coconut 10CT Tea Bag - A,Tea,inferred,,yes,5.0,3768,4.817,24.083,782.3,13.038,156.5,
2026-06-25,2026-06,Maisa 2+3,,Clean,Standard Clean,Tea,inferred,,,5.0,0,0.267,1.333,,,,
2026-06-25,2026-06,Maisa 2+3,,Clean,Standard Clean,Tea,inferred,,,5.0,0,0.483,2.417,,,,
2026-06-25,2026-06,WeighRight,,80010A,AMZN Org Vanilla Nut 11OZ Bag/Box of 24 - GA,Bag/Other,inferred,,yes,3.0,600,1.65,4.95,363.6,6.061,121.2,
2026-06-25,2026-06,WeighRight,,80010L,Org Vanilla Nut 11OZ Bag/Box of 24 - GA,Bag/Other,inferred,,yes,3.0,432,0.833,2.5,518.4,8.64,172.8,
2026-06-25,2026-06,WeighRight,,80110A,AMZN Org French Roast 11OZ Bag/Box of 24 - G,Bag/Other,inferred,,yes,3.0,120,0.383,1.15,313.0,5.217,104.3,
2026-06-25,2026-06,WeighRight,,Air Clean Out,Air Clean out of Machine (no testing necessary),Bag/Other,inferred,,,3.0,0,0.667,2.0,,,,
2026-06-25,2026-06,WeighRight,,CleanA,Clean + Allergen Tests,Bag/Other,inferred,,,3.0,0,0.8,2.4,,,,
2026-06-25,2026-06,WeighRight,,Go to amy,,Bag/Other,inferred,,,3.0,0,10.0,30.0,,,,
2026-06-29,2026-06,Assembly,,42111,ORG French Vanilla 25CT Tea Bag - G,Tea,governed,high,yes,1.0,172,5.167,5.167,33.3,0.555,33.3,
2026-06-29,2026-06,Assembly,,43001L,Dandelion Tea Sampler Box - Loose - G,Sampler,governed,high,yes,1.0,420,3.5,3.5,120.0,2.0,120.0,
2026-06-29,2026-06,Maisa 2+3,,43220,ORG Dandelion Caramel Nut 10ct/6pk Tea Bag - A,Tea,inferred,,yes,5.0,5022,6.8,34.0,738.5,12.309,147.7,
2026-06-29,2026-06,Maisa 2+3,,43221,ORG Dandelion Caramel Nut 25CT Tea Bag - A,Tea,governed,high,yes,5.0,1128,3.283,16.417,343.6,5.726,68.7,
2026-06-29,2026-06,WeighRight,,80110,ORG French Roast 11OZ Bag/6 Count Case - G,Bag/Other,inferred,,yes,3.0,327,4.783,14.35,68.4,1.139,22.8,
2026-06-29,2026-06,WeighRight,,80110A,AMZN Org French Roast 11OZ Bag/Box of 24 - G,Bag/Other,inferred,,yes,3.0,1320,3.117,9.35,423.5,7.059,141.2,
2026-06-29,2026-06,WeighRight,,80113,ORG French Roast 11OZ Bag 3PK - G,Bag/Other,inferred,,yes,3.0,176,0.533,1.6,330.0,5.5,110.0,
2026-06-30,2026-06,Assembly,,12251L,Holiday Tea Bag Sampler Box ,Sampler,inferred,,yes,1.0,144,1.817,1.817,79.3,1.321,79.3,
2026-06-30,2026-06,Assembly,,42099,Teeccino Herbal Tea Holiday Display,Bag/Other,inferred,,yes,1.0,1,0.583,0.583,1.7,0.029,1.7,
2026-06-30,2026-06,Assembly,,43001L,Dandelion Tea Sampler Box - Loose - G,Sampler,governed,high,yes,1.0,72,2.633,2.633,27.3,0.456,27.3,
2026-06-30,2026-06,Assembly,,46010L,ORG Dark Chocolate 10 Ct Tea Bag/36 Count Box,Tea,governed,high,yes,1.0,91,1.0,1.0,91.0,1.517,91.0,
2026-06-30,2026-06,Assembly,,80030,ORG Almond Amaretto 11OZ Bag/6 Count Case - GA,Bag/Other,inferred,,yes,1.0,12,1.117,1.117,10.7,0.179,10.7,
2026-06-30,2026-06,Assembly,,90001,Holiday Instant Gift Box,Bundle,governed,high,yes,1.0,20,1.167,1.167,17.1,0.286,17.1,
2026-06-30,2026-06,Maisa 1,,45070,ORG Miraculous Mushrooms AP 10Ct/6Pk Tea Bag,Tea,inferred,,,3.0,276,,,,,,
2026-06-30,2026-06,Maisa 1,,CleanGA,Clean + Gluten + Allergen Tests,Tea,inferred,,,,0,0.533,,,,,
2026-06-30,2026-06,Maisa 2+3,,43220,ORG Dandelion Caramel Nut 10ct/6pk Tea Bag - A,Tea,inferred,,yes,5.0,3258,4.333,21.667,751.8,12.531,150.4,
2026-06-30,2026-06,Maisa 2+3,,46011,ORG Dark Chocolate 25 Ct Tea Bag,Tea,governed,high,yes,5.0,672,4.65,23.25,144.5,2.409,28.9,
2026-06-30,2026-06,Maisa 2+3,,Cleana,Clean + Almond Test,Tea,inferred,,,5.0,0,1.083,5.417,,,,
2026-06-30,2026-06,WeighRight,,60110,ORG French Roast 5 Lb Bag - G,Bag/Other,inferred,,yes,3.0,64,0.5,1.5,128.0,2.133,42.7,
2026-06-30,2026-06,WeighRight,,80030,ORG Almond Amaretto 11OZ Bag/6 Count Case - GA,Bag/Other,inferred,,yes,3.0,80,12.867,38.6,6.2,0.104,2.1,
2026-06-30,2026-06,WeighRight,,80110,ORG French Roast 11OZ Bag/6 Count Case - G,Bag/Other,inferred,,yes,3.0,363,4.333,13.0,83.8,1.396,27.9,
2026-06-30,2026-06,WeighRight,,80110L,Org French Roast 11oz Bag/Box of 24 - G,Bag/Other,inferred,,yes,3.0,720,1.6,4.8,450.0,7.5,150.0,
2026-06-30,2026-06,WeighRight,,Air Clean Out,Air Clean out of Machine (no testing necessary),Bag/Other,inferred,,,3.0,0,0.65,1.95,,,,
2026-06-30,2026-06,WeighRight,,CleanA,Clean + Allergen Tests,Bag/Other,inferred,,,3.0,0,1.75,5.25,,,,
2026-07-01,2026-07,Assembly,,12251L,Holiday Tea Bag Sampler Box ,Sampler,inferred,,yes,1.0,360,5.0,5.0,72.0,1.2,72.0,
2026-07-01,2026-07,Assembly,,43001L,Dandelion Tea Sampler Box - Loose - G,Sampler,governed,high,yes,1.0,278,4.667,4.667,59.6,0.993,59.6,
2026-07-01,2026-07,Assembly,,46010L,ORG Dark Chocolate 10 Ct Tea Bag/36 Count Box,Tea,governed,high,yes,1.0,528,4.833,4.833,109.2,1.821,109.2,
2026-07-01,2026-07,Maisa 1,,43116,Dandelion DarkRoast Tagless Tea Bag - 50 Ct,Tea,governed,high,yes,3.0,470,4.067,12.2,115.6,1.926,38.5,
2026-07-01,2026-07,Maisa 1,,43116,Dandelion DarkRoast Tagless Tea Bag - 50 Ct,Tea,governed,high,yes,3.0,10,1.883,5.65,5.3,0.088,1.8,
2026-07-01,2026-07,Maisa 1,,45070,ORG Miraculous Mushrooms AP 10Ct/6Pk Tea Bag,Tea,inferred,,yes,3.0,2484,6.517,19.55,381.2,6.353,127.1,
2026-07-01,2026-07,Maisa 1,,Clean,Standard Clean,Tea,inferred,,,3.0,0,0.5,1.5,,,,
2026-07-01,2026-07,Maisa 2+3,,43110,ORG Dandelion Dark Roast 10ct/6pk Tea Bag,Tea,inferred,,yes,5.0,1062,4.25,21.25,249.9,4.165,50.0,
2026-07-01,2026-07,Maisa 2+3,,43110A,AMZN Org Dandelion Dark Roast 10 Ct Tea Bag Loose,Tea,inferred,,yes,5.0,360,1.667,8.333,216.0,3.6,43.2,
2026-07-01,2026-07,Maisa 2+3,,46011,ORG Dark Chocolate 25 Ct Tea Bag,Tea,governed,high,yes,5.0,432,3.567,17.833,121.1,2.019,24.2,
2026-07-01,2026-07,Maisa 2+3,,Clean,Standard Clean,Tea,inferred,,,5.0,0,0.6,3.0,,,,
2026-07-01,2026-07,WeighRight,,10042,ORG Burdock 1 Lb Bag,Bag/Other,inferred,,yes,3.0,1608,5.217,15.65,308.2,5.137,102.7,
2026-07-01,2026-07,WeighRight,,10051,ORG Roasted Chicory Root - 1 Lb Bag,Bag/Other,inferred,,yes,3.0,14,0.417,1.25,33.6,0.56,11.2,
2026-07-01,2026-07,WeighRight,,82110L,ORG French Vanilla 11OZ Bag/Box of 24 - G,Bag/Other,inferred,,yes,3.0,724,1.017,3.05,712.1,11.869,237.4,
2026-07-01,2026-07,WeighRight,,83116,Dandelion Dark Roast 500g APG Bag,APG,governed,high,yes,3.0,360,1.417,4.25,254.1,4.235,84.7,
2026-07-01,2026-07,WeighRight,,Air Clean Out,Air Clean out of Machine (no testing necessary),Bag/Other,inferred,,,3.0,0,12.667,38.0,,,,
2026-07-01,2026-07,WeighRight,,Air Clean Out,Air Clean out of Machine (no testing necessary),Bag/Other,inferred,,,3.0,0,0.117,0.35,,,,
2026-07-01,2026-07,WeighRight,,CleanG,Clean + Gluten Test,Bag/Other,inferred,,,3.0,0,0.567,1.7,,,,
2026-07-02,2026-07,AMS,handpack,10001A,Sage 2 Oz Bags AMZN,Bag/Other,inferred,,yes,1.0,140,4.433,4.433,31.6,0.526,31.6,
2026-07-02,2026-07,Assembly,,42099,Teeccino Herbal Tea Holiday Display,Bag/Other,inferred,,yes,1.0,6,1.633,1.633,3.7,0.061,3.7,
2026-07-02,2026-07,Assembly,,43001L,Dandelion Tea Sampler Box - Loose - G,Sampler,governed,high,yes,4.0,670,5.0,20.0,134.0,2.233,33.5,
2026-07-02,2026-07,Assembly,,46010L,ORG Dark Chocolate 10 Ct Tea Bag/36 Count Box,Tea,governed,high,yes,1.0,266,1.967,1.967,135.3,2.254,135.3,
2026-07-02,2026-07,Assembly,,49999,Teeccino Herbal Tea Shipper,Bag/Other,inferred,,yes,1.0,6,0.667,0.667,9.0,0.15,9.0,
2026-07-02,2026-07,Maisa 2+3,,43110,ORG Dandelion Dark Roast 10ct/6pk Tea Bag,Tea,inferred,,yes,5.0,3078,7.017,35.083,438.7,7.311,87.7,
2026-07-02,2026-07,Maisa 2+3,,45020,ORG Chaga Ashwagandha 10 Ct Tea Bag/6 Count Case,Tea,inferred,,yes,3.0,858,1.9,5.7,451.6,7.526,150.5,
2026-07-02,2026-07,Maisa 2+3,,Clean,Standard Clean,Tea,inferred,,,5.0,0,0.5,2.5,,,,
2026-07-02,2026-07,WeighRight,,10051,ORG Roasted Chicory Root - 1 Lb Bag,Bag/Other,inferred,,yes,3.0,186,5.767,17.3,32.3,0.538,10.8,
2026-07-02,2026-07,WeighRight,,62060,ORG Maple Pecan 5 Lb Bag - GA,Bag/Other,inferred,,yes,3.0,32,0.45,1.35,71.1,1.185,23.7,
2026-07-02,2026-07,WeighRight,,86010,ORG Dark Chocolate 10 Oz Bag/6 Count Case,Bag/Other,inferred,,yes,3.0,118,2.033,6.1,58.0,0.967,19.3,
2026-07-02,2026-07,WeighRight,,Air Clean Out,Air Clean out of Machine (no testing necessary),Bag/Other,inferred,,,3.0,0,2.867,8.6,,,,
2026-07-02,2026-07,WeighRight,,Air Clean Out,Air Clean out of Machine (no testing necessary),Bag/Other,inferred,,,3.0,0,0.783,2.35,,,,
2026-07-06,2026-07,AMS,handpack,10001A,Sage 2 Oz Bags AMZN,Bag/Other,inferred,,yes,3.0,580,4.717,14.15,123.0,2.049,41.0,
2026-07-06,2026-07,AMS,machine(Amy),10013,"ORG Hibisicus, 8 Oz Bag",Bag/Other,inferred,,yes,4.0,1416,4.667,18.667,303.4,5.057,75.9,
2026-07-06,2026-07,AMS,handpack,Air clean out,Air Clean out of Machine (no testing necessary),Bag/Other,inferred,,,3.0,0,0.8,2.4,,,,
2026-07-06,2026-07,Assembly,,40012,ORG Vanilla Nut Tea Bag Demo Tray - GA,Tea,inferred,,yes,1.0,12,1.483,1.483,8.1,0.135,8.1,
2026-07-06,2026-07,Assembly,,43222,ORG Dandelion Caramel Nut Tea Bag Demo Tray - A,Tea,inferred,,yes,1.0,6,0.733,0.733,8.2,0.136,8.2,
2026-07-06,2026-07,Assembly,,43340L,Org Dandelion Coconut 10 Ct Tea Bag Loose - A,Tea,governed,high,yes,1.0,190,4.667,4.667,40.7,0.679,40.7,
2026-07-06,2026-07,Assembly,,43342,ORG Dandelion Coconut Tea Bag Demo Tray - A,Tea,inferred,,yes,1.0,6,0.683,0.683,8.8,0.146,8.8,
2026-07-06,2026-07,Assembly,,43371,ORG Blueberry Vanilla 25-Ct Tea Bag,Tea,inferred,,yes,1.0,44,1.5,1.5,29.3,0.489,29.3,
2026-07-06,2026-07,Assembly,,45001L,Mushroom Adapt Tea Bag Sampler Box,Sampler,governed,high,yes,1.0,541,3.833,3.833,141.1,2.352,141.1,
2026-07-06,2026-07,Assembly,,46012,ORG Dark Chocolate Tea Bag Demo Tray,Tea,inferred,,yes,1.0,6,0.633,0.633,9.5,0.158,9.5,
2026-07-06,2026-07,Assembly,,50110,ORG French Roast 30g Trial Size Packet - G,Bag/Other,inferred,,yes,1.0,200,0.383,0.383,521.7,8.696,521.7,
2026-07-06,2026-07,Assembly,,TB507,ORG Miraculous Mushroom A&P Loose Tea Bag,Tea bag (intermediate),item-code,,yes,1.0,200,0.5,0.5,400.0,6.667,400.0,
2026-07-06,2026-07,Maisa 2+3,,45020,ORG Chaga Ashwagandha 10 Ct Tea Bag/6 Count Case,Tea,inferred,,yes,3.0,3282,10.367,31.1,316.6,5.277,105.5,
2026-07-06,2026-07,WeighRight,,50130,ORG MACA Chocolate 30g Trial Size Packet - G,Bag/Other,inferred,,yes,3.0,221,1.067,3.2,207.2,3.453,69.1,
2026-07-06,2026-07,WeighRight,,60130,ORG MACA Chocolate 5 Lb Bag - G,Bag/Other,inferred,,yes,3.0,12,0.133,0.4,90.0,1.5,30.0,
2026-07-06,2026-07,WeighRight,,66010,ORG Dark Chocolate 5 Lb Bag,Bag/Other,inferred,,yes,3.0,28,0.7,2.1,40.0,0.667,13.3,
2026-07-06,2026-07,WeighRight,,80130L,Org Maca Chocoate 11oz Bag/Box of 24 - G,Bag/Other,inferred,,yes,3.0,432,0.833,2.5,518.4,8.64,172.8,
2026-07-06,2026-07,WeighRight,,86010,ORG Dark Chocolate 10 Oz Bag/6 Count Case,Bag/Other,inferred,,yes,3.0,112,1.667,5.0,67.2,1.12,22.4,
2026-07-06,2026-07,WeighRight,,86010L,ORG Dark Chocolate 10 Oz Bag/Box of 24,Bag/Other,inferred,,yes,3.0,1200,4.85,14.55,247.4,4.124,82.5,
2026-07-06,2026-07,WeighRight,,Air Clean Out,Air Clean out of Machine (no testing necessary),Bag/Other,inferred,,,3.0,0,0.5,1.5,,,,
2026-07-07,2026-07,AMS,handpack,10013,"ORG Hibisicus, 8 Oz Bag",Bag/Other,inferred,,yes,3.0,24,0.067,0.2,360.0,6.0,120.0,
2026-07-07,2026-07,AMS,handpack,10044,AMZN- WWB-ORG Hibiscus - 1 Lb Bag,Bag/Other,inferred,,yes,3.0,360,1.45,4.35,248.3,4.138,82.8,
2026-07-07,2026-07,AMS,machine(Amy),10046L,"Organic Dandelion Root Powder, Medium Roast, 1 Lb Bag",Bag/Other,inferred,,yes,4.0,360,1.933,7.733,186.2,3.103,46.6,
2026-07-07,2026-07,AMS,handpack,30008L,ORG Instant French Roast 100g Bag - G,Instant,governed,high,yes,3.0,270,0.65,1.95,415.4,6.923,138.5,
2026-07-07,2026-07,AMS,machine(Amy),30012L,ORG GF Dandelion Blend 100g Bag,Bag/Other,inferred,,yes,4.0,618,2.917,11.667,211.9,3.531,53.0,
2026-07-07,2026-07,AMS,machine(Amy),Air clean out,Air Clean out of Machine (no testing necessary),Bag/Other,inferred,,,4.0,0,1.083,4.333,,,,
2026-07-07,2026-07,AMS,handpack,Air clean out,Air Clean out of Machine (no testing necessary),Bag/Other,inferred,,,3.0,0,0.883,2.65,,,,
2026-07-07,2026-07,AMS,machine(Amy),Different Tooling,1056,Bag/Other,inferred,,,4.0,0,0.983,3.933,,,,
2026-07-07,2026-07,Assembly,,43340L,Org Dandelion Coconut 10 Ct Tea Bag Loose - A,Tea,governed,high,yes,1.0,86,3.283,3.283,26.2,0.437,26.2,
2026-07-07,2026-07,Assembly,,43371,ORG Blueberry Vanilla 25-Ct Tea Bag,Tea,inferred,,yes,1.0,196,4.967,4.967,39.5,0.658,39.5,
2026-07-07,2026-07,Maisa 2+3,,47010,75147 TJ ORG Roasted Herbal Cofee (12 Pack) - G,Tea,inferred,,yes,3.0,253,9.667,29.0,26.2,0.436,8.7,
2026-07-07,2026-07,Maisa 2+3,,Clean,Standard Clean,Tea,inferred,,,3.0,0,0.417,1.25,,,,
2026-07-07,2026-07,WeighRight,,50130,ORG MACA Chocolate 30g Trial Size Packet - G,Bag/Other,inferred,,yes,3.0,859,1.583,4.75,542.5,9.042,180.8,
2026-07-07,2026-07,WeighRight,,60010,ORG Vanilla Nut 5 Lb Bag - GA,Bag/Other,inferred,,yes,3.0,48,0.267,0.8,180.0,3.0,60.0,
2026-07-07,2026-07,WeighRight,,60060,ORG Hazelnut 5 Lb Bag - GA,Bag/Other,inferred,,yes,3.0,52,0.383,1.15,135.7,2.261,45.2,
2026-07-07,2026-07,WeighRight,,80060,ORG Hazelnut 11OZ Bag/6 Count Case - GA,Bag/Other,inferred,,yes,3.0,230,3.217,9.65,71.5,1.192,23.8,
2026-07-07,2026-07,WeighRight,,82060L,ORG Maple Pecan 11OZ Bag/Box of 24 - GA,Bag/Other,inferred,,yes,3.0,672,1.9,5.7,353.7,5.895,117.9,
2026-07-07,2026-07,WeighRight,,83220L,Dandelion Caramel Nut 10 Oz Bag/Box of 24 - A,Bag/Other,inferred,,yes,3.0,360,0.667,2.0,540.0,9.0,180.0,
2026-07-07,2026-07,WeighRight,,Air Clean Out,Air Clean out of Machine (no testing necessary),Bag/Other,inferred,,,3.0,0,0.833,2.5,,,,
2026-07-07,2026-07,WeighRight,,Air Clean Out,Air Clean out of Machine (no testing necessary),Bag/Other,inferred,,,3.0,0,0.367,1.1,,,,
2026-07-07,2026-07,WeighRight,,Air Clean Out,Air Clean out of Machine (no testing necessary),Bag/Other,inferred,,,3.0,0,0.283,0.85,,,,
2026-07-07,2026-07,WeighRight,,CleanA,Clean + Allergen Tests,Bag/Other,inferred,,,3.0,0,0.5,1.5,,,,
2026-07-07,2026-07,WeighRight,,CleanA,Clean + Allergen Tests,Bag/Other,inferred,,,3.0,0,0.267,0.8,,,,
2026-07-08,2026-07,AMS,machine(Amy),30003,Instant Chicory - 8 Oz Bag,Instant,inferred,,yes,4.0,840,5.383,21.533,156.0,2.601,39.0,
2026-07-08,2026-07,AMS,handpack,30008L,ORG Instant French Roast 100g Bag - G,Instant,governed,high,yes,3.0,658,2.55,7.65,258.0,4.301,86.0,
2026-07-08,2026-07,AMS,handpack,CLEAN,Standard Clean,Bag/Other,inferred,,,3.0,0,1.417,4.25,,,,
2026-07-08,2026-07,AMS,machine(Amy),CleanG,Clean + Gluten Test,Bag/Other,inferred,,,4.0,0,1.033,4.133,,,,
2026-07-08,2026-07,Assembly,,12251,Holiday Tea Bag Sampler Box - 6 Count Case,Sampler,inferred,,yes,2.0,40,2.733,5.467,14.6,0.244,7.3,
2026-07-08,2026-07,Assembly,,45001L,Mushroom Adapt Tea Bag Sampler Box,Sampler,governed,high,yes,1.0,161,2.067,2.067,77.9,1.298,77.9,
2026-07-08,2026-07,Assembly,,GDB311,ORG Dandelion Dark Roast Packet Goody Bag,Bag/Other,inferred,,yes,1.0,180,1.05,1.05,171.4,2.857,171.4,
2026-07-08,2026-07,Assembly,,GDB502,ORG Chaga Ashwaganda Packet Goody Bag,Bag/Other,inferred,,yes,1.0,180,1.683,1.683,106.9,1.782,106.9,
2026-07-08,2026-07,Maisa 2+3,,47010,75147 TJ ORG Roasted Herbal Cofee (12 Pack) - G,Tea,inferred,,yes,3.0,324,10.083,30.25,32.1,0.536,10.7,
2026-07-08,2026-07,WeighRight,,60030,ORG Almond Amaretto 5 Lb Bag - GA,Bag/Other,inferred,,yes,3.0,40,0.283,0.85,141.2,2.353,47.1,
2026-07-08,2026-07,WeighRight,,60110,ORG French Roast 5 Lb Bag - G,Bag/Other,inferred,,yes,3.0,32,0.2,0.6,160.0,2.667,53.3,
2026-07-08,2026-07,WeighRight,,80030A,AMZN Org Almond Amaretto 11OZ Bag/Box of 24 - GA,Bag/Other,inferred,,yes,3.0,432,0.2,0.6,2160.0,36.0,720.0,
2026-07-08,2026-07,WeighRight,,80030L,ORG Almond Amaretto 11OZ Bag/Box of 24 - GA,Bag/Other,inferred,,yes,3.0,720,1.583,4.75,454.7,7.579,151.6,
2026-07-08,2026-07,WeighRight,,80033,ORG Almond Amaretto 11OZ Bag 3PK - GA,Bag/Other,inferred,,yes,3.0,160,0.95,2.85,168.4,2.807,56.1,
2026-07-08,2026-07,WeighRight,,80070L,Org Java 11OZ Bag/Box of 24 - GA,Bag/Other,inferred,,yes,3.0,24,0.083,0.25,288.0,4.8,96.0,
2026-07-08,2026-07,WeighRight,,80110A,AMZN Org French Roast 11OZ Bag/Box of 24 - G,Bag/Other,inferred,,yes,3.0,480,1.533,4.6,313.0,5.217,104.3,
2026-07-08,2026-07,WeighRight,,82130L,ORG Mexican Chocolate 11OZ Bag/Box of 24 - G,APG,governed,high,yes,3.0,717,1.35,4.05,531.1,8.852,177.0,
2026-07-08,2026-07,WeighRight,,85010L,ORG Reishi Eleuthero 10 Oz Bag/Box of 24 - G,APG,governed,high,yes,3.0,576,1.583,4.75,363.8,6.063,121.3,
2026-07-08,2026-07,WeighRight,,Air Clean Out,Air Clean out of Machine (no testing necessary),Bag/Other,inferred,,,3.0,0,0.233,0.7,,,,
2026-07-08,2026-07,WeighRight,,Air Clean Out,Air Clean out of Machine (no testing necessary),Bag/Other,inferred,,,3.0,0,0.2,0.6,,,,
2026-07-08,2026-07,WeighRight,,Air Clean Out,Air Clean out of Machine (no testing necessary),Bag/Other,inferred,,,3.0,0,0.35,1.05,,,,
2026-07-08,2026-07,WeighRight,,Air Clean Out,Air Clean out of Machine (no testing necessary),Bag/Other,inferred,,,3.0,0,1.233,3.7,,,,
2026-07-09,2026-07,AMS,machine(Amy),10013,"ORG Hibisicus, 8 Oz Bag",Bag/Other,inferred,,yes,4.0,1584,5.417,21.667,292.4,4.874,73.1,
2026-07-09,2026-07,AMS,machine(Amy),10028L,"Organic Cacao Nibs, 1 Lb Bag",Bag/Other,inferred,,yes,4.0,360,1.667,6.667,216.0,3.6,54.0,
2026-07-09,2026-07,AMS,handpack,10081A,AMZN - WWB - ORG Roasted Ramon Granules - 1 Lb,Bag/Other,inferred,,yes,3.0,237,1.133,3.4,209.1,3.485,69.7,
2026-07-09,2026-07,AMS,machine(Amy),Air clean out,Air Clean out of Machine (no testing necessary),Bag/Other,inferred,,,4.0,0,0.617,2.467,,,,
2026-07-09,2026-07,AMS,machine(Amy),Air clean out,Air Clean out of Machine (no testing necessary),Bag/Other,inferred,,,4.0,0,0.667,2.667,,,,
2026-07-09,2026-07,Maisa 2+3,,47010,75147 TJ ORG Roasted Herbal Cofee (12 Pack) - G,Tea,inferred,,yes,3.0,279,9.583,28.75,29.1,0.485,9.7,
2026-07-09,2026-07,WeighRight,,20081,ORG Mocha 300G Dual Language Bag - 6Ct Case - GA,Bag/Other,inferred,,yes,3.0,92,1.9,5.7,48.4,0.807,16.1,
2026-07-09,2026-07,WeighRight,,60070,ORG Java 5 Lb Bag - GA,Bag/Other,inferred,,yes,3.0,48,0.3,0.9,160.0,2.667,53.3,
2026-07-09,2026-07,WeighRight,,60080,ORG Mocha 5 Lb Bag - GA,Bag/Other,inferred,,yes,3.0,32,0.217,0.65,147.7,2.462,49.2,
2026-07-09,2026-07,WeighRight,,80070L,Org Java 11OZ Bag/Box of 24 - GA,Bag/Other,inferred,,yes,3.0,600,0.917,2.75,654.5,10.909,218.2,
2026-07-09,2026-07,WeighRight,,80080,ORG Mocha 11OZ Bag/6 Count Case - GA,Bag/Other,inferred,,yes,3.0,230,2.667,8.0,86.2,1.437,28.7,
2026-07-09,2026-07,WeighRight,,80080A,AMZN Org Mocha 11OZ Bag/Box of 24 - GA,Bag/Other,inferred,,yes,3.0,432,1.25,3.75,345.6,5.76,115.2,
2026-07-09,2026-07,WeighRight,,80083,ORG Mocha 11OZ Bag 3PK  - GA,Bag/Other,inferred,,yes,3.0,224,1.8,5.4,124.4,2.074,41.5,
2026-07-09,2026-07,WeighRight,,Air Clean Out,Air Clean out of Machine (no testing necessary),Bag/Other,inferred,,,3.0,0,0.2,0.6,,,,
2026-07-13,2026-07,AMS,machine(Amy),10006A,WWB AMZN Organic Lemon Balm (6 Oz) ,Bag/Other,inferred,,yes,4.0,540,4.033,16.133,133.9,2.231,33.5,
2026-07-13,2026-07,AMS,handpack,10013,"ORG Hibisicus, 8 Oz Bag",Bag/Other,inferred,,yes,3.0,576,1.9,5.7,303.2,5.053,101.1,
2026-07-13,2026-07,AMS,machine(Amy),10044,AMZN- WWB-ORG Hibiscus - 1 Lb Bag,Bag/Other,inferred,,yes,4.0,537,3.367,13.467,159.5,2.658,39.9,
2026-07-13,2026-07,AMS,machine(Amy),Air clean out,Air Clean out of Machine (no testing necessary),Bag/Other,inferred,,,4.0,0,0.8,3.2,,,,
2026-07-13,2026-07,Assembly,,29002,ORG FR/HZ/VN 300g Variety Pack,Bundle,inferred,,yes,1.0,48,0.667,0.667,72.0,1.2,72.0,
2026-07-13,2026-07,Assembly,,89002,HZ/JV/MO 11 Oz Variety Pack,Bundle,inferred,,yes,1.0,192,4.833,4.833,39.7,0.662,39.7,
2026-07-13,2026-07,Assembly,,TGB060,ORG Hazelnut Tea Bag Goody Bag - GA,Tea,inferred,,yes,1.0,350,2.5,2.5,140.0,2.333,140.0,
2026-07-13,2026-07,Assembly,,TGB601,ORG Dark Chocolate Tea Bag Goody Bag,Tea,inferred,,yes,1.0,500,1.0,1.0,500.0,8.333,500.0,
2026-07-13,2026-07,Maisa 2+3,,47010,75147 TJ ORG Roasted Herbal Cofee (12 Pack) - G,Tea,inferred,,yes,3.0,317,10.067,30.2,31.5,0.525,10.5,
2026-07-13,2026-07,WeighRight,,63110,ORG Dandelion Dark Roast 5 Lb Bag,APG,governed,high,yes,3.0,40,0.45,1.35,88.9,1.481,29.6,
2026-07-13,2026-07,WeighRight,,80080L,Org Mocha 11OZ Bag/Box of 24 - GA,Bag/Other,inferred,,yes,3.0,624,1.217,3.65,512.9,8.548,171.0,
2026-07-13,2026-07,WeighRight,,83110L,ORG Dandelion Dark Roast 10 oz Bag/Box of 24,APG,governed,high,yes,3.0,1056,3.3,9.9,320.0,5.333,106.7,
2026-07-13,2026-07,WeighRight,,85070L,ORG Miraculous Mushrooms 10oz Bag/Box of 24,Bag/Other,inferred,,yes,3.0,978,3.25,9.75,300.9,5.015,100.3,
2026-07-13,2026-07,WeighRight,,Air Clean Out,Air Clean out of Machine (no testing necessary),Bag/Other,inferred,,,3.0,0,0.433,1.3,,,,
2026-07-13,2026-07,WeighRight,,CleanGA,Clean + Gluten + Allergen Tests,Bag/Other,inferred,,,3.0,0,1.233,3.7,,,,
2026-07-14,2026-07,AMS,machine(Amy),10006A,WWB AMZN Organic Lemon Balm (6 Oz) ,Bag/Other,inferred,,yes,4.0,1470,7.917,31.667,185.7,3.095,46.4,
2026-07-14,2026-07,AMS,handpack,10012,"ORG Lemon Grass, 7 Oz Bag",Bag/Other,inferred,,yes,3.0,300,1.767,5.3,169.8,2.83,56.6,
2026-07-14,2026-07,AMS,machine(Amy),Air clean out,Air Clean out of Machine (no testing necessary),Bag/Other,inferred,,,4.0,0,0.383,1.533,,,,
2026-07-14,2026-07,Assembly,,40061F,ORG Hazelnut DL 25CT Tea Bag AMZN (24pk) - GA,Tea,inferred,,yes,1.0,85,3.833,3.833,22.2,0.37,22.2,
2026-07-14,2026-07,Assembly,,89002,HZ/JV/MO 11 Oz Variety Pack,Bundle,inferred,,yes,1.0,48,1.15,1.15,41.7,0.696,41.7,
2026-07-14,2026-07,Assembly,,TGB010,ORG Vanilla Nut Tea Bag Goody Bag - GA,Tea,inferred,,yes,1.0,500,1.833,1.833,272.7,4.545,272.7,
2026-07-14,2026-07,Assembly,,TGB060,ORG Hazelnut Tea Bag Goody Bag - GA,Tea,inferred,,yes,1.0,150,0.867,0.867,173.1,2.885,173.1,
2026-07-14,2026-07,Assembly,,TGB110,ORG French Roast Tea Bag Goody Bag - G,Tea,inferred,,yes,1.0,500,1.033,1.033,483.9,8.065,483.9,
2026-07-14,2026-07,Maisa 2+3,,40071,ORG Java 25CT Tea Bag - GA,Tea,governed,high,yes,3.0,144,1.45,4.35,99.3,1.655,33.1,
2026-07-14,2026-07,Maisa 2+3,,47010,75147 TJ ORG Roasted Herbal Cofee (12 Pack) - G,Tea,inferred,,yes,3.0,207,7.717,23.15,26.8,0.447,8.9,
2026-07-14,2026-07,Maisa 2+3,,Clean,Standard Clean,Tea,inferred,,,3.0,0,0.817,2.45,,,,
2026-07-14,2026-07,WeighRight,,65020,ORG Chaga Ashwagandha 5 Lb Bag,Bag/Other,inferred,,yes,3.0,24,0.667,2.0,36.0,0.6,12.0,
2026-07-14,2026-07,WeighRight,,80010,ORG Vanilla Nut 11oz Bag/6 Count Case - GA,Bag/Other,inferred,,yes,3.0,230,3.2,9.6,71.9,1.198,24.0,
2026-07-14,2026-07,WeighRight,,80016,Vanilla Nut 500g APG Bag - GA,APG,inferred,,yes,3.0,432,1.5,4.5,288.0,4.8,96.0,
2026-07-14,2026-07,WeighRight,,83110L,ORG Dandelion Dark Roast 10 oz Bag/Box of 24,APG,governed,high,yes,3.0,384,0.767,2.3,500.9,8.348,167.0,
2026-07-14,2026-07,WeighRight,,85020L,ORG Chaga Ashwagandha 10 Oz Bag/Box of 24,Bag/Other,inferred,,yes,3.0,720,1.95,5.85,369.2,6.154,123.1,
2026-07-14,2026-07,WeighRight,,Air Clean Out,Air Clean out of Machine (no testing necessary),Bag/Other,inferred,,,3.0,0,0.317,0.95,,,,
2026-07-14,2026-07,WeighRight,,Air Clean Out,Air Clean out of Machine (no testing necessary),Bag/Other,inferred,,,3.0,0,0.583,1.75,,,,
2026-07-14,2026-07,WeighRight,,CLEANGA,Clean + Gluten + Allergen Tests,Bag/Other,inferred,,,3.0,0,0.5,1.5,,,,
2026-07-15,2026-07,AMS,handpack,10012,"ORG Lemon Grass, 7 Oz Bag",Bag/Other,inferred,,yes,3.0,1230,10.25,30.75,120.0,2.0,40.0,
2026-07-15,2026-07,Maisa 2+3,,40071,ORG Java 25CT Tea Bag - GA,Tea,governed,high,yes,3.0,559,9.633,28.9,58.0,0.967,19.3,
2026-07-15,2026-07,Maisa 2+3,,40071,ORG Java 25CT Tea Bag - GA,Tea,governed,high,yes,3.0,559,1.45,4.35,385.5,6.425,128.5,
2026-07-15,2026-07,WeighRight,,10031,Roasted Chicory Root - 1 Lb Bag,Bag/Other,inferred,,yes,3.0,1920,6.75,20.25,284.4,4.741,94.8,
2026-07-15,2026-07,WeighRight,,10059A,AMZN ORG French Chicory 2 X 1 Lb Bag,Bag/Other,inferred,,yes,3.0,600,2.617,7.85,229.3,3.822,76.4,
2026-07-15,2026-07,WeighRight,,Air Clean Out,Air Clean out of Machine (no testing necessary),Bag/Other,inferred,,,3.0,0,0.333,1.0,,,,
2026-07-16,2026-07,AMS,machine(Amy),10008,"Org Rooibos, 8 Oz Bag",Bag/Other,inferred,,yes,4.0,840,2.6,10.4,323.1,5.385,80.8,
2026-07-16,2026-07,AMS,machine(Amy),10008,"Org Rooibos, 8 Oz Bag",Bag/Other,inferred,,,4.0,0,,,,,,
2026-07-16,2026-07,AMS,machine(Amy),10012,"ORG Lemon Grass, 7 Oz Bag",Bag/Other,inferred,,yes,4.0,570,1.483,5.933,384.3,6.404,96.1,
2026-07-16,2026-07,AMS,machine(Amy),10045,AMZN- WWB-ORG Rooibos - 1 Lb Bag,Bag/Other,inferred,,yes,4.0,450,2.183,8.733,206.1,3.435,51.5,
2026-07-16,2026-07,AMS,machine(Amy),30014L,Organic Instant Chicory 8 Oz Bag,Instant,inferred,,yes,4.0,528,2.983,11.933,177.0,2.95,44.2,
2026-07-16,2026-07,AMS,machine(Amy),Air clean out,Air Clean out of Machine (no testing necessary),Bag/Other,inferred,,,4.0,0,0.35,1.4,,,,
2026-07-16,2026-07,AMS,machine(Amy),Air clean out,Air Clean out of Machine (no testing necessary),Bag/Other,inferred,,,4.0,0,0.35,1.4,,,,
2026-07-16,2026-07,AMS,machine(Amy),Different Tooling,1056,Bag/Other,inferred,,,4.0,0,0.417,1.667,,,,
2026-07-16,2026-07,AMS,machine(Amy),Different Tooling,1056,Bag/Other,inferred,,,4.0,0,12.167,48.667,,,,
2026-07-16,2026-07,Assembly,,40061F,ORG Hazelnut DL 25CT Tea Bag AMZN (24pk) - GA,Tea,inferred,,yes,1.0,35,1.7,1.7,20.6,0.343,20.6,
2026-07-16,2026-07,Assembly,,40061F,ORG Hazelnut DL 25CT Tea Bag AMZN (24pk) - GA,Tea,inferred,,,1.0,35,,,,,,
2026-07-16,2026-07,Assembly,,43221F,ORG Dandelion Caramel Nut DL 25CT Tea Bag AMZN (24pk) - A,Tea,inferred,,yes,1.0,120,4.267,4.267,28.1,0.469,28.1,
2026-07-16,2026-07,Assembly,,43221F,ORG Dandelion Caramel Nut DL 25CT Tea Bag AMZN (24pk) - A,Tea,inferred,,,1.0,0,,,,,,
2026-07-16,2026-07,Assembly,,45001L,Mushroom Adapt Tea Bag Sampler Box,Sampler,governed,high,,1.0,0,15.25,15.25,,,,
2026-07-16,2026-07,Assembly,,TGB502,Chaga Ashwaganda Tea Goody Bag,Bag/Other,inferred,,yes,1.0,500,1.65,1.65,303.0,5.051,303.0,
2026-07-16,2026-07,Maisa 2+3,,40110,ORG French Roast 10 Count Tea Bag - G,Tea,inferred,,yes,3.0,1932,5.233,15.7,369.2,6.153,123.1,
2026-07-16,2026-07,Maisa 2+3,,CleanA,Clean + Allergen Tests,Tea,inferred,,,3.0,0,0.433,1.3,,,,
2026-07-16,2026-07,Maisa 2+3,,TB110,ORG French Roast Tea Bag Loose - G,Tea bag (intermediate),item-code,,yes,3.0,18000,4.533,13.6,3970.6,66.176,1323.5,
2026-07-16,2026-07,WeighRight,,10031,Roasted Chicory Root - 1 Lb Bag,Bag/Other,inferred,,yes,3.0,2280,5.7,17.1,400.0,6.667,133.3,
2026-07-16,2026-07,WeighRight,,80113,ORG French Roast 11OZ Bag 3PK - G,Bag/Other,inferred,,yes,3.0,384,3.633,10.9,105.7,1.761,35.2,
2026-07-16,2026-07,WeighRight,,Air Clean Out,Air Clean out of Machine (no testing necessary),Bag/Other,inferred,,,3.0,0,0.933,2.8,,,,
2026-07-20,2026-07,Assembly,,43001L,Dandelion Tea Sampler Box - Loose - G,Sampler,governed,high,yes,2.0,560,4.833,9.667,115.9,1.931,57.9,
2026-07-20,2026-07,Assembly,,45001L,Mushroom Adapt Tea Bag Sampler Box,Sampler,governed,high,yes,2.0,712,10.133,20.267,70.3,1.171,35.1,
2026-07-20,2026-07,Assembly,,65010,ORG Reishi Eleuthero 5 Lb Bag - G,APG,governed,high,yes,1.0,8,0.583,0.583,13.7,0.229,13.7,
2026-07-20,2026-07,Assembly,,insert01,Mailer Insert for Healthcare Practitioner Insert,Bag/Other,inferred,,yes,1.0,30,1.467,1.467,20.5,0.341,20.5,
2026-07-21,2026-07,Assembly,,43001L,Dandelion Tea Sampler Box - Loose - G,Sampler,governed,high,yes,1.0,350,1.833,1.833,190.9,3.182,190.9,
2026-07-21,2026-07,Assembly,,45001L,Mushroom Adapt Tea Bag Sampler Box,Sampler,governed,high,yes,1.0,458,8.167,8.167,56.1,0.935,56.1,
2026-07-21,2026-07,Assembly,,insert01,Mailer Insert for Healthcare Practitioner Insert,Bag/Other,inferred,,yes,1.0,210,5.0,5.0,42.0,0.7,42.0,
2026-07-22,2026-07,Assembly,,43001L,Dandelion Tea Sampler Box - Loose - G,Sampler,governed,high,yes,1.0,480,10.25,10.25,46.8,0.78,46.8,
2026-07-22,2026-07,Assembly,,43220F,Dandelion Caramel Nut Dual Language 10 cnt TB - A,Tea,inferred,,yes,1.0,54,4.867,4.867,11.1,0.185,11.1,
2026-07-22,2026-07,Assembly,,50098,Free Teeccino Herbal Coffee Sampler,Sampler,inferred,,yes,1.0,90,0.617,0.617,145.9,2.432,145.9,
2026-07-22,2026-07,Assembly,,insert01,Mailer Insert for Healthcare Practitioner Insert,Bag/Other,inferred,,yes,1.0,212,4.867,4.867,43.6,0.726,43.6,
2026-07-23,2026-07,Assembly,,43001L,Dandelion Tea Sampler Box - Loose - G,Sampler,governed,high,yes,1.0,390,8.317,8.317,46.9,0.782,46.9,
2026-07-23,2026-07,Assembly,,43220F,Dandelion Caramel Nut Dual Language 10 cnt TB - A,Tea,inferred,,yes,1.0,41,4.5,4.5,9.1,0.152,9.1,
2026-07-23,2026-07,Assembly,,43220F,Dandelion Caramel Nut Dual Language 10 cnt TB - A,Tea,inferred,,,1.0,0,,,,,,
2026-07-23,2026-07,Assembly,,49999,Teeccino Herbal Tea Shipper,Bag/Other,inferred,,yes,1.0,2,0.267,0.267,7.5,0.125,7.5,
2026-07-23,2026-07,Assembly,,insert01,Mailer Insert for Healthcare Practitioner Insert,Bag/Other,inferred,,yes,1.0,208,4.5,4.5,46.2,0.77,46.2,
2026-07-23,2026-07,Assembly,,insert01,Mailer Insert for Healthcare Practitioner Insert,Bag/Other,inferred,,,1.0,0,,,,,,
2026-07-27,2026-07,Assembly,,30010L,ORG Instant Hazelnut 100g Bag - G,Instant,governed,high,yes,1.0,120,0.45,0.45,266.7,4.444,266.7,
2026-07-27,2026-07,Assembly,,30010L,ORG Instant Hazelnut 100g Bag - G,Instant,governed,high,,1.0,120,,,,,,
2026-07-27,2026-07,Assembly,,43001L,Dandelion Tea Sampler Box - Loose - G,Sampler,governed,high,yes,1.0,128,4.833,4.833,26.5,0.441,26.5,
2026-07-27,2026-07,Assembly,,43220F,Dandelion Caramel Nut Dual Language 10 cnt TB - A,Tea,inferred,,yes,2.0,25,0.8,1.6,31.2,0.521,15.6,
2026-07-27,2026-07,Maisa 2+3,,40116,French Roast Tagless Tea Bag - 50 Ct - G,Tea,governed,high,yes,5.0,432,3.55,17.75,121.7,2.028,24.3,
2026-07-27,2026-07,Maisa 2+3,,40130,ORG Maca Chocolate 10ct/6pk Tea Bag - G,Tea,inferred,,yes,5.0,1470,1.45,7.25,1013.8,16.897,202.8,
2026-07-27,2026-07,Maisa 2+3,,40130,ORG Maca Chocolate 10ct/6pk Tea Bag - G,Tea,inferred,,,5.0,0,,,,,,
2026-07-27,2026-07,Maisa 2+3,,45030,ORG Lion's Mane Rhodiola 10 Ct Tea Bag/6 Count Case - G,Tea,inferred,,yes,5.0,2760,3.317,16.583,832.2,13.869,166.4,
2026-07-27,2026-07,Maisa 2+3,,Clean,Standard Clean,Tea,inferred,,,5.0,0,0.433,2.167,,,,
2026-07-27,2026-07,Maisa 2+3,,Clean,Standard Clean,Tea,inferred,,,5.0,0,0.633,3.167,,,,
2026-07-27,2026-07,Maisa 2+3,,TB503,ORG Lion's Mane Rhodiola Loose Tea Bag - G,Tea bag (intermediate),item-code,,yes,4.0,4000,0.583,2.333,6857.1,114.286,1714.3,
2026-07-27,2026-07,WeighRight,,80110A,AMZN Org French Roast 11OZ Bag/Box of 24 - G,Bag/Other,inferred,,yes,3.0,1008,2.483,7.45,405.9,6.765,135.3,
2026-07-27,2026-07,WeighRight,,80110L,Org French Roast 11oz Bag/Box of 24 - G,Bag/Other,inferred,,yes,3.0,1200,2.717,8.15,441.7,7.362,147.2,
2026-07-27,2026-07,WeighRight,,80116A,French Roast 500g APG Bag - G,APG,inferred,,,3.0,0,10.8,32.4,,,,
2026-07-27,2026-07,WeighRight,,80116A,French Roast 500g APG Bag - G,APG,inferred,,yes,3.0,432,1.567,4.7,275.7,4.596,91.9,
2026-07-27,2026-07,WeighRight,,85020,ORG Chaga Ashwagandha 10 Oz Bag/6 Count Case,Bag/Other,inferred,,yes,3.0,1,0.05,0.15,20.0,0.333,6.7,
2026-07-27,2026-07,WeighRight,,85020,ORG Chaga Ashwagandha 10 Oz Bag/6 Count Case,Bag/Other,inferred,,,3.0,0,,,,,,
2026-07-27,2026-07,WeighRight,,CleanG,Clean + Gluten Test,Bag/Other,inferred,,,3.0,0,0.383,1.15,,,,
2026-07-27,2026-07,WeighRight,,CleanG,Clean + Gluten Test,Bag/Other,inferred,,,3.0,0,,,,,,
2026-07-28,2026-07,Assembly,,12251,Holiday Tea Bag Sampler Box - 6 Count Case,Sampler,inferred,,yes,1.0,50,7.217,7.217,6.9,0.115,6.9,
2026-07-28,2026-07,Assembly,,insert01,Mailer Insert for Healthcare Practitioner Insert,Bag/Other,inferred,,yes,1.0,98,3.383,3.383,29.0,0.483,29.0,
2026-07-28,2026-07,Maisa 1,,48004,WWB ORG French Chicory 25ct Tea Bag,Tea,inferred,,yes,3.0,692,5.05,15.15,137.0,2.284,45.7,
2026-07-28,2026-07,Maisa 1,,CleanG,Clean + Gluten Test,Tea,inferred,,,3.0,0,0.383,1.15,,,,
2026-07-28,2026-07,Maisa 1,,TB207,ORG Candy Cane Tea Bag - G,Tea bag (intermediate),item-code,,yes,3.0,2000,0.45,1.35,4444.4,74.074,1481.5,
2026-07-28,2026-07,Maisa 2+3,,40016,Vanilla Nut Tagless Tea Bag - 50 Ct - GA,Tea,governed,high,yes,5.0,540,2.6,13.0,207.7,3.462,41.5,
2026-07-28,2026-07,Maisa 2+3,,40130,ORG Maca Chocolate 10ct/6pk Tea Bag - G,Tea,inferred,,yes,5.0,1290,1.6,8.0,806.3,13.438,161.3,
2026-07-28,2026-07,Maisa 2+3,,43110,ORG Dandelion Dark Roast 10ct/6pk Tea Bag,Tea,inferred,,yes,3.0,1986,4.85,14.55,409.5,6.825,136.5,
2026-07-28,2026-07,Maisa 2+3,,43111,ORG Dandelion Dark Roast 25CT Tea Bag,Tea,governed,high,,5.0,0,,,,,,
2026-07-28,2026-07,Maisa 2+3,,Clean,Standard Clean,Tea,inferred,,,5.0,0,0.467,2.333,,,,
2026-07-28,2026-07,Maisa 2+3,,CleanGA,Clean + Gluten + Allergen Tests,Tea,inferred,,,5.0,0,0.5,2.5,,,,
2026-07-28,2026-07,WeighRight,,20061,ORG Hazelnut 300G Dual Language Bag - 6Ct Case - GA,Bag/Other,inferred,,yes,3.0,120,1.5,4.5,80.0,1.333,26.7,
2026-07-28,2026-07,WeighRight,,63220,ORG Dandelion Caramel Nut 5 Lb Bag - A,Bag/Other,inferred,,yes,3.0,28,0.3,0.9,93.3,1.556,31.1,
2026-07-28,2026-07,WeighRight,,80060,ORG Hazelnut 11OZ Bag/6 Count Case - GA,Bag/Other,inferred,,yes,3.0,167,2.467,7.4,67.7,1.128,22.6,
2026-07-28,2026-07,WeighRight,,80089L,ORG Raspberry Mocha 11OZ Bag/Box of 24 - GA,APG,governed,high,yes,3.0,478,1.15,3.45,415.7,6.928,138.6,
2026-07-28,2026-07,WeighRight,,85020,ORG Chaga Ashwagandha 10 Oz Bag/6 Count Case,Bag/Other,inferred,,yes,3.0,230,3.65,10.95,63.0,1.05,21.0,
2026-07-28,2026-07,WeighRight,,Air Clean Out,Air Clean out of Machine (no testing necessary),Bag/Other,inferred,,,3.0,0,0.417,1.25,,,,
2026-07-28,2026-07,WeighRight,,Air Clean Out,Air Clean out of Machine (no testing necessary),Bag/Other,inferred,,,3.0,0,0.267,0.8,,,,
2026-07-28,2026-07,WeighRight,,Air Clean Out,Air Clean out of Machine (no testing necessary),Bag/Other,inferred,,,3.0,0,0.383,1.15,,,,
2026-07-29,2026-07,Assembly,,45001,Mushroom Adaptogen TB Sampler Box - 6 Count Case - G,Sampler,inferred,,,1.0,0,6.8,6.8,,,,
2026-07-29,2026-07,Assembly,,insert01,Mailer Insert for Healthcare Practitioner Insert,Bag/Other,inferred,,yes,2.0,301,2.667,5.333,112.9,1.881,56.4,
2026-07-29,2026-07,Maisa 1,,Clean,Standard Clean,Tea,inferred,,,3.0,0,0.5,1.5,,,,
2026-07-29,2026-07,Maisa 2+3,,43110,ORG Dandelion Dark Roast 10ct/6pk Tea Bag,Tea,inferred,,yes,5.0,774,0.933,4.667,829.3,13.821,165.9,
2026-07-29,2026-07,Maisa 2+3,,43111,ORG Dandelion Dark Roast 25CT Tea Bag,Tea,governed,high,yes,5.0,1200,3.567,17.833,336.4,5.607,67.3,
2026-07-29,2026-07,Maisa 2+3,,45020,ORG Chaga Ashwagandha 10 Ct Tea Bag/6 Count Case,Tea,inferred,,yes,5.0,360,1.2,6.0,300.0,5.0,60.0,
2026-07-29,2026-07,Maisa 2+3,,45020,ORG Chaga Ashwagandha 10 Ct Tea Bag/6 Count Case,Tea,inferred,,,5.0,0,,,,,,
2026-07-29,2026-07,Maisa 2+3,,45070,ORG Miraculous Mushrooms AP 10Ct/6Pk Tea Bag,Tea,inferred,,yes,5.0,2760,3.433,17.167,803.9,13.398,160.8,
2026-07-29,2026-07,Maisa 2+3,,CLeanG,Clean + Gluten Test,Tea,inferred,,,5.0,0,0.4,2.0,,,,
2026-07-29,2026-07,Maisa 2+3,,Clean,Standard Clean,Tea,inferred,,,5.0,0,0.5,2.5,,,,
2026-07-29,2026-07,WeighRight,,60070,ORG Java 5 Lb Bag - GA,Bag/Other,inferred,,yes,3.0,28,0.233,0.7,120.0,2.0,40.0,
2026-07-29,2026-07,WeighRight,,60130,ORG MACA Chocolate 5 Lb Bag - G,Bag/Other,inferred,,yes,3.0,28,0.317,0.95,88.4,1.474,29.5,
2026-07-29,2026-07,WeighRight,,65010,ORG Reishi Eleuthero 5 Lb Bag - G,APG,governed,high,yes,3.0,32,0.267,0.8,120.0,2.0,40.0,
2026-07-29,2026-07,WeighRight,,80060,ORG Hazelnut 11OZ Bag/6 Count Case - GA,Bag/Other,inferred,,yes,3.0,300,3.217,9.65,93.3,1.554,31.1,
2026-07-29,2026-07,WeighRight,,80060L,Org Hazelnut 11OZ Bag/Box of 24 - GA,Bag/Other,inferred,,yes,3.0,1200,1.617,4.85,742.3,12.371,247.4,
2026-07-29,2026-07,WeighRight,,80070,ORG Java 11OZ Bag/6 Count Case - GA,Bag/Other,inferred,,yes,3.0,80,0.883,2.65,90.6,1.509,30.2,
2026-07-29,2026-07,WeighRight,,80070A,AMZN Org Java 11OZ Bag/Box of 24 - GA,Bag/Other,inferred,,yes,3.0,432,0.833,2.5,518.4,8.64,172.8,
2026-07-29,2026-07,WeighRight,,80130L,Org Maca Chocoate 11oz Bag/Box of 24 - G,Bag/Other,inferred,,yes,3.0,432,1.017,3.05,424.9,7.082,141.6,
2026-07-29,2026-07,WeighRight,,Air Clean Out,Air Clean out of Machine (no testing necessary),Bag/Other,inferred,,,3.0,0,0.267,0.8,,,,
2026-07-29,2026-07,WeighRight,,Air Clean Out,Air Clean out of Machine (no testing necessary),Bag/Other,inferred,,,3.0,0,0.2,0.6,,,,
2026-07-29,2026-07,WeighRight,,CleanG,Clean + Gluten Test,Bag/Other,inferred,,,3.0,0,0.5,1.5,,,,
2026-07-29,2026-07,WeighRight,,CleanGA,Clean + Gluten + Allergen Tests,Bag/Other,inferred,,,3.0,0,0.667,2.0,,,,
2026-07-30,2026-07,AMS,handpack,10005A,WWB AMZN Organic Chia (1lb),Bag/Other,inferred,,yes,3.0,1800,8.0,24.0,225.0,3.75,75.0,
2026-07-30,2026-07,AMS,handpack,10009A,AMZN ORG Chia 2 X 1 Lb Bag,Bag/Other,inferred,,yes,2.0,132,1.783,3.567,74.0,1.234,37.0,
2026-07-30,2026-07,AMS,handpack,10009A,AMZN ORG Chia 2 X 1 Lb Bag,Bag/Other,inferred,,,2.0,0,10.617,21.233,,,,
2026-07-30,2026-07,Assembly,,12251L,Holiday Tea Bag Sampler Box ,Sampler,inferred,,yes,1.0,48,0.75,0.75,64.0,1.067,64.0,
2026-07-30,2026-07,Assembly,,12251L,Holiday Tea Bag Sampler Box ,Sampler,inferred,,yes,1.0,48,0.75,0.75,64.0,1.067,64.0,
2026-07-30,2026-07,Assembly,,42099,Teeccino Herbal Tea Holiday Display,Bag/Other,inferred,,yes,1.0,1,0.733,0.733,1.4,0.023,1.4,
2026-07-30,2026-07,Assembly,,45001,Mushroom Adaptogen TB Sampler Box - 6 Count Case - G,Sampler,inferred,,yes,1.0,101,10.25,10.25,9.9,0.164,9.9,
2026-07-30,2026-07,Assembly,,insert01,Mailer Insert for Healthcare Practitioner Insert,Bag/Other,inferred,,yes,1.0,101,8.417,8.417,12.0,0.2,12.0,
2026-07-30,2026-07,Assembly,,insert01,Mailer Insert for Healthcare Practitioner Insert,Bag/Other,inferred,,,2.0,0,,,,,,
2026-07-30,2026-07,Maisa 2+3,,43220,ORG Dandelion Caramel Nut 10ct/6pk Tea Bag - A,Tea,inferred,,yes,5.0,2280,4.067,20.333,560.7,9.344,112.1,
2026-07-30,2026-07,Maisa 2+3,,45020,ORG Chaga Ashwagandha 10 Ct Tea Bag/6 Count Case,Tea,inferred,,yes,5.0,1020,5.467,27.333,186.6,3.11,37.3,
2026-07-30,2026-07,Maisa 2+3,,Clean,Standard Clean,Tea,inferred,,,5.0,0,0.467,2.333,,,,
2026-07-30,2026-07,WeighRight,,Go to Amy,,Bag/Other,inferred,,,3.0,0,10.5,31.5,,,,
2026-08-03,2026-08,AMS,machine(Amy),10009A,AMZN ORG Chia 2 X 1 Lb Bag,Bag/Other,inferred,,yes,4.0,446,4.167,16.667,107.0,1.784,26.8,
2026-08-03,2026-08,AMS,unknown,Air clean out,Air Clean out of Machine (no testing necessary),Bag/Other,inferred,,,,0,0.3,,,,,
2026-08-03,2026-08,Assembly,,45001,Mushroom Adaptogen TB Sampler Box - 6 Count Case - G,Sampler,inferred,,yes,1.0,37,10.25,10.25,3.6,0.06,3.6,
2026-08-03,2026-08,Assembly,,insert01,Mailer Insert for Healthcare Practitioner Insert,Bag/Other,inferred,,yes,2.0,228,5.0,10.0,45.6,0.76,22.8,
2026-08-03,2026-08,Assembly,,insert01,Mailer Insert for Healthcare Practitioner Insert,Bag/Other,inferred,,,1.0,0,,,,,,
2026-08-03,2026-08,Maisa 2+3,,43220,ORG Dandelion Caramel Nut 10ct/6pk Tea Bag - A,Tea,inferred,,yes,5.0,6000,6.733,33.667,891.1,14.851,178.2,
2026-08-03,2026-08,Maisa 2+3,,43220,ORG Dandelion Caramel Nut 10ct/6pk Tea Bag - A,Tea,inferred,,,5.0,0,,,,,,
2026-08-03,2026-08,Maisa 2+3,,43221F,ORG Dandelion Caramel Nut DL 25CT Tea Bag AMZN (24pk) - A,Tea,inferred,,yes,5.0,240,1.283,6.417,187.0,3.117,37.4,
2026-08-03,2026-08,Maisa 2+3,,43226,Dandelion Caramel Nut Tagless Tea Bag - 50 Ct - A,Tea,governed,high,yes,5.0,216,1.8,9.0,120.0,2.0,24.0,
2026-08-03,2026-08,WeighRight,,10051,ORG Roasted Chicory Root - 1 Lb Bag,Bag/Other,inferred,,yes,3.0,2232,4.883,14.65,457.1,7.618,152.4,
2026-08-04,2026-08,Maisa 2+3,,40010,ORG Vanilla Nut 10ct/6pk Tea Bag - GA,Tea,inferred,,yes,5.0,2760,4.017,20.083,687.1,11.452,137.4,
2026-08-04,2026-08,Maisa 2+3,,42061,ORG Maple Pecan 25CT Tea Bag - GA,Tea,governed,high,yes,5.0,432,1.717,8.583,251.7,4.194,50.3,
2026-08-04,2026-08,Maisa 2+3,,43226,Dandelion Caramel Nut Tagless Tea Bag - 50 Ct - A,Tea,governed,high,yes,5.0,216,1.083,5.417,199.4,3.323,39.9,
2026-08-04,2026-08,Maisa 2+3,,Clean,Standard Clean,Tea,inferred,,,5.0,0,0.667,3.333,,,,
2026-08-04,2026-08,Maisa 2+3,,Clean,Standard Clean,Tea,inferred,,,5.0,0,0.783,3.917,,,,
2026-08-04,2026-08,Maisa 2+3,,CleanGA,Clean + Gluten + Allergen Tests,Tea,inferred,,,5.0,0,0.833,4.167,,,,
2026-08-04,2026-08,WeighRight,,10031,Roasted Chicory Root - 1 Lb Bag,Bag/Other,inferred,,,3.0,0,3.933,11.8,,,,
2026-08-04,2026-08,WeighRight,,10039A,AMZN Roasted French Chicory 2 X 1 Lb Bag,Bag/Other,inferred,,yes,3.0,70,4.933,14.8,14.2,0.236,4.7,
2026-08-04,2026-08,WeighRight,,10051,ORG Roasted Chicory Root - 1 Lb Bag,Bag/Other,inferred,,yes,3.0,408,0.767,2.3,532.2,8.87,177.4,
2026-08-04,2026-08,WeighRight,,66010,ORG Dark Chocolate 5 Lb Bag,Bag/Other,inferred,,yes,3.0,4,0.167,0.5,24.0,0.4,8.0,
2026-08-04,2026-08,WeighRight,,86010L,ORG Dark Chocolate 10 Oz Bag/Box of 24,Bag/Other,inferred,,,3.0,0,,,,,,
2026-08-04,2026-08,WeighRight,,Air Clean Out,Air Clean out of Machine (no testing necessary),Bag/Other,inferred,,,3.0,0,0.067,0.2,,,,
2026-08-04,2026-08,WeighRight,,Air Clean Out,Air Clean out of Machine (no testing necessary),Bag/Other,inferred,,,3.0,0,0.283,0.85,,,,
2026-08-05,2026-08,Assembly,,45001,Mushroom Adaptogen TB Sampler Box - 6 Count Case - G,Sampler,inferred,,,1.0,0,18.917,18.917,,,,
2026-08-05,2026-08,Maisa 2+3,,46011,ORG Dark Chocolate 25 Ct Tea Bag,Tea,governed,high,yes,5.0,24,1.333,6.667,18.0,0.3,3.6,
2026-08-05,2026-08,Maisa 2+3,,46016,Dark ChocolateTagless Tea Bag - 50 Ct,Tea,inferred,,yes,5.0,600,8.367,41.833,71.7,1.195,14.3,
2026-08-05,2026-08,WeighRight,,60080,ORG Mocha 5 Lb Bag - GA,Bag/Other,inferred,,yes,3.0,32,0.233,0.7,137.1,2.286,45.7,
2026-08-05,2026-08,WeighRight,,63110,ORG Dandelion Dark Roast 5 Lb Bag,APG,governed,high,yes,3.0,32,0.533,1.6,60.0,1.0,20.0,
2026-08-05,2026-08,WeighRight,,66010,ORG Dark Chocolate 5 Lb Bag,Bag/Other,inferred,,yes,3.0,24,0.317,0.95,75.8,1.263,25.3,
2026-08-05,2026-08,WeighRight,,80080,ORG Mocha 11OZ Bag/6 Count Case - GA,Bag/Other,inferred,,yes,3.0,93,2.033,6.1,45.7,0.762,15.2,
2026-08-05,2026-08,WeighRight,,80080L,Org Mocha 11OZ Bag/Box of 24 - GA,Bag/Other,inferred,,yes,3.0,648,1.717,5.15,377.5,6.291,125.8,
2026-08-05,2026-08,WeighRight,,86010L,ORG Dark Chocolate 10 Oz Bag/Box of 24,Bag/Other,inferred,,yes,3.0,1200,3.583,10.75,334.9,5.581,111.6,
2026-08-05,2026-08,WeighRight,,Air Clean Out,Air Clean out of Machine (no testing necessary),Bag/Other,inferred,,,3.0,0,0.967,2.9,,,,
2026-08-05,2026-08,WeighRight,,Air Clean Out,Air Clean out of Machine (no testing necessary),Bag/Other,inferred,,,3.0,0,0.417,1.25,,,,
2026-08-06,2026-08,Assembly,,45001,Mushroom Adaptogen TB Sampler Box - 6 Count Case - G,Sampler,inferred,,yes,1.0,90,8.25,8.25,10.9,0.182,10.9,
2026-08-06,2026-08,Maisa 2+3,,46010,ORG Dark Chocolate 10 Ct Tea Bag/6 Count Case,Tea,inferred,,yes,5.0,2148,5.3,26.5,405.3,6.755,81.1,
2026-08-06,2026-08,Maisa 2+3,,46011,ORG Dark Chocolate 25 Ct Tea Bag,Tea,governed,high,yes,5.0,816,4.017,20.083,203.2,3.386,40.6,
2026-08-06,2026-08,Maisa 2+3,,Clean,Standard Clean,Tea,inferred,,,5.0,0,0.75,3.75,,,,
2026-08-06,2026-08,WeighRight,,80080,ORG Mocha 11OZ Bag/6 Count Case - GA,Bag/Other,inferred,,yes,3.0,137,1.367,4.1,100.2,1.671,33.4,
2026-08-06,2026-08,WeighRight,,80110,ORG French Roast 11OZ Bag/6 Count Case - G,Bag/Other,inferred,,yes,3.0,383,5.967,17.9,64.2,1.07,21.4,
2026-08-06,2026-08,WeighRight,,80110,ORG French Roast 11OZ Bag/6 Count Case - G,Bag/Other,inferred,,,3.0,0,,,,,,
2026-08-06,2026-08,WeighRight,,83370L,ORG Blueberry Vanilla 10 Oz Bag/Box of 24,Bag/Other,inferred,,,3.0,0,,,,,,
2026-08-06,2026-08,WeighRight,,83370L,ORG Blueberry Vanilla 10 Oz Bag/Box of 24,Bag/Other,inferred,,yes,3.0,445,1.0,3.0,445.0,7.417,148.3,
2026-08-06,2026-08,WeighRight,,Air Clean Out,Air Clean out of Machine (no testing necessary),Bag/Other,inferred,,,3.0,0,0.333,1.0,,,,
2026-08-06,2026-08,WeighRight,,CleanGA,Clean + Gluten + Allergen Tests,Bag/Other,inferred,,,3.0,0,1.05,3.15,,,,
2026-08-10,2026-08,Assembly,,12251,Holiday Tea Bag Sampler Box - 6 Count Case,Sampler,inferred,,yes,1.0,58,7.167,7.167,8.1,0.135,8.1,
2026-08-10,2026-08,Maisa 1,,TB207,ORG Candy Cane Tea Bag - G,Tea bag (intermediate),item-code,,yes,2.0,350,0.167,0.333,2100.0,35.0,1050.0,
2026-08-10,2026-08,Maisa 2+3,,42011,ORG Pumpkin Spice 25CT Tea Bag - GA,Tea,governed,high,yes,5.0,1800,5.967,29.833,301.7,5.028,60.3,
2026-08-10,2026-08,Maisa 2+3,,42011,ORG Pumpkin Spice 25CT Tea Bag - GA,Tea,governed,high,,3.0,0,,,,,,
2026-08-10,2026-08,Maisa 2+3,,43311,Dandelion Mocha Mint 25 Count Tea Bag - A,Tea,governed,high,yes,5.0,672,2.0,10.0,336.0,5.6,67.2,
2026-08-10,2026-08,Maisa 2+3,,43340L,Org Dandelion Coconut 10 Ct Tea Bag Loose - A,Tea,governed,high,yes,3.0,144,0.317,0.95,454.7,7.579,151.6,
2026-08-10,2026-08,Maisa 2+3,,Clean,Standard Clean,Tea,inferred,,,5.0,0,0.833,4.167,,,,
2026-08-10,2026-08,Maisa 2+3,,CleanA,Clean + Allergen Tests,Tea,inferred,,,5.0,0,0.733,3.667,,,,
2026-08-10,2026-08,WeighRight,,60060,ORG Hazelnut 5 Lb Bag - GA,Bag/Other,inferred,,yes,3.0,72,0.567,1.7,127.1,2.118,42.4,
2026-08-10,2026-08,WeighRight,,60060,ORG Hazelnut 5 Lb Bag - GA,Bag/Other,inferred,,,3.0,72,,,,,,
2026-08-10,2026-08,WeighRight,,80060A,AMZN Org Hazelnut 11OZ Bag/Box of 24 - GA,Bag/Other,inferred,,yes,3.0,1032,2.633,7.9,391.9,6.532,130.6,
2026-08-10,2026-08,WeighRight,,80060A,AMZN Org Hazelnut 11OZ Bag/Box of 24 - GA,Bag/Other,inferred,,yes,3.0,1032,2.7,8.1,382.2,6.37,127.4,
2026-08-10,2026-08,WeighRight,,80066A,Hazelnut 500g APG Bag - GA,APG,inferred,,yes,3.0,540,0.567,1.7,952.9,15.882,317.6,
2026-08-10,2026-08,WeighRight,,80066A,Hazelnut 500g APG Bag - GA,APG,inferred,,yes,3.0,540,2.633,7.9,205.1,3.418,68.4,
2026-08-10,2026-08,WeighRight,,80110,ORG French Roast 11OZ Bag/6 Count Case - G,Bag/Other,inferred,,yes,3.0,77,0.833,2.5,92.4,1.54,30.8,
2026-08-10,2026-08,WeighRight,,80110A,AMZN Org French Roast 11OZ Bag/Box of 24 - G,Bag/Other,inferred,,,3.0,0,,,,,,
2026-08-10,2026-08,WeighRight,,80110A,AMZN Org French Roast 11OZ Bag/Box of 24 - G,Bag/Other,inferred,,yes,3.0,672,2.217,6.65,303.2,5.053,101.1,
2026-08-10,2026-08,WeighRight,,Air Clean Out,Air Clean out of Machine (no testing necessary),Bag/Other,inferred,,,3.0,0,0.35,1.05,,,,
2026-08-10,2026-08,WeighRight,,Air Clean Out,Air Clean out of Machine (no testing necessary),Bag/Other,inferred,,,3.0,0,2.7,8.1,,,,
2026-08-10,2026-08,WeighRight,,Air Clean Out,Air Clean out of Machine (no testing necessary),Bag/Other,inferred,,,3.0,0,0.3,0.9,,,,
2026-08-11,2026-08,AMS,machine(Amy),30005L,ORG GF Dandelion Blend 312g Bag,Instant,governed,high,yes,4.0,432,3.1,12.4,139.4,2.323,34.8,
2026-08-11,2026-08,AMS,handpack,30012,Instant Dandelion Blend 100g Bag / 6 Count Case,Instant,inferred,,yes,3.0,40,1.3,3.9,30.8,0.513,10.3,
2026-08-11,2026-08,Assembly,,12251,Holiday Tea Bag Sampler Box - 6 Count Case,Sampler,inferred,,,1.0,0,18.817,18.817,,,,
2026-08-11,2026-08,Assembly,,12251L,Holiday Tea Bag Sampler Box ,Sampler,inferred,,yes,1.0,490,5.633,5.633,87.0,1.45,87.0,
2026-08-11,2026-08,Assembly,,42099,Teeccino Herbal Tea Holiday Display,Bag/Other,inferred,,yes,1.0,3,0.5,0.5,6.0,0.1,6.0,
2026-08-11,2026-08,Maisa 1,,45070,ORG Miraculous Mushrooms AP 10Ct/6Pk Tea Bag,Tea,inferred,,yes,3.0,360,1.033,3.1,348.4,5.806,116.1,
2026-08-11,2026-08,Maisa 1,,Clean,Standard Clean,Tea,inferred,,,2.0,0,1.0,2.0,,,,
2026-08-11,2026-08,Maisa 1,,CleanGA,Clean + Gluten + Allergen Tests,Tea,inferred,,,2.0,0,0.467,0.933,,,,
2026-08-11,2026-08,Maisa 1,,TB204,ORG Snickerdoodle Tea Bag - GA,Tea bag (intermediate),item-code,,yes,2.0,16000,4.183,8.367,3824.7,63.745,1912.4,
2026-08-11,2026-08,Maisa 1,,TB207,ORG Candy Cane Tea Bag - G,Tea bag (intermediate),item-code,,yes,2.0,11650,3.067,6.133,3798.9,63.315,1899.5,
2026-08-11,2026-08,Maisa 2+3,,40061,ORG Hazelnut 25CT Tea Bag - GA,Tea,governed,high,yes,3.0,624,4.3,12.9,145.1,2.419,48.4,
2026-08-11,2026-08,Maisa 2+3,,43340L,Org Dandelion Coconut 10 Ct Tea Bag Loose - A,Tea,governed,high,yes,3.0,216,0.55,1.65,392.7,6.545,130.9,
2026-08-11,2026-08,Maisa 2+3,,Clean,Standard Clean,Tea,inferred,,,3.0,0,0.467,1.4,,,,
2026-08-11,2026-08,WeighRight,,60010,ORG Vanilla Nut 5 Lb Bag - GA,Bag/Other,inferred,,yes,3.0,72,0.633,1.9,113.7,1.895,37.9,
2026-08-11,2026-08,WeighRight,,60010,ORG Vanilla Nut 5 Lb Bag - GA,Bag/Other,inferred,,yes,3.0,72,0.3,0.9,240.0,4.0,80.0,
2026-08-11,2026-08,WeighRight,,80010,ORG Vanilla Nut 11oz Bag/6 Count Case - GA,Bag/Other,inferred,,,3.0,0,,,,,,
2026-08-11,2026-08,WeighRight,,80010,ORG Vanilla Nut 11oz Bag/6 Count Case - GA,Bag/Other,inferred,,yes,3.0,88,1.583,4.75,55.6,0.926,18.5,
2026-08-11,2026-08,WeighRight,,80010A,AMZN Org Vanilla Nut 11OZ Bag/Box of 24 - GA,Bag/Other,inferred,,yes,3.0,1560,4.717,14.15,330.7,5.512,110.2,
2026-08-11,2026-08,WeighRight,,80010L,Org Vanilla Nut 11OZ Bag/Box of 24 - GA,Bag/Other,inferred,,yes,3.0,1200,3.65,10.95,328.8,5.479,109.6,
2026-08-12,2026-08,AMS,machine(Amy),30009L,ORG Instant Vanilla Nut 100g Bag - G,Instant,governed,high,yes,4.0,448,1.383,5.533,323.9,5.398,81.0,
2026-08-12,2026-08,AMS,machine(Amy),30010L,ORG Instant Hazelnut 100g Bag - G,Instant,governed,high,yes,4.0,270,0.717,2.867,376.7,6.279,94.2,
2026-08-12,2026-08,AMS,machine(Amy),30012,Instant Dandelion Blend 100g Bag / 6 Count Case,Instant,inferred,,yes,4.0,40,0.75,3.0,53.3,0.889,13.3,
2026-08-12,2026-08,AMS,machine(Amy),30012L,ORG GF Dandelion Blend 100g Bag,Bag/Other,inferred,,yes,4.0,917,3.05,12.2,300.7,5.011,75.2,
2026-08-12,2026-08,AMS,machine(Amy),30013L,ORG Miraculous Mushrooms Cacao 135g Bag,Bag/Other,inferred,,yes,4.0,816,2.067,8.267,394.8,6.581,98.7,
2026-08-12,2026-08,AMS,machine(Amy),Air clean out,Air Clean out of Machine (no testing necessary),Bag/Other,inferred,,,4.0,0,1.2,4.8,,,,
2026-08-12,2026-08,AMS,machine(Amy),Air clean out,Air Clean out of Machine (no testing necessary),Bag/Other,inferred,,,4.0,0,0.5,2.0,,,,
2026-08-12,2026-08,AMS,machine(Amy),Air clean out,Air Clean out of Machine (no testing necessary),Bag/Other,inferred,,,4.0,0,0.267,1.067,,,,
2026-08-12,2026-08,Assembly,,12251L,Holiday Tea Bag Sampler Box ,Sampler,inferred,,yes,2.0,549,8.5,17.0,64.6,1.076,32.3,
2026-08-12,2026-08,Assembly,,42099,Teeccino Herbal Tea Holiday Display,Bag/Other,inferred,,yes,1.0,16,6.667,6.667,2.4,0.04,2.4,
2026-08-12,2026-08,Assembly,,80110A,AMZN Org French Roast 11OZ Bag/Box of 24 - G,Bag/Other,inferred,,yes,1.0,288,1.267,1.267,227.4,3.789,227.4,
2026-08-12,2026-08,Assembly,,90001,Holiday Instant Gift Box,Bundle,governed,high,yes,1.0,6,0.6,0.6,10.0,0.167,10.0,
2026-08-12,2026-08,Maisa 1,,45020F,Chaga Ashwagandha Dual Language 10 cnt TB,Tea,inferred,,yes,3.0,230,4.9,14.7,46.9,0.782,15.6,
2026-08-12,2026-08,Maisa 1,,45070,ORG Miraculous Mushrooms AP 10Ct/6Pk Tea Bag,Tea,inferred,,yes,3.0,7920,4.067,12.2,1947.5,32.459,649.2,
2026-08-12,2026-08,Maisa 1,,Clean,Standard Clean,Tea,inferred,,,3.0,0,1.317,3.95,,,,
2026-08-12,2026-08,WeighRight,,80010,ORG Vanilla Nut 11oz Bag/6 Count Case - GA,Bag/Other,inferred,,yes,3.0,602,8.633,25.9,69.7,1.162,23.2,
2026-08-12,2026-08,WeighRight,,82040L,ORG Snickerdoodle 11OZ Bag/Box of 24 - GA,APG,governed,high,yes,3.0,264,0.633,1.9,416.8,6.947,138.9,
2026-08-12,2026-08,WeighRight,,Air Clean Out,Air Clean out of Machine (no testing necessary),Bag/Other,inferred,,,3.0,0,0.7,2.1,,,,
2026-08-13,2026-08,AMS,handpack,10101,WWB - ORG Medium Roasted Carob Flour - 1 Lb Bag,Bag/Other,inferred,,yes,3.0,84,0.45,1.35,186.7,3.111,62.2,
2026-08-13,2026-08,AMS,machine(Amy),10101,WWB - ORG Medium Roasted Carob Flour - 1 Lb Bag,Bag/Other,inferred,,,4.0,0,,,,,,
2026-08-13,2026-08,AMS,machine(Amy),10104,WWB - ORG Dark Roasted Carob Flour - 1 Lb Bag,Bag/Other,inferred,,yes,4.0,357,2.75,11.0,129.8,2.164,32.5,
2026-08-13,2026-08,AMS,machine(Amy),30010L,ORG Instant Hazelnut 100g Bag - G,Instant,governed,high,yes,4.0,168,0.583,2.333,288.0,4.8,72.0,
2026-08-13,2026-08,AMS,machine(Amy),30011L,ORG Instant Mocha 100g Bag - G,Instant,inferred,,yes,4.0,667,1.717,6.867,388.5,6.476,97.1,
2026-08-13,2026-08,AMS,machine(Amy),31011L,ORG Instant Mocha Latte 224g Bag,Instant,inferred,,yes,4.0,372,1.833,7.333,202.9,3.382,50.7,
2026-08-13,2026-08,AMS,machine(Amy),31011L,ORG Instant Mocha Latte 224g Bag,Instant,inferred,,,4.0,0,,,,,,
2026-08-13,2026-08,AMS,machine(Amy),Air clean out,Air Clean out of Machine (no testing necessary),Bag/Other,inferred,,,4.0,0,0.3,1.2,,,,
2026-08-13,2026-08,AMS,machine(Amy),Air clean out,Air Clean out of Machine (no testing necessary),Bag/Other,inferred,,,4.0,0,0.383,1.533,,,,
2026-08-13,2026-08,AMS,machine(Amy),Air clean out,Air Clean out of Machine (no testing necessary),Bag/Other,inferred,,,4.0,0,0.433,1.733,,,,
2026-08-13,2026-08,AMS,machine(Amy),Air clean out,Air Clean out of Machine (no testing necessary),Bag/Other,inferred,,,4.0,0,1.467,5.867,,,,
2026-08-13,2026-08,Assembly,,12251,Holiday Tea Bag Sampler Box - 6 Count Case,Sampler,inferred,,yes,1.0,37,1.0,1.0,37.0,0.617,37.0,
2026-08-13,2026-08,Assembly,,12251L,Holiday Tea Bag Sampler Box ,Sampler,inferred,,yes,1.0,257,6.133,6.133,41.9,0.698,41.9,
2026-08-13,2026-08,Assembly,,42099,Teeccino Herbal Tea Holiday Display,Bag/Other,inferred,,yes,1.0,9,1.917,1.917,4.7,0.078,4.7,
2026-08-13,2026-08,Assembly,,42099,Teeccino Herbal Tea Holiday Display,Bag/Other,inferred,,,1.0,0,,,,,,
2026-08-13,2026-08,Maisa 1,,45021,ORG Chaga Ashwagandha 25 Ct Tea Bag,Tea,governed,high,,3.0,0,18.75,56.25,,,,
2026-08-13,2026-08,Maisa 1,,Clean,Standard Clean,Tea,inferred,,,3.0,0,,,,,,
2026-08-13,2026-08,Maisa 2+3,,45020F,Chaga Ashwagandha Dual Language 10 cnt TB,Tea,inferred,,yes,5.0,230,4.9,24.5,46.9,0.782,9.4,
2026-08-13,2026-08,Maisa 2+3,,45021,ORG Chaga Ashwagandha 25 Ct Tea Bag,Tea,governed,high,yes,5.0,546,3.417,17.083,159.8,2.663,32.0,
2026-08-13,2026-08,Maisa 2+3,,Clean,Standard Clean,Tea,inferred,,,3.0,0,1.333,4.0,,,,
2026-08-13,2026-08,Maisa 2+3,,Clean,Standard Clean,Tea,inferred,,,5.0,0,1.317,6.583,,,,
2026-08-13,2026-08,Maisa 2+3,,Clean,Standard Clean,Tea,inferred,,,3.0,0,0.667,2.0,,,,
2026-08-13,2026-08,Maisa 2+3,,Clean,Standard Clean,Tea,inferred,,,5.0,0,,,,,,
2026-08-13,2026-08,Maisa 2+3,,TB205,ORG Gingerbread Tea Bag - GA,Tea bag (intermediate),item-code,,yes,3.0,18500,5.0,15.0,3700.0,61.667,1233.3,
2026-08-13,2026-08,Maisa 2+3,,TB205,ORG Gingerbread Tea Bag - GA,Tea bag (intermediate),item-code,,,2.0,0,,,,,,
2026-08-13,2026-08,WeighRight,,52010,Pumpkin Spice 30g Trial Size Packet - GA,Bag/Other,inferred,,yes,3.0,540,1.567,4.7,344.7,5.745,114.9,
2026-08-13,2026-08,WeighRight,,62010,ORG Pumpkin Spice 5 Lb Bag - GA,Bag/Other,inferred,,yes,3.0,39,0.383,1.15,101.7,1.696,33.9,
2026-08-13,2026-08,WeighRight,,82010L,ORG Pumpkins Spice 11oz Bag/Box of 24 - GA,Bag/Other,inferred,,yes,3.0,2400,5.933,17.8,404.5,6.742,134.8,
2026-08-13,2026-08,WeighRight,,82010L,ORG Pumpkins Spice 11oz Bag/Box of 24 - GA,Bag/Other,inferred,,,3.0,0,,,,,,
2026-08-13,2026-08,WeighRight,,82040L,ORG Snickerdoodle 11OZ Bag/Box of 24 - GA,APG,governed,high,yes,3.0,168,0.45,1.35,373.3,6.222,124.4,
2026-08-13,2026-08,WeighRight,,82060L,ORG Maple Pecan 11OZ Bag/Box of 24 - GA,Bag/Other,inferred,,yes,3.0,96,0.333,1.0,288.0,4.8,96.0,
2026-08-13,2026-08,WeighRight,,Air Clean Out,Air Clean out of Machine (no testing necessary),Bag/Other,inferred,,,3.0,0,0.267,0.8,,,,
2026-08-13,2026-08,WeighRight,,Air Clean Out,Air Clean out of Machine (no testing necessary),Bag/Other,inferred,,,3.0,0,0.767,2.3,,,,
2026-08-17,2026-08,AMS,handpack,10101,WWB - ORG Medium Roasted Carob Flour - 1 Lb Bag,Bag/Other,inferred,,yes,3.0,1116,7.7,23.1,144.9,2.416,48.3,
2026-08-17,2026-08,AMS,machine(Amy),10101,WWB - ORG Medium Roasted Carob Flour - 1 Lb Bag,Bag/Other,inferred,,,4.0,0,,,,,,
2026-08-17,2026-08,AMS,machine(Amy),10102,WWB - ORG Medium Roasted Carob 1 Lb x 2,Bag/Other,inferred,,,4.0,0,11.283,45.133,,,,
2026-08-17,2026-08,Assembly,,12251,Holiday Tea Bag Sampler Box - 6 Count Case,Sampler,inferred,,,1.0,0,8.0,8.0,,,,
2026-08-17,2026-08,Assembly,,30007L,ORG Instant Miraculous Mushrooms AP 100g Bag,Instant,governed,high,yes,1.0,240,0.917,0.917,261.8,4.364,261.8,
2026-08-17,2026-08,Assembly,,40081F,ORG Mocha DL 25CT Tea Bag AMZN (24pk) - GA,Tea,inferred,,yes,1.0,64,1.5,1.5,42.7,0.711,42.7,
2026-08-17,2026-08,Maisa 2+3,,40066,Hazelnut Tagless Tea Bag - 50 Ct - GA,Tea,governed,high,yes,3.0,432,5.267,15.8,82.0,1.367,27.3,
2026-08-17,2026-08,Maisa 2+3,,40066,Hazelnut Tagless Tea Bag - 50 Ct - GA,Tea,governed,high,,3.0,0,,,,,,
2026-08-17,2026-08,Maisa 2+3,,43116,Dandelion DarkRoast Tagless Tea Bag - 50 Ct,Tea,governed,high,yes,3.0,432,4.25,12.75,101.6,1.694,33.9,
2026-08-17,2026-08,Maisa 2+3,,CleanGA,Clean + Gluten + Allergen Tests,Tea,inferred,,,3.0,0,0.683,2.05,,,,
2026-08-17,2026-08,WeighRight,,53310,Dandelion Mocha Mint 30g Trial Size Packet - A,Bag/Other,inferred,,yes,3.0,540,0.317,0.95,1705.3,28.421,568.4,
2026-08-17,2026-08,WeighRight,,60030,ORG Almond Amaretto 5 Lb Bag - GA,Bag/Other,inferred,,yes,3.0,36,0.267,0.8,135.0,2.25,45.0,
2026-08-17,2026-08,WeighRight,,65050,ORG Turkey Tail Astragalus 5 Lb Bag - G,Bag/Other,inferred,,yes,3.0,28,0.267,0.8,105.0,1.75,35.0,
2026-08-17,2026-08,WeighRight,,80030,ORG Almond Amaretto 11OZ Bag/6 Count Case - GA,Bag/Other,inferred,,yes,3.0,120,1.683,5.05,71.3,1.188,23.8,
2026-08-17,2026-08,WeighRight,,80030A,AMZN Org Almond Amaretto 11OZ Bag/Box of 24 - GA,Bag/Other,inferred,,,3.0,0,,,,,,
2026-08-17,2026-08,WeighRight,,80030A,AMZN Org Almond Amaretto 11OZ Bag/Box of 24 - GA,Bag/Other,inferred,,yes,3.0,720,1.917,5.75,375.7,6.261,125.2,
2026-08-17,2026-08,WeighRight,,80030L,ORG Almond Amaretto 11OZ Bag/Box of 24 - GA,Bag/Other,inferred,,yes,3.0,672,1.75,5.25,384.0,6.4,128.0,
2026-08-17,2026-08,WeighRight,,82060L,ORG Maple Pecan 11OZ Bag/Box of 24 - GA,Bag/Other,inferred,,yes,3.0,576,1.333,4.0,432.0,7.2,144.0,
2026-08-17,2026-08,WeighRight,,85020,ORG Chaga Ashwagandha 10 Oz Bag/6 Count Case,Bag/Other,inferred,,,3.0,0,,,,,,
2026-08-17,2026-08,WeighRight,,Air Clean Out,Air Clean out of Machine (no testing necessary),Bag/Other,inferred,,,3.0,0,0.25,0.75,,,,
2026-08-17,2026-08,WeighRight,,CLeanG,Clean + Gluten Test,Bag/Other,inferred,,,3.0,0,0.533,1.6,,,,
2026-08-17,2026-08,WeighRight,,CleanA,Clean + Allergen Tests,Bag/Other,inferred,,,3.0,0,1.35,4.05,,,,
2026-08-17,2026-08,WeighRight,,CleanG,Clean + Gluten Test,Bag/Other,inferred,,,3.0,0,0.1,0.3,,,,
2026-08-18,2026-08,Assembly,,12251,Holiday Tea Bag Sampler Box - 6 Count Case,Sampler,inferred,,,1.0,0,19.0,19.0,,,,
2026-08-18,2026-08,Assembly,,40011F,ORG Vanilla Nut DL 25CT Tea Bag AMZN (24pk) - GA,Tea,inferred,,yes,1.0,24,0.667,0.667,36.0,0.6,36.0,
2026-08-18,2026-08,Assembly,,43111F,ORG Dandelion Dark Roast DL 25CT Tea Bag AMZN (24pk),Tea,inferred,,yes,1.0,24,16.617,16.617,1.4,0.024,1.4,
2026-08-18,2026-08,Maisa 2+3,,43110,ORG Dandelion Dark Roast 10ct/6pk Tea Bag,Tea,inferred,,,5.0,0,18.75,93.75,,,,
2026-08-18,2026-08,WeighRight,,85020,ORG Chaga Ashwagandha 10 Oz Bag/6 Count Case,Bag/Other,inferred,,,3.0,0,,,,,,
